step,sim_time_s,x_m,y_m,yaw_rad,actual_speed_mps,requested_speed_mps,requested_steering_rad,request_reason,applied_speed_mps,applied_steering_rad,applied_reason,distance_travelled_m,collision
1,0.01,1.0,1.8730000257492065,0.0,0.0,0.0,0.0,wall_lost,0.0,0.0,wall_lost,0.0,0
2,0.02,1.0,1.8730000257492065,0.0,0.0,0.0,0.0,recovery_gate,0.0,0.0,recovery_gate,0.0,0
3,0.03,1.0,1.8730000257492065,0.0,0.0,0.0,0.0,recovery_gate,0.0,0.0,recovery_gate,0.0,0
4,0.04,1.0,1.8730000257492065,0.0,0.0,0.0,0.0,recovery_gate,0.0,0.0,recovery_gate,0.0,0
5,0.05,1.0000003576278687,1.8730000257492065,-2.505225893401075e-08,7.608000305481255e-05,0.008000000000000002,-0.018000000000000006,tracking,0.008,-0.018000000000000006,tracking,3.5762786865234375e-07,0
6,0.060000000000000005,1.0000048875808716,1.8730000257492065,-7.616834523105354e-07,0.0008332624565809965,0.016000000000000004,-0.03600000000000001,tracking,0.016,-0.03600000000000001,tracking,4.887580871582031e-06,0
7,0.07,1.0000187158584595,1.8730000257492065,-2.723000307014445e-06,0.0019348408095538616,0.024,-0.0401287661401853,tracking,0.024,-0.0401287661401853,tracking,1.8715858459472656e-05,0
8,0.08,1.0000451803207397,1.8730000257492065,-6.769690571672982e-06,0.003364439122378826,0.03200000000000001,-0.03247160809833824,tracking,0.032,-0.03247160809833824,tracking,4.5180320739746094e-05,0
9,0.09,1.0000874996185303,1.8730000257492065,-1.2906071788165718e-05,0.005106459837406874,0.04000000000000001,-0.024764069753462663,tracking,0.04,-0.024764069753462663,tracking,8.749961853027344e-05,0
10,0.09999999999999999,1.0001487731933594,1.8730000257492065,-1.5763975170557387e-05,0.007146047428250313,0.048,-0.020825719652880846,tracking,0.048,-0.020825719652880846,tracking,0.000148773193359375,0
11,0.10999999999999999,1.0002318620681763,1.8730000257492065,-2.0058429072378203e-05,0.009469052776694298,0.05600000000000001,-0.018633452516959546,tracking,0.056,-0.018633452516959546,tracking,0.00023186206817626953,0
12,0.11999999999999998,1.0003395080566406,1.8730000257492065,-2.5162162273772992e-05,0.012061999179422855,0.064,-0.015154561924589761,tracking,0.064,-0.015154561924589761,tracking,0.000339508056640625,0
13,0.12999999999999998,1.0004743337631226,1.8730000257492065,-3.205821121810004e-05,0.014912051148712635,0.072,-0.012754849637200194,tracking,0.072,-0.012754849637200194,tracking,0.0004743337631225586,0
14,0.13999999999999999,1.0006389617919922,1.8730000257492065,-3.993294376414269e-05,0.018006982281804085,0.08,-0.011389524491906899,tracking,0.07999999999999999,-0.011389524491906899,tracking,0.0006389617919921875,0
15,0.15,1.000835657119751,1.8730000257492065,-4.992272806703113e-05,0.02133515104651451,0.08800000000000001,-0.012418449578922061,tracking,0.088,-0.012418449578922061,tracking,0.0008356571197509766,0
16,0.16,1.00106680393219,1.8730000257492065,-6.104486965341493e-05,0.02488546445965767,0.09599999999999999,-0.010055757726712387,tracking,0.09599999999999999,-0.010055757726712387,tracking,0.0010668039321899414,0
17,0.17,1.0013344287872314,1.8730000257492065,-7.457483297912404e-05,0.02864736132323742,0.104,-0.010903028580862402,tracking,0.10399999999999998,-0.010903028580862402,tracking,0.0013344287872314453,0
18,0.18000000000000002,1.0016406774520874,1.8730000257492065,-8.937656093621626e-05,0.032610777765512466,0.112,-0.008713856443202786,tracking,0.11199999999999999,-0.008713856443202786,tracking,0.0016406774520874023,0
19,0.19000000000000003,1.0019875764846802,1.8730000257492065,-0.00010685170855140314,0.036766134202480316,0.11999999999999998,-0.00869855636155354,tracking,0.11999999999999998,-0.00869855636155354,tracking,0.0019875764846801758,0
20,0.20000000000000004,1.002376914024353,1.8730000257492065,-0.00012572508421726525,0.041104305535554886,0.128,-0.009423109950998352,tracking,0.12799999999999997,-0.009423109950998352,tracking,0.0023769140243530273,0
21,0.21000000000000005,1.0028104782104492,1.8730000257492065,-0.0001475128228776157,0.045616596937179565,0.136,-0.008528700198052463,tracking,0.13599999999999998,-0.008528700198052463,tracking,0.0028104782104492188,0
22,0.22000000000000006,1.003290057182312,1.872999906539917,-0.0001708135096123442,0.050294727087020874,0.144,-0.009740341786403994,tracking,0.144,-0.009740341786403994,tracking,0.003290057197127981,0
23,0.23000000000000007,1.0038172006607056,1.8729997873306274,-0.0001972471218323335,0.055130813270807266,0.152,-0.00728058742994056,tracking,0.152,-0.00728058742994056,tracking,0.00381720068900065,0
24,0.24000000000000007,1.004393458366394,1.872999668121338,-0.00022529775742441416,0.060117341578006744,0.16,-0.009331622180712465,tracking,0.16,-0.009331622180712465,tracking,0.004393458407019421,0
25,0.25000000000000006,1.005020260810852,1.8729995489120483,-0.0002566796028986573,0.06524716317653656,0.16799999999999998,-0.00920006779321658,tracking,0.16799999999999998,-0.00920006779321658,tracking,0.005020260862813421,0
26,0.26000000000000006,1.0056990385055542,1.8729993104934692,-0.00028977287001907825,0.07051345705986023,0.176,-0.008386174600667692,tracking,0.176,-0.008386174600667692,tracking,0.005699038599387465,0
27,0.2700000000000001,1.0064311027526855,1.8729990720748901,-0.00032637722324579954,0.07590974122285843,0.184,-0.007311131044906542,tracking,0.184,-0.007311131044906542,tracking,0.0064311028853428764,0
28,0.2800000000000001,1.0072177648544312,1.872998833656311,-0.00036477865069173276,0.08142983168363571,0.192,-0.008658820854058509,tracking,0.192,-0.008658820854058509,tracking,0.007217765023217982,0
29,0.2900000000000001,1.0080602169036865,1.8729984760284424,-0.0004068543203175068,0.08706784248352051,0.2,-0.009201878801342904,tracking,0.2,-0.009201878801342904,tracking,0.008060217148381345,0
30,0.3000000000000001,1.0089596509933472,1.8729981184005737,-0.00045080477138981223,0.09281816333532333,0.20799999999999996,-0.008658485715243774,tracking,0.20799999999999996,-0.008658485715243774,tracking,0.008959651309140967,0
31,0.3100000000000001,1.009917140007019,1.8729976415634155,-0.0004985774867236614,0.09867545962333679,0.21599999999999997,-0.008447293697665517,tracking,0.21599999999999997,-0.008447293697665517,tracking,0.009917140441547187,0
32,0.3200000000000001,1.0109336376190186,1.8729970455169678,-0.0005482954438775778,0.10463464260101318,0.22399999999999998,-0.010229374453302924,tracking,0.22399999999999998,-0.010229374453302924,tracking,0.010933638228299366,0
33,0.3300000000000001,1.0120102167129517,1.87299644947052,-0.0006019699503667653,0.11069086194038391,0.23199999999999998,-0.007567290113523333,tracking,0.23199999999999998,-0.007567290113523333,tracking,0.012010217487232583,0
34,0.34000000000000014,1.0131478309631348,1.8729957342147827,-0.0006576536688953638,0.11683951318264008,0.24,-0.007284762520272344,tracking,0.24,-0.007284762520272344,tracking,0.013147831962268146,0
35,0.35000000000000014,1.0143474340438843,1.8729948997497559,-0.0007174157071858644,0.1230761930346489,0.248,-0.0075735525491148455,tracking,0.248,-0.0075735525491148455,tracking,0.014347435333251906,0
36,0.36000000000000015,1.0156097412109375,1.8729939460754395,-0.000779244932346046,0.1293967217206955,0.256,-0.007726617486320019,tracking,0.256,-0.007726617486320019,tracking,0.015609742860556023,0
37,0.37000000000000016,1.0169357061386108,1.8729928731918335,-0.0008452630136162043,0.13579711318016052,0.26399999999999996,-0.007508478516835742,tracking,0.26399999999999996,-0.007508478516835742,tracking,0.016935708222282714,0
38,0.38000000000000017,1.0183260440826416,1.872991681098938,-0.0009134009596891701,0.14227356016635895,0.27199999999999996,-0.005989115530435699,tracking,0.27199999999999996,-0.005989115530435699,tracking,0.018326046677370957,0
39,0.3900000000000002,1.019781470298767,1.872990369796753,-0.0009858279954642057,0.14882245659828186,0.27999999999999997,-0.007773050168685111,tracking,0.27999999999999997,-0.007773050168685111,tracking,0.019781473484221365,0
40,0.4000000000000002,1.0213028192520142,1.8729888200759888,-0.001060422626323998,0.1554403454065323,0.288,-0.007630067751711864,tracking,0.288,-0.007630067751711864,tracking,0.021302823226779073,0
41,0.4100000000000002,1.0228906869888306,1.872987151145935,-0.0011393972672522068,0.16212396323680878,0.296,-0.006403496414789883,tracking,0.296,-0.006403496414789883,tracking,0.02289069184066058,0
42,0.4200000000000002,1.024545669555664,1.8729851245880127,-0.001220582751557231,0.16887016594409943,0.304,-0.004663521550521763,tracking,0.304,-0.004663521550521763,tracking,0.02454567564827315,0
43,0.4300000000000002,1.0262683629989624,1.8729829788208008,-0.001306230784393847,0.17567598819732666,0.31199999999999994,-0.004479305650819667,tracking,0.31199999999999994,-0.004479305650819667,tracking,0.026268370427942497,0
44,0.4400000000000002,1.028059482574463,1.8729804754257202,-0.001394128892570734,0.18253859877586365,0.31999999999999995,-0.006103918727235684,tracking,0.31999999999999995,-0.006103918727235684,tracking,0.02805949175290292,0
45,0.45000000000000023,1.0299195051193237,1.87297785282135,-0.0014865644043311477,0.1894552856683731,0.32799999999999996,-0.0064179909066168,tracking,0.32799999999999996,-0.0064179909066168,tracking,0.029919516146679592,0
46,0.46000000000000024,1.0318489074707031,1.8729748725891113,-0.0015812857309356332,0.1964234858751297,0.33599999999999997,-0.009090008401250502,tracking,0.33599999999999997,-0.009090008401250502,tracking,0.03184892079975073,0
47,0.47000000000000025,1.0338481664657593,1.8729716539382935,-0.0016806122148409486,0.20344075560569763,0.344,-0.007066380256217696,tracking,0.344,-0.007066380256217696,tracking,0.033848182385693405,0
48,0.48000000000000026,1.03591787815094,1.872968077659607,-0.0017822568770498037,0.21050474047660828,0.352,-0.005458159305134081,tracking,0.352,-0.005458159305134081,tracking,0.035917897160618356,0
49,0.49000000000000027,1.0380585193634033,1.8729641437530518,-0.0018885682802647352,0.21761323511600494,0.35999999999999993,-0.004568240219300173,tracking,0.35999999999999993,-0.004568240219300173,tracking,0.03805854198779485,0
50,0.5000000000000002,1.040270447731018,1.872959852218628,-0.001997227082028985,0.2247641235589981,0.36799999999999994,-0.005132891727641039,tracking,0.36799999999999994,-0.005132891727641039,tracking,0.04027047451857569,0
51,0.5100000000000002,1.0425540208816528,1.8729552030563354,-0.00211060862056911,0.2319553941488266,0.37599999999999995,-0.0033622529593488673,tracking,0.37599999999999995,-0.0033622529593488673,tracking,0.04255405240185666,0
52,0.5200000000000002,1.044908046722412,1.8729500770568848,-0.0022263075225055218,0.23884046077728271,0.37675166102344587,-0.00467760812623798,tracking,0.37675166102344587,-0.00467760812623798,tracking,0.04490808382365901,0
53,0.5300000000000002,1.0473295450210571,1.8729445934295654,-0.0023464527912437916,0.24545815587043762,0.37801393172613285,-0.002859938314368712,tracking,0.37801393172613285,-0.002859938314368712,tracking,0.04732958833129663,0
54,0.5400000000000003,1.0498155355453491,1.8729385137557983,-0.002468721941113472,0.25174227356910706,0.37761612517842885,-0.0034327797430624358,tracking,0.37761612517842885,-0.0034327797430624358,tracking,0.049815586289723525,0
55,0.5500000000000003,1.0523630380630493,1.8729320764541626,-0.0025950446724891663,0.2577681243419647,0.37846898095107756,-0.002204667430448332,tracking,0.37846898095107756,-0.002204667430448332,tracking,0.05236309694064163,0
56,0.5600000000000003,1.054969310760498,1.872925043106079,-0.002723301062360406,0.263488233089447,0.3780647126900409,-0.002786813726341106,tracking,0.3780647126900409,-0.002786813726341106,tracking,0.054969379128251394,0
57,0.5700000000000003,1.057631492614746,1.872917652130127,-0.0028552396688610315,0.26895105838775635,0.37837419770107206,-0.0023411553104562607,tracking,0.37837419770107206,-0.0023411553104562607,tracking,0.057631571242208066,0
58,0.5800000000000003,1.060347080230713,1.872909665107727,-0.0029889375437051058,0.2741738557815552,0.37878936720337986,-0.0017433112271330199,tracking,0.37878936720337986,-0.0017433112271330199,tracking,0.060347170603770636,0
59,0.5900000000000003,1.0631134510040283,1.8729013204574585,-0.0031259742099791765,0.2790909707546234,0.37758327235630823,-0.0034800878069161777,tracking,0.37758327235630823,-0.0034800878069161777,tracking,0.06311355396271456,0
60,0.6000000000000003,1.0659282207489014,1.8728922605514526,-0.0032646050676703453,0.2838563919067383,0.3793103505867598,0.0009930951550658597,tracking,0.3793103505867598,0.0009930951550658597,tracking,0.06592833828812024,0
61,0.6100000000000003,1.0687894821166992,1.8728828430175781,-0.00340630323626101,0.28840604424476624,0.37953771654873664,-0.0006656881698192179,tracking,0.37953771654873664,-0.0006656881698192179,tracking,0.06878961515427576,0
62,0.6200000000000003,1.0716949701309204,1.8728727102279663,-0.0035494572948664427,0.2927003502845764,0.37871741894507166,-0.0018469167190967844,tracking,0.37871741894507166,-0.0018469167190967844,tracking,0.07169512083732102,0
63,0.6300000000000003,1.0746424198150635,1.8728621006011963,-0.003695372026413679,0.2967902719974518,0.37871332824748855,-0.0018528073236164684,tracking,0.37871332824748855,-0.0018528073236164684,tracking,0.07464258961658489,0
64,0.6400000000000003,1.077629804611206,1.872850775718689,-0.003842603415250778,0.300697922706604,0.37897005687977847,-0.0014831180931189937,tracking,0.37897005687977847,-0.0014831180931189937,tracking,0.0776299958784093,0
65,0.6500000000000004,1.0806554555892944,1.8728389739990234,-0.003992354031652212,0.3044402003288269,0.3793995530849512,-0.0008646435576702208,tracking,0.3793995530849512,-0.0008646435576702208,tracking,0.08065566987304161,0
66,0.6600000000000004,1.0837175846099854,1.8728264570236206,-0.0041433051228523254,0.30799123644828796,0.3791200077918042,-0.0012671887798019563,tracking,0.3791200077918042,-0.0012671887798019563,tracking,0.08371782447626314,0
67,0.6700000000000004,1.086814522743225,1.8728134632110596,-0.004296544939279556,0.31139037013053894,0.37947649750005025,-0.0007538435999276602,tracking,0.37947649750005025,-0.0007538435999276602,tracking,0.08681478986843001,0
68,0.6800000000000004,1.08994460105896,1.8727996349334717,-0.004450879525393248,0.3146425187587738,0.37978475188933053,-0.00030995727936401415,tracking,0.37978475188933053,-0.00030995727936401415,tracking,0.08994489872977887,0
69,0.6900000000000004,1.0931062698364258,1.8727856874465942,-0.0042944662272930145,0.317702978849411,0.37900530849379416,0.0014323557689364507,tracking,0.37900530849379416,0.0014323557689364507,tracking,0.09310659827129011,0
70,0.7000000000000004,1.0962979793548584,1.8727723360061646,-0.004137066192924976,0.320636510848999,0.3793964541476031,-0.0008691060274515286,tracking,0.3793964541476031,-0.0008691060274515286,tracking,0.09629833571522484,0
71,0.7100000000000004,1.0995179414749146,1.8727588653564453,-0.0042963288724422455,0.32335925102233887,0.37789715081874314,-0.003028102821009909,tracking,0.37789715081874314,-0.003028102821009909,tracking,0.09951832601225996,0
72,0.7200000000000004,1.1027649641036987,1.8727445602416992,-0.004456481896340847,0.326045960187912,0.37986214311297684,0.00019851391731335634,tracking,0.37986214311297684,0.00019851391731335634,tracking,0.10276538015226816,0
73,0.7300000000000004,1.1060380935668945,1.8727301359176636,-0.004294604528695345,0.32859572768211365,0.37966895489855573,0.00047670494607971944,tracking,0.37966895489855573,0.00047670494607971944,tracking,0.10603854139851991,0
74,0.7400000000000004,1.109336018562317,1.8727163076400757,-0.004131912719458342,0.33099308609962463,0.3790130922120605,-0.0014211472146329184,tracking,0.3790130922120605,-0.0014211472146329184,tracking,0.10933649538496251,0
75,0.7500000000000004,1.1126573085784912,1.8727023601531982,-0.00429614307358861,0.33326756954193115,0.3788266514852884,-0.0016896218611847716,tracking,0.3788266514852884,-0.0016896218611847716,tracking,0.11265781468667523,0
76,0.7600000000000005,1.116000771522522,1.872687578201294,-0.004461102653294802,0.3354235291481018,0.37860840300135534,-0.002003899678048352,tracking,0.37860840300135534,-0.002003899678048352,tracking,0.11600131030716121,0
77,0.7700000000000005,1.1193654537200928,1.872672438621521,-0.004627465270459652,0.33752840757369995,0.37969041255224933,-0.0004458059247609836,tracking,0.37969041255224933,-0.0004458059247609836,tracking,0.11936602656526167,0
78,0.7800000000000005,1.1227506399154663,1.8726563453674316,-0.004794501233845949,0.33951228857040405,0.3792505413084154,0.0010792205158818482,tracking,0.3792505413084154,0.0010792205158818482,tracking,0.12275125101427162,0
79,0.7900000000000005,1.126154899597168,1.8726402521133423,-0.004626206588000059,0.3413521349430084,0.37820540302513617,0.0025842196438038926,tracking,0.37820540302513617,0.0025842196438038926,tracking,0.1261555487352835,0
80,0.8000000000000005,1.129577398300171,1.8726247549057007,-0.0044573103077709675,0.34316501021385193,0.37947754150514723,0.0007523402325880189,tracking,0.37947754150514723,0.0007523402325880189,tracking,0.12957808252408698,0
81,0.8100000000000005,1.1330174207687378,1.872609257698059,-0.0046273586340248585,0.34485095739364624,0.37862159897658454,-0.0019848974737182584,tracking,0.37862159897658454,-0.0019848974737182584,tracking,0.1330181398997262,0
82,0.8200000000000005,1.1364742517471313,1.8725929260253906,-0.0047979592345654964,0.34652024507522583,0.37995687552497054,-6.209924404246281e-05,tracking,0.37995687552497054,-6.209924404246281e-05,tracking,0.13647500945710228,0
83,0.8300000000000005,1.1399470567703247,1.8725764751434326,-0.004626307636499405,0.34804239869117737,0.378531608644457,0.0021144835519819275,tracking,0.378531608644457,0.0021144835519819275,tracking,0.1399478534444755,0
84,0.8400000000000005,1.1434348821640015,1.872560739517212,-0.004454160109162331,0.34953323006629944,0.379395545250291,-0.0008704148395809186,tracking,0.379395545250291,-0.0008704148395809186,tracking,0.14343571433429164,0
85,0.8500000000000005,1.1469372510910034,1.8725448846817017,-0.0046272603794932365,0.3509361147880554,0.37903650974580577,-0.0013874259660396557,tracking,0.37903650974580577,-0.0013874259660396557,tracking,0.1469381191476503,0
86,0.8600000000000005,1.1504533290863037,1.8725281953811646,-0.004800815600901842,0.3522954285144806,0.37952342546680584,-0.0006862673277995661,tracking,0.37952342546680584,-0.0006862673277995661,tracking,0.15045423675117087,0
87,0.8700000000000006,1.1539826393127441,1.8725115060806274,-0.004626389127224684,0.3535826504230499,0.3793665336383103,0.0009121915608331834,tracking,0.3793665336383103,0.0009121915608331834,tracking,0.15398358643733254,0
88,0.8800000000000006,1.1575243473052979,1.8724955320358276,-0.004451553802937269,0.3547777831554413,0.3787169776201013,0.0018475522270541035,tracking,0.3787169776201013,0.0018475522270541035,tracking,0.15752533045329786,0
89,0.8900000000000006,1.1610779762268066,1.8724795579910278,-0.0046271709725260735,0.3559565544128418,0.37956820785933465,-0.0006217806825581113,tracking,0.37956820785933465,-0.0006217806825581113,tracking,0.1610789952773761,0
90,0.9000000000000006,1.1646431684494019,1.8724626302719116,-0.0048031676560640335,0.35708552598953247,0.3796994905820301,-0.000432733561876595,tracking,0.3796994905820301,-0.000432733561876595,tracking,0.16464422768659262,0
91,0.9100000000000006,1.1682193279266357,1.8724457025527954,-0.00462644686922431,0.35815441608428955,0.379564957554288,0.0006264611218253242,tracking,0.379564957554288,0.0006264611218253242,tracking,0.16822042722720612,0
92,0.9200000000000006,1.17180597782135,1.8724294900894165,-0.0044493828900158405,0.35917147994041443,0.3795437571584635,-0.0006569896918126004,tracking,0.3795437571584635,-0.0006569896918126004,tracking,0.17180711376372187,0
93,0.9300000000000006,1.1754025220870972,1.8724132776260376,-0.004627103451639414,0.3601483702659607,0.3797156700320066,-0.00040943515391049165,tracking,0.3797156700320066,-0.00040943515391049165,tracking,0.17540369457046692,0
94,0.9400000000000006,1.1790086030960083,1.8723961114883423,-0.0048051392659544945,0.3610849380493164,0.37984489373497615,0.0002233530216343583,tracking,0.37984489373497615,0.0002233530216343583,tracking,0.1790098164373917,0
95,0.9500000000000006,1.1826237440109253,1.8723784685134888,-0.004983770195394754,0.3619563579559326,0.37941126546084625,-0.0008477777363813787,tracking,0.37941126546084625,-0.0008477777363813787,tracking,0.1826250004035639,0
96,0.9600000000000006,1.1862472295761108,1.8723599910736084,-0.005162677261978388,0.362760990858078,0.37887812821247235,0.0016154953740398388,tracking,0.37887812821247235,0.0016154953740398388,tracking,0.18624853307995753,0
97,0.9700000000000006,1.1898784637451172,1.872341513633728,-0.004983262158930302,0.36350053548812866,0.37831392505391664,0.0024279479223600006,tracking,0.37831392505391664,0.0024279479223600006,tracking,0.18987981425964381,0
98,0.9800000000000006,1.1935173273086548,1.8723238706588745,-0.0048035974614322186,0.3642745912075043,0.37977956087292936,0.0003174323429817171,tracking,0.37977956087292936,0.0003174323429817171,tracking,0.19351872059377817,0
99,0.9900000000000007,1.1971635818481445,1.8723065853118896,-0.004623441956937313,0.3649913966655731,0.37934910945942807,0.0009372823784235592,tracking,0.37934910945942807,0.0009372823784235592,tracking,0.1971650161042888,0
100,1.0000000000000007,1.2008169889450073,1.8722901344299316,-0.004443051293492317,0.3657037019729614,0.3799713311978469,4.128307510052262e-05,tracking,0.3799713311978469,4.128307510052262e-05,tracking,0.20081846023920102,0
101,1.0100000000000007,1.2044771909713745,1.8722736835479736,-0.004623888060450554,0.3663462698459625,0.3792169125224884,-0.001127645967616683,tracking,0.3792169125224884,-0.001127645967616683,tracking,0.2044786992348596,0
102,1.0200000000000007,1.208143711090088,1.8722562789916992,-0.004804931581020355,0.3669600486755371,0.3792546471192148,0.0010733081483306683,tracking,0.3792546471192148,0.0010733081483306683,tracking,0.20814526066207026,0
103,1.0300000000000007,1.2118163108825684,1.8722388744354248,-0.004623486194759607,0.3675660192966461,0.379703626631038,0.0004267776513052889,tracking,0.379703626631038,0.0004267776513052889,tracking,0.2118179016946661,0
104,1.0400000000000007,1.2154947519302368,1.8722223043441772,-0.004441847559064627,0.3681347370147705,0.3795266239258244,0.0006816615468128451,tracking,0.3795266239258244,0.0006816615468128451,tracking,0.21549638006338,0
105,1.0500000000000007,1.2191789150238037,1.8722057342529297,-0.004623857792466879,0.36869439482688904,0.37990459334719984,-0.0001373855800322378,tracking,0.37990459334719984,-0.0001373855800322378,tracking,0.2191805804200279,0
106,1.0600000000000007,1.2228684425354004,1.8721882104873657,-0.004806047771126032,0.36922764778137207,0.37990928057129575,0.00013063597733414638,tracking,0.37990928057129575,0.00013063597733414638,tracking,0.22287014954679435,0
107,1.0700000000000007,1.2265630960464478,1.8721706867218018,-0.004623526707291603,0.36969998478889465,0.3791610879655991,0.0012080333295372923,tracking,0.3791610879655991,0.0012080333295372923,tracking,0.22656484461527485,0
108,1.0800000000000007,1.230262279510498,1.8721539974212646,-0.004440855700522661,0.3701358139514923,0.3788656536313299,-0.0016334587708849522,tracking,0.3788656536313299,-0.0016334587708849522,tracking,0.23026406572700303,0
109,1.0900000000000007,1.2339657545089722,1.8721373081207275,-0.004623815417289734,0.37057676911354065,0.3794090568455485,-0.0008509581424101624,tracking,0.3794090568455485,-0.0008509581424101624,tracking,0.23396757832952988,0
110,1.1000000000000008,1.2376736402511597,1.872119665145874,-0.004806919954717159,0.3710162341594696,0.3798186980459752,0.00026107481379573395,tracking,0.3798186980459752,0.00026107481379573395,tracking,0.23767550604614993,0
111,1.1100000000000008,1.2413856983184814,1.8721020221710205,-0.00462354626506567,0.3713943362236023,0.37896797457417664,0.0014861166131856767,tracking,0.37896797457417664,0.0014861166131856767,tracking,0.24138760604072582,0
112,1.1200000000000008,1.2451014518737793,1.8720853328704834,-0.00444004824385047,0.3717707097530365,0.3793093601588402,-0.0009945213712701274,tracking,0.3793093601588402,-0.0009945213712701274,tracking,0.2451033970758166,0
113,1.1300000000000008,1.2488209009170532,1.872069001197815,-0.004256307613104582,0.3721311688423157,0.379351162054869,0.0009343266409886503,tracking,0.379351162054869,0.0009343266409886503,tracking,0.24882288197416522,0
114,1.1400000000000008,1.2525439262390137,1.872053623199463,-0.004072451964020729,0.3724689185619354,0.3792340938308008,-0.0011029048836468085,tracking,0.3792340938308008,-0.0011029048836468085,tracking,0.25254593905548856,0
115,1.1500000000000008,1.2562698125839233,1.8720382452011108,-0.0042565022595226765,0.37272343039512634,0.3778215152857332,-0.0031370179885441465,tracking,0.3778215152857332,-0.0031370179885441465,tracking,0.25627185713537404,0
116,1.1600000000000008,1.2599985599517822,1.8720219135284424,-0.004440645687282085,0.3730340898036957,0.37925684423826184,-0.0010701442969029643,tracking,0.37925684423826184,-0.0010701442969029643,tracking,0.2600006402688972,0
117,1.1700000000000008,1.2637302875518799,1.872005581855774,-0.004256303422152996,0.3733266592025757,0.3791870505726747,0.0011706471753484288,tracking,0.3791870505726747,0.0011706471753484288,tracking,0.26373240360609623,0
118,1.1800000000000008,1.2674648761749268,1.8719902038574219,-0.0040718684904277325,0.37359699606895447,0.37901193199379574,-0.00142281792893411,tracking,0.37901193199379574,-0.00142281792893411,tracking,0.26746702389017124,0
119,1.1900000000000008,1.2712022066116333,1.8719747066497803,-0.004256482236087322,0.37387025356292725,0.3793439255529727,-0.0009447472037193289,tracking,0.3793439255529727,-0.0009447472037193289,tracking,0.2712043864570863,0
120,1.2000000000000008,1.2749422788619995,1.8719583749771118,-0.00444118632003665,0.3741460144519806,0.3796694492301525,0.0004759931085803956,tracking,0.3796694492301525,0.0004759931085803956,tracking,0.2749444943648199,0
121,1.2100000000000009,1.2786847352981567,1.8719420433044434,-0.004256323911249638,0.37435099482536316,0.3784568389127411,0.0022221519656527786,tracking,0.3784568389127411,0.0022221519656527786,tracking,0.27868698643562867,0
122,1.2200000000000009,1.2824293375015259,1.8719265460968018,-0.00407138979062438,0.37458154559135437,0.37919961118864665,0.0011525598883488086,tracking,0.37919961118864665,0.0011525598883488086,tracking,0.28243162070681216,0
123,1.2300000000000009,1.2861762046813965,1.8719110488891602,-0.004256473854184151,0.3748062252998352,0.379306718600939,-0.0009983252146478043,tracking,0.379306718600939,-0.0009983252146478043,tracking,0.2861785199351123,0
124,1.2400000000000009,1.289925217628479,1.8718945980072021,-0.004441625904291868,0.3749954402446747,0.37878577697008314,0.0017484811630802677,tracking,0.37878577697008314,0.0017484811630802677,tracking,0.28992756897572375,0
125,1.2500000000000009,1.2936762571334839,1.8718781471252441,-0.004256338346749544,0.375216543674469,0.3796456590057023,0.0005102510317887259,tracking,0.3796456590057023,0.0005102510317887259,tracking,0.2936786445547576,0
126,1.260000000000001,1.2974294424057007,1.8718626499176025,-0.004070979543030262,0.37542933225631714,0.37969172916773825,-0.00044390999845696916,tracking,0.37969172916773825,-0.00044390999845696916,tracking,0.29743186182145426,0
127,1.270000000000001,1.3011845350265503,1.871847152709961,-0.004256461746990681,0.37559184432029724,0.37884698876885714,-0.0016603361728457257,tracking,0.37884698876885714,-0.0016603361728457257,tracking,0.30118698642053265,0
128,1.280000000000001,1.3049412965774536,1.871830701828003,-0.004441999364644289,0.37576472759246826,0.3792277052694563,0.0011121044119829417,tracking,0.3792277052694563,0.0011121044119829417,tracking,0.30494378399051997,0
129,1.290000000000001,1.308699607849121,1.871814250946045,-0.00425635976716876,0.3759022653102875,0.3786574416239913,0.0019332840614525656,tracking,0.3786574416239913,0.0019332840614525656,tracking,0.3087021312664193,0
130,1.300000000000001,1.3124595880508423,1.8717987537384033,-0.004070665687322617,0.3760940432548523,0.3799354771598544,9.291288980971431e-05,tracking,0.3799354771598544,9.291288980971431e-05,tracking,0.31246214340480133,0
131,1.310000000000001,1.3162212371826172,1.8717832565307617,-0.004256470128893852,0.37623700499534607,0.37910078346016884,-0.0012948718173568467,tracking,0.37910078346016884,-0.0012948718173568467,tracking,0.3162238244590678,0
132,1.320000000000001,1.3199840784072876,1.8717668056488037,-0.004442314617335796,0.3763374984264374,0.3783507419709582,0.0023749315618201766,tracking,0.3783507419709582,0.0023749315618201766,tracking,0.3199867016446263,0
133,1.330000000000001,1.323748230934143,1.8717503547668457,-0.004256384912878275,0.3764958083629608,0.37966663448451626,0.0004800463422965813,tracking,0.37966663448451626,0.0004800463422965813,tracking,0.32375089011984237,0
134,1.340000000000001,1.3275138139724731,1.8717347383499146,-0.004070405848324299,0.37663769721984863,0.37947987326684,0.0007489824957503596,tracking,0.37947987326684,0.0007489824957503596,tracking,0.3275165055398019,0
135,1.350000000000001,1.3312809467315674,1.8717191219329834,-0.004256481770426035,0.3767896592617035,0.3798336901113986,-0.00023948623958601305,tracking,0.3798336901113986,-0.00023948623958601305,tracking,0.33128367066720454,0
136,1.360000000000001,1.3350492715835571,1.8717026710510254,-0.0044425977393984795,0.37688347697257996,0.37876240412375967,0.0017821380617861187,tracking,0.37876240412375967,0.0017821380617861187,tracking,0.3350520314277529,0
137,1.370000000000001,1.3388186693191528,1.8716861009597778,-0.004256412386894226,0.3769993782043457,0.37932123074376467,0.0009774277289788455,tracking,0.37932123074376467,0.0009774277289788455,tracking,0.33882146558383497,0
138,1.380000000000001,1.342589020729065,1.8716704845428467,-0.00407019630074501,0.37706974148750305,0.3784793292657388,0.002189765857336115,tracking,0.3784793292657388,0.002189765857336115,tracking,0.34259184933442377,0
139,1.390000000000001,1.3463603258132935,1.8716548681259155,-0.004256474319845438,0.3771880567073822,0.3795579461961438,-0.0006365574775529514,tracking,0.3795579461961438,-0.0006365574775529514,tracking,0.34636318675115085,0
140,1.400000000000001,1.3501325845718384,1.871638298034668,-0.0044427854008972645,0.37726932764053345,0.37889724265836316,0.0015879705719570193,tracking,0.37889724265836316,0.0015879705719570193,tracking,0.3501354819025597,0
141,1.410000000000001,1.353905439376831,1.8716217279434204,-0.004256438463926315,0.3772973418235779,0.3778583366080576,0.0030839952843970675,tracking,0.3778583366080576,0.0030839952843970675,tracking,0.35390837309466694,0
142,1.420000000000001,1.3576788902282715,1.8716061115264893,-0.004070069175213575,0.37740471959114075,0.37955573271324816,0.00063974489292269,tracking,0.37955573271324816,0.00063974489292269,tracking,0.35768185626022025,0
143,1.430000000000001,1.3614535331726074,1.8715909719467163,-0.0038836270105093718,0.3775191903114319,0.3798122814607338,0.0002703146965433185,tracking,0.3798122814607338,0.0002703146965433185,tracking,0.3614565295658324,0
144,1.440000000000001,1.3652291297912598,1.8715767860412598,-0.0036971536464989185,0.3775945007801056,0.3791028018861098,0.001291965284001934,tracking,0.3791028018861098,0.001291965284001934,tracking,0.36523215283447197,0
145,1.450000000000001,1.369005560874939,1.8715626001358032,-0.0038836828898638487,0.37768837809562683,0.37956880436488033,-0.0006209217145723301,tracking,0.37956880436488033,-0.0006209217145723301,tracking,0.3690086105622497,0
146,1.460000000000001,1.3727827072143555,1.8715474605560303,-0.004070237744599581,0.37775105237960815,0.37900647310283436,0.0014306787319185478,tracking,0.37900647310283436,0.0014306787319185478,tracking,0.3727857872428199,0
147,1.470000000000001,1.3765603303909302,1.8715323209762573,-0.003883655183017254,0.3777725398540497,0.3782028839390881,0.0025878471277132184,tracking,0.3782028839390881,0.0025878471277132184,tracking,0.37656344075671844,0
148,1.480000000000001,1.380338430404663,1.8715181350708008,-0.003697054460644722,0.3778614103794098,0.3796412215824842,0.0005166409212227791,tracking,0.3796412215824842,0.0005166409212227791,tracking,0.38034156740278025,0
149,1.490000000000001,1.3841172456741333,1.8715039491653442,-0.003883698722347617,0.37790411710739136,0.3787593298701361,-0.001786564987003995,tracking,0.3787593298701361,-0.001786564987003995,tracking,0.3841204092995384,0
150,1.500000000000001,1.3878965377807617,1.8714888095855713,-0.0040703583508729935,0.3779565989971161,0.379007952655852,0.0014285481755730578,tracking,0.379007952655852,0.0014285481755730578,tracking,0.38789973173009384,0
151,1.5100000000000011,1.3916765451431274,1.8714736700057983,-0.003883650992065668,0.3780483901500702,0.3798870404530231,0.00016266174764681396,tracking,0.3798870404530231,0.00016266174764681396,tracking,0.39167976941064875,0
152,1.5200000000000011,1.3954572677612305,1.8714594841003418,-0.0036969210486859083,0.37809452414512634,0.3790185635619774,0.001413268470752604,tracking,0.3790185635619774,0.001413268470752604,tracking,0.39546051864260656,0
153,1.5300000000000011,1.3992382287979126,1.8714452981948853,-0.0038836703170090914,0.3781068027019501,0.3783530555117945,-0.0023716000630159655,tracking,0.3783530555117945,-0.0023716000630159655,tracking,0.39924150629146526,0
154,1.5400000000000011,1.4030194282531738,1.8714301586151123,-0.004070428665727377,0.3781486451625824,0.3789869649796047,0.0014587704293692431,tracking,0.3789869649796047,0.0014587704293692431,tracking,0.4030227360553574,0
155,1.5500000000000012,1.4068011045455933,1.8714150190353394,-0.003883643075823784,0.3781898021697998,0.37901435627257724,0.0014193269674887803,tracking,0.37901435627257724,0.0014193269674887803,tracking,0.40680444265258603,0
156,1.5600000000000012,1.4105833768844604,1.8714008331298828,-0.0036968367639929056,0.37827569246292114,0.3799961099824992,5.601625201136565e-06,tracking,0.3799961099824992,5.601625201136565e-06,tracking,0.4105867415944035,0
157,1.5700000000000012,1.414366364479065,1.8713871240615845,-0.0035099834203720093,0.3783320486545563,0.37946094967104144,0.0007762324737003012,tracking,0.37946094967104144,0.0007762324737003012,tracking,0.41436975402889076,0
158,1.5800000000000012,1.4181499481201172,1.8713743686676025,-0.003323110518977046,0.3783951997756958,0.37966046951852445,0.0004889238933247896,tracking,0.37966046951852445,0.0004889238933247896,tracking,0.41815335917067203,0
159,1.5900000000000012,1.4219340085983276,1.8713616132736206,-0.003510013921186328,0.3784242272377014,0.3790053839249448,-0.0014322471480794786,tracking,0.3790053839249448,-0.0014322471480794786,tracking,0.4219374411469022,0
160,1.6000000000000012,1.4257185459136963,1.8713479042053223,-0.003696933388710022,0.3784940838813782,0.3798932950889312,-0.00015365507193903713,tracking,0.3798932950889312,-0.00015365507193903713,tracking,0.425722003291982,0
161,1.6100000000000012,1.4295035600662231,1.871334195137024,-0.0035099817905575037,0.37852171063423157,0.3790751554951745,0.0013317760869487362,tracking,0.3790751554951745,0.0013317760869487362,tracking,0.42950704227109204,0
162,1.6200000000000012,1.4332890510559082,1.8713213205337524,-0.003323014359921217,0.3785896897315979,0.379951194824584,-7.027945259902892e-05,tracking,0.379951194824584,-7.027945259902892e-05,tracking,0.43329255515422904,0
163,1.6300000000000012,1.437075138092041,1.871308445930481,-0.003510019276291132,0.3786354959011078,0.37955314843494,-0.0006434662536864075,tracking,0.37955314843494,-0.0006434662536864075,tracking,0.4370786640803671,0
164,1.6400000000000012,1.440861701965332,1.8712947368621826,-0.0036970404908061028,0.37868911027908325,0.37976300277345,-0.0003412760062320441,tracking,0.37976300277345,-0.0003412760062320441,tracking,0.4408652527700806,0
165,1.6500000000000012,1.4446486234664917,1.8712810277938843,-0.003509996924549341,0.3787030279636383,0.37898185467607004,0.0014661292664591343,tracking,0.37898185467607004,0.0014661292664591343,tracking,0.44465219908531917,0
166,1.6600000000000013,1.44843590259552,1.8712681531906128,-0.0033229414839297533,0.37876176834106445,0.3799383331853814,-8.880021305081136e-05,tracking,0.3799383331853814,-8.880021305081136e-05,tracking,0.44843950009746264,0
167,1.6700000000000013,1.4522234201431274,1.8712552785873413,-0.0035100094974040985,0.37874138355255127,0.37865462177906645,-0.0019373446381443279,tracking,0.37865462177906645,-0.0019373446381443279,tracking,0.4522270395268077,0
168,1.6800000000000013,1.4560104608535767,1.871241569519043,-0.0036970616783946753,0.37866559624671936,0.37834292623162036,0.0023861862264667162,tracking,0.37834292623162036,0.0023861862264667162,tracking,0.45601410505055473,0
169,1.6900000000000013,1.4597971439361572,1.8712278604507446,-0.003510029288008809,0.37868088483810425,0.37898739655684727,0.001458148958139933,tracking,0.37898739655684727,0.001458148958139933,tracking,0.45980081294877656,0
170,1.7000000000000013,1.4635837078094482,1.8712149858474731,-0.0033230020198971033,0.37863510847091675,0.37844022151329365,0.0022460810208571377,tracking,0.37844022151329365,0.0022460810208571377,tracking,0.46358739870931626,0
171,1.7100000000000013,1.4673702716827393,1.8712021112442017,-0.00351002998650074,0.37868303060531616,0.3796430552070188,-0.0005140005018929045,tracking,0.3796430552070188,-0.0005140005018929045,tracking,0.46737398446985595,0
172,1.7200000000000013,1.471157431602478,1.8711884021759033,-0.003697076113894582,0.3787453770637512,0.37999407765847376,-8.52817179780932e-06,tracking,0.37999407765847376,-8.52817179780932e-06,tracking,0.4711611692021115,0
173,1.7300000000000013,1.4749443531036377,1.871174693107605,-0.003510045353323221,0.37863636016845703,0.37817216996047076,0.0026320752569221487,tracking,0.37817216996047076,0.0026320752569221487,tracking,0.47494811551735006,0
174,1.7400000000000013,1.4787307977676392,1.8711618185043335,-0.003323030425235629,0.37864992022514343,0.3789212531626322,0.0015533954458096712,tracking,0.3789212531626322,0.0015533954458096712,tracking,0.47873458206928926,0
175,1.7500000000000013,1.4825174808502197,1.8711494207382202,-0.003135995240882039,0.37869754433631897,0.3796513906469628,0.0005019974683735627,tracking,0.3796513906469628,0.0005019974683735627,tracking,0.48252128544722983,0
176,1.7600000000000013,1.486304521560669,1.8711379766464233,-0.0029489477165043354,0.37872514128685,0.3792781807374168,-0.0010394197381197665,tracking,0.3792781807374168,-0.0010394197381197665,tracking,0.48630834344914065,0
177,1.7700000000000014,1.4900918006896973,1.8711265325546265,-0.003136006183922291,0.3787307143211365,0.3788425720054622,-0.0016666963121344993,tracking,0.3788425720054622,-0.0016666963121344993,tracking,0.49009563986854204,0
178,1.7800000000000014,1.4938793182373047,1.8711141347885132,-0.003323073498904705,0.37877804040908813,0.3797259788934608,-0.0003945903934164368,tracking,0.3797259788934608,-0.0003945903934164368,tracking,0.493883177707038,0
179,1.7900000000000014,1.4976673126220703,1.8711012601852417,-0.0035101722460240126,0.3788262605667114,0.37979229165678796,-0.00029910001422536227,tracking,0.37979229165678796,-0.00029910001422536227,tracking,0.4976711939707868,0
180,1.8000000000000014,1.5014556646347046,1.8710874319076538,-0.0036972826346755028,0.37884873151779175,0.3792985829476183,0.0010100405554296574,tracking,0.3792985829476183,0.0010100405554296574,tracking,0.5014595712213904,0
181,1.8100000000000014,1.5052441358566284,1.871073603630066,-0.0035101657267659903,0.3788462281227112,0.3788355416695335,0.0016768199958717856,tracking,0.3788355416695335,0.0016768199958717856,tracking,0.5052480676804895,0
182,1.8200000000000014,1.5090327262878418,1.8710607290267944,-0.0033230434637516737,0.3788816034793854,0.3795898788599884,0.0005905744416167102,tracking,0.3795898788599884,0.0005905744416167102,tracking,0.5090366799872439,0
183,1.8300000000000014,1.5128216743469238,1.871047854423523,-0.003510189475491643,0.3789180517196655,0.379648352552213,-0.0005063723248132437,tracking,0.379648352552213,-0.0005063723248132437,tracking,0.5128256499198022,0
184,1.8400000000000014,1.516610860824585,1.871034026145935,-0.003697343170642853,0.3789285719394684,0.37913951046699745,0.0012391049275236581,tracking,0.37913951046699745,0.0012391049275236581,tracking,0.5166148616298747,0
185,1.8500000000000014,1.520399570465088,1.8710198402404785,-0.0038844645023345947,0.3788197934627533,0.3783566581897434,-0.0023664122067694783,tracking,0.3783566581897434,-0.0023664122067694783,tracking,0.5204035978281278,0
186,1.8600000000000014,1.524186611175537,1.8710047006607056,-0.004071532282978296,0.3786029815673828,0.37767994412798667,0.0033408804556992085,tracking,0.37767994412798667,0.0033408804556992085,tracking,0.5241906688004593,0
187,1.8700000000000014,1.5279710292816162,1.8709895610809326,-0.0038846421521157026,0.3782804608345032,0.3769073557398596,0.004453407734602192,tracking,0.3769073557398596,0.004453407734602192,tracking,0.5279751171893919,0
188,1.8800000000000014,1.5317540168762207,1.870975375175476,-0.0036977995187044144,0.37831491231918335,0.3790048643450661,0.0014329953431048079,tracking,0.3790048643450661,0.0014329953431048079,tracking,0.5317581313819169,0
189,1.8900000000000015,1.5355372428894043,1.8709616661071777,-0.00351093546487391,0.37834522128105164,0.3789526075428486,0.001508245138298052,tracking,0.3789526075428486,0.001508245138298052,tracking,0.5355413822334179,0
190,1.9000000000000015,1.539320945739746,1.8709489107131958,-0.0033240588381886482,0.3783915638923645,0.3793196938802283,-0.0009796408124712747,tracking,0.3793196938802283,-0.0009796408124712747,tracking,0.5393251065838113,0
191,1.9100000000000015,1.5431052446365356,1.8709362745285034,-0.0033240588381886482,0.37846535444259644,0.37994339873205113,-8.150582584638688e-05,tracking,0.37994339873205113,-8.150582584638688e-05,tracking,0.543109426577338,0
192,1.9200000000000015,1.5468902587890625,1.870923638343811,-0.0033240588381886482,0.37853527069091797,0.37993574164952965,-9.253202467729253e-05,tracking,0.37993574164952965,-9.253202467729253e-05,tracking,0.5468944618226154,0
193,1.9300000000000015,1.550675868988037,1.8709112405776978,-0.0031370765063911676,0.3785945773124695,0.3797825193018696,0.0003131722053077157,tracking,0.3797825193018696,0.0003131722053077157,tracking,0.5506800923227019,0
194,1.9400000000000015,1.5544612407684326,1.8708997964859009,-0.0029501025564968586,0.37848395109176636,0.3780129632386073,-0.002861332936405484,tracking,0.3780129632386073,-0.002861332936405484,tracking,0.5544654814021825,0
195,1.9500000000000015,1.558246374130249,1.8708888292312622,-0.002763143740594387,0.3785482943058014,0.3798371906465623,0.0002344454689503228,tracking,0.3798371906465623,0.0002344454689503228,tracking,0.5582506306525306,0
196,1.9600000000000015,1.5620319843292236,1.87087881565094,-0.0025761707220226526,0.3785712718963623,0.3790312443831488,-0.0013950080882657867,tracking,0.3790312443831488,-0.0013950080882657867,tracking,0.5620362540952902,0
197,1.9700000000000015,1.5658177137374878,1.8708688020706177,-0.002763153752312064,0.37857815623283386,0.378716089531823,-0.0018488310741748603,tracking,0.378716089531823,-0.0018488310741748603,tracking,0.5658219967469224,0
198,1.9800000000000015,1.5696038007736206,1.870857834815979,-0.0029501484241336584,0.3786427080631256,0.3799355969975765,-9.274032348987292e-05,tracking,0.3799355969975765,-9.274032348987292e-05,tracking,0.5696080996675846,0
199,1.9900000000000015,1.5733904838562012,1.8708463907241821,-0.0031371843069791794,0.37870314717292786,0.3799136750939931,-0.0001243078646499824,tracking,0.3799136750939931,-0.0001243078646499824,tracking,0.5733948000432598,0
200,2.0000000000000013,1.5771775245666504,1.8708339929580688,-0.0033242320641875267,0.37871497869491577,0.3789519209730638,0.0015092337987881376,tracking,0.3789519209730638,0.0015092337987881376,tracking,0.5771818610471524,0
201,2.010000000000001,1.5809646844863892,1.8708215951919556,-0.0031371749937534332,0.37873172760009766,0.3790670702608837,0.0013434188243274924,tracking,0.3790670702608837,0.0013434188243274924,tracking,0.5809690412596958,0
202,2.020000000000001,1.584752082824707,1.8708101511001587,-0.0029501118697226048,0.3787507712841034,0.37913241706003775,0.0012493194335456807,tracking,0.37913241706003775,0.0012493194335456807,tracking,0.5847564568878426,0
203,2.0300000000000007,1.588539719581604,1.8707987070083618,-0.0031371882651001215,0.3787720501422882,0.3791985426763312,-0.0011540985460831085,tracking,0.3791985426763312,-0.0011540985460831085,tracking,0.5885441109334801,0
204,2.0400000000000005,1.5923277139663696,1.8707863092422485,-0.003324277466163039,0.3788290023803711,0.3799697631119592,-4.3541118778812546e-05,tracking,0.3799697631119592,-4.3541118778812546e-05,tracking,0.5923321256065801,0
205,2.0500000000000003,1.5961161851882935,1.8707739114761353,-0.00313715822994709,0.3788628578186035,0.37954096352974864,0.0006610125171619304,tracking,0.37954096352974864,0.0006610125171619304,tracking,0.5961206171142847,0
206,2.06,1.5999048948287964,1.8707624673843384,-0.0029500285163521767,0.37889283895492554,0.37949328946443733,-0.000729663171210258,tracking,0.37949328946443733,-0.000729663171210258,tracking,0.5999093440386323,0
207,2.07,1.6036938428878784,1.8707510232925415,-0.0031371726654469967,0.3789069950580597,0.3791907119948707,-0.001165374727386221,tracking,0.3791907119948707,-0.001165374727386221,tracking,0.6036983093804714,0
208,2.0799999999999996,1.60748291015625,1.8707386255264282,-0.003324319841340184,0.3789115846157074,0.3790032208041762,0.0014353620419862807,tracking,0.3790032208041762,0.0014353620419862807,tracking,0.6074873969314326,0
209,2.0899999999999994,1.6112715005874634,1.870726227760315,-0.003137208055704832,0.3787994384765625,0.37832188011291207,0.0024164926374066276,tracking,0.37832188011291207,0.0024164926374066276,tracking,0.6112760076477884,0
210,2.099999999999999,1.615059733390808,1.870714783668518,-0.002950105583295226,0.3788542151451111,0.37995136027809245,7.004119954690663e-05,tracking,0.37995136027809245,7.004119954690663e-05,tracking,0.6150642577371535,0
211,2.109999999999999,1.6188483238220215,1.8707033395767212,-0.003137232270091772,0.37887319922447205,0.3792535736096911,-0.0010748540020448175,tracking,0.3792535736096911,-0.0010748540020448175,tracking,0.6188528654527554,0
212,2.1199999999999988,1.622637152671814,1.870690941810608,-0.0033243645448237658,0.3788875639438629,0.379175080592272,0.0011878839471283348,tracking,0.379175080592272,0.0011878839471283348,tracking,0.6226417145864138,0
213,2.1299999999999986,1.6264262199401855,1.8706785440444946,-0.0031372143421322107,0.37892815470695496,0.37974097473495716,0.00037299638166172523,tracking,0.37974097473495716,0.00037299638166172523,tracking,0.626430802137375,0
214,2.1399999999999983,1.6302156448364258,1.8706670999526978,-0.0029500508680939674,0.37896817922592163,0.3797700592164151,0.00033111472836223205,tracking,0.3797700592164151,0.00033111472836223205,tracking,0.6302202443141977,0
215,2.149999999999998,1.6340054273605347,1.8706556558609009,-0.0031372332014143467,0.37898510694503784,0.3793243152099124,-0.0009729860977261452,tracking,0.3793243152099124,-0.0009729860977261452,tracking,0.6340100441172583,0
216,2.159999999999998,1.6377954483032227,1.8706432580947876,-0.003324422985315323,0.3790135979652405,0.3795841235537634,0.0005988620825807048,tracking,0.3795841235537634,0.0005988620825807048,tracking,0.6378000853374323,0
217,2.1699999999999977,1.6415852308273315,1.8706308603286743,-0.0031372420489788055,0.37895843386650085,0.3787235784151352,0.0018380470822052675,tracking,0.3787235784151352,0.0018380470822052675,tracking,0.6415898881403028,0
218,2.1799999999999975,1.6453750133514404,1.8706194162368774,-0.0029500643722712994,0.3789937496185303,0.3797011960891717,0.000430277631592757,tracking,0.3797011960891717,0.000430277631592757,tracking,0.6453796879433634,0
219,2.1899999999999973,1.6491650342941284,1.8706084489822388,-0.0027628655079752207,0.37902265787124634,0.3796015872208914,0.0005737144019163955,tracking,0.3796015872208914,0.0005737144019163955,tracking,0.6491697247540933,0
220,2.199999999999997,1.652955412864685,1.8705984354019165,-0.0025756575632840395,0.3790486752986908,0.37956959486624137,-0.0006197833926124231,tracking,0.37956959486624137,-0.0006197833926124231,tracking,0.6529601165517741,0
221,2.209999999999997,1.6567440032958984,1.8705884218215942,-0.002762746997177601,0.37866267561912537,0.3770192292095106,-0.004292309938304756,tracking,0.3770192292095106,-0.004292309938304756,tracking,0.6567487202163546,0
222,2.2199999999999966,1.6605308055877686,1.8705774545669556,-0.0029497777577489614,0.3786931037902832,0.37930259271543365,-0.0010042664897755814,tracking,0.37930259271543365,-0.0010042664897755814,tracking,0.6605355383897539,0
223,2.2299999999999964,1.6643179655075073,1.870566487312317,-0.0027627190575003624,0.37874752283096313,0.3798375268872691,0.00023396128233257353,tracking,0.3798375268872691,0.00023396128233257353,tracking,0.664322714189522,0
224,2.239999999999996,1.6681056022644043,1.8705564737319946,-0.002575646387413144,0.37877747416496277,0.3793775883519841,-0.0008962727731428831,tracking,0.3793775883519841,-0.0008962727731428831,tracking,0.6681103641831181,0
225,2.249999999999996,1.6718934774398804,1.8705464601516724,-0.002762734657153487,0.37879475951194763,0.3791407786077665,-0.0012372788048162558,tracking,0.3791407786077665,-0.0012372788048162558,tracking,0.67189825259446,0
226,2.259999999999996,1.6756815910339355,1.8705354928970337,-0.0029498336371034384,0.3788429796695709,0.37980874912697726,-0.0002754012571527815,tracking,0.37980874912697726,-0.0002754012571527815,tracking,0.6756863820645468,0
227,2.2699999999999956,1.6794700622558594,1.870524525642395,-0.0027627134695649147,0.37885910272598267,0.3791823783914905,0.0011773751162536625,tracking,0.3791823783914905,0.0011773751162536625,tracking,0.6794748691610035,0
228,2.2799999999999954,1.6832588911056519,1.8705145120620728,-0.0025755842216312885,0.378898561000824,0.3796888729837035,-0.00044802290346690303,tracking,0.3796888729837035,-0.00044802290346690303,tracking,0.6832637112433303,0
229,2.289999999999995,1.6870478391647339,1.8705044984817505,-0.002762727439403534,0.37890079617500305,0.37894582329340065,-0.0015180144575030882,tracking,0.37894582329340065,-0.0015180144575030882,tracking,0.6870526725345304,0
230,2.299999999999995,1.6908369064331055,1.8704935312271118,-0.002949873451143503,0.378915935754776,0.3792190868654206,-0.0011245149137943545,tracking,0.3792190868654206,-0.0011245149137943545,tracking,0.6908417556749378,0
231,2.3099999999999947,1.6946260929107666,1.8704825639724731,-0.0027627197559922934,0.37892407178878784,0.3790871806699709,0.0013144598352419316,tracking,0.3790871806699709,0.0013144598352419316,tracking,0.6946309580241353,0
232,2.3199999999999945,1.6984155178070068,1.8704725503921509,-0.0025755581445991993,0.37896424531936646,0.37976919513252055,-0.00033235900917039964,tracking,0.37976919513252055,-0.00033235900917039964,tracking,0.6984203961508285,0
233,2.3299999999999943,1.7022045850753784,1.8704625368118286,-0.002762697171419859,0.37885522842407227,0.3783911014613025,-0.002316813895724389,tracking,0.3783911014613025,-0.002316813895724389,tracking,0.7022094766509018,0
234,2.339999999999994,1.705993413925171,1.87045156955719,-0.002949827117845416,0.3789096176624298,0.37999915714276006,-1.2137144255065097e-06,tracking,0.37999915714276006,-1.2137144255065097e-06,tracking,0.7059983213737289,0
235,2.349999999999994,1.709782600402832,1.8704406023025513,-0.002762674819678068,0.3789232671260834,0.37919680830301533,0.0011565960436579169,tracking,0.37919680830301533,0.0011565960436579169,tracking,0.7097875237229264,0
236,2.3599999999999937,1.7135719060897827,1.870430588722229,-0.002575516002252698,0.378949373960495,0.3794721302849026,0.0007601323897402593,tracking,0.3794721302849026,0.0007601323897402593,tracking,0.7135768426407463,0
237,2.3699999999999934,1.7173609733581543,1.8704205751419067,-0.0027626545634120703,0.37886127829551697,0.37848622513368246,-0.0021798358074972945,tracking,0.37848622513368246,-0.0021798358074972945,tracking,0.7173659231408196,0
238,2.3799999999999932,1.7211498022079468,1.870409607887268,-0.0029497849754989147,0.37890031933784485,0.37968213222081765,0.0004577296020226145,tracking,0.37968213222081765,0.0004577296020226145,tracking,0.7211547678636466,0
239,2.389999999999993,1.7249388694763184,1.8703986406326294,-0.002762636635452509,0.3789161443710327,0.3792329178793249,0.00110459825377217,tracking,0.3792329178793249,0.00110459825377217,tracking,0.724943851004054,0
240,2.399999999999993,1.7287282943725586,1.8703886270523071,-0.002575478283688426,0.37896108627319336,0.3798615502497468,0.0001993676403645797,tracking,0.3798615502497468,0.0001993676403645797,tracking,0.7287332891307472,0
241,2.4099999999999926,1.7325180768966675,1.870379090309143,-0.0023882968816906214,0.37898606061935425,0.37948635651662266,0.0007396466160633748,tracking,0.37948635651662266,0.0007396466160633748,tracking,0.7325230836541364,0
242,2.4199999999999924,1.7363065481185913,1.8703705072402954,-0.002201157622039318,0.3787054717540741,0.3775108114169672,-0.003584431559567223,tracking,0.3775108114169672,-0.003584431559567223,tracking,0.7363115645988445,0
243,2.429999999999992,1.7400916814804077,1.8703619241714478,-0.002388082444667816,0.378334641456604,0.3767557422542653,-0.004671731153857984,tracking,0.3767557422542653,-0.004671731153857984,tracking,0.740096707692019,0
244,2.439999999999992,1.74387526512146,1.8703523874282837,-0.0025749525520950556,0.3783726692199707,0.3791344515236812,-0.001246389805899092,tracking,0.3791344515236812,-0.001246389805899092,tracking,0.7438803033520107,0
245,2.4499999999999917,1.7476593255996704,1.8703423738479614,-0.0027618552558124065,0.3784335255622864,0.3796523185116184,-0.0005006613432695269,tracking,0.3796523185116184,-0.0005006613432695269,tracking,0.74766437707943,0
246,2.4599999999999915,1.751443862915039,1.8703314065933228,-0.0029487742576748133,0.3784714937210083,0.3792321371902691,0.0011057224460124995,tracking,0.3792321371902691,0.0011057224460124995,tracking,0.7514489302858326,0
247,2.4699999999999913,1.7552286386489868,1.870320439338684,-0.0027618384920060635,0.37848493456840515,0.37875394197622364,0.0017943235542380032,tracking,0.37875394197622364,0.0017943235542380032,tracking,0.7552337219098132,0
248,2.479999999999991,1.7590136528015137,1.8703104257583618,-0.00257489294745028,0.37853023409843445,0.37943781167660695,-0.0008095511856859843,tracking,0.37943781167660695,-0.0008095511856859843,tracking,0.7590187493082107,0
249,2.489999999999991,1.7627990245819092,1.8703004121780396,-0.002761861076578498,0.3785538077354431,0.3790257555202876,-0.0014029120507858747,tracking,0.3790257555202876,-0.0014029120507858747,tracking,0.7628041343332254,0
250,2.4999999999999907,1.7665847539901733,1.8702894449234009,-0.0029488408472388983,0.37860003113746643,0.3795261405292535,0.0006823576378749904,tracking,0.3795261405292535,0.0006823576378749904,tracking,0.7665898796275196,0
251,2.5099999999999905,1.7703709602355957,1.8702784776687622,-0.002761831507086754,0.37864407896995544,0.3795261405292535,0.0006823576378749904,tracking,0.3795261405292535,0.0006823576378749904,tracking,0.7703761017569712,0
252,2.5199999999999902,1.7741576433181763,1.87026846408844,-0.0025748079642653465,0.37868601083755493,0.3795261405292535,0.0006823576378749904,tracking,0.3795261405292535,0.0006823576378749904,tracking,0.7741627980795845,0
253,2.52999999999999,1.7779446840286255,1.8702589273452759,-0.0023877574130892754,0.37872594594955444,0.3795261405292535,0.0006823576378749904,tracking,0.3795261405292535,0.0006823576378749904,tracking,0.7779498507980016,0
254,2.53999999999999,1.7817320823669434,1.8702503442764282,-0.0022006940562278032,0.37876400351524353,0.3795261405292535,0.0006823576378749904,tracking,0.3795261405292535,0.0006823576378749904,tracking,0.781737258861858,0
255,2.5499999999999896,1.7855198383331299,1.8702422380447388,-0.0020136062521487474,0.37880024313926697,0.3795261405292535,0.0006823576378749904,tracking,0.3795261405292535,0.0006823576378749904,tracking,0.7855250235021668,0
256,2.5599999999999894,1.789307951927185,1.8702350854873657,-0.001826506806537509,0.3788347542285919,0.3795261405292535,0.0006823576378749904,tracking,0.3795261405292535,0.0006823576378749904,tracking,0.7893131438487956,0
257,2.569999999999989,1.7930964231491089,1.8702284097671509,-0.0016393851255998015,0.37886762619018555,0.3795261405292535,0.0006823576378749904,tracking,0.3795261405292535,0.0006823576378749904,tracking,0.7931016209524067,0
258,2.579999999999989,1.7968852519989014,1.8702226877212524,-0.0014522529672831297,0.378898948431015,0.3795261405292535,0.0006823576378749904,tracking,0.3795261405292535,0.0006823576378749904,tracking,0.7968904541230317,0
259,2.5899999999999888,1.8006744384765625,1.8702174425125122,-0.0012651006691157818,0.3789287805557251,0.3795261405292535,0.0006823576378749904,tracking,0.3795261405292535,0.0006823576378749904,tracking,0.8006796442310502,0
260,2.5999999999999885,1.8044638633728027,1.8702131509780884,-0.0010779387084767222,0.37895718216896057,0.3795261405292535,0.0006823576378749904,tracking,0.3795261405292535,0.0006823576378749904,tracking,0.8044690715573771,0
261,2.6099999999999883,1.808253526687622,1.8702093362808228,-0.0008907585288397968,0.3789842426776886,0.3795261405292535,0.0006823576378749904,tracking,0.3795261405292535,0.0006823576378749904,tracking,0.8082587367921442,0
262,2.619999999999988,1.81204354763031,1.8702064752578735,-0.0007035696762613952,0.37901002168655396,0.3795261405292535,0.0006823576378749904,tracking,0.3795261405292535,0.0006823576378749904,tracking,0.8120487588147011,0
263,2.629999999999988,1.8158338069915771,1.8702040910720825,-0.0005163642344996333,0.37903454899787903,0.3795261405292535,0.0006823576378749904,tracking,0.3795261405292535,0.0006823576378749904,tracking,0.81583901892583,0
264,2.6399999999999877,1.8196243047714233,1.870202660560608,-0.00032915090559981763,0.379057914018631,0.3795261405292535,0.0006823576378749904,tracking,0.3795261405292535,0.0006823576378749904,tracking,0.8196295169756095,0
265,2.6499999999999875,1.8234150409698486,1.8702017068862915,-0.00014192255912348628,0.3790801763534546,0.3795261405292535,0.0006823576378749904,tracking,0.3795261405292535,0.0006823576378749904,tracking,0.8234202532939976,0
266,2.6599999999999873,1.8272058963775635,1.870201587677002,4.531294689513743e-05,0.37910139560699463,0.3795261405292535,0.0006823576378749904,tracking,0.3795261405292535,0.0006823576378749904,tracking,0.8272111087035868,0
267,2.669999999999987,1.8309969902038574,1.8702019453048706,0.00023256208805833012,0.3791216015815735,0.3795261405292535,0.0006823576378749904,tracking,0.3795261405292535,0.0006823576378749904,tracking,0.831002202546749,0
268,2.679999999999987,1.8347883224487305,1.8702032566070557,0.00041981771937571466,0.37914082407951355,0.3795261405292535,0.0006823576378749904,tracking,0.3795261405292535,0.0006823576378749904,tracking,0.834793535018391,0
269,2.6899999999999866,1.838579773902893,1.870205044746399,0.0006070857052691281,0.379159152507782,0.3795261405292535,0.0006823576378749904,tracking,0.3795261405292535,0.0006823576378749904,tracking,0.8385849868942183,0
270,2.6999999999999864,1.8423714637756348,1.8702077865600586,0.0007943595992401242,0.37917661666870117,0.3795261405292535,0.0006823576378749904,tracking,0.3795261405292535,0.0006823576378749904,tracking,0.8423766777582781,0
271,2.709999999999986,1.8461483716964722,1.8702107667922974,0.0007943595410324633,0.3761999011039734,0.3795261405292535,0.0006823576378749904,tracking,0.36352614052925347,0.0,request_watchdog_timeout,0.8461535868549163,0
272,2.719999999999986,1.8498830795288086,1.8702137470245361,0.0007943594828248024,0.3707461357116699,0.3795261405292535,0.0006823576378749904,tracking,0.34752614052925346,0.0,request_watchdog_timeout,0.8498882958763394,0
273,2.7299999999999858,1.853553295135498,1.8702166080474854,0.0007943594246171415,0.36328649520874023,0.3795261405292535,0.0006823576378749904,tracking,0.33152614052925344,0.0,request_watchdog_timeout,0.8535585125981474,0
274,2.7399999999999856,1.8571407794952393,1.8702194690704346,0.0007943593664094806,0.3542024791240692,0.3795261405292535,0.0006823576378749904,tracking,0.31552614052925343,0.0,request_watchdog_timeout,0.857145998098723,0
275,2.7499999999999853,1.860630750656128,1.8702222108840942,0.0007943593664094806,0.3438030481338501,0.3795261405292535,0.0006823576378749904,tracking,0.2995261405292534,0.0,request_watchdog_timeout,0.8606359703366322,0
276,2.759999999999985,1.8640114068984985,1.870224952697754,0.0007943593664094806,0.3323383927345276,0.3795261405292535,0.0006823576378749904,tracking,0.2835261405292534,0.0,request_watchdog_timeout,0.8640166276908492,0
277,2.769999999999985,1.867273211479187,1.870227575302124,0.0007943593664094806,0.32001110911369324,0.3795261405292535,0.0006823576378749904,tracking,0.2675261405292534,0.0,request_watchdog_timeout,0.8672784333258701,0
278,2.7799999999999847,1.8704081773757935,1.8702300786972046,0.0007943593664094806,0.3069852590560913,0.3795261405292535,0.0006823576378749904,tracking,0.2515261405292534,0.0,request_watchdog_timeout,0.8704134002220066,0
279,2.7899999999999845,1.8734101057052612,1.8702324628829956,0.0007943593664094806,0.29339373111724854,0.3795261405292535,0.0006823576378749904,tracking,0.23552614052925336,0.0,request_watchdog_timeout,0.873415329498256,0
280,2.7999999999999843,1.87627375125885,1.870234727859497,0.0007943593664094806,0.2793441116809845,0.3795261405292535,0.0006823576378749904,tracking,0.21952614052925334,0.0,request_watchdog_timeout,0.8762789759475768,0
281,2.809999999999984,1.8789950609207153,1.870236873626709,0.0007943593664094806,0.2649235427379608,0.3795261405292535,0.0006823576378749904,tracking,0.20352614052925333,0.0,request_watchdog_timeout,0.8790002864554163,0
282,2.819999999999984,1.8815706968307495,1.8702389001846313,0.0007943593664094806,0.25020256638526917,0.3795261405292535,0.0006823576378749904,tracking,0.18752614052925332,0.0,request_watchdog_timeout,0.8815759231627169,0
283,2.8299999999999836,1.883997917175293,1.8702408075332642,0.0007943593664094806,0.23523831367492676,0.3795261405292535,0.0006823576378749904,tracking,0.1715261405292533,0.0,request_watchdog_timeout,0.8840031442566728,0
284,2.8399999999999834,1.8862744569778442,1.8702425956726074,0.0007943593664094806,0.2200770527124405,0.3795261405292535,0.0006823576378749904,tracking,0.1555261405292533,0.0,request_watchdog_timeout,0.8862796847614832,0
285,2.849999999999983,1.8883986473083496,1.8702442646026611,0.0007943593664094806,0.20475627481937408,0.3795261405292535,0.0006823576378749904,tracking,0.13952614052925327,0.0,request_watchdog_timeout,0.8884038757476095,0
286,2.859999999999983,1.890368938446045,1.8702458143234253,0.0007943593664094806,0.18930630385875702,0.3795261405292535,0.0006823576378749904,tracking,0.12352614052925327,0.0,request_watchdog_timeout,0.8903741674947665,0
287,2.869999999999983,1.8921842575073242,1.8702472448349,0.0007943593664094806,0.17375171184539795,0.3795261405292535,0.0006823576378749904,tracking,0.10752614052925327,0.0,request_watchdog_timeout,0.892189487119683,0
288,2.8799999999999826,1.8938435316085815,1.870248556137085,0.0007943593664094806,0.15811240673065186,0.3795261405292535,0.0006823576378749904,tracking,0.09152614052925327,0.0,request_watchdog_timeout,0.8938487617390926,0
289,2.8899999999999824,1.8953461647033691,1.8702497482299805,0.0007943593664094806,0.1424044966697693,0.3795261405292535,0.0006823576378749904,tracking,0.07552614052925327,0.0,request_watchdog_timeout,0.8953513953067451,0
290,2.899999999999982,1.8966914415359497,1.8702508211135864,0.0007943593664094806,0.12664103507995605,0.3795261405292535,0.0006823576378749904,tracking,0.05952614052925327,0.0,request_watchdog_timeout,0.896696672567148,0
291,2.909999999999982,1.8978787660598755,1.8702517747879028,0.0007943593664094806,0.110832579433918,0.3795261405292535,0.0006823576378749904,tracking,0.04352614052925327,0.0,request_watchdog_timeout,0.8978839974740754,0
292,2.9199999999999817,1.8989078998565674,1.8702526092529297,0.0007943593664094806,0.09498769789934158,0.3795261405292535,0.0006823576378749904,tracking,0.02752614052925327,0.0,request_watchdog_timeout,0.8989131316090769,0
293,2.9299999999999815,1.8997783660888672,1.870253324508667,0.0007943593664094806,0.07911331206560135,0.3795261405292535,0.0006823576378749904,tracking,0.01152614052925327,0.0,request_watchdog_timeout,0.8997835981352369,0
294,2.9399999999999813,1.9004942178726196,1.8702539205551147,0.0007943593664094806,0.06406596302986145,0.3795261405292535,0.0006823576378749904,tracking,0.0,0.0,request_watchdog_timeout,0.9004994501671352,0
295,2.949999999999981,1.901073932647705,1.870254397392273,0.0007943593664094806,0.0518806166946888,0.3795261405292535,0.0006823576378749904,tracking,0.0,0.0,request_watchdog_timeout,0.9010791651383289,0
296,2.959999999999981,1.901543378829956,1.8702547550201416,0.0007943593664094806,0.04201292246580124,0.3795261405292535,0.0006823576378749904,tracking,0.0,0.0,request_watchdog_timeout,0.9015486114568018,0
297,2.9699999999999807,1.9019235372543335,1.8702551126480103,0.0007943593664094806,0.03402206301689148,0.3795261405292535,0.0006823576378749904,tracking,0.0,0.0,request_watchdog_timeout,0.9019287700493954,0
298,2.9799999999999804,1.9022314548492432,1.8702553510665894,0.0007943593664094806,0.027551066130399704,0.3795261405292535,0.0006823576378749904,tracking,0.0,0.0,request_watchdog_timeout,0.902236687736608,0
299,2.9899999999999802,1.9024807214736938,1.8702555894851685,0.0007943593664094806,0.022310853004455566,0.3795261405292535,0.0006823576378749904,tracking,0.0,0.0,request_watchdog_timeout,0.9024859544750801,0
300,2.99999999999998,1.9026826620101929,1.870255708694458,0.0007943593664094806,0.01806732825934887,0.3795261405292535,0.0006823576378749904,tracking,0.0,0.0,request_watchdog_timeout,0.9026878950467648,0
301,3.00999999999998,1.902846097946167,1.8702558279037476,0.0007943593664094806,0.014630922116339207,0.3795261405292535,0.0006823576378749904,tracking,0.0,0.0,request_watchdog_timeout,0.9028513310262143,0
302,3.0199999999999796,1.902978539466858,1.870255947113037,0.0007943593664094806,0.01184812095016241,0.3795261405292535,0.0006823576378749904,tracking,0.0,0.0,request_watchdog_timeout,0.9029837726005547,0
303,3.0299999999999794,1.903085708618164,1.8702560663223267,0.0007943593664094806,0.009594608098268509,0.3795261405292535,0.0006823576378749904,tracking,0.0,0.0,request_watchdog_timeout,0.903090941818162,0
304,3.039999999999979,1.903172492980957,1.8702561855316162,0.0007943593664094806,0.007769713643938303,0.3795261405292535,0.0006823576378749904,tracking,0.0,0.0,request_watchdog_timeout,0.9031777262628294,0
305,3.049999999999979,1.903242826461792,1.8702561855316162,0.0007943593664094806,0.006291914265602827,0.3795261405292535,0.0006823576378749904,tracking,0.0,0.0,request_watchdog_timeout,0.9032480597436644,0
306,3.0599999999999787,1.9032998085021973,1.8702561855316162,0.0007943593664094806,0.005095192231237888,0.3795261405292535,0.0006823576378749904,tracking,0.0,0.0,request_watchdog_timeout,0.9033050417840697,0
307,3.0699999999999785,1.9033459424972534,1.8702561855316162,0.0007943593664094806,0.0041260868310928345,0.3795261405292535,0.0006823576378749904,tracking,0.0,0.0,request_watchdog_timeout,0.9033511757791258,0
308,3.0799999999999783,1.9033832550048828,1.8702561855316162,0.0007943593664094806,0.0033413050696253777,0.3795261405292535,0.0006823576378749904,tracking,0.0,0.0,request_watchdog_timeout,0.9033884882867552,0
309,3.089999999999978,1.9034135341644287,1.8702561855316162,0.0007943593664094806,0.0027057889383286238,0.3795261405292535,0.0006823576378749904,tracking,0.0,0.0,request_watchdog_timeout,0.9034187674463011,0
310,3.099999999999978,1.9034379720687866,1.8702561855316162,0.0007943593664094806,0.002191147767007351,0.3795261405292535,0.0006823576378749904,tracking,0.0,0.0,request_watchdog_timeout,0.903443205350659,0
311,3.1099999999999777,1.903461217880249,1.8702561855316162,0.0007931861910037696,0.0024673587176948786,0.3749801286630808,-0.007228614725163661,tracking,0.008,-0.007228614725163661,tracking,0.9034664511621214,0
312,3.1199999999999775,1.903489112854004,1.8702561855316162,0.0007918616174720228,0.0031108357943594456,0.37445603762549606,-0.007983305819285668,tracking,0.016,-0.007983305819285668,tracking,0.9034943461358763,0
313,3.1299999999999772,1.9035252332687378,1.8702561855316162,0.0007899980410002172,0.004104115534573793,0.37460559783931285,-0.007767939111389532,tracking,0.024,-0.007767939111389532,tracking,0.9035304665506102,0
314,3.139999999999977,1.903572916984558,1.8702561855316162,0.0007877526222728193,0.005430564749985933,0.3740863712867433,-0.008515625347089592,tracking,0.032,-0.008515625347089592,tracking,0.9035781502664305,0
315,3.149999999999977,1.9036353826522827,1.8702561855316162,0.0007845291402190924,0.007074341177940369,0.37524147697966337,-0.006852273149284781,tracking,0.04,-0.006852273149284781,tracking,0.9036406159341551,0
316,3.1599999999999766,1.9037158489227295,1.8702563047409058,0.000780714675784111,0.009020356461405754,0.37441717476944153,-0.008039268332004225,tracking,0.048,-0.008039268332004225,tracking,0.903721082292905,0
317,3.1699999999999764,1.9038171768188477,1.8702564239501953,0.0007755238329991698,0.01125423889607191,0.375964690157742,-0.00581084617285158,tracking,0.056,-0.00581084617285158,tracking,0.9038224102591463,0
318,3.179999999999976,1.9039422273635864,1.8702565431594849,0.0007695523672737181,0.01376229990273714,0.3751587914136424,-0.006971340364354969,tracking,0.064,-0.006971340364354969,tracking,0.9039474608607055,0
319,3.189999999999976,1.9040937423706055,1.8702566623687744,0.0007618431700393558,0.016531502828001976,0.3752671882321385,-0.006815248945720577,tracking,0.07200000000000001,-0.006815248945720577,tracking,0.9040989759146204,0
320,3.1999999999999758,1.9042741060256958,1.870256781578064,0.0007531812298111618,0.019549429416656494,0.37400994496824846,-0.008625679245722198,tracking,0.08000000000000002,-0.008625679245722198,tracking,0.9042793396091058,0
321,3.2099999999999755,1.904485821723938,1.8702569007873535,0.0007424537907354534,0.022804254665970802,0.37539235571345314,-0.00663500777262745,tracking,0.08800000000000002,-0.00663500777262745,tracking,0.9044910553409091,0
322,3.2199999999999753,1.904731273651123,1.8702571392059326,0.0007306175539270043,0.02628471329808235,0.37374826211065043,-0.009002502560663409,tracking,0.09600000000000003,-0.009002502560663409,tracking,0.9047365073838876,0
323,3.229999999999975,1.905012607574463,1.8702573776245117,0.0007164183771237731,0.029980074614286423,0.3745126101001286,-0.007901841455814861,tracking,0.10400000000000004,-0.007901841455814861,tracking,0.9050178414082523,0
324,3.239999999999975,1.9053318500518799,1.8702576160430908,0.0007009688415564597,0.033880122005939484,0.37543718378131774,-0.006570455354902487,tracking,0.11200000000000004,-0.006570455354902487,tracking,0.9053370839746978,0
325,3.2499999999999747,1.905691146850586,1.87025785446167,0.000682886631693691,0.03797512128949165,0.37558318773852895,-0.006360209656518363,tracking,0.12000000000000005,-0.006360209656518363,tracking,0.9056963808525076,0
326,3.2599999999999745,1.9060922861099243,1.870258092880249,0.0006634255987592041,0.04225580394268036,0.3757620472767098,-0.006102651921537889,tracking,0.12800000000000006,-0.006102651921537889,tracking,0.9060975201826984,0
327,3.2699999999999743,1.9065371751785278,1.8702583312988281,0.0006410871283151209,0.046713341027498245,0.3750408815580903,-0.007141130556349983,tracking,0.13600000000000007,-0.007141130556349983,tracking,0.9065424093151868,0
328,3.279999999999974,1.9070274829864502,1.8702586889266968,0.0006172533030621707,0.051339320838451385,0.37455271614177005,-0.00784408875585113,tracking,0.14400000000000007,-0.00784408875585113,tracking,0.9070327172535351,0
329,3.289999999999974,1.9075647592544556,1.8702590465545654,0.0005903200944885612,0.056125737726688385,0.37498552649992567,-0.007220841840107061,tracking,0.15200000000000008,-0.007220841840107061,tracking,0.9075699936405646,0
330,3.2999999999999736,1.9081506729125977,1.870259404182434,0.0005617858259938657,0.061064958572387695,0.37472483746203405,-0.007596234054670974,tracking,0.1600000000000001,-0.007596234054670974,tracking,0.9081559074078505,0
331,3.3099999999999734,1.9087867736816406,1.8702597618103027,0.0005299507756717503,0.06614971905946732,0.37592988038265146,-0.005860972248981898,tracking,0.1680000000000001,-0.005860972248981898,tracking,0.908792008277426,0
332,3.319999999999973,1.9094743728637695,1.8702601194381714,0.0004964187974110246,0.0713730975985527,0.37584399777367933,-0.0059846432059018064,tracking,0.1760000000000001,-0.0059846432059018064,tracking,0.909479607552558,0
333,3.329999999999973,1.910214900970459,1.87026047706604,0.00045940332347527146,0.07672850787639618,0.37556517118837807,-0.006386153488735568,tracking,0.1840000000000001,-0.006386153488735568,tracking,0.9102201357456031,0
334,3.3399999999999728,1.9110095500946045,1.8702608346939087,0.0004206039011478424,0.08220966905355453,0.3761684616713064,-0.005517415193318789,tracking,0.19200000000000012,-0.005517415193318789,tracking,0.9110147849502229,0
335,3.3499999999999726,1.9118596315383911,1.8702611923217773,0.00037815526593476534,0.08781059831380844,0.3760881129180788,-0.005633117397966487,tracking,0.20000000000000012,-0.005633117397966487,tracking,0.9118648664692363,0
336,3.3599999999999723,1.9127663373947144,1.870261549949646,0.0003338437818456441,0.09352560341358185,0.37573755598080144,-0.006137919387645928,tracking,0.20800000000000013,-0.006137919387645928,tracking,0.9127715723960883,0
337,3.369999999999972,1.9137307405471802,1.8702619075775146,0.0002857327344827354,0.0993492603302002,0.3753868980353341,-0.006642866829118905,tracking,0.21600000000000014,-0.006642866829118905,tracking,0.9137359756148634,0
338,3.379999999999972,1.9147539138793945,1.8702621459960938,0.00023568724282085896,0.10527640581130981,0.37488329197698794,-0.007368059553137374,tracking,0.22400000000000014,-0.007368059553137374,tracking,0.9147591489748558,0
339,3.3899999999999717,1.9158368110656738,1.8702623844146729,0.00018170582188759,0.11130211502313614,0.37560040240625125,-0.006335420534998206,tracking,0.23200000000000015,-0.006335420534998206,tracking,0.9158420461873811,0
340,3.3999999999999715,1.9169803857803345,1.8702625036239624,0.00012572499690577388,0.1174217015504837,0.3761811650952843,-0.005499122262790597,tracking,0.24000000000000016,-0.005499122262790597,tracking,0.9169856209082551,0
341,3.4099999999999713,1.9181855916976929,1.870262622833252,6.568451499333605e-05,0.12363070249557495,0.376502120445098,-0.005036946559058896,tracking,0.24800000000000016,-0.005036946559058896,tracking,0.9181908268315091,0
342,3.419999999999971,1.9194533824920654,1.870262622833252,3.585725153243402e-06,0.12992486357688904,0.37662124709924943,-0.00486540417708086,tracking,0.25600000000000017,-0.00486540417708086,tracking,0.9194586176258817,0
343,3.429999999999971,1.9207844734191895,1.870262622833252,-6.268496508710086e-05,0.13630013167858124,0.375632607306966,-0.006289045477968975,tracking,0.2640000000000002,-0.006289045477968975,tracking,0.9207897085530057,0
344,3.4399999999999706,1.9221796989440918,1.8702625036239624,-0.00013106739788781852,0.14275266230106354,0.3759196005598754,-0.005875775193779459,tracking,0.2720000000000002,-0.005875775193779459,tracking,0.9221849340830007,0
345,3.4499999999999704,1.9236398935317993,1.8702622652053833,-0.00020372355356812477,0.14927877485752106,0.37692422840070294,-0.004429111102987733,tracking,0.2800000000000002,-0.004429111102987733,tracking,0.9236451286901726,0
346,3.45999999999997,1.9251656532287598,1.8702619075775146,-0.0002785399556159973,0.15587496757507324,0.37743203806441405,-0.003697865187243736,tracking,0.2880000000000002,-0.003697865187243736,tracking,0.9251708884290458,0
347,3.46999999999997,1.9267576932907104,1.8702614307403564,-0.0003577224269974977,0.16253791749477386,0.3758639014994689,-0.005955981840764756,tracking,0.2960000000000002,-0.005955981840764756,tracking,0.926762928562406,0
348,3.47999999999997,1.9284167289733887,1.8702607154846191,-0.0004391091060824692,0.16926443576812744,0.3767966900236085,-0.0046127663660037775,tracking,0.3040000000000002,-0.0046127663660037775,tracking,0.9284219643992674,0
349,3.4899999999999696,1.9301433563232422,1.8702598810195923,-0.000524945673532784,0.17605151236057281,0.377445445343672,-0.0036785587051122665,tracking,0.3120000000000002,-0.0036785587051122665,tracking,0.9301485919507659,0
350,3.4999999999999694,1.9319380521774292,1.8702588081359863,-0.0006130263209342957,0.18289625644683838,0.3769165214653132,-0.00444020908994904,tracking,0.32000000000000023,-0.00444020908994904,tracking,0.9319432881256421,0
351,3.509999999999969,1.933801531791687,1.8702576160430908,-0.0007056328468024731,0.18979594111442566,0.37813635441199706,-0.0026836496467242095,tracking,0.32800000000000024,-0.0026836496467242095,tracking,0.9338067681211988,0
352,3.519999999999969,1.9357342720031738,1.8702561855316162,-0.0008005197159945965,0.19674794375896454,0.3774437393275467,-0.003681015368332729,tracking,0.33600000000000024,-0.003681015368332729,tracking,0.9357395088620798,0
353,3.5299999999999687,1.9377367496490479,1.8702545166015625,-0.0009000014397315681,0.20374977588653564,0.3771039038166478,-0.004170378504027132,tracking,0.34400000000000025,-0.004170378504027132,tracking,0.937741987203424,0
354,3.5399999999999685,1.9398094415664673,1.8702524900436401,-0.001001796219497919,0.21079906821250916,0.37585551191389077,-0.005968062843997323,tracking,0.35200000000000026,-0.005968062843997323,tracking,0.9398146801115687,0
355,3.5499999999999683,1.9419529438018799,1.8702502250671387,-0.0011082484852522612,0.2178935706615448,0.3769217644900501,-0.004432659134327867,tracking,0.36000000000000026,-0.004432659134327867,tracking,0.9419581835436484,0
356,3.559999999999968,1.9441676139831543,1.8702476024627686,-0.0012170436093583703,0.22503113746643066,0.37649714571002885,-0.005044110177558432,tracking,0.36800000000000027,-0.005044110177558432,tracking,0.9441728552777615,0
357,3.569999999999968,1.9464538097381592,1.8702447414398193,-0.0013305528555065393,0.232209712266922,0.37792780289362754,-0.0029839638331763257,tracking,0.3760000000000003,-0.0029839638331763257,tracking,0.9464590528229563,0
358,3.5799999999999677,1.9488105773925781,1.870241403579712,-0.0014463852858170867,0.23914273083209991,0.37801460307876383,-0.0028589715665800963,tracking,0.37801460307876383,-0.0028589715665800963,tracking,0.9488158228410585,0
359,3.5899999999999674,1.9512348175048828,1.8702378273010254,-0.0015666646650061011,0.24571466445922852,0.37735368023859783,-0.0038107004564191405,tracking,0.37735368023859783,-0.0038107004564191405,tracking,0.9512400655912542,0
360,3.5999999999999672,1.953723430633545,1.8702337741851807,-0.0016890609404072165,0.25200140476226807,0.37792774004628693,-0.002984054333346863,tracking,0.37792774004628693,-0.002984054333346863,tracking,0.953728682020497,0
361,3.609999999999967,1.9562733173370361,1.8702293634414673,-0.0018154977587983012,0.25798511505126953,0.377842027990441,-0.003107479693765027,tracking,0.377842027990441,-0.003107479693765027,tracking,0.9562785725387941,0
362,3.619999999999967,1.9588818550109863,1.8702243566513062,-0.001943862298503518,0.2637118697166443,0.37842127684861643,-0.002273361337992318,tracking,0.37842127684861643,-0.002273361337992318,tracking,0.9588871150177208,0
363,3.6299999999999666,1.9615461826324463,1.870219111442566,-0.002075901022180915,0.26914283633232117,0.37792793242416695,-0.0029837773091995687,tracking,0.37792793242416695,-0.0029837773091995687,tracking,0.9615514478022448,0
364,3.6399999999999664,1.9642633199691772,1.870213270187378,-0.0022096806205809116,0.27428770065307617,0.3773419898546343,-0.00382753460932662,tracking,0.3773419898546343,-0.00382753460932662,tracking,0.9642685914176835,0
365,3.649999999999966,1.9670308828353882,1.8702070713043213,-0.002346780151128769,0.2792247533798218,0.37811613492637247,-0.0027127657060236838,tracking,0.37811613492637247,-0.0027127657060236838,tracking,0.9670361612261221,0
366,3.659999999999966,1.9698466062545776,1.8702001571655273,-0.00248546595685184,0.28392305970191956,0.37803229286674656,-0.0028334982718849905,tracking,0.37803229286674656,-0.0028334982718849905,tracking,0.9698518931342922,0
367,3.6699999999999657,1.9727085828781128,1.8701928853988647,-0.0026271992828696966,0.28847989439964294,0.37975543614026963,-0.0003521719580117724,tracking,0.37975543614026963,-0.0003521719580117724,tracking,0.9727138789959365,0
368,3.6799999999999655,1.9756150245666504,1.8701850175857544,-0.0027703973464667797,0.2928198575973511,0.37975159193807806,0.00035770760916762744,tracking,0.37975159193807806,0.00035770760916762744,tracking,0.9756203313336418,0
369,3.6899999999999653,1.9785637855529785,1.8701766729354858,-0.002916380763053894,0.29693859815597534,0.37943911733942304,-0.0008076710312308576,tracking,0.37943911733942304,-0.0008076710312308576,tracking,0.9785691041271406,0
370,3.699999999999965,1.9815529584884644,1.87016761302948,-0.00306369224563241,0.3008870482444763,0.37997634716310513,-3.406008512862359e-05,tracking,0.37997634716310513,-3.406008512862359e-05,tracking,0.9815582907924625,0
371,3.709999999999965,1.984580397605896,1.8701584339141846,-0.002913858974352479,0.3045969605445862,0.3789081626273691,0.0015722458165885172,tracking,0.3789081626273691,0.0015722458165885172,tracking,0.9845857438252795,0
372,3.7199999999999647,1.9876441955566406,1.870149850845337,-0.002762828255072236,0.3081620931625366,0.37957358496291443,-0.0006140376534032183,tracking,0.37957358496291443,-0.0006140376534032183,tracking,0.9876495537985086,0
373,3.7299999999999645,1.9907426834106445,1.8701411485671997,-0.00291614793241024,0.3115478754043579,0.3793666383642208,-0.0009120407555220254,tracking,0.3793666383642208,-0.0009120407555220254,tracking,0.9907480538729082,0
374,3.7399999999999642,1.9938743114471436,1.8701317310333252,-0.003070558188483119,0.3147861063480377,0.37964963842777555,0.0005045206640031819,tracking,0.37964963842777555,0.0005045206640031819,tracking,0.9938796960697326,0
375,3.749999999999964,1.997037649154663,1.8701221942901611,-0.002914062235504389,0.31788235902786255,0.37990165061793735,0.0001416231101702449,tracking,0.37990165061793735,0.0001416231101702449,tracking,0.9970430481527744,0
376,3.759999999999964,2.0002310276031494,1.8701132535934448,-0.0027565755881369114,0.32080328464508057,0.37931073979796004,0.0009925346909375413,tracking,0.37931073979796004,0.0009925346909375413,tracking,1.0002364391171437,0
377,3.7699999999999636,2.003453016281128,1.870104193687439,-0.002915938152000308,0.323579341173172,0.3791848691776901,-0.0011737883841262432,tracking,0.3791848691776901,-0.0011737883841262432,tracking,1.0034584405328664,0
378,3.7799999999999634,2.006702184677124,1.8700944185256958,-0.003076197812333703,0.3262529671192169,0.37980707302138583,-0.000277814849204399,tracking,0.37980707302138583,-0.000277814849204399,tracking,1.0067076236331745,0
379,3.789999999999963,2.009977340698242,1.8700841665267944,-0.00323817552998662,0.32879677414894104,0.37975020209288396,-0.0003597089862470877,tracking,0.37975020209288396,-0.0003597089862470877,tracking,1.009982795699822,0
380,3.799999999999963,2.013277292251587,1.8700730800628662,-0.0034009674564003944,0.3311990797519684,0.37931849173353765,0.0009813719037057968,tracking,0.37931849173353765,0.0009813719037057968,tracking,1.0132827658760668,0
381,3.8099999999999627,2.0166008472442627,1.870061993598938,-0.003236621618270874,0.333516001701355,0.37992488694515875,0.00010816279897140138,tracking,0.37992488694515875,0.00010816279897140138,tracking,1.016606339359386,0
382,3.8199999999999625,2.019947052001953,1.8700515031814575,-0.0030715339817106724,0.3357049822807312,0.3795516414649893,-0.0006456362904154224,tracking,0.3795516414649893,-0.0006456362904154224,tracking,1.0199525605608681,0
383,3.8299999999999623,2.0233144760131836,1.8700413703918457,-0.002905039582401514,0.3377877473831177,0.379506435323789,0.000710733133743785,tracking,0.379506435323789,0.000710733133743785,tracking,1.0233199998171632,0
384,3.839999999999962,2.0267019271850586,1.8700319528579712,-0.0027378834784030914,0.3397252559661865,0.37853456813749436,-0.00211022188200812,tracking,0.37853456813749436,-0.00211022188200812,tracking,1.0267074640799683,0
385,3.849999999999962,2.0301084518432617,1.8700224161148071,-0.0029062863904982805,0.3415736258029938,0.3785974138973845,-0.002019723987766349,tracking,0.3785974138973845,-0.002019723987766349,tracking,1.0301140020874497,0
386,3.8599999999999617,2.0335333347320557,1.8700120449066162,-0.003075292333960533,0.34338802099227905,0.379731292877574,-0.00038693825629345854,tracking,0.379731292877574,-0.00038693825629345854,tracking,1.0335389006792204,0
387,3.8699999999999615,2.036975383758545,1.8700013160705566,-0.0032454407773911953,0.3450438976287842,0.3782121546902528,-0.002574497246035949,tracking,0.3782121546902528,-0.002574497246035949,tracking,1.0369809664265122,0
388,3.8799999999999613,2.040433883666992,1.8699897527694702,-0.0034161268267780542,0.3466527760028839,0.3788794326656897,0.0016136169614068812,tracking,0.3788794326656897,0.0016136169614068812,tracking,1.0404394856655308,0
389,3.889999999999961,2.04390811920166,1.8699780702590942,-0.003244399791583419,0.3482053279876709,0.37930402987150497,0.0010021969850328456,tracking,0.37930402987150497,0.0010021969850328456,tracking,1.0439137408420252,0
390,3.899999999999961,2.0473976135253906,1.8699671030044556,-0.0030721714720129967,0.3496975004673004,0.3795867506446009,0.0005950790717746792,tracking,0.3795867506446009,0.0005950790717746792,tracking,1.0474032524003984,0
391,3.9099999999999606,2.0509016513824463,1.869956135749817,-0.0032453620806336403,0.3511277735233307,0.37977675747709283,-0.0003214692329863156,tracking,0.37977675747709283,-0.0003214692329863156,tracking,1.0509073074205648,0
392,3.9199999999999604,2.054419755935669,1.8699443340301514,-0.0034190136939287186,0.35249844193458557,0.3799535199757136,-6.693123497247648e-05,tracking,0.3799535199757136,-6.693123497247648e-05,tracking,1.0544254317685653,0
393,3.92999999999996,2.057950973510742,1.8699324131011963,-0.00324449990876019,0.3537459671497345,0.3787343912287779,0.0018224766305598066,tracking,0.3787343912287779,0.0018224766305598066,tracking,1.0579566694653302,0
394,3.93999999999996,2.0614945888519287,1.869921326637268,-0.003069575410336256,0.3549928069114685,0.3799679202896365,-4.619478292341474e-05,tracking,0.3799679202896365,-4.619478292341474e-05,tracking,1.0615003021488874,0
395,3.9499999999999598,2.0650503635406494,1.8699102401733398,-0.0032452906016260386,0.3561473488807678,0.3792735803774458,-0.0010460442564780292,tracking,0.3792735803774458,-0.0010460442564780292,tracking,1.065056094120675,0
396,3.9599999999999596,2.068617343902588,1.8698982000350952,-0.00342138041742146,0.35726800560951233,0.3797154446139803,0.00040975975586833146,tracking,0.3797154446139803,0.00040975975586833146,tracking,1.0686230948029547,0
397,3.9699999999999593,2.072195291519165,1.869885802268982,-0.003598188515752554,0.35832861065864563,0.37957311689135975,-0.0006147116764419411,tracking,0.37957311689135975,-0.0006147116764419411,tracking,1.0722010638989048,0
398,3.979999999999959,2.0757837295532227,1.8698724508285522,-0.0037753379438072443,0.3593420088291168,0.3796407260843907,0.0005173544384773857,tracking,0.3796407260843907,0.0005173544384773857,tracking,1.0757895267711153,0
399,3.989999999999959,2.0793817043304443,1.8698590993881226,-0.003597558941692114,0.3602406978607178,0.3782418766596604,0.002531697610089003,tracking,0.3782418766596604,0.002531697610089003,tracking,1.0793875263206545,0
400,3.9999999999999587,2.082988739013672,1.8698465824127197,-0.0034194800537079573,0.3611641228199005,0.3796608249749924,0.0004884120360110177,tracking,0.3796608249749924,0.0004884120360110177,tracking,1.0829945827217493,0
401,4.009999999999959,2.086604595184326,1.8698339462280273,-0.0035981442779302597,0.3620176315307617,0.3791139841907547,-0.001275862765313199,tracking,0.3791139841907547,-0.001275862765313199,tracking,1.0866104609719152,0
402,4.019999999999959,2.090229034423828,1.869820475578308,-0.0037770895287394524,0.36287224292755127,0.37999037002526065,1.3867163624661435e-05,tracking,0.37999037002526065,1.3867163624661435e-05,tracking,1.0902349252439485,0
403,4.0299999999999585,2.0938613414764404,1.8698070049285889,-0.0035976190119981766,0.3636128008365631,0.37844677589697856,0.0022366427083508836,tracking,0.37844677589697856,0.0022366427083508836,tracking,1.0938672572748704,0
404,4.039999999999958,2.097501039505005,1.8697943687438965,-0.0034179070498794317,0.36433860659599304,0.3788770965726682,0.0016169809353577622,tracking,0.3788770965726682,0.0016169809353577622,tracking,1.0975069772383155,0
405,4.049999999999958,2.1011478900909424,1.8697820901870728,-0.0032377191819250584,0.365058034658432,0.37946846843860293,0.0007654054484118019,tracking,0.37946846843860293,0.0007654054484118019,tracking,1.1011538484944898,0
406,4.059999999999958,2.104801893234253,1.8697706460952759,-0.003057303372770548,0.36572372913360596,0.37905779989264526,-0.0013567681545908414,tracking,0.37905779989264526,-0.0013567681545908414,tracking,1.1048078695588188,0
407,4.069999999999958,2.108462333679199,1.869759202003479,-0.003238156670704484,0.366386353969574,0.3796588074829649,-0.0004913172245305901,tracking,0.3796588074829649,-0.0004913172245305901,tracking,1.1084683278932677,0
408,4.079999999999957,2.1121292114257812,1.8697469234466553,-0.003419221146032214,0.3670068085193634,0.3794349362158113,-0.0008136918492316764,tracking,0.3794349362158113,-0.0008136918492316764,tracking,1.1121352261971937,0
409,4.089999999999957,2.115802049636841,1.8697341680526733,-0.0036006758455187082,0.3675711154937744,0.378874266382397,-0.0016210564093482836,tracking,0.378874266382397,-0.0016210564093482836,tracking,1.1158080865572804,0
410,4.099999999999957,2.119480609893799,1.869720458984375,-0.003782318439334631,0.3681476414203644,0.3796955108932244,0.00043846431375684815,tracking,0.3796955108932244,0.00043846431375684815,tracking,1.1194866723592733,0
411,4.109999999999957,2.123164653778076,1.8697067499160767,-0.003600315423682332,0.3686659038066864,0.3790471101004403,0.0013721614553660055,tracking,0.3790471101004403,0.0013721614553660055,tracking,1.1231707417505628,0
412,4.119999999999957,2.1268537044525146,1.8696938753128052,-0.00341814779676497,0.36914822459220886,0.3788096293326887,-0.0017141337609283182,tracking,0.3788096293326887,-0.0017141337609283182,tracking,1.1268598148907951,0
413,4.129999999999956,2.130547523498535,1.8696810007095337,-0.003600635565817356,0.36963775753974915,0.37944313157268045,-0.0008018905353401815,tracking,0.37944313157268045,-0.0008018905353401815,tracking,1.1305536563736085,0
414,4.139999999999956,2.1342461109161377,1.8696672916412354,-0.0037832793314009905,0.37009546160697937,0.3792636530334227,0.001060339631871349,tracking,0.3792636530334227,0.001060339631871349,tracking,1.1342522691979253,0
415,4.149999999999956,2.137949228286743,1.8696534633636475,-0.0036003391724079847,0.3705379366874695,0.37940096790103073,0.0008626062225157768,tracking,0.37940096790103073,0.0008626062225157768,tracking,1.1379554123873985,0
416,4.159999999999956,2.1416566371917725,1.869640588760376,-0.003417258383706212,0.3709500730037689,0.3792056073956794,-0.0011439253502217098,tracking,0.3792056073956794,-0.0011439253502217098,tracking,1.1416628436469771,0
417,4.1699999999999555,2.1453680992126465,1.8696277141571045,-0.003600610885769129,0.3713633120059967,0.37964077588910744,-0.0005172827196853261,tracking,0.37964077588910744,-0.0005172827196853261,tracking,1.1453743279979882,0
418,4.179999999999955,2.1490836143493652,1.8696138858795166,-0.0037840954028069973,0.37175142765045166,0.3795252835506045,0.0006835916871295181,tracking,0.3795252835506045,0.0006835916871295181,tracking,1.149089868867424,0
419,4.189999999999955,2.1528027057647705,1.8696000576019287,-0.003600378055125475,0.3720703721046448,0.3784587734667713,0.0022193662078492955,tracking,0.3784587734667713,0.0022193662078492955,tracking,1.152808985990802,0
420,4.199999999999955,2.156525135040283,1.8695870637893677,-0.0034165482502430677,0.3724346160888672,0.3797303123233747,-0.00038835025434048355,tracking,0.3797303123233747,-0.00038835025434048355,tracking,1.156531437944872,0
421,4.209999999999955,2.1602511405944824,1.8695740699768066,-0.003600601339712739,0.37274813652038574,0.37902807175765363,-0.001399576668978773,tracking,0.37902807175765363,-0.001399576668978773,tracking,1.1602574661558611,0
422,4.2199999999999545,2.16398024559021,1.8695602416992188,-0.003784759435802698,0.3730730414390564,0.37958088892375835,-0.0006035199497879829,tracking,0.37958088892375835,-0.0006035199497879829,tracking,1.1639865967905294,0
423,4.229999999999954,2.167712688446045,1.8695461750030518,-0.003784759435802698,0.3733997344970703,0.3799436306344709,-8.117188636191583e-05,tracking,0.3799436306344709,-8.117188636191583e-05,tracking,1.167719066153299,0
424,4.239999999999954,2.171447992324829,1.8695322275161743,-0.003600244177505374,0.37366947531700134,0.37907262393199204,0.0013354215379314917,tracking,0.37907262393199204,0.0013354215379314917,tracking,1.1714543960716932,0
425,4.249999999999954,2.1751861572265625,1.8695192337036133,-0.0034156369511038065,0.3739587664604187,0.3797535834271584,-0.00035483986489187255,tracking,0.3797535834271584,-0.00035483986489187255,tracking,1.17519258355652,0
426,4.259999999999954,2.178926944732666,1.8695062398910522,-0.0036004171706736088,0.3741946518421173,0.3789192816776243,-0.0015562343842210544,tracking,0.3789192816776243,-0.0015562343842210544,tracking,1.1789333936298845,0
427,4.269999999999953,2.1826701164245605,1.8694922924041748,-0.0037852763198316097,0.37443801760673523,0.37931257057080525,-0.0009898983780404595,tracking,0.37931257057080525,-0.0009898983780404595,tracking,1.1826765913066564,0
428,4.279999999999953,2.186415672302246,1.8694783449172974,-0.003600253025069833,0.3746935725212097,0.3798123828378477,0.0002701687134993719,tracking,0.3798123828378477,0.0002701687134993719,tracking,1.1864221731526792,0
429,4.289999999999953,2.1901636123657227,1.8694653511047363,-0.0034151554573327303,0.3748886287212372,0.3787957607127033,-0.0017341045737072555,tracking,0.3787957607127033,-0.0017341045737072555,tracking,1.1901701357403496,0
430,4.299999999999953,2.193913459777832,1.8694523572921753,-0.003600389463827014,0.3751077353954315,0.3794966055466941,-0.0007248880127604601,tracking,0.3794966055466941,-0.0007248880127604601,tracking,1.193920005665196,0
431,4.3099999999999525,2.1976656913757324,1.8694384098052979,-0.003785697277635336,0.3753375709056854,0.3799411039150167,-8.481036237596544e-05,tracking,0.3799411039150167,-8.481036237596544e-05,tracking,1.1976722631852328,0
432,4.319999999999952,2.2014198303222656,1.8694244623184204,-0.0036002567503601313,0.37551063299179077,0.3789773737771072,0.0014725817609656053,tracking,0.3789773737771072,0.0014725817609656053,tracking,1.2014264280407323,0
433,4.329999999999952,2.2051758766174316,1.8694113492965698,-0.003414754755795002,0.37571167945861816,0.3797388633687453,-0.00037603674900677127,tracking,0.3797388633687453,-0.00037603674900677127,tracking,1.2051824972257676,0
434,4.339999999999952,2.2089335918426514,1.8693982362747192,-0.00360036245547235,0.3758315443992615,0.3782326089644119,-0.0025450430912468507,tracking,0.3782326089644119,-0.0025450430912468507,tracking,1.2089402353306906,0
435,4.349999999999952,2.2126924991607666,1.8693842887878418,-0.0037860136944800615,0.3759751319885254,0.3788512157448501,-0.0016542493274158722,tracking,0.3788512157448501,-0.0016542493274158722,tracking,1.2126991685249056,0
436,4.3599999999999515,2.2164530754089355,1.8693698644638062,-0.003971767611801624,0.3761433959007263,0.3795135016416441,-0.0007005576360324889,tracking,0.3795135016416441,-0.0007005576360324889,tracking,1.2164597724364357,0
437,4.369999999999951,2.220215082168579,1.869354486465454,-0.004157570656388998,0.37627527117729187,0.37891691894191337,0.001559636723644747,tracking,0.37891691894191337,0.001559636723644747,tracking,1.2202218106263585,0
438,4.379999999999951,2.223978281021118,1.869339108467102,-0.003971696365624666,0.37635964155197144,0.3780494608317989,0.0028087764022095988,tracking,0.3780494608317989,0.0028087764022095988,tracking,1.2239850408992203,0
439,4.389999999999951,2.2277421951293945,1.8693246841430664,-0.0037857976276427507,0.3764224052429199,0.3776798016705129,0.003341085594461434,tracking,0.3776798016705129,0.003341085594461434,tracking,1.2277489826463261,0
440,4.399999999999951,2.2315070629119873,1.8693106174468994,-0.0035998306702822447,0.37656739354133606,0.37947164958035606,0.0007608246042872377,tracking,0.37947164958035606,0.0007608246042872377,tracking,1.2315138767075642,0
441,4.40999999999995,2.235273599624634,1.8692975044250488,-0.003413813654333353,0.37672531604766846,0.37988880360842836,-0.00016012280386320295,tracking,0.37988880360842836,-0.00016012280386320295,tracking,1.2352804362463283,0
442,4.41999999999995,2.239041328430176,1.8692843914031982,-0.0035999147221446037,0.37682288885116577,0.378777277752854,-0.0017607200358902139,tracking,0.378777277752854,-0.0017607200358902139,tracking,1.239048187870766,0
443,4.42999999999995,2.242810010910034,1.8692703247070312,-0.003786048386245966,0.3769231140613556,0.3789304280280865,-0.0015401836395554404,tracking,0.3789304280280865,-0.0015401836395554404,tracking,1.2428168966026705,0
444,4.43999999999995,2.246579647064209,1.869255781173706,-0.003972244914621115,0.3770136833190918,0.37882792565847384,-0.0016877870517977046,tracking,0.37882792565847384,-0.0016877870517977046,tracking,1.246586560811751,0
445,4.4499999999999496,2.2503504753112793,1.8692402839660645,-0.004158479627221823,0.37715476751327515,0.3799809160333391,2.7480911991716386e-05,tracking,0.3799809160333391,2.7480911991716386e-05,tracking,1.2503574209036064,0
446,4.459999999999949,2.254122018814087,1.8692247867584229,-0.003972196951508522,0.3771592676639557,0.37724934339119637,0.003960945516677214,tracking,0.37724934339119637,0.003960945516677214,tracking,1.2541289962451598,0
447,4.469999999999949,2.257894277572632,1.8692102432250977,-0.0037858947180211544,0.3772749602794647,0.37959215245077166,0.0005873004708887852,tracking,0.37959215245077166,0.0005873004708887852,tracking,1.2579012830391059,0
448,4.479999999999949,2.261667251586914,1.8691956996917725,-0.003972245845943689,0.3773069977760315,0.3779486950487839,-0.0029538791297511555,tracking,0.3779486950487839,-0.0029538791297511555,tracking,1.2616742850834746,0
449,4.489999999999949,2.2654407024383545,1.8691802024841309,-0.004158617928624153,0.3774019181728363,0.3793032979375183,0.0010032509699736281,tracking,0.3793032979375183,0.0010032509699736281,tracking,1.2654477677575677,0
450,4.4999999999999485,2.2692148685455322,1.8691647052764893,-0.003972201142460108,0.37744274735450745,0.3782607236703116,0.0025045579147513052,tracking,0.3782607236703116,0.0025045579147513052,tracking,1.2692219656813675,0
451,4.509999999999948,2.2729897499084473,1.869150161743164,-0.0037857587449252605,0.3775583803653717,0.3798743670108575,0.00018091150436514748,tracking,0.3798743670108575,0.00018091150436514748,tracking,1.2729968750602063,0
452,4.519999999999948,2.2767655849456787,1.8691356182098389,-0.00397226307541132,0.37763065099716187,0.3790782783796785,-0.0013272791332629413,tracking,0.3790782783796785,-0.0013272791332629413,tracking,1.2767727381062854,0
453,4.529999999999948,2.2805421352386475,1.8691201210021973,-0.004158789291977882,0.37769174575805664,0.3789158190954568,0.0015612205025422113,tracking,0.3789158190954568,0.0015612205025422113,tracking,1.28054932019579,0
454,4.539999999999948,2.2843194007873535,1.8691046237945557,-0.003972221631556749,0.37775659561157227,0.3790556544851064,0.0013598575414467545,tracking,0.3790556544851064,0.0013598575414467545,tracking,1.284326617535011,0
455,4.549999999999947,2.2880971431732178,1.8690900802612305,-0.0037856344133615494,0.3778112828731537,0.37890696699768583,0.0015739675233323964,tracking,0.37890696699768583,0.0015739675233323964,tracking,1.2881043879155816,0
456,4.559999999999947,2.2918756008148193,1.8690755367279053,-0.003972271922975779,0.37790825963020325,0.3798509367014898,-0.00021465114985470043,tracking,0.3798509367014898,-0.00021465114985470043,tracking,1.2918828735465901,0
457,4.569999999999947,2.2956550121307373,1.8690600395202637,-0.004158933646976948,0.3779608905315399,0.3790152445215311,0.001418047888995154,tracking,0.3790152445215311,0.001418047888995154,tracking,1.295662316634974,0
458,4.579999999999947,2.2994349002838135,1.869044542312622,-0.003972238395363092,0.3780103027820587,0.37900012819222617,0.0014398154031943283,tracking,0.37900012819222617,0.0014398154031943283,tracking,1.2994422365565081,0
459,4.589999999999947,2.303215503692627,1.8690299987792969,-0.003785519627854228,0.3781026601791382,0.3799526117734639,6.823904621197727e-05,tracking,0.3799526117734639,6.823904621197727e-05,tracking,1.303222867938843,0
460,4.599999999999946,2.3069963455200195,1.8690154552459717,-0.003972254227846861,0.37805819511413574,0.37786887896459304,-0.0030688142909860577,tracking,0.37786887896459304,-0.0030688142909860577,tracking,1.3070037377379926,0
461,4.609999999999946,2.310777187347412,1.86899995803833,-0.004158989060670137,0.37810322642326355,0.3790050157292542,0.0014327773498739723,tracking,0.3790050157292542,0.0014327773498739723,tracking,1.31078461132583,0
462,4.619999999999946,2.314558267593384,1.8689844608306885,-0.003972236532717943,0.37811240553855896,0.3782960623456418,0.002453670222275873,tracking,0.3782960623456418,0.002453670222275873,tracking,1.3145657233302437,0
463,4.629999999999946,2.3183398246765137,1.8689699172973633,-0.0037854709662497044,0.37818264961242676,0.37958938489029653,0.0005912857579730146,tracking,0.37958938489029653,0.0005912857579730146,tracking,1.31834730837984,0
464,4.6399999999999455,2.322122097015381,1.868955373764038,-0.003972283564507961,0.37825459241867065,0.37969553420382113,-0.0004384307464975817,tracking,0.37969553420382113,-0.0004384307464975817,tracking,1.3221296086798853,0
465,4.649999999999945,2.3259048461914062,1.8689398765563965,-0.004159119445830584,0.37832438945770264,0.3797226717977542,-0.0003993526112339302,tracking,0.3797226717977542,-0.0003993526112339302,tracking,1.3259123896003413,0
466,4.659999999999945,2.32968807220459,1.8689239025115967,-0.004345984663814306,0.3783433139324188,0.37872215562083966,-0.0018400959059908526,tracking,0.37872215562083966,-0.0018400959059908526,tracking,1.329695649337253,0
467,4.669999999999945,2.3334717750549316,1.8689069747924805,-0.004532861988991499,0.3784003257751465,0.3795424241955022,-0.0006589091584767786,tracking,0.3795424241955022,-0.0006589091584767786,tracking,1.3334793900534436,0
468,4.679999999999945,2.3372557163238525,1.8688900470733643,-0.0043459609150886536,0.3784143328666687,0.3786945978991396,0.001879779025238954,tracking,0.3786945978991396,0.001879779025238954,tracking,1.3372633691858276,0
469,4.689999999999944,2.3410401344299316,1.8688740730285645,-0.004159049596637487,0.3784641623497009,0.37946252819122356,0.0007739594046380473,tracking,0.37946252819122356,0.0007739594046380473,tracking,1.3410478210050119,0
470,4.699999999999944,2.344825029373169,1.8688585758209229,-0.003972101025283337,0.3785266578197479,0.379778456473824,0.00031902267769342175,tracking,0.379778456473824,0.00031902267769342175,tracking,1.344832747674683,0
471,4.709999999999944,2.3486104011535645,1.8688440322875977,-0.0037851384840905666,0.37855029106140137,0.3790235104404195,-0.001406144965795937,tracking,0.3790235104404195,-0.001406144965795937,tracking,1.3486181473933623,0
472,4.719999999999944,2.35239577293396,1.8688294887542725,-0.003972100093960762,0.37852415442466736,0.378412912653209,-0.002285405779379075,tracking,0.378412912653209,-0.002285405779379075,tracking,1.3524035471120415,0
473,4.729999999999944,2.3561813831329346,1.8688139915466309,-0.00415906822308898,0.3785878121852875,0.37986315811976085,0.00019705230754442273,tracking,0.37986315811976085,0.00019705230754442273,tracking,1.3561891890314555,0
474,4.739999999999943,2.359966516494751,1.868798017501831,-0.004346007481217384,0.37843719124794006,0.37779589244061573,-0.003173914885513338,tracking,0.37779589244061573,-0.003173914885513338,tracking,1.3599743561000064,0
475,4.749999999999943,2.363751173019409,1.8687810897827148,-0.00453293276950717,0.3785039782524109,0.3798416518745049,0.00022802130071295466,tracking,0.3798416518745049,0.00022802130071295466,tracking,1.363759050480972,0
476,4.759999999999943,2.36753511428833,1.8687641620635986,-0.004346050322055817,0.37830662727355957,0.37746635339918816,0.003648451105169076,tracking,0.37746635339918816,0.003648451105169076,tracking,1.367543029613356,0
477,4.769999999999943,2.3713183403015137,1.8687481880187988,-0.004159190692007542,0.378365695476532,0.37954854397475546,-0.0006500966763521602,tracking,0.37954854397475546,-0.0006500966763521602,tracking,1.3713262893502676,0
478,4.7799999999999425,2.375101089477539,1.868732213973999,-0.004346005152910948,0.3781692683696747,0.37733302649063183,-0.0038404418534901657,tracking,0.37733302649063183,-0.0038404418534901657,tracking,1.375109072254272,0
479,4.789999999999942,2.378882884979248,1.8687152862548828,-0.004532788414508104,0.3781750500202179,0.3782909666148385,-0.0024610080746325456,tracking,0.3782909666148385,-0.0024610080746325456,tracking,1.3788909056409273,0
480,4.799999999999942,2.382664918899536,1.8686978816986084,-0.004719600547105074,0.37825703620910645,0.37989923114223156,-0.00014510715518655393,tracking,0.37989923114223156,-0.00014510715518655393,tracking,1.3826729796080501,0
481,4.809999999999942,2.386446714401245,1.8686795234680176,-0.004906404297798872,0.3781241774559021,0.3775585214017219,0.0035157291815204467,tracking,0.3775585214017219,0.0035157291815204467,tracking,1.3864548196683086,0
482,4.819999999999942,2.390228271484375,1.8686606884002686,-0.005093181971460581,0.37817883491516113,0.3792735716555253,-0.0010460568160436268,tracking,0.3792735716555253,-0.0010460568160436268,tracking,1.390236423657722,0
483,4.8299999999999415,2.394008159637451,1.8686410188674927,-0.005279907491058111,0.37780705094337463,0.37622411171082415,0.005437279136413219,tracking,0.37622411171082415,0.005437279136413219,tracking,1.3940163629879607,0
484,4.839999999999941,2.3977866172790527,1.8686213493347168,-0.005093276966363192,0.3778896927833557,0.3795449278176388,0.0006553039426001267,tracking,0.3795449278176388,0.0006553039426001267,tracking,1.3977948718261,0
485,4.849999999999941,2.4015657901763916,1.8686025142669678,-0.00490662083029747,0.3779635429382324,0.37944287461553833,0.0008022605536248135,tracking,0.37944287461553833,0.0008022605536248135,tracking,1.401574091659314,0
486,4.859999999999941,2.405345916748047,1.8685836791992188,-0.005093331448733807,0.3780544400215149,0.379875304955935,-0.0001795608634535548,tracking,0.379875304955935,-0.0001795608634535548,tracking,1.4053542651550033,0
487,4.869999999999941,2.4091265201568604,1.8685640096664429,-0.005280063953250647,0.3780960738658905,0.378930273601239,-0.0015404060142158353,tracking,0.378930273601239,-0.0015404060142158353,tracking,1.4091349197312972,0
488,4.87999999999994,2.412907600402832,1.8685442209243774,-0.005093303043395281,0.3781413733959198,0.3790489948270144,0.0013694474490992684,tracking,0.3790489948270144,0.0013694474490992684,tracking,1.4129160517603052,0
489,4.88999999999994,2.416689395904541,1.8685253858566284,-0.004906520247459412,0.37822967767715454,0.37999857230217315,2.055884870666262e-06,tracking,0.37999857230217315,2.055884870666262e-06,tracking,1.4166978941653405,0
490,4.89999999999994,2.4204719066619873,1.8685065507888794,-0.005093351937830448,0.37828999757766724,0.37949807347699743,-0.0007227741931237217,tracking,0.37949807347699743,-0.0007227741931237217,tracking,1.420480451817244,0
491,4.90999999999994,2.424254894256592,1.868486762046814,-0.005280200857669115,0.378334105014801,0.37921762671895765,-0.0011266175247010195,tracking,0.37921762671895765,-0.0011266175247010195,tracking,1.4242634911687766,0
492,4.9199999999999395,2.4280383586883545,1.8684664964675903,-0.00546707259491086,0.3783586621284485,0.3788502659906997,-0.0016556169733924243,tracking,0.3788502659906997,-0.0016556169733924243,tracking,1.4280470098749698,0
493,4.929999999999939,2.4318206310272217,1.8684453964233398,-0.005653907544910908,0.3781106770038605,0.37705482530579865,-0.004241051559649965,tracking,0.37705482530579865,-0.004241051559649965,tracking,1.431829341068457,0
494,4.939999999999939,2.4356021881103516,1.8684238195419312,-0.00584068801254034,0.3781927525997162,0.3798368333843398,-0.00023495992655067285,tracking,0.3798368333843398,-0.00023495992655067285,tracking,1.4356109597079791,0
495,4.949999999999939,2.4393842220306396,1.868401288986206,-0.006027491297572851,0.378249853849411,0.37939353095405903,0.000873315426155037,tracking,0.37939353095405903,0.000873315426155037,tracking,1.43939306073785,0
496,4.959999999999939,2.443164825439453,1.868378758430481,-0.0058407969772815704,0.37786170840263367,0.376209131996494,0.0054588499250487,tracking,0.376209131996494,0.0054588499250487,tracking,1.4431737312816388,0
497,4.9699999999999385,2.446942090988159,1.8683571815490723,-0.005654206965118647,0.37761765718460083,0.37657861188389097,0.004926798887196993,tracking,0.37657861188389097,0.004926798887196993,tracking,1.4469510584566732,0
498,4.979999999999938,2.450718641281128,1.8683360815048218,-0.005467663053423166,0.3777221143245697,0.37981458487259445,0.0002669977834640234,tracking,0.37981458487259445,0.0002669977834640234,tracking,1.4507276676934344,0
499,4.989999999999938,2.454496145248413,1.8683159351348877,-0.005281088873744011,0.3778015077114105,0.3793920435704641,0.000875457258531713,tracking,0.3793920435704641,0.000875457258531713,tracking,1.454505225383143,0
500,4.999999999999938,2.4582741260528564,1.8682957887649536,-0.005467690993100405,0.37780675292015076,0.37791181500615584,-0.0030069863911356192,tracking,0.37791181500615584,-0.0030069863911356192,tracking,1.4582832599032294,0
501,5.009999999999938,2.462052345275879,1.8682746887207031,-0.005654297303408384,0.37782564759254456,0.3782042785227645,-0.0025858389272191305,tracking,0.3782042785227645,-0.0025858389272191305,tracking,1.4620615380440078,0
502,5.019999999999937,2.4658310413360596,1.8682531118392944,-0.005840935744345188,0.37790533900260925,0.3795014527425112,-0.0007179080507839185,tracking,0.3795014527425112,-0.0007179080507839185,tracking,1.4658402957071872,0
503,5.029999999999937,2.4696104526519775,1.8682305812835693,-0.006027597934007645,0.3779696822166443,0.37925867425919635,0.0010675090667572494,tracking,0.37925867425919635,0.0010675090667572494,tracking,1.4696197741792558,0
504,5.039999999999937,2.473390579223633,1.8682080507278442,-0.005840884521603584,0.3780597448348999,0.3798640212618882,0.0001958093828810627,tracking,0.3798640212618882,0.0001958093828810627,tracking,1.473399967894355,0
505,5.049999999999937,2.4771714210510254,1.8681864738464355,-0.005654148291796446,0.37811005115509033,0.3791177658036201,-0.0012704172427870771,tracking,0.3791177658036201,-0.0012704172427870771,tracking,1.4771808712897847,0
506,5.0599999999999365,2.480952739715576,1.8681648969650269,-0.0058409166522324085,0.3781575858592987,0.3791095406096506,-0.0012822615221031626,tracking,0.3791095406096506,-0.0012822615221031626,tracking,1.4809622515146088,0
507,5.069999999999936,2.484734296798706,1.8681423664093018,-0.006027695722877979,0.3781738877296448,0.37850038636472394,0.0021594436347975336,tracking,0.37850038636472394,0.0021594436347975336,tracking,1.4847438757157836,0
508,5.079999999999936,2.4885151386260986,1.8681193590164185,-0.00621443334966898,0.3780317008495331,0.37742631378399427,-0.0037061081510482864,tracking,0.37742631378399427,-0.0037061081510482864,tracking,1.4885247875454735,0
509,5.089999999999936,2.492295503616333,1.8680953979492188,-0.006401148624718189,0.3780392110347748,0.3781898343604346,-0.002606638520974236,tracking,0.3781898343604346,-0.002606638520974236,tracking,1.4923052284710971,0
510,5.099999999999936,2.496075391769409,1.8680709600448608,-0.006587841548025608,0.37796372175216675,0.37764223171837796,-0.0033951863255357265,tracking,0.37764223171837796,-0.0033951863255357265,tracking,1.4960851956218717,0
511,5.1099999999999355,2.4998528957366943,1.8680455684661865,-0.006774453911930323,0.3775489330291748,0.3757829310637795,-0.006072579268157494,tracking,0.3757829310637795,-0.006072579268157494,tracking,1.49986278492659,0
512,5.119999999999935,2.503628730773926,1.8680201768875122,-0.006587950978428125,0.37763139605522156,0.3792831581462927,0.0010322522693385393,tracking,0.3792831581462927,0.0010322522693385393,tracking,1.5036387053389733,0
513,5.129999999999935,2.5074048042297363,1.8679957389831543,-0.006401441991329193,0.377585232257843,0.3773887563960072,-0.003760190789749607,tracking,0.3773887563960072,-0.003760190789749607,tracking,1.5074148578722864,0
514,5.139999999999935,2.511178731918335,1.8679713010787964,-0.006587820127606392,0.37723368406295776,0.37573693253303875,-0.006138817152424224,tracking,0.37573693253303875,-0.006138817152424224,tracking,1.5111888646833482,0
515,5.149999999999935,2.514951229095459,1.8679460287094116,-0.006774145644158125,0.37726646661758423,0.37792328193099195,-0.0029904740193715637,tracking,0.37792328193099195,-0.0029904740193715637,tracking,1.5149614465106997,0
516,5.159999999999934,2.518723726272583,1.8679202795028687,-0.006960475351661444,0.377246618270874,0.3771621225993135,-0.004086543456988564,tracking,0.3771621225993135,-0.004086543456988564,tracking,1.5187340315624973,0
517,5.169999999999934,2.5224947929382324,1.8678935766220093,-0.007146761287003756,0.3769994080066681,0.3759468730286976,-0.005836502838675434,tracking,0.3759468730286976,-0.005836502838675434,tracking,1.522505192768362,0
518,5.179999999999934,2.526264190673828,1.8678663969039917,-0.00733293779194355,0.37691494822502136,0.37655533646008943,-0.004960315497471208,tracking,0.37655533646008943,-0.004960315497471208,tracking,1.5262746884940772,0
519,5.189999999999934,2.530031442642212,1.8678382635116577,-0.0075190430507063866,0.3765665888786316,0.37508339573668376,-0.007079910139175404,tracking,0.37508339573668376,-0.007079910139175404,tracking,1.5300420455094204,0
520,5.199999999999934,2.5337932109832764,1.867809772491455,-0.007704779040068388,0.37579411268234253,0.3725052206368105,-0.010792482282992866,tracking,0.3725052206368105,-0.010792482282992866,tracking,1.5338039217421089,0
521,5.209999999999933,2.5375516414642334,1.867780327796936,-0.007890410721302032,0.3759310841560364,0.3786749349630256,-0.0019080936532430825,tracking,0.3786749349630256,-0.0019080936532430825,tracking,1.5375624675606698,0
522,5.219999999999933,2.541311740875244,1.867750883102417,-0.007704671937972307,0.37612032890319824,0.3799113047337863,0.00012772118334767723,tracking,0.3799113047337863,0.00012772118334767723,tracking,1.5413226822580932,0
523,5.229999999999933,2.5450735092163086,1.8677223920822144,-0.007518882397562265,0.3762386441230774,0.37860833075076367,-0.002004003718900304,tracking,0.37860833075076367,-0.002004003718900304,tracking,1.5450845584907817,0
524,5.239999999999933,2.5488359928131104,1.8676939010620117,-0.007704729679971933,0.376294881105423,0.37742133427741803,-0.0037132786405180236,tracking,0.37742133427741803,-0.0037132786405180236,tracking,1.5488471499586978,0
525,5.2499999999999325,2.5525996685028076,1.8676644563674927,-0.007890614680945873,0.3764682710170746,0.3799410533931653,-8.48831138419979e-05,tracking,0.3799410533931653,-8.48831138419979e-05,tracking,1.5526109408252649,0
526,5.259999999999932,2.5563645362854004,1.8676345348358154,-0.008076583035290241,0.37654751539230347,0.37813485580058587,-0.0026858076471563777,tracking,0.37813485580058587,-0.0026858076471563777,tracking,1.55637592750764,0
527,5.269999999999932,2.5601301193237305,1.8676036596298218,-0.008262572810053825,0.37660151720046997,0.3776833828297103,-0.003335928725217135,tracking,0.3776833828297103,-0.003335928725217135,tracking,1.560141637121631,0
528,5.279999999999932,2.563890218734741,1.86757230758667,-0.008448201231658459,0.3754488527774811,0.37054117807009035,-0.013620703579069882,tracking,0.37054117807009035,-0.013620703579069882,tracking,1.5639018672384315,0
529,5.289999999999932,2.5676429271698,1.8675401210784912,-0.008633585646748543,0.3751206696033478,0.37372336344454105,-0.00903835663986089,tracking,0.37372336344454105,-0.00903835663986089,tracking,1.5676547137007677,0
530,5.299999999999931,2.571390390396118,1.8675075769424438,-0.008818627335131168,0.37440812587738037,0.3713744647409623,-0.012420770773014308,tracking,0.3713744647409623,-0.012420770773014308,tracking,1.5714023182361208,0
531,5.309999999999931,2.5751349925994873,1.86747407913208,-0.009003574028611183,0.3745402693748474,0.3771873814266036,-0.004050170745690874,tracking,0.3771873814266036,-0.004050170745690874,tracking,1.575147070265932,0
532,5.319999999999931,2.5788791179656982,1.867440104484558,-0.009188495576381683,0.374332994222641,0.3734505321435574,-0.00943123371327734,tracking,0.3734505321435574,-0.00943123371327734,tracking,1.5788913497740054,0
533,5.329999999999931,2.582620859146118,1.8674052953720093,-0.009373338893055916,0.37406447529792786,0.37292128721284096,-0.010193346413509006,tracking,0.37292128721284096,-0.010193346413509006,tracking,1.5826332528640876,0
534,5.339999999999931,2.5863614082336426,1.8673700094223022,-0.009558095596730709,0.3740692734718323,0.3741656551700284,-0.008401456555159097,tracking,0.3741656551700284,-0.008401456555159097,tracking,1.5863739683804596,0
535,5.34999999999993,2.5901002883911133,1.8673337697982788,-0.009742796421051025,0.3737294673919678,0.37228263653387833,-0.011113003391215237,tracking,0.37228263653387833,-0.011113003391215237,tracking,1.5901130241626429,0
536,5.35999999999993,2.5938384532928467,1.8672975301742554,-0.009558135643601418,0.3739476203918457,0.3783174802026949,0.002422828508119375,tracking,0.3783174802026949,0.002422828508119375,tracking,1.593851364722691,0
537,5.36999999999993,2.597578525543213,1.8672622442245483,-0.009373410604894161,0.3741188943386078,0.3775495800573026,-0.0035286047174842407,tracking,0.3775495800573026,-0.0035286047174842407,tracking,1.5975916034231226,0
538,5.37999999999993,2.601318597793579,1.8672269582748413,-0.00955812819302082,0.37392503023147583,0.3730995794968683,-0.00993660552450969,tracking,0.3730995794968683,-0.00993660552450969,tracking,1.601331842123554,0
539,5.3899999999999295,2.605055093765259,1.8671908378601074,-0.009742730297148228,0.3734135329723358,0.3712357491212522,-0.012620521265396843,tracking,0.3712357491212522,-0.012620521265396843,tracking,1.6050685126777693,0
540,5.399999999999929,2.608783483505249,1.8671542406082153,-0.009926799684762955,0.3723084628582001,0.3676034599910036,-0.017851017612954857,tracking,0.3676034599910036,-0.017851017612954857,tracking,1.6087970820296937,0
541,5.409999999999929,2.6124958992004395,1.867116928100586,-0.010110345669090748,0.3702351748943329,0.36140793754671435,-0.026772569932731357,tracking,0.36140793754671435,-0.026772569932731357,tracking,1.6125096852292184,0
542,5.419999999999929,2.616184949874878,1.8670793771743774,-0.010292341001331806,0.36759886145591736,0.356374504511721,-0.034020713503121774,tracking,0.356374504511721,-0.034020713503121774,tracking,1.6161989270145496,0
543,5.429999999999929,2.6198532581329346,1.8670412302017212,-0.010473656468093395,0.3661046624183655,0.3597429044813473,-0.029170217546859865,tracking,0.3597429044813473,-0.029170217546859865,tracking,1.619867433613651,0
544,5.4399999999999284,2.6235063076019287,1.8670027256011963,-0.0106539661064744,0.36454421281814575,0.3579003924289818,-0.03182343490226623,tracking,0.3579003924289818,-0.03182343490226623,tracking,1.6235206860039437,0
545,5.449999999999928,2.6271419525146484,1.8669631481170654,-0.011192912235856056,0.36262503266334534,0.3544539514075897,-0.03678630997307085,tracking,0.3544539514075897,-0.03678630997307085,tracking,1.627156546329731,0
546,5.459999999999928,2.630758762359619,1.8669215440750122,-0.011729376390576363,0.3607775568962097,0.35291173260979064,-0.03900710504190151,tracking,0.35291173260979064,-0.03900710504190151,tracking,1.6307735954517353,0
547,5.469999999999928,2.634361743927002,1.8668783903121948,-0.012263581156730652,0.3598829209804535,0.3560739460046806,-0.034453517753259916,tracking,0.3560739460046806,-0.034453517753259916,tracking,1.6343768354412649,0
548,5.479999999999928,2.6379504203796387,1.8668333292007446,-0.012795883230865002,0.35789012908935547,0.3494056608253587,-0.04405584841148351,tracking,0.3494056608253587,-0.04405584841148351,tracking,1.6379657947870188,0
549,5.489999999999927,2.6415231227874756,1.8667867183685303,-0.01332558412104845,0.3567256033420563,0.3517675074132563,-0.040654789324910956,tracking,0.3517675074132563,-0.040654789324910956,tracking,1.6415388012332266,0
550,5.499999999999927,2.6450843811035156,1.866738200187683,-0.013853772543370724,0.3555947542190552,0.3507800087107421,-0.04207678745653137,tracking,0.3507800087107421,-0.04207678745653137,tracking,1.6451003900370382,0
551,5.509999999999927,2.6486310958862305,1.8666882514953613,-0.014379573054611683,0.35382670164108276,0.346299035454647,-0.0485293889453083,tracking,0.346299035454647,-0.0485293889453083,tracking,1.6486474565182017,0
552,5.519999999999927,2.652162551879883,1.8666363954544067,-0.014903354458510876,0.35252976417541504,0.3470079695711775,-0.047508523817504394,tracking,0.3470079695711775,-0.047508523817504394,tracking,1.652179293219422,0
553,5.5299999999999265,2.655686616897583,1.8665831089019775,-0.015425928868353367,0.35236239433288574,0.35164974054218945,-0.040824373619247165,tracking,0.35164974054218945,-0.040824373619247165,tracking,1.6557037610807661,0
554,5.539999999999926,2.6592020988464355,1.8665279150009155,-0.015947384759783745,0.35083043575286865,0.34430798268110374,-0.05139650493921065,tracking,0.34430798268110374,-0.05139650493921065,tracking,1.6592196762815954,0
555,5.549999999999926,2.662710189819336,1.8664711713790894,-0.016467634588479996,0.35090067982673645,0.3523079826811036,-0.038254354283293684,tracking,0.3523079826811036,-0.038254354283293684,tracking,1.662728226140549,0
556,5.559999999999926,2.666212320327759,1.8664125204086304,-0.016987105831503868,0.34964674711227417,0.34430798268110374,-0.020254354283294067,opening_bridge,0.34430798268110374,-0.020254354283294067,opening_bridge,1.6662308477350638,0
557,5.569999999999926,2.6696956157684326,1.866352915763855,-0.01715938188135624,0.34710970520973206,0.3363079826811032,-0.002254354283292851,opening_bridge,0.33630798268110373,-0.002254354283292851,opening_bridge,1.6697146531028617,0
558,5.5799999999999255,2.6731483936309814,1.8662936687469482,-0.01715938188135624,0.34353360533714294,0.32830798268110334,0.0,opening_bridge,0.3283079826811037,0.0,opening_bridge,1.6731679392446577,0
559,5.589999999999925,2.676561117172241,1.8662351369857788,-0.01715938188135624,0.33911609649658203,0.3203079826811035,0.0,opening_bridge,0.3203079826811037,0.0,opening_bridge,1.6765811646893265,0
560,5.599999999999925,2.6799263954162598,1.8661774396896362,-0.01715938188135624,0.33401718735694885,0.31230798268110366,0.0,opening_bridge,0.3123079826811037,0.0,opening_bridge,1.679946937503651,0
561,5.609999999999925,2.6832377910614014,1.8661205768585205,-0.01715938188135624,0.3283664882183075,0.3043079826811031,0.0,opening_bridge,0.3043079826811037,0.0,opening_bridge,1.6832588213331694,0
562,5.619999999999925,2.686490535736084,1.8660647869110107,-0.01715938188135624,0.3222689628601074,0.29630798268110325,0.0,opening_bridge,0.2963079826811037,0.0,opening_bridge,1.6865120444175765,0
563,5.629999999999924,2.689680576324463,1.866010069847107,-0.01715938188135624,0.31580957770347595,0.2883079826811034,0.0,opening_bridge,0.2883079826811037,0.0,opening_bridge,1.6897025542377444,0
564,5.639999999999924,2.6928043365478516,1.865956425666809,-0.01715938188135624,0.30905717611312866,0.2803079826811036,0.0,opening_bridge,0.2803079826811037,0.0,opening_bridge,1.6928267750416097,0
565,5.649999999999924,2.695859432220459,1.8659039735794067,-0.01715938188135624,0.30206748843193054,0.27230798268110373,0.0,opening_bridge,0.27230798268110373,0.0,opening_bridge,1.695882320948687,0
566,5.659999999999924,2.6988437175750732,1.8658527135849,-0.01715938188135624,0.29488563537597656,0.26430798268110317,0.0,opening_bridge,0.2643079826811037,0.0,opening_bridge,1.6988670465080646,0
567,5.6699999999999235,2.7017555236816406,1.8658027648925781,-0.01715938188135624,0.28754815459251404,0.25630798268110333,0.0,opening_bridge,0.2563079826811037,0.0,opening_bridge,1.7017792809893706,0
568,5.679999999999923,2.7045931816101074,1.8657540082931519,-0.01715938188135624,0.28008466958999634,0.2483079826811035,0.0,opening_bridge,0.2483079826811037,0.0,opening_bridge,1.7046173577545372,0
569,5.689999999999923,2.7073557376861572,1.8657065629959106,-0.01715938188135624,0.27251914143562317,0.24030798268110365,0.0,opening_bridge,0.2403079826811037,0.0,opening_bridge,1.7073803212232697,0
570,5.699999999999923,2.7100422382354736,1.8656604290008545,-0.01715938188135624,0.2648709714412689,0.23230798268110311,0.0,opening_bridge,0.2323079826811037,0.0,opening_bridge,1.7100672178619547,0
571,5.709999999999923,2.7126519680023193,1.8656156063079834,-0.01715938188135624,0.2571558952331543,0.22430798268110327,0.0,opening_bridge,0.2243079826811037,0.0,opening_bridge,1.712677332520309,0
572,5.7199999999999225,2.715184211730957,1.8655720949172974,-0.01715938188135624,0.24938662350177765,0.21630798268110343,0.0,opening_bridge,0.21630798268110368,0.0,opening_bridge,1.7152099500481535,0
573,5.729999999999922,2.7176387310028076,1.865530014038086,-0.01715938188135624,0.24157346785068512,0.2083079826811036,0.0,opening_bridge,0.20830798268110368,0.0,opening_bridge,1.7176648300159485,0
574,5.739999999999922,2.720014810562134,1.8654892444610596,-0.01715938188135624,0.23372477293014526,0.20030798268110306,0.0,opening_bridge,0.20030798268110367,0.0,opening_bridge,1.7200412593186332,0
575,5.749999999999922,2.7223124504089355,1.8654497861862183,-0.01715938188135624,0.2258473038673401,0.19230798268110322,0.0,opening_bridge,0.19230798268110366,0.0,opening_bridge,1.7223392379567115,0
576,5.759999999999922,2.7245311737060547,1.8654117584228516,-0.01715938188135624,0.21794652938842773,0.18430798268110338,0.0,opening_bridge,0.18430798268110365,0.0,opening_bridge,1.724558287117944,0
577,5.769999999999921,2.7266743183135986,1.8653749227523804,-0.01715938188135624,0.21072910726070404,0.18,0.0,opening_bridge,0.18,0.0,opening_bridge,1.7267017482618567,0
578,5.779999999999921,2.7287521362304688,1.8653392791748047,-0.01715938188135624,0.20488443970680237,0.18,0.0,opening_bridge,0.18,0.0,opening_bridge,1.7287798718771137,0
579,5.789999999999921,2.7307770252227783,1.8653045892715454,-0.01715938188135624,0.20015141367912292,0.18,0.0,opening_bridge,0.18,0.0,opening_bridge,1.7308050579970948,0
580,5.799999999999921,2.7327589988708496,1.8652706146240234,-0.01715938188135624,0.1963186115026474,0.18,0.0,opening_bridge,0.18,0.0,opening_bridge,1.732787322817527,0
581,5.809999999999921,2.734706401824951,1.8652372360229492,-0.01715938188135624,0.19321481883525848,0.18,0.0,opening_bridge,0.18,0.0,opening_bridge,1.7347350118062141,0
582,5.81999999999992,2.7366256713867188,1.8652043342590332,-0.01715938188135624,0.19070136547088623,0.18,0.0,opening_bridge,0.18,0.0,opening_bridge,1.7366545633623847,0
583,5.82999999999992,2.7385222911834717,1.8651717901229858,-0.01715938188135624,0.188665971159935,0.18,0.0,opening_bridge,0.18,0.0,opening_bridge,1.7385514623513205,0
584,5.83999999999992,2.7404003143310547,1.8651396036148071,-0.01715938188135624,0.18701770901679993,0.18,0.0,opening_bridge,0.18,0.0,opening_bridge,1.7404297612929607,0
585,5.84999999999992,2.7422635555267334,1.8651076555252075,-0.01715938188135624,0.18568293750286102,0.18,0.0,opening_bridge,0.18,0.0,opening_bridge,1.7422932763676793,0
586,5.8599999999999195,2.744114637374878,1.865075945854187,-0.01715938188135624,0.1846020370721817,0.18,0.0,opening_bridge,0.18,0.0,opening_bridge,1.7441446297947067,0
587,5.869999999999919,2.7459559440612793,1.865044355392456,-0.01715938188135624,0.1837267279624939,0.18,0.0,opening_bridge,0.18,0.0,opening_bridge,1.7459862074527648,0
588,5.879999999999919,2.7477893829345703,1.8650128841400146,-0.01715938188135624,0.18301790952682495,0.18,0.0,opening_bridge,0.18,0.0,opening_bridge,1.74781991641054,0
589,5.889999999999919,2.7496163845062256,1.8649815320968628,-0.01715938188135624,0.18244390189647675,0.18,0.0,opening_bridge,0.18,0.0,opening_bridge,1.7496471869688976,0
590,5.899999999999919,2.7514381408691406,1.8649502992630005,-0.01715938188135624,0.18197907507419586,0.18,0.0,opening_bridge,0.18,0.0,opening_bridge,1.751469211045504,0
591,5.909999999999918,2.753255844116211,1.8649190664291382,-0.01715938188135624,0.18160265684127808,0.18,0.0,opening_bridge,0.18,0.0,opening_bridge,1.7532871826031255,0
592,5.919999999999918,2.7550699710845947,1.8648879528045654,-0.01715938188135624,0.18129783868789673,0.18,0.0,opening_bridge,0.18,0.0,opening_bridge,1.755101576362774,0
593,5.929999999999918,2.7568814754486084,1.8648568391799927,-0.01715938188135624,0.18105098605155945,0.18,0.0,opening_bridge,0.18,0.0,opening_bridge,1.7569133479042423,0
594,5.939999999999918,2.75869083404541,1.8648258447647095,-0.01715938188135624,0.18085108697414398,0.18,0.0,opening_bridge,0.18,0.0,opening_bridge,1.7587229719496171,0
595,5.949999999999918,2.760498285293579,1.8647948503494263,-0.01715938188135624,0.18068921566009521,0.18,0.0,opening_bridge,0.18,0.0,opening_bridge,1.760530688926438,0
596,5.959999999999917,2.7623043060302734,1.864763855934143,-0.01715938188135624,0.18055813014507294,0.18,0.0,opening_bridge,0.18,0.0,opening_bridge,1.7623369756022313,0
597,5.969999999999917,2.7641091346740723,1.8647328615188599,-0.01715938188135624,0.18045197427272797,0.18,0.0,opening_bridge,0.18,0.0,opening_bridge,1.7641420703607567,0
598,5.979999999999917,2.7659130096435547,1.8647018671035767,-0.01715938188135624,0.18036600947380066,0.18,0.0,opening_bridge,0.18,0.0,opening_bridge,1.7659462115856346,0
599,5.989999999999917,2.7677161693573,1.8646708726882935,-0.01715938188135624,0.180296391248703,0.18,0.0,opening_bridge,0.18,0.0,opening_bridge,1.7677496376603745,0
600,5.9999999999999165,2.7695186138153076,1.8646399974822998,-0.01715938188135624,0.18024002015590668,0.18,0.0,opening_bridge,0.18,0.0,opening_bridge,1.7695523465394085,0
601,6.009999999999916,2.7713205814361572,1.8646091222763062,-0.01715938188135624,0.18019436299800873,0.18,0.0,opening_bridge,0.18,0.0,opening_bridge,1.7713545786512452,0
602,6.019999999999916,2.7731220722198486,1.8645782470703125,-0.01715938188135624,0.1801573932170868,0.18,0.0,opening_bridge,0.18,0.0,opening_bridge,1.7731563339959218,0
603,6.029999999999916,2.774923324584961,1.8645473718643188,-0.01715938188135624,0.18012745678424835,0.18,0.0,opening_bridge,0.18,0.0,opening_bridge,1.774957850957032,0
604,6.039999999999916,2.776724100112915,1.8645164966583252,-0.01715938188135624,0.18010321259498596,0.18,0.0,opening_bridge,0.18,0.0,opening_bridge,1.7767588911510377,0
605,6.0499999999999154,2.778524875640869,1.8644856214523315,-0.01715938188135624,0.18008358776569366,0.18,0.0,opening_bridge,0.18,0.0,opening_bridge,1.7785599313450433,0
606,6.059999999999915,2.780325412750244,1.864454746246338,-0.01715938188135624,0.18006768822669983,0.18,0.0,opening_bridge,0.18,0.0,opening_bridge,1.7803607331555105,0
607,6.069999999999915,2.78212571144104,1.8644238710403442,-0.01715938188135624,0.18005481362342834,0.18,0.0,opening_bridge,0.18,0.0,opening_bridge,1.7821612965824485,0
608,6.079999999999915,2.783926010131836,1.8643929958343506,-0.01715938188135624,0.18004438281059265,0.18,0.0,opening_bridge,0.18,0.0,opening_bridge,1.7839618600093865,0
609,6.089999999999915,2.7857260704040527,1.864362120628357,-0.01715938188135624,0.18003594875335693,0.18,0.0,opening_bridge,0.18,0.0,opening_bridge,1.7857621850528045,0
610,6.099999999999914,2.7875261306762695,1.8643312454223633,-0.01715938188135624,0.18002910912036896,0.18,0.0,opening_bridge,0.18,0.0,opening_bridge,1.7875625100962225,0
611,6.109999999999914,2.7893261909484863,1.8643003702163696,-0.01715938188135624,0.18002358078956604,0.18,0.0,opening_bridge,0.18,0.0,opening_bridge,1.7893628351396405,0
612,6.119999999999914,2.791126251220703,1.864269495010376,-0.01715938188135624,0.1800190955400467,0.18,0.0,opening_bridge,0.18,0.0,opening_bridge,1.7911631601830584,0
613,6.129999999999914,2.792926073074341,1.8642386198043823,-0.01715938188135624,0.1800154596567154,0.18,0.0,opening_bridge,0.18,0.0,opening_bridge,1.792963246842966,0
614,6.1399999999999135,2.7947258949279785,1.8642077445983887,-0.01715938188135624,0.1800125241279602,0.18,0.0,opening_bridge,0.18,0.0,opening_bridge,1.7947633335028734,0
615,6.149999999999913,2.796525716781616,1.864176869392395,-0.01715938188135624,0.1800101399421692,0.18,0.0,opening_bridge,0.18,0.0,opening_bridge,1.796563420162781,0
616,6.159999999999913,2.798325538635254,1.8641459941864014,-0.01715938188135624,0.18000821769237518,0.18,0.0,opening_bridge,0.18,0.0,opening_bridge,1.7983635068226884,0
617,6.169999999999913,2.8001253604888916,1.8641151189804077,-0.01715938188135624,0.18000665307044983,0.18,0.0,opening_bridge,0.18,0.0,opening_bridge,1.800163593482596,0
618,6.179999999999913,2.8019251823425293,1.864084243774414,-0.01715938188135624,0.18000538647174835,0.18,0.0,opening_bridge,0.18,0.0,opening_bridge,1.8019636801425034,0
619,6.1899999999999125,2.803725004196167,1.8640533685684204,-0.01715938188135624,0.18000435829162598,0.18,0.0,opening_bridge,0.18,0.0,opening_bridge,1.803763766802411,0
620,6.199999999999912,2.8055248260498047,1.8640224933624268,-0.01715938188135624,0.18000352382659912,0.18,0.0,opening_bridge,0.18,0.0,opening_bridge,1.8055638534623184,0
621,6.209999999999912,2.8073246479034424,1.863991618156433,-0.01715938188135624,0.1800028532743454,0.18,0.0,opening_bridge,0.18,0.0,opening_bridge,1.807363940122226,0
622,6.219999999999912,2.80912446975708,1.8639607429504395,-0.01715938188135624,0.18000231683254242,0.18,0.0,opening_bridge,0.18,0.0,opening_bridge,1.8091640267821334,0
623,6.229999999999912,2.8109242916107178,1.8639298677444458,-0.01715938188135624,0.1800018846988678,0.18,0.0,opening_bridge,0.18,0.0,opening_bridge,1.810964113442041,0
624,6.239999999999911,2.8127241134643555,1.8638989925384521,-0.01715938188135624,0.18000152707099915,0.18,0.0,opening_bridge,0.18,0.0,opening_bridge,1.8127642001019484,0
625,6.249999999999911,2.814523935317993,1.8638681173324585,-0.01715938188135624,0.18000124394893646,0.18,0.0,opening_bridge,0.18,0.0,opening_bridge,1.8145642867618559,0
626,6.259999999999911,2.816323757171631,1.8638372421264648,-0.01715938188135624,0.18000100553035736,0.18,0.0,opening_bridge,0.18,0.0,opening_bridge,1.8163643734217634,0
627,6.269999999999911,2.8181235790252686,1.8638063669204712,-0.01715938188135624,0.18000081181526184,0.18,0.0,opening_bridge,0.18,0.0,opening_bridge,1.8181644600816709,0
628,6.2799999999999105,2.8199234008789062,1.8637754917144775,-0.01715938188135624,0.1800006628036499,0.18,0.0,opening_bridge,0.18,0.0,opening_bridge,1.8199645467415784,0
629,6.28999999999991,2.821723222732544,1.8637446165084839,-0.01715938188135624,0.18000054359436035,0.18,0.0,opening_bridge,0.18,0.0,opening_bridge,1.8217646334014859,0
630,6.29999999999991,2.8235230445861816,1.8637137413024902,-0.01715938188135624,0.180000439286232,0.18,0.0,opening_bridge,0.18,0.0,opening_bridge,1.8235647200613934,0
631,6.30999999999991,2.8253228664398193,1.8636828660964966,-0.01715938188135624,0.18000034987926483,0.18,0.0,opening_bridge,0.18,0.0,opening_bridge,1.8253648067213009,0
632,6.31999999999991,2.827122688293457,1.863651990890503,-0.01715938188135624,0.18000029027462006,0.18,0.0,opening_bridge,0.18,0.0,opening_bridge,1.8271648933812084,0
633,6.3299999999999095,2.8289225101470947,1.8636211156845093,-0.01715938188135624,0.18000023066997528,0.18,0.0,opening_bridge,0.18,0.0,opening_bridge,1.8289649800411159,0
634,6.339999999999909,2.8307223320007324,1.8635902404785156,-0.01715938188135624,0.1800001859664917,0.18,0.0,opening_bridge,0.18,0.0,opening_bridge,1.8307650667010233,0
635,6.349999999999909,2.83252215385437,1.863559365272522,-0.01715938188135624,0.1800001561641693,0.18,0.0,opening_bridge,0.18,0.0,opening_bridge,1.8325651533609308,0
636,6.359999999999909,2.834321975708008,1.8635284900665283,-0.01715938188135624,0.18000012636184692,0.18,0.0,opening_bridge,0.18,0.0,opening_bridge,1.8343652400208383,0
637,6.369999999999909,2.8361217975616455,1.8634976148605347,-0.01715938188135624,0.18000009655952454,0.18,0.0,opening_bridge,0.18,0.0,opening_bridge,1.8361653266807458,0
638,6.379999999999908,2.837921619415283,1.863466739654541,-0.01715938188135624,0.18000008165836334,0.18,0.0,opening_bridge,0.18,0.0,opening_bridge,1.8379654133406533,0
639,6.389999999999908,2.839721441268921,1.8634358644485474,-0.01715938188135624,0.18000006675720215,0.18,0.0,opening_bridge,0.18,0.0,opening_bridge,1.8397655000005608,0
640,6.399999999999908,2.8415212631225586,1.8634049892425537,-0.01715938188135624,0.18000005185604095,0.18,0.0,opening_bridge,0.18,0.0,opening_bridge,1.8415655866604683,0
641,6.409999999999908,2.8433210849761963,1.86337411403656,-0.01715938188135624,0.18000003695487976,0.18,0.0,opening_bridge,0.18,0.0,opening_bridge,1.8433656733203758,0
642,6.419999999999908,2.845120906829834,1.8633432388305664,-0.01715938188135624,0.18000003695487976,0.18,0.0,opening_bridge,0.18,0.0,opening_bridge,1.8451657599802833,0
643,6.429999999999907,2.8469207286834717,1.8633123636245728,-0.01715938188135624,0.18000003695487976,0.18,0.0,opening_bridge,0.18,0.0,opening_bridge,1.8469658466401908,0
644,6.439999999999907,2.8487205505371094,1.863281488418579,-0.01715938188135624,0.18000003695487976,0.18,0.0,opening_bridge,0.18,0.0,opening_bridge,1.8487659333000983,0
645,6.449999999999907,2.850520372390747,1.8632506132125854,-0.01715938188135624,0.18000003695487976,0.18,0.0,opening_bridge,0.18,0.0,opening_bridge,1.8505660199600058,0
646,6.459999999999907,2.8523201942443848,1.8632197380065918,-0.01715938188135624,0.18000003695487976,0.18,0.0,opening_bridge,0.18,0.0,opening_bridge,1.8523661066199133,0
647,6.4699999999999065,2.8541200160980225,1.8631888628005981,-0.01715938188135624,0.18000003695487976,0.18,0.0,opening_bridge,0.18,0.0,opening_bridge,1.8541661932798208,0
648,6.479999999999906,2.85591983795166,1.8631579875946045,-0.01715938188135624,0.18000003695487976,0.18,0.0,opening_bridge,0.18,0.0,opening_bridge,1.8559662799397283,0
649,6.489999999999906,2.857719659805298,1.8631271123886108,-0.01715938188135624,0.18000003695487976,0.18,0.0,opening_bridge,0.18,0.0,opening_bridge,1.8577663665996358,0
650,6.499999999999906,2.8595194816589355,1.8630962371826172,-0.01715938188135624,0.18000003695487976,0.18,0.0,opening_bridge,0.18,0.0,opening_bridge,1.8595664532595433,0
651,6.509999999999906,2.8613193035125732,1.8630653619766235,-0.01715938188135624,0.18000003695487976,0.18,0.0,opening_bridge,0.18,0.0,opening_bridge,1.8613665399194508,0
652,6.519999999999905,2.863119125366211,1.8630344867706299,-0.01715938188135624,0.18000003695487976,0.18,0.0,opening_bridge,0.18,0.0,opening_bridge,1.8631666265793583,0
653,6.529999999999905,2.8649189472198486,1.8630036115646362,-0.01715938188135624,0.18000003695487976,0.18,0.0,opening_bridge,0.18,0.0,opening_bridge,1.8649667132392658,0
654,6.539999999999905,2.8667187690734863,1.8629727363586426,-0.01715938188135624,0.18000003695487976,0.18,0.0,opening_bridge,0.18,0.0,opening_bridge,1.8667667998991733,0
655,6.549999999999905,2.868518590927124,1.862941861152649,-0.01715938188135624,0.18000003695487976,0.18,0.0,opening_bridge,0.18,0.0,opening_bridge,1.8685668865590808,0
656,6.559999999999905,2.8703184127807617,1.8629109859466553,-0.01715938188135624,0.18000003695487976,0.18,0.0,opening_bridge,0.18,0.0,opening_bridge,1.8703669732189883,0
657,6.569999999999904,2.8721182346343994,1.8628801107406616,-0.01715938188135624,0.18000003695487976,0.18,0.0,opening_bridge,0.18,0.0,opening_bridge,1.8721670598788958,0
658,6.579999999999904,2.873918056488037,1.862849235534668,-0.01715938188135624,0.18000003695487976,0.18,0.0,opening_bridge,0.18,0.0,opening_bridge,1.8739671465388033,0
659,6.589999999999904,2.875717878341675,1.8628183603286743,-0.01715938188135624,0.18000003695487976,0.18,0.0,opening_bridge,0.18,0.0,opening_bridge,1.8757672331987107,0
660,6.599999999999904,2.8775177001953125,1.8627874851226807,-0.01715938188135624,0.18000003695487976,0.18,0.0,opening_bridge,0.18,0.0,opening_bridge,1.8775673198586182,0
661,6.6099999999999035,2.87931752204895,1.862756609916687,-0.01715938188135624,0.18000003695487976,0.18,0.0,opening_bridge,0.18,0.0,opening_bridge,1.8793674065185257,0
662,6.619999999999903,2.881117343902588,1.8627257347106934,-0.01715938188135624,0.18000003695487976,0.18,0.0,opening_bridge,0.18,0.0,opening_bridge,1.8811674931784332,0
663,6.629999999999903,2.8829171657562256,1.8626948595046997,-0.01715938188135624,0.18000003695487976,0.18,0.0,opening_bridge,0.18,0.0,opening_bridge,1.8829675798383407,0
664,6.639999999999903,2.8847169876098633,1.862663984298706,-0.01715938188135624,0.18000003695487976,0.18,0.0,opening_bridge,0.18,0.0,opening_bridge,1.8847676664982482,0
665,6.649999999999903,2.886516809463501,1.8626331090927124,-0.01715938188135624,0.18000003695487976,0.18,0.0,opening_bridge,0.18,0.0,opening_bridge,1.8865677531581557,0
666,6.659999999999902,2.8883166313171387,1.8626022338867188,-0.01715938188135624,0.18000003695487976,0.18,0.0,opening_bridge,0.18,0.0,opening_bridge,1.8883678398180632,0
667,6.669999999999902,2.8901164531707764,1.862571358680725,-0.01715938188135624,0.18000003695487976,0.18,0.0,opening_bridge,0.18,0.0,opening_bridge,1.8901679264779707,0
668,6.679999999999902,2.891916275024414,1.8625404834747314,-0.01715938188135624,0.18000003695487976,0.18,0.0,opening_bridge,0.18,0.0,opening_bridge,1.8919680131378782,0
669,6.689999999999902,2.8937160968780518,1.8625096082687378,-0.01715938188135624,0.18000003695487976,0.18,0.0,opening_bridge,0.18,0.0,opening_bridge,1.8937680997977857,0
670,6.699999999999902,2.8955159187316895,1.8624787330627441,-0.01715938188135624,0.18000003695487976,0.18,0.0,opening_bridge,0.18,0.0,opening_bridge,1.8955681864576932,0
671,6.709999999999901,2.897315740585327,1.8624478578567505,-0.01715938188135624,0.18000003695487976,0.18,0.0,opening_bridge,0.18,0.0,opening_bridge,1.8973682731176007,0
672,6.719999999999901,2.899115562438965,1.8624169826507568,-0.01715938188135624,0.18000003695487976,0.18,0.0,opening_bridge,0.18,0.0,opening_bridge,1.8991683597775082,0
673,6.729999999999901,2.9009153842926025,1.8623861074447632,-0.01715938188135624,0.18000003695487976,0.18,0.0,opening_bridge,0.18,0.0,opening_bridge,1.9009684464374157,0
674,6.739999999999901,2.9027152061462402,1.8623552322387695,-0.01715938188135624,0.18000003695487976,0.18,0.0,opening_bridge,0.18,0.0,opening_bridge,1.9027685330973232,0
675,6.7499999999999005,2.904515027999878,1.8623243570327759,-0.01715938188135624,0.18000003695487976,0.18,0.0,opening_bridge,0.18,0.0,opening_bridge,1.9045686197572307,0
676,6.7599999999999,2.9063148498535156,1.8622934818267822,-0.01715938188135624,0.18000003695487976,0.18,0.0,opening_bridge,0.18,0.0,opening_bridge,1.9063687064171382,0
677,6.7699999999999,2.9081146717071533,1.8622626066207886,-0.01715938188135624,0.18000003695487976,0.18,0.0,opening_bridge,0.18,0.0,opening_bridge,1.9081687930770457,0
678,6.7799999999999,2.909914493560791,1.862231731414795,-0.01715938188135624,0.18000003695487976,0.18,0.0,opening_bridge,0.18,0.0,opening_bridge,1.9099688797369532,0
679,6.7899999999999,2.9117143154144287,1.8622008562088013,-0.01715938188135624,0.18000003695487976,0.18,0.0,opening_bridge,0.18,0.0,opening_bridge,1.9117689663968607,0
680,6.7999999999998995,2.9135141372680664,1.8621699810028076,-0.01715938188135624,0.18000003695487976,0.18,0.0,opening_bridge,0.18,0.0,opening_bridge,1.9135690530567682,0
681,6.809999999999899,2.915313959121704,1.862139105796814,-0.01715938188135624,0.18000003695487976,0.18,0.0,opening_bridge,0.18,0.0,opening_bridge,1.9153691397166757,0
682,6.819999999999899,2.917113780975342,1.8621082305908203,-0.01715938188135624,0.18000003695487976,0.18,0.0,opening_bridge,0.18,0.0,opening_bridge,1.9171692263765832,0
683,6.829999999999899,2.9189136028289795,1.8620773553848267,-0.01715938188135624,0.18000003695487976,0.18,0.0,opening_bridge,0.18,0.0,opening_bridge,1.9189693130364907,0
684,6.839999999999899,2.920713424682617,1.862046480178833,-0.01715938188135624,0.18000003695487976,0.18,0.0,opening_bridge,0.18,0.0,opening_bridge,1.9207693996963981,0
685,6.849999999999898,2.922513246536255,1.8620156049728394,-0.01715938188135624,0.18000003695487976,0.18,0.0,opening_bridge,0.18,0.0,opening_bridge,1.9225694863563056,0
686,6.859999999999898,2.9243130683898926,1.8619847297668457,-0.01715938188135624,0.18000003695487976,0.18,0.0,opening_bridge,0.18,0.0,opening_bridge,1.9243695730162131,0
687,6.869999999999898,2.9261128902435303,1.861953854560852,-0.01715938188135624,0.18000003695487976,0.18,0.0,opening_bridge,0.18,0.0,opening_bridge,1.9261696596761206,0
688,6.879999999999898,2.927912712097168,1.8619229793548584,-0.01715938188135624,0.18000003695487976,0.18,0.0,opening_bridge,0.18,0.0,opening_bridge,1.9279697463360281,0
689,6.8899999999998975,2.9297125339508057,1.8618921041488647,-0.01715938188135624,0.18000003695487976,0.18,0.0,opening_bridge,0.18,0.0,opening_bridge,1.9297698329959356,0
690,6.899999999999897,2.9315123558044434,1.861861228942871,-0.01715938188135624,0.18000003695487976,0.18,0.0,opening_bridge,0.18,0.0,opening_bridge,1.9315699196558431,0
691,6.909999999999897,2.933312177658081,1.8618303537368774,-0.01715938188135624,0.18000003695487976,0.18,0.0,opening_bridge,0.18,0.0,opening_bridge,1.9333700063157506,0
692,6.919999999999897,2.9351119995117188,1.8617994785308838,-0.01715938188135624,0.18000003695487976,0.18,0.0,opening_bridge,0.18,0.0,opening_bridge,1.9351700929756581,0
693,6.929999999999897,2.9369118213653564,1.8617686033248901,-0.01715938188135624,0.18000003695487976,0.18,0.0,opening_bridge,0.18,0.0,opening_bridge,1.9369701796355656,0
694,6.9399999999998965,2.938711643218994,1.8617377281188965,-0.01715938188135624,0.18000003695487976,0.18,0.0,opening_bridge,0.18,0.0,opening_bridge,1.938770266295473,0
695,6.949999999999896,2.940511465072632,1.8617068529129028,-0.01715938188135624,0.18000003695487976,0.18,0.0,opening_bridge,0.18,0.0,opening_bridge,1.9405703529553806,0
696,6.959999999999896,2.9423112869262695,1.8616759777069092,-0.01715938188135624,0.18000003695487976,0.18,0.0,opening_bridge,0.18,0.0,opening_bridge,1.942370439615288,0
697,6.969999999999896,2.9441111087799072,1.8616451025009155,-0.01715938188135624,0.18000003695487976,0.18,0.0,opening_bridge,0.18,0.0,opening_bridge,1.9441705262751956,0
698,6.979999999999896,2.945910930633545,1.8616142272949219,-0.01715938188135624,0.18000003695487976,0.18,0.0,opening_bridge,0.18,0.0,opening_bridge,1.945970612935103,0
699,6.989999999999895,2.9477107524871826,1.8615833520889282,-0.01715938188135624,0.18000003695487976,0.18,0.0,opening_bridge,0.18,0.0,opening_bridge,1.9477706995950106,0
700,6.999999999999895,2.9495105743408203,1.8615524768829346,-0.01715938188135624,0.18000003695487976,0.18,0.0,opening_bridge,0.18,0.0,opening_bridge,1.949570786254918,0
701,7.009999999999895,2.951310396194458,1.861521601676941,-0.01715938188135624,0.18000003695487976,0.18,0.0,opening_bridge,0.18,0.0,opening_bridge,1.9513708729148256,0
702,7.019999999999895,2.9531102180480957,1.8614907264709473,-0.01715938188135624,0.18000003695487976,0.18,0.0,opening_bridge,0.18,0.0,opening_bridge,1.953170959574733,0
703,7.0299999999998946,2.9549100399017334,1.8614598512649536,-0.01715938188135624,0.18000003695487976,0.18,0.0,opening_bridge,0.18,0.0,opening_bridge,1.9549710462346406,0
704,7.039999999999894,2.956709861755371,1.86142897605896,-0.01715938188135624,0.18000003695487976,0.18,0.0,opening_bridge,0.18,0.0,opening_bridge,1.956771132894548,0
705,7.049999999999894,2.958509683609009,1.8613981008529663,-0.01715938188135624,0.18000003695487976,0.18,0.0,opening_bridge,0.18,0.0,opening_bridge,1.9585712195544556,0
706,7.059999999999894,2.9603095054626465,1.8613672256469727,-0.01715938188135624,0.18000003695487976,0.18,0.0,opening_bridge,0.18,0.0,opening_bridge,1.960371306214363,0
707,7.069999999999894,2.962109327316284,1.861336350440979,-0.01715938188135624,0.18000003695487976,0.18,0.0,opening_bridge,0.18,0.0,opening_bridge,1.9621713928742706,0
708,7.0799999999998935,2.963909149169922,1.8613054752349854,-0.01715938188135624,0.18000003695487976,0.18,0.0,opening_bridge,0.18,0.0,opening_bridge,1.963971479534178,0
709,7.089999999999893,2.9657089710235596,1.8612746000289917,-0.01715938188135624,0.18000003695487976,0.18,0.0,opening_bridge,0.18,0.0,opening_bridge,1.9657715661940856,0
710,7.099999999999893,2.9675087928771973,1.861243724822998,-0.01715938188135624,0.18000003695487976,0.18,0.0,opening_bridge,0.18,0.0,opening_bridge,1.967571652853993,0
711,7.109999999999893,2.969308614730835,1.8612128496170044,-0.01715938188135624,0.18000003695487976,0.18,0.0,opening_bridge,0.18,0.0,opening_bridge,1.9693717395139005,0
712,7.119999999999893,2.9711084365844727,1.8611819744110107,-0.01715938188135624,0.18000003695487976,0.18,0.0,opening_bridge,0.18,0.0,opening_bridge,1.971171826173808,0
713,7.129999999999892,2.9729082584381104,1.861151099205017,-0.01715938188135624,0.18000003695487976,0.18,0.0,opening_bridge,0.18,0.0,opening_bridge,1.9729719128337155,0
714,7.139999999999892,2.974708080291748,1.8611202239990234,-0.01715938188135624,0.18000003695487976,0.18,0.0,opening_bridge,0.18,0.0,opening_bridge,1.974771999493623,0
715,7.149999999999892,2.9765079021453857,1.8610893487930298,-0.01715938188135624,0.18000003695487976,0.18,0.0,opening_bridge,0.18,0.0,opening_bridge,1.9765720861535305,0
716,7.159999999999892,2.9783077239990234,1.8610584735870361,-0.01715938188135624,0.18000003695487976,0.18,0.0,opening_bridge,0.18,0.0,opening_bridge,1.978372172813438,0
717,7.169999999999892,2.980107545852661,1.8610275983810425,-0.01715938188135624,0.18000003695487976,0.18,0.0,opening_bridge,0.18,0.0,opening_bridge,1.9801722594733455,0
718,7.179999999999891,2.981907367706299,1.8609967231750488,-0.01715938188135624,0.18000003695487976,0.18,0.0,opening_bridge,0.18,0.0,opening_bridge,1.981972346133253,0
719,7.189999999999891,2.9837071895599365,1.8609658479690552,-0.01715938188135624,0.18000003695487976,0.18,0.0,opening_bridge,0.18,0.0,opening_bridge,1.9837724327931605,0
720,7.199999999999891,2.985507011413574,1.8609349727630615,-0.01715938188135624,0.18000003695487976,0.18,0.0,opening_bridge,0.18,0.0,opening_bridge,1.985572519453068,0
721,7.209999999999891,2.987306833267212,1.8609040975570679,-0.01715938188135624,0.18000003695487976,0.18,0.0,opening_bridge,0.18,0.0,opening_bridge,1.9873726061129755,0
722,7.2199999999998905,2.9891066551208496,1.8608732223510742,-0.01715938188135624,0.18000003695487976,0.18,0.0,opening_bridge,0.18,0.0,opening_bridge,1.989172692772883,0
723,7.22999999999989,2.9909064769744873,1.8608423471450806,-0.01715938188135624,0.18000003695487976,0.18,0.0,opening_bridge,0.18,0.0,opening_bridge,1.9909727794327905,0
724,7.23999999999989,2.992706298828125,1.860811471939087,-0.01715938188135624,0.18000003695487976,0.18,0.0,opening_bridge,0.18,0.0,opening_bridge,1.992772866092698,0
725,7.24999999999989,2.9945061206817627,1.8607805967330933,-0.01715938188135624,0.18000003695487976,0.18,0.0,opening_bridge,0.18,0.0,opening_bridge,1.9945729527526055,0
726,7.25999999999989,2.9963059425354004,1.8607497215270996,-0.01715938188135624,0.18000003695487976,0.18,0.0,opening_bridge,0.18,0.0,opening_bridge,1.996373039412513,0
727,7.269999999999889,2.998105764389038,1.860718846321106,-0.01715938188135624,0.18000003695487976,0.18,0.0,opening_bridge,0.18,0.0,opening_bridge,1.9981731260724205,0
728,7.279999999999889,2.999905586242676,1.8606879711151123,-0.01715938188135624,0.18000003695487976,0.18,0.0,opening_bridge,0.18,0.0,opening_bridge,1.999973212732328,0
729,7.289999999999889,3.0017054080963135,1.8606570959091187,-0.01715938188135624,0.18000003695487976,0.18,0.0,opening_bridge,0.18,0.0,opening_bridge,2.0017732993922355,0
730,7.299999999999889,3.003505229949951,1.860626220703125,-0.01715938188135624,0.18000003695487976,0.18,0.0,opening_bridge,0.18,0.0,opening_bridge,2.003573386052143,0
731,7.309999999999889,3.005305051803589,1.8605953454971313,-0.01715938188135624,0.18000003695487976,0.18,0.0,opening_bridge,0.18,0.0,opening_bridge,2.0053734727120505,0
732,7.319999999999888,3.0071048736572266,1.8605644702911377,-0.01715938188135624,0.18000003695487976,0.18,0.0,opening_bridge,0.18,0.0,opening_bridge,2.007173559371958,0
733,7.329999999999888,3.0089046955108643,1.860533595085144,-0.01715938188135624,0.18000003695487976,0.18,0.0,opening_bridge,0.18,0.0,opening_bridge,2.0089736460318655,0
734,7.339999999999888,3.010704517364502,1.8605027198791504,-0.01715938188135624,0.18000003695487976,0.18,0.0,opening_bridge,0.18,0.0,opening_bridge,2.010773732691773,0
735,7.349999999999888,3.0125043392181396,1.8604718446731567,-0.01715938188135624,0.18000003695487976,0.18,0.0,opening_bridge,0.18,0.0,opening_bridge,2.0125738193516804,0
736,7.3599999999998875,3.0143041610717773,1.860440969467163,-0.01715938188135624,0.18000003695487976,0.18,0.0,opening_bridge,0.18,0.0,opening_bridge,2.014373906011588,0
737,7.369999999999887,3.016103982925415,1.8604100942611694,-0.01715938188135624,0.18000003695487976,0.18,0.0,opening_bridge,0.18,0.0,opening_bridge,2.0161739926714954,0
738,7.379999999999887,3.0179038047790527,1.8603792190551758,-0.01715938188135624,0.18000003695487976,0.18,0.0,opening_bridge,0.18,0.0,opening_bridge,2.017974079331403,0
739,7.389999999999887,3.0197036266326904,1.8603483438491821,-0.01715938188135624,0.18000003695487976,0.18,0.0,opening_bridge,0.18,0.0,opening_bridge,2.0197741659913104,0
740,7.399999999999887,3.021503448486328,1.8603174686431885,-0.01715938188135624,0.18000003695487976,0.18,0.0,opening_bridge,0.18,0.0,opening_bridge,2.021574252651218,0
741,7.4099999999998865,3.023303270339966,1.8602865934371948,-0.01715938188135624,0.18000003695487976,0.18,0.0,opening_bridge,0.18,0.0,opening_bridge,2.0233743393111254,0
742,7.419999999999886,3.0251030921936035,1.8602557182312012,-0.01715938188135624,0.18000003695487976,0.18,0.0,opening_bridge,0.18,0.0,opening_bridge,2.025174425971033,0
743,7.429999999999886,3.026902914047241,1.8602248430252075,-0.01715938188135624,0.18000003695487976,0.18,0.0,opening_bridge,0.18,0.0,opening_bridge,2.0269745126309404,0
744,7.439999999999886,3.028702735900879,1.8601939678192139,-0.01715938188135624,0.18000003695487976,0.18,0.0,opening_bridge,0.18,0.0,opening_bridge,2.028774599290848,0
745,7.449999999999886,3.0305025577545166,1.8601630926132202,-0.01715938188135624,0.18000003695487976,0.18,0.0,opening_bridge,0.18,0.0,opening_bridge,2.0305746859507554,0
746,7.459999999999885,3.0323023796081543,1.8601322174072266,-0.01715938188135624,0.18000003695487976,0.18,0.0,opening_bridge,0.18,0.0,opening_bridge,2.032374772610663,0
747,7.469999999999885,3.034102201461792,1.860101342201233,-0.01715938188135624,0.18000003695487976,0.18,0.0,opening_bridge,0.18,0.0,opening_bridge,2.0341748592705704,0
748,7.479999999999885,3.0359020233154297,1.8600704669952393,-0.01715938188135624,0.18000003695487976,0.18,0.0,opening_bridge,0.18,0.0,opening_bridge,2.035974945930478,0
749,7.489999999999885,3.0377018451690674,1.8600395917892456,-0.01715938188135624,0.18000003695487976,0.18,0.0,opening_bridge,0.18,0.0,opening_bridge,2.0377750325903854,0
750,7.4999999999998845,3.039501667022705,1.860008716583252,-0.01715938188135624,0.18000003695487976,0.18,0.0,opening_bridge,0.18,0.0,opening_bridge,2.039575119250293,0
751,7.509999999999884,3.0413014888763428,1.8599778413772583,-0.01715938188135624,0.18000003695487976,0.18,0.0,opening_bridge,0.18,0.0,opening_bridge,2.0413752059102004,0
752,7.519999999999884,3.0431013107299805,1.8599469661712646,-0.01715938188135624,0.18000003695487976,0.18,0.0,opening_bridge,0.18,0.0,opening_bridge,2.043175292570108,0
753,7.529999999999884,3.044901132583618,1.859916090965271,-0.01715938188135624,0.18000003695487976,0.18,0.0,opening_bridge,0.18,0.0,opening_bridge,2.0449753792300154,0
754,7.539999999999884,3.046700954437256,1.8598852157592773,-0.01715938188135624,0.18000003695487976,0.18,0.0,opening_bridge,0.18,0.0,opening_bridge,2.046775465889923,0
755,7.5499999999998835,3.0485007762908936,1.8598543405532837,-0.01715938188135624,0.18000003695487976,0.18,0.0,opening_bridge,0.18,0.0,opening_bridge,2.0485755525498304,0
756,7.559999999999883,3.0503005981445312,1.85982346534729,-0.01715938188135624,0.18000003695487976,0.18,0.0,opening_bridge,0.18,0.0,opening_bridge,2.050375639209738,0
757,7.569999999999883,3.052100419998169,1.8597925901412964,-0.01715938188135624,0.18000003695487976,0.18,0.0,opening_bridge,0.18,0.0,opening_bridge,2.0521757258696454,0
758,7.579999999999883,3.0539002418518066,1.8597617149353027,-0.01715938188135624,0.18000003695487976,0.18,0.0,opening_bridge,0.18,0.0,opening_bridge,2.053975812529553,0
759,7.589999999999883,3.0557000637054443,1.859730839729309,-0.01715938188135624,0.18000003695487976,0.18,0.0,opening_bridge,0.18,0.0,opening_bridge,2.0557758991894604,0
760,7.599999999999882,3.057499885559082,1.8596999645233154,-0.01715938188135624,0.18000003695487976,0.18,0.0,opening_bridge,0.18,0.0,opening_bridge,2.057575985849368,0
761,7.609999999999882,3.0592997074127197,1.8596690893173218,-0.01715938188135624,0.18000003695487976,0.18,0.0,opening_bridge,0.18,0.0,opening_bridge,2.0593760725092753,0
762,7.619999999999882,3.0610995292663574,1.8596382141113281,-0.01715938188135624,0.18000003695487976,0.18,0.0,opening_bridge,0.18,0.0,opening_bridge,2.061176159169183,0
763,7.629999999999882,3.062899351119995,1.8596073389053345,-0.01715938188135624,0.18000003695487976,0.18,0.0,opening_bridge,0.18,0.0,opening_bridge,2.0629762458290903,0
764,7.6399999999998816,3.064699172973633,1.8595764636993408,-0.01715938188135624,0.18000003695487976,0.18,0.0,opening_bridge,0.18,0.0,opening_bridge,2.064776332488998,0
765,7.649999999999881,3.0664989948272705,1.8595455884933472,-0.01715938188135624,0.18000003695487976,0.18,0.0,opening_bridge,0.18,0.0,opening_bridge,2.0665764191489053,0
766,7.659999999999881,3.068298816680908,1.8595147132873535,-0.01715938188135624,0.18000003695487976,0.18,0.0,opening_bridge,0.18,0.0,opening_bridge,2.068376505808813,0
767,7.669999999999881,3.070098638534546,1.8594838380813599,-0.01715938188135624,0.18000003695487976,0.18,0.0,opening_bridge,0.18,0.0,opening_bridge,2.0701765924687203,0
768,7.679999999999881,3.0718984603881836,1.8594529628753662,-0.01715938188135624,0.18000003695487976,0.18,0.0,opening_bridge,0.18,0.0,opening_bridge,2.071976679128628,0
769,7.6899999999998805,3.0736982822418213,1.8594220876693726,-0.01715938188135624,0.18000003695487976,0.18,0.0,opening_bridge,0.18,0.0,opening_bridge,2.0737767657885353,0
770,7.69999999999988,3.075498104095459,1.859391212463379,-0.01715938188135624,0.18000003695487976,0.18,0.0,opening_bridge,0.18,0.0,opening_bridge,2.075576852448443,0
771,7.70999999999988,3.0772979259490967,1.8593603372573853,-0.01715938188135624,0.18000003695487976,0.18,0.0,opening_bridge,0.18,0.0,opening_bridge,2.0773769391083503,0
772,7.71999999999988,3.0790977478027344,1.8593294620513916,-0.01715938188135624,0.18000003695487976,0.18,0.0,opening_bridge,0.18,0.0,opening_bridge,2.079177025768258,0
773,7.72999999999988,3.080897569656372,1.859298586845398,-0.01715938188135624,0.18000003695487976,0.18,0.0,opening_bridge,0.18,0.0,opening_bridge,2.0809771124281653,0
774,7.739999999999879,3.0826973915100098,1.8592677116394043,-0.01715938188135624,0.18000003695487976,0.18,0.0,opening_bridge,0.18,0.0,opening_bridge,2.082777199088073,0
775,7.749999999999879,3.0844972133636475,1.8592368364334106,-0.01715938188135624,0.18000003695487976,0.18,0.0,opening_bridge,0.18,0.0,opening_bridge,2.0845772857479803,0
776,7.759999999999879,3.086297035217285,1.859205961227417,-0.01715938188135624,0.18000003695487976,0.18,0.0,opening_bridge,0.18,0.0,opening_bridge,2.086377372407888,0
777,7.769999999999879,3.088096857070923,1.8591750860214233,-0.01715938188135624,0.18000003695487976,0.18,0.0,opening_bridge,0.18,0.0,opening_bridge,2.0881774590677953,0
778,7.779999999999879,3.0898966789245605,1.8591442108154297,-0.01715938188135624,0.18000003695487976,0.18,0.0,opening_bridge,0.18,0.0,opening_bridge,2.089977545727703,0
779,7.789999999999878,3.0916965007781982,1.859113335609436,-0.01715938188135624,0.18000003695487976,0.18,0.0,opening_bridge,0.18,0.0,opening_bridge,2.0917776323876103,0
780,7.799999999999878,3.093496322631836,1.8590824604034424,-0.01715938188135624,0.18000003695487976,0.18,0.0,opening_bridge,0.18,0.0,opening_bridge,2.0935777190475178,0
781,7.809999999999878,3.0952961444854736,1.8590515851974487,-0.01715938188135624,0.18000003695487976,0.18,0.0,opening_bridge,0.18,0.0,opening_bridge,2.0953778057074253,0
782,7.819999999999878,3.0970959663391113,1.859020709991455,-0.01715938188135624,0.18000003695487976,0.18,0.0,opening_bridge,0.18,0.0,opening_bridge,2.0971778923673328,0
783,7.8299999999998775,3.098895788192749,1.8589898347854614,-0.01715938188135624,0.18000003695487976,0.18,0.0,opening_bridge,0.18,0.0,opening_bridge,2.0989779790272403,0
784,7.839999999999877,3.1006956100463867,1.8589589595794678,-0.01715938188135624,0.18000003695487976,0.18,0.0,opening_bridge,0.18,0.0,opening_bridge,2.1007780656871478,0
785,7.849999999999877,3.1024954319000244,1.8589280843734741,-0.01715938188135624,0.18000003695487976,0.18,0.0,opening_bridge,0.18,0.0,opening_bridge,2.1025781523470553,0
786,7.859999999999877,3.104295253753662,1.8588972091674805,-0.01715938188135624,0.18000003695487976,0.18,0.0,opening_bridge,0.18,0.0,opening_bridge,2.1043782390069627,0
787,7.869999999999877,3.1060950756073,1.8588663339614868,-0.01715938188135624,0.18000003695487976,0.18,0.0,opening_bridge,0.18,0.0,opening_bridge,2.1061783256668702,0
788,7.879999999999876,3.1078948974609375,1.8588354587554932,-0.01715938188135624,0.18000003695487976,0.18,0.0,opening_bridge,0.18,0.0,opening_bridge,2.1079784123267777,0
789,7.889999999999876,3.109694719314575,1.8588045835494995,-0.01715938188135624,0.18000003695487976,0.18,0.0,opening_bridge,0.18,0.0,opening_bridge,2.1097784989866852,0
790,7.899999999999876,3.111494541168213,1.8587737083435059,-0.01715938188135624,0.18000003695487976,0.18,0.0,opening_bridge,0.18,0.0,opening_bridge,2.1115785856465927,0
791,7.909999999999876,3.1132943630218506,1.8587428331375122,-0.01715938188135624,0.18000003695487976,0.18,0.0,opening_bridge,0.18,0.0,opening_bridge,2.1133786723065002,0
792,7.919999999999876,3.1150941848754883,1.8587119579315186,-0.01715938188135624,0.18000003695487976,0.18,0.0,opening_bridge,0.18,0.0,opening_bridge,2.1151787589664077,0
793,7.929999999999875,3.116894006729126,1.858681082725525,-0.01715938188135624,0.18000003695487976,0.18,0.0,opening_bridge,0.18,0.0,opening_bridge,2.116978845626315,0
794,7.939999999999875,3.1186938285827637,1.8586502075195312,-0.01715938188135624,0.18000003695487976,0.18,0.0,opening_bridge,0.18,0.0,opening_bridge,2.1187789322862227,0
795,7.949999999999875,3.1204936504364014,1.8586193323135376,-0.01715938188135624,0.18000003695487976,0.18,0.0,opening_bridge,0.18,0.0,opening_bridge,2.12057901894613,0
796,7.959999999999875,3.122293472290039,1.858588457107544,-0.01715938188135624,0.18000003695487976,0.18,0.0,opening_bridge,0.18,0.0,opening_bridge,2.1223791056060377,0
797,7.9699999999998745,3.1240932941436768,1.8585575819015503,-0.01715938188135624,0.18000003695487976,0.18,0.0,opening_bridge,0.18,0.0,opening_bridge,2.124179192265945,0
798,7.979999999999874,3.1258931159973145,1.8585267066955566,-0.01715938188135624,0.18000003695487976,0.18,0.0,opening_bridge,0.18,0.0,opening_bridge,2.1259792789258527,0
799,7.989999999999874,3.127692937850952,1.858495831489563,-0.01715938188135624,0.18000003695487976,0.18,0.0,opening_bridge,0.18,0.0,opening_bridge,2.12777936558576,0
800,7.999999999999874,3.12949275970459,1.8584649562835693,-0.01715938188135624,0.18000003695487976,0.18,0.0,opening_bridge,0.18,0.0,opening_bridge,2.1295794522456677,0
801,8.009999999999874,3.1312925815582275,1.8584340810775757,-0.01715938188135624,0.18000003695487976,0.18,0.0,opening_bridge,0.18,0.0,opening_bridge,2.131379538905575,0
802,8.019999999999873,3.1330924034118652,1.858403205871582,-0.01715938188135624,0.18000003695487976,0.18,0.0,opening_bridge,0.18,0.0,opening_bridge,2.1331796255654827,0
803,8.029999999999873,3.134892225265503,1.8583723306655884,-0.01715938188135624,0.18000003695487976,0.18,0.0,opening_bridge,0.18,0.0,opening_bridge,2.13497971222539,0
804,8.039999999999873,3.1366920471191406,1.8583414554595947,-0.01715938188135624,0.18000003695487976,0.18,0.0,opening_bridge,0.18,0.0,opening_bridge,2.1367797988852977,0
805,8.049999999999873,3.1384918689727783,1.858310580253601,-0.01715938188135624,0.18000003695487976,0.18,0.0,opening_bridge,0.18,0.0,opening_bridge,2.138579885545205,0
806,8.059999999999873,3.140291690826416,1.8582797050476074,-0.01715938188135624,0.18000003695487976,0.18,0.0,opening_bridge,0.18,0.0,opening_bridge,2.1403799722051127,0
807,8.069999999999872,3.1420915126800537,1.8582488298416138,-0.01715938188135624,0.18000003695487976,0.18,0.0,opening_bridge,0.18,0.0,opening_bridge,2.14218005886502,0
808,8.079999999999872,3.1438913345336914,1.8582179546356201,-0.01715938188135624,0.18000003695487976,0.18,0.0,opening_bridge,0.18,0.0,opening_bridge,2.1439801455249277,0
809,8.089999999999872,3.145691156387329,1.8581870794296265,-0.01715938188135624,0.18000003695487976,0.18,0.0,opening_bridge,0.18,0.0,opening_bridge,2.145780232184835,0
810,8.099999999999872,3.147490978240967,1.8581562042236328,-0.01715938188135624,0.18000003695487976,0.18,0.0,opening_bridge,0.18,0.0,opening_bridge,2.1475803188447427,0
811,8.109999999999872,3.1492908000946045,1.8581253290176392,-0.01715938188135624,0.18000003695487976,0.18,0.0,opening_bridge,0.18,0.0,opening_bridge,2.14938040550465,0
812,8.119999999999871,3.151090621948242,1.8580944538116455,-0.01715938188135624,0.18000003695487976,0.18,0.0,opening_bridge,0.18,0.0,opening_bridge,2.1511804921645576,0
813,8.129999999999871,3.15289044380188,1.8580635786056519,-0.01715938188135624,0.18000003695487976,0.18,0.0,opening_bridge,0.18,0.0,opening_bridge,2.152980578824465,0
814,8.139999999999871,3.1546902656555176,1.8580327033996582,-0.01715938188135624,0.18000003695487976,0.18,0.0,opening_bridge,0.18,0.0,opening_bridge,2.1547806654843726,0
815,8.14999999999987,3.1564900875091553,1.8580018281936646,-0.01715938188135624,0.18000003695487976,0.18,0.0,opening_bridge,0.18,0.0,opening_bridge,2.15658075214428,0
816,8.15999999999987,3.158289909362793,1.857970952987671,-0.01715938188135624,0.18000003695487976,0.18,0.0,opening_bridge,0.18,0.0,opening_bridge,2.1583808388041876,0
817,8.16999999999987,3.1600897312164307,1.8579400777816772,-0.01715938188135624,0.18000003695487976,0.18,0.0,opening_bridge,0.18,0.0,opening_bridge,2.160180925464095,0
818,8.17999999999987,3.1618895530700684,1.8579092025756836,-0.01715938188135624,0.18000003695487976,0.18,0.0,opening_bridge,0.18,0.0,opening_bridge,2.1619810121240026,0
819,8.18999999999987,3.163689374923706,1.85787832736969,-0.01715938188135624,0.18000003695487976,0.18,0.0,opening_bridge,0.18,0.0,opening_bridge,2.16378109878391,0
820,8.19999999999987,3.1654891967773438,1.8578474521636963,-0.01715938188135624,0.18000003695487976,0.18,0.0,opening_bridge,0.18,0.0,opening_bridge,2.1655811854438176,0
821,8.20999999999987,3.1672890186309814,1.8578165769577026,-0.01715938188135624,0.18000003695487976,0.18,0.0,opening_bridge,0.18,0.0,opening_bridge,2.167381272103725,0
822,8.21999999999987,3.169088840484619,1.857785701751709,-0.01715938188135624,0.18000003695487976,0.18,0.0,opening_bridge,0.18,0.0,opening_bridge,2.1691813587636326,0
823,8.229999999999869,3.170888662338257,1.8577548265457153,-0.01715938188135624,0.18000003695487976,0.18,0.0,opening_bridge,0.18,0.0,opening_bridge,2.17098144542354,0
824,8.239999999999869,3.1726884841918945,1.8577239513397217,-0.01715938188135624,0.18000003695487976,0.18,0.0,opening_bridge,0.18,0.0,opening_bridge,2.1727815320834476,0
825,8.249999999999869,3.1744883060455322,1.857693076133728,-0.01715938188135624,0.18000003695487976,0.18,0.0,opening_bridge,0.18,0.0,opening_bridge,2.174581618743355,0
826,8.259999999999868,3.17628812789917,1.8576622009277344,-0.01715938188135624,0.18000003695487976,0.18,0.0,opening_bridge,0.18,0.0,opening_bridge,2.1763817054032626,0
827,8.269999999999868,3.1780879497528076,1.8576313257217407,-0.01715938188135624,0.18000003695487976,0.18,0.0,opening_bridge,0.18,0.0,opening_bridge,2.17818179206317,0
828,8.279999999999868,3.1798877716064453,1.857600450515747,-0.01715938188135624,0.18000003695487976,0.18,0.0,opening_bridge,0.18,0.0,opening_bridge,2.1799818787230776,0
829,8.289999999999868,3.181687593460083,1.8575695753097534,-0.01715938188135624,0.18000003695487976,0.18,0.0,opening_bridge,0.18,0.0,opening_bridge,2.181781965382985,0
830,8.299999999999867,3.1834874153137207,1.8575387001037598,-0.01715938188135624,0.18000003695487976,0.18,0.0,opening_bridge,0.18,0.0,opening_bridge,2.1835820520428926,0
831,8.309999999999867,3.1852872371673584,1.8575078248977661,-0.01715938188135624,0.18000003695487976,0.18,0.0,opening_bridge,0.18,0.0,opening_bridge,2.1853821387028,0
832,8.319999999999867,3.187087059020996,1.8574769496917725,-0.01715938188135624,0.18000003695487976,0.18,0.0,opening_bridge,0.18,0.0,opening_bridge,2.1871822253627076,0
833,8.329999999999867,3.188886880874634,1.8574460744857788,-0.01715938188135624,0.18000003695487976,0.18,0.0,opening_bridge,0.18,0.0,opening_bridge,2.188982312022615,0
834,8.339999999999867,3.1906867027282715,1.8574151992797852,-0.01715938188135624,0.18000003695487976,0.18,0.0,opening_bridge,0.18,0.0,opening_bridge,2.1907823986825226,0
835,8.349999999999866,3.192486524581909,1.8573843240737915,-0.01715938188135624,0.18000003695487976,0.18,0.0,opening_bridge,0.18,0.0,opening_bridge,2.19258248534243,0
836,8.359999999999866,3.194286346435547,1.8573534488677979,-0.01715938188135624,0.18000003695487976,0.18,0.0,opening_bridge,0.18,0.0,opening_bridge,2.1943825720023376,0
837,8.369999999999866,3.1960861682891846,1.8573225736618042,-0.01715938188135624,0.18000003695487976,0.18,0.0,opening_bridge,0.18,0.0,opening_bridge,2.196182658662245,0
838,8.379999999999866,3.1978859901428223,1.8572916984558105,-0.01715938188135624,0.18000003695487976,0.18,0.0,opening_bridge,0.18,0.0,opening_bridge,2.1979827453221525,0
839,8.389999999999866,3.19968581199646,1.857260823249817,-0.01715938188135624,0.18000003695487976,0.18,0.0,opening_bridge,0.18,0.0,opening_bridge,2.19978283198206,0
840,8.399999999999865,3.2014856338500977,1.8572299480438232,-0.01715938188135624,0.18000003695487976,0.18,0.0,opening_bridge,0.18,0.0,opening_bridge,2.2015829186419675,0
841,8.409999999999865,3.2032854557037354,1.8571990728378296,-0.01715938188135624,0.18000003695487976,0.18,0.0,opening_bridge,0.18,0.0,opening_bridge,2.203383005301875,0
842,8.419999999999865,3.205085277557373,1.857168197631836,-0.01715938188135624,0.18000003695487976,0.18,0.0,opening_bridge,0.18,0.0,opening_bridge,2.2051830919617825,0
843,8.429999999999865,3.2068850994110107,1.8571373224258423,-0.01715938188135624,0.18000003695487976,0.18,0.0,opening_bridge,0.18,0.0,opening_bridge,2.20698317862169,0
844,8.439999999999864,3.2086849212646484,1.8571064472198486,-0.01715938188135624,0.18000003695487976,0.18,0.0,opening_bridge,0.18,0.0,opening_bridge,2.2087832652815975,0
845,8.449999999999864,3.210484743118286,1.857075572013855,-0.01715938188135624,0.18000003695487976,0.18,0.0,opening_bridge,0.18,0.0,opening_bridge,2.210583351941505,0
846,8.459999999999864,3.212284564971924,1.8570446968078613,-0.01715938188135624,0.18000003695487976,0.18,0.0,opening_bridge,0.18,0.0,opening_bridge,2.2123834386014125,0
847,8.469999999999864,3.2140843868255615,1.8570138216018677,-0.01715938188135624,0.18000003695487976,0.18,0.0,opening_bridge,0.18,0.0,opening_bridge,2.21418352526132,0
848,8.479999999999864,3.215884208679199,1.856982946395874,-0.01715938188135624,0.18000003695487976,0.18,0.0,opening_bridge,0.18,0.0,opening_bridge,2.2159836119212275,0
849,8.489999999999863,3.217684030532837,1.8569520711898804,-0.01715938188135624,0.18000003695487976,0.18,0.0,opening_bridge,0.18,0.0,opening_bridge,2.217783698581135,0
850,8.499999999999863,3.2194838523864746,1.8569211959838867,-0.01715938188135624,0.18000003695487976,0.18,0.0,opening_bridge,0.18,0.0,opening_bridge,2.2195837852410425,0
851,8.509999999999863,3.2212836742401123,1.856890320777893,-0.01715938188135624,0.18000003695487976,0.18,0.0,opening_bridge,0.18,0.0,opening_bridge,2.22138387190095,0
852,8.519999999999863,3.22308349609375,1.8568594455718994,-0.01715938188135624,0.18000003695487976,0.18,0.0,opening_bridge,0.18,0.0,opening_bridge,2.2231839585608575,0
853,8.529999999999863,3.2248833179473877,1.8568285703659058,-0.01715938188135624,0.18000003695487976,0.18,0.0,opening_bridge,0.18,0.0,opening_bridge,2.224984045220765,0
854,8.539999999999862,3.2266831398010254,1.856797695159912,-0.01715938188135624,0.18000003695487976,0.18,0.0,opening_bridge,0.18,0.0,opening_bridge,2.2267841318806725,0
855,8.549999999999862,3.228482961654663,1.8567668199539185,-0.01715938188135624,0.18000003695487976,0.18,0.0,opening_bridge,0.18,0.0,opening_bridge,2.22858421854058,0
856,8.559999999999862,3.230282783508301,1.8567359447479248,-0.01715938188135624,0.18000003695487976,0.18,0.0,opening_bridge,0.18,0.0,opening_bridge,2.2303843052004875,0
857,8.569999999999862,3.2320826053619385,1.8567050695419312,-0.01715938188135624,0.18000003695487976,0.18,0.0,opening_bridge,0.18,0.0,opening_bridge,2.232184391860395,0
858,8.579999999999862,3.233882427215576,1.8566741943359375,-0.01715938188135624,0.18000003695487976,0.18,0.0,opening_bridge,0.18,0.0,opening_bridge,2.2339844785203025,0
859,8.589999999999861,3.235682249069214,1.8566433191299438,-0.01715938188135624,0.18000003695487976,0.18,0.0,opening_bridge,0.18,0.0,opening_bridge,2.23578456518021,0
860,8.599999999999861,3.2374820709228516,1.8566124439239502,-0.01715938188135624,0.18000003695487976,0.18,0.0,opening_bridge,0.18,0.0,opening_bridge,2.2375846518401175,0
861,8.60999999999986,3.2392818927764893,1.8565815687179565,-0.01715938188135624,0.18000003695487976,0.18,0.0,opening_bridge,0.18,0.0,opening_bridge,2.239384738500025,0
862,8.61999999999986,3.241081714630127,1.856550693511963,-0.01715938188135624,0.18000003695487976,0.18,0.0,opening_bridge,0.18,0.0,opening_bridge,2.2411848251599324,0
863,8.62999999999986,3.2428815364837646,1.8565198183059692,-0.01715938188135624,0.18000003695487976,0.18,0.0,opening_bridge,0.18,0.0,opening_bridge,2.24298491181984,0
864,8.63999999999986,3.2446813583374023,1.8564889430999756,-0.01715938188135624,0.18000003695487976,0.18,0.0,opening_bridge,0.18,0.0,opening_bridge,2.2447849984797474,0
865,8.64999999999986,3.24648118019104,1.856458067893982,-0.01715938188135624,0.18000003695487976,0.18,0.0,opening_bridge,0.18,0.0,opening_bridge,2.246585085139655,0
866,8.65999999999986,3.2482810020446777,1.8564271926879883,-0.01715938188135624,0.18000003695487976,0.18,0.0,opening_bridge,0.18,0.0,opening_bridge,2.2483851717995624,0
867,8.66999999999986,3.2500808238983154,1.8563963174819946,-0.01715938188135624,0.18000003695487976,0.18,0.0,opening_bridge,0.18,0.0,opening_bridge,2.25018525845947,0
868,8.67999999999986,3.251880645751953,1.856365442276001,-0.01715938188135624,0.18000003695487976,0.18,0.0,opening_bridge,0.18,0.0,opening_bridge,2.2519853451193774,0
869,8.68999999999986,3.253680467605591,1.8563345670700073,-0.01715938188135624,0.18000003695487976,0.18,0.0,opening_bridge,0.18,0.0,opening_bridge,2.253785431779285,0
870,8.699999999999859,3.2554802894592285,1.8563036918640137,-0.01715938188135624,0.18000003695487976,0.18,0.0,opening_bridge,0.18,0.0,opening_bridge,2.2555855184391924,0
871,8.709999999999859,3.257280111312866,1.85627281665802,-0.01715938188135624,0.18000003695487976,0.18,0.0,opening_bridge,0.18,0.0,opening_bridge,2.2573856050991,0
872,8.719999999999859,3.259079933166504,1.8562419414520264,-0.01715938188135624,0.18000003695487976,0.18,0.0,opening_bridge,0.18,0.0,opening_bridge,2.2591856917590074,0
873,8.729999999999858,3.2608797550201416,1.8562110662460327,-0.01715938188135624,0.18000003695487976,0.18,0.0,opening_bridge,0.18,0.0,opening_bridge,2.260985778418915,0
874,8.739999999999858,3.2626795768737793,1.856180191040039,-0.01715938188135624,0.18000003695487976,0.18,0.0,opening_bridge,0.18,0.0,opening_bridge,2.2627858650788224,0
875,8.749999999999858,3.264479398727417,1.8561493158340454,-0.01715938188135624,0.18000003695487976,0.18,0.0,opening_bridge,0.18,0.0,opening_bridge,2.26458595173873,0
876,8.759999999999858,3.2662792205810547,1.8561184406280518,-0.01715938188135624,0.18000003695487976,0.18,0.0,opening_bridge,0.18,0.0,opening_bridge,2.2663860383986374,0
877,8.769999999999857,3.2680790424346924,1.856087565422058,-0.01715938188135624,0.18000003695487976,0.18,0.0,opening_bridge,0.18,0.0,opening_bridge,2.268186125058545,0
878,8.779999999999857,3.26987886428833,1.8560566902160645,-0.01715938188135624,0.18000003695487976,0.18,0.0,opening_bridge,0.18,0.0,opening_bridge,2.2699862117184524,0
879,8.789999999999857,3.2716786861419678,1.8560258150100708,-0.01715938188135624,0.18000003695487976,0.18,0.0,opening_bridge,0.18,0.0,opening_bridge,2.27178629837836,0
880,8.799999999999857,3.2734785079956055,1.8559949398040771,-0.01715938188135624,0.18000003695487976,0.18,0.0,opening_bridge,0.18,0.0,opening_bridge,2.2735863850382674,0
881,8.809999999999857,3.275278329849243,1.8559640645980835,-0.01715938188135624,0.18000003695487976,0.18,0.0,opening_bridge,0.18,0.0,opening_bridge,2.275386471698175,0
882,8.819999999999856,3.277078151702881,1.8559331893920898,-0.01715938188135624,0.18000003695487976,0.18,0.0,opening_bridge,0.18,0.0,opening_bridge,2.2771865583580824,0
883,8.829999999999856,3.2788779735565186,1.8559023141860962,-0.01715938188135624,0.18000003695487976,0.18,0.0,opening_bridge,0.18,0.0,opening_bridge,2.27898664501799,0
884,8.839999999999856,3.2806777954101562,1.8558714389801025,-0.01715938188135624,0.18000003695487976,0.18,0.0,opening_bridge,0.18,0.0,opening_bridge,2.2807867316778974,0
885,8.849999999999856,3.282477617263794,1.8558405637741089,-0.01715938188135624,0.18000003695487976,0.18,0.0,opening_bridge,0.18,0.0,opening_bridge,2.282586818337805,0
886,8.859999999999856,3.2842774391174316,1.8558096885681152,-0.01715938188135624,0.18000003695487976,0.18,0.0,opening_bridge,0.18,0.0,opening_bridge,2.2843869049977124,0
887,8.869999999999855,3.2860772609710693,1.8557788133621216,-0.01715938188135624,0.18000003695487976,0.18,0.0,opening_bridge,0.18,0.0,opening_bridge,2.28618699165762,0
888,8.879999999999855,3.287877082824707,1.855747938156128,-0.01715938188135624,0.18000003695487976,0.18,0.0,opening_bridge,0.18,0.0,opening_bridge,2.2879870783175273,0
889,8.889999999999855,3.2896769046783447,1.8557170629501343,-0.01715938188135624,0.18000003695487976,0.18,0.0,opening_bridge,0.18,0.0,opening_bridge,2.289787164977435,0
890,8.899999999999855,3.2914767265319824,1.8556861877441406,-0.01715938188135624,0.18000003695487976,0.18,0.0,opening_bridge,0.18,0.0,opening_bridge,2.2915872516373423,0
891,8.909999999999854,3.29327654838562,1.855655312538147,-0.01715938188135624,0.18000003695487976,0.18,0.0,opening_bridge,0.18,0.0,opening_bridge,2.29338733829725,0
892,8.919999999999854,3.295076370239258,1.8556244373321533,-0.01715938188135624,0.18000003695487976,0.18,0.0,opening_bridge,0.18,0.0,opening_bridge,2.2951874249571573,0
893,8.929999999999854,3.2968761920928955,1.8555935621261597,-0.01715938188135624,0.18000003695487976,0.18,0.0,opening_bridge,0.18,0.0,opening_bridge,2.296987511617065,0
894,8.939999999999854,3.298676013946533,1.855562686920166,-0.01715938188135624,0.18000003695487976,0.18,0.0,opening_bridge,0.18,0.0,opening_bridge,2.2987875982769723,0
895,8.949999999999854,3.300475835800171,1.8555318117141724,-0.01715938188135624,0.18000003695487976,0.18,0.0,opening_bridge,0.18,0.0,opening_bridge,2.30058768493688,0
896,8.959999999999853,3.3022756576538086,1.8555009365081787,-0.01715938188135624,0.18000003695487976,0.18,0.0,opening_bridge,0.18,0.0,opening_bridge,2.3023877715967873,0
897,8.969999999999853,3.3040754795074463,1.855470061302185,-0.01715938188135624,0.18000003695487976,0.18,0.0,opening_bridge,0.18,0.0,opening_bridge,2.304187858256695,0
898,8.979999999999853,3.305875301361084,1.8554391860961914,-0.01715938188135624,0.18000003695487976,0.18,0.0,opening_bridge,0.18,0.0,opening_bridge,2.3059879449166023,0
899,8.989999999999853,3.3076751232147217,1.8554083108901978,-0.01715938188135624,0.18000003695487976,0.18,0.0,opening_bridge,0.18,0.0,opening_bridge,2.30778803157651,0
900,8.999999999999853,3.3094749450683594,1.855377435684204,-0.01715938188135624,0.18000003695487976,0.18,0.0,opening_bridge,0.18,0.0,opening_bridge,2.3095881182364173,0
901,9.009999999999852,3.311274766921997,1.8553465604782104,-0.01715938188135624,0.18000003695487976,0.18,0.0,opening_bridge,0.18,0.0,opening_bridge,2.311388204896325,0
902,9.019999999999852,3.3130745887756348,1.8553156852722168,-0.01715938188135624,0.18000003695487976,0.18,0.0,opening_bridge,0.18,0.0,opening_bridge,2.3131882915562323,0
903,9.029999999999852,3.3148744106292725,1.8552848100662231,-0.01715938188135624,0.18000003695487976,0.18,0.0,opening_bridge,0.18,0.0,opening_bridge,2.31498837821614,0
904,9.039999999999852,3.31667423248291,1.8552539348602295,-0.01715938188135624,0.18000003695487976,0.18,0.0,opening_bridge,0.18,0.0,opening_bridge,2.3167884648760473,0
905,9.049999999999851,3.318474054336548,1.8552230596542358,-0.01715938188135624,0.18000003695487976,0.18,0.0,opening_bridge,0.18,0.0,opening_bridge,2.318588551535955,0
906,9.059999999999851,3.3202738761901855,1.8551921844482422,-0.01715938188135624,0.18000003695487976,0.18,0.0,opening_bridge,0.18,0.0,opening_bridge,2.3203886381958623,0
907,9.069999999999851,3.3220736980438232,1.8551613092422485,-0.01715938188135624,0.18000003695487976,0.18,0.0,opening_bridge,0.18,0.0,opening_bridge,2.3221887248557698,0
908,9.07999999999985,3.323873519897461,1.8551304340362549,-0.01715938188135624,0.18000003695487976,0.18,0.0,opening_bridge,0.18,0.0,opening_bridge,2.3239888115156773,0
909,9.08999999999985,3.3256733417510986,1.8550995588302612,-0.01715938188135624,0.18000003695487976,0.18,0.0,opening_bridge,0.18,0.0,opening_bridge,2.3257888981755848,0
910,9.09999999999985,3.3274731636047363,1.8550686836242676,-0.01715938188135624,0.18000003695487976,0.18,0.0,opening_bridge,0.18,0.0,opening_bridge,2.3275889848354923,0
911,9.10999999999985,3.329272985458374,1.855037808418274,-0.01715938188135624,0.18000003695487976,0.18,0.0,opening_bridge,0.18,0.0,opening_bridge,2.3293890714953998,0
912,9.11999999999985,3.3310728073120117,1.8550069332122803,-0.01715938188135624,0.18000003695487976,0.18,0.0,opening_bridge,0.18,0.0,opening_bridge,2.3311891581553073,0
913,9.12999999999985,3.3328726291656494,1.8549760580062866,-0.01715938188135624,0.18000003695487976,0.18,0.0,opening_bridge,0.18,0.0,opening_bridge,2.3329892448152147,0
914,9.13999999999985,3.334672451019287,1.854945182800293,-0.01715938188135624,0.18000003695487976,0.18,0.0,opening_bridge,0.18,0.0,opening_bridge,2.3347893314751222,0
915,9.14999999999985,3.336472272872925,1.8549143075942993,-0.01715938188135624,0.18000003695487976,0.18,0.0,opening_bridge,0.18,0.0,opening_bridge,2.3365894181350297,0
916,9.15999999999985,3.3382720947265625,1.8548834323883057,-0.01715938188135624,0.18000003695487976,0.18,0.0,opening_bridge,0.18,0.0,opening_bridge,2.3383895047949372,0
917,9.169999999999849,3.3400719165802,1.854852557182312,-0.01715938188135624,0.18000003695487976,0.18,0.0,opening_bridge,0.18,0.0,opening_bridge,2.3401895914548447,0
918,9.179999999999849,3.341871738433838,1.8548216819763184,-0.01715938188135624,0.18000003695487976,0.18,0.0,opening_bridge,0.18,0.0,opening_bridge,2.3419896781147522,0
919,9.189999999999849,3.3436715602874756,1.8547908067703247,-0.01715938188135624,0.18000003695487976,0.18,0.0,opening_bridge,0.18,0.0,opening_bridge,2.3437897647746597,0
920,9.199999999999848,3.3454713821411133,1.854759931564331,-0.01715938188135624,0.18000003695487976,0.18,0.0,opening_bridge,0.18,0.0,opening_bridge,2.345589851434567,0
921,9.209999999999848,3.347271203994751,1.8547290563583374,-0.01715938188135624,0.18000003695487976,0.18,0.0,opening_bridge,0.18,0.0,opening_bridge,2.3473899380944747,0
922,9.219999999999848,3.3490710258483887,1.8546981811523438,-0.01715938188135624,0.18000003695487976,0.18,0.0,opening_bridge,0.18,0.0,opening_bridge,2.349190024754382,0
923,9.229999999999848,3.3508708477020264,1.85466730594635,-0.01715938188135624,0.18000003695487976,0.18,0.0,opening_bridge,0.18,0.0,opening_bridge,2.3509901114142897,0
924,9.239999999999847,3.352670669555664,1.8546364307403564,-0.01715938188135624,0.18000003695487976,0.18,0.0,opening_bridge,0.18,0.0,opening_bridge,2.352790198074197,0
925,9.249999999999847,3.3544704914093018,1.8546055555343628,-0.01715938188135624,0.18000003695487976,0.18,0.0,opening_bridge,0.18,0.0,opening_bridge,2.3545902847341047,0
926,9.259999999999847,3.3562703132629395,1.8545746803283691,-0.01715938188135624,0.18000003695487976,0.18,0.0,opening_bridge,0.18,0.0,opening_bridge,2.356390371394012,0
927,9.269999999999847,3.358070135116577,1.8545438051223755,-0.01715938188135624,0.18000003695487976,0.18,0.0,opening_bridge,0.18,0.0,opening_bridge,2.3581904580539197,0
928,9.279999999999847,3.359869956970215,1.8545129299163818,-0.01715938188135624,0.18000003695487976,0.18,0.0,opening_bridge,0.18,0.0,opening_bridge,2.359990544713827,0
929,9.289999999999846,3.3616697788238525,1.8544820547103882,-0.01715938188135624,0.18000003695487976,0.18,0.0,opening_bridge,0.18,0.0,opening_bridge,2.3617906313737347,0
930,9.299999999999846,3.3634696006774902,1.8544511795043945,-0.01715938188135624,0.18000003695487976,0.18,0.0,opening_bridge,0.18,0.0,opening_bridge,2.363590718033642,0
931,9.309999999999846,3.365269422531128,1.8544203042984009,-0.01715938188135624,0.18000003695487976,0.18,0.0,opening_bridge,0.18,0.0,opening_bridge,2.3653908046935497,0
932,9.319999999999846,3.3670692443847656,1.8543894290924072,-0.01715938188135624,0.18000003695487976,0.18,0.0,opening_bridge,0.18,0.0,opening_bridge,2.367190891353457,0
933,9.329999999999846,3.3688690662384033,1.8543585538864136,-0.01715938188135624,0.18000003695487976,0.18,0.0,opening_bridge,0.18,0.0,opening_bridge,2.3689909780133647,0
934,9.339999999999845,3.370668888092041,1.85432767868042,-0.01715938188135624,0.18000003695487976,0.18,0.0,opening_bridge,0.18,0.0,opening_bridge,2.370791064673272,0
935,9.349999999999845,3.3724687099456787,1.8542968034744263,-0.01715938188135624,0.18000003695487976,0.18,0.0,opening_bridge,0.18,0.0,opening_bridge,2.3725911513331797,0
936,9.359999999999845,3.3742685317993164,1.8542659282684326,-0.01715938188135624,0.18000003695487976,0.18,0.0,opening_bridge,0.18,0.0,opening_bridge,2.374391237993087,0
937,9.369999999999845,3.376068353652954,1.854235053062439,-0.01715938188135624,0.18000003695487976,0.18,0.0,opening_bridge,0.18,0.0,opening_bridge,2.3761913246529947,0
938,9.379999999999844,3.377868175506592,1.8542041778564453,-0.01715938188135624,0.18000003695487976,0.18,0.0,opening_bridge,0.18,0.0,opening_bridge,2.377991411312902,0
939,9.389999999999844,3.3796679973602295,1.8541733026504517,-0.01715938188135624,0.18000003695487976,0.18,0.0,opening_bridge,0.18,0.0,opening_bridge,2.3797914979728096,0
940,9.399999999999844,3.381467819213867,1.854142427444458,-0.01715938188135624,0.18000003695487976,0.18,0.0,opening_bridge,0.18,0.0,opening_bridge,2.381591584632717,0
941,9.409999999999844,3.383267641067505,1.8541115522384644,-0.01715938188135624,0.18000003695487976,0.18,0.0,opening_bridge,0.18,0.0,opening_bridge,2.3833916712926246,0
942,9.419999999999844,3.3850674629211426,1.8540806770324707,-0.01715938188135624,0.18000003695487976,0.18,0.0,opening_bridge,0.18,0.0,opening_bridge,2.385191757952532,0
943,9.429999999999843,3.3868672847747803,1.854049801826477,-0.01715938188135624,0.18000003695487976,0.18,0.0,opening_bridge,0.18,0.0,opening_bridge,2.3869918446124396,0
944,9.439999999999843,3.388667106628418,1.8540189266204834,-0.01715938188135624,0.18000003695487976,0.18,0.0,opening_bridge,0.18,0.0,opening_bridge,2.388791931272347,0
945,9.449999999999843,3.3904669284820557,1.8539880514144897,-0.01715938188135624,0.18000003695487976,0.18,0.0,opening_bridge,0.18,0.0,opening_bridge,2.3905920179322546,0
946,9.459999999999843,3.3922667503356934,1.853957176208496,-0.01715938188135624,0.18000003695487976,0.18,0.0,opening_bridge,0.18,0.0,opening_bridge,2.392392104592162,0
947,9.469999999999843,3.394066572189331,1.8539263010025024,-0.01715938188135624,0.18000003695487976,0.18,0.0,opening_bridge,0.18,0.0,opening_bridge,2.3941921912520696,0
948,9.479999999999842,3.3958663940429688,1.8538954257965088,-0.01715938188135624,0.18000003695487976,0.18,0.0,opening_bridge,0.18,0.0,opening_bridge,2.395992277911977,0
949,9.489999999999842,3.3976662158966064,1.8538645505905151,-0.01715938188135624,0.18000003695487976,0.18,0.0,opening_bridge,0.18,0.0,opening_bridge,2.3977923645718846,0
950,9.499999999999842,3.399466037750244,1.8538336753845215,-0.01715938188135624,0.18000003695487976,0.18,0.0,opening_bridge,0.18,0.0,opening_bridge,2.399592451231792,0
951,9.509999999999842,3.401265859603882,1.8538028001785278,-0.01715938188135624,0.18000003695487976,0.18,0.0,opening_bridge,0.18,0.0,opening_bridge,2.4013925378916996,0
952,9.519999999999841,3.4030656814575195,1.8537719249725342,-0.01715938188135624,0.18000003695487976,0.18,0.0,opening_bridge,0.18,0.0,opening_bridge,2.403192624551607,0
953,9.529999999999841,3.4048655033111572,1.8537410497665405,-0.01715938188135624,0.18000003695487976,0.18,0.0,opening_bridge,0.18,0.0,opening_bridge,2.4049927112115146,0
954,9.539999999999841,3.406665325164795,1.8537101745605469,-0.01715938188135624,0.18000003695487976,0.18,0.0,opening_bridge,0.18,0.0,opening_bridge,2.406792797871422,0
955,9.54999999999984,3.4084651470184326,1.8536792993545532,-0.01715938188135624,0.18000003695487976,0.18,0.0,opening_bridge,0.18,0.0,opening_bridge,2.4085928845313296,0
956,9.55999999999984,3.4102649688720703,1.8536484241485596,-0.01715938188135624,0.18000003695487976,0.18,0.0,opening_bridge,0.18,0.0,opening_bridge,2.410392971191237,0
957,9.56999999999984,3.412064790725708,1.853617548942566,-0.01715938188135624,0.18000003695487976,0.18,0.0,opening_bridge,0.18,0.0,opening_bridge,2.4121930578511446,0
958,9.57999999999984,3.4138665199279785,1.8535865545272827,-0.01724841073155403,0.1803804337978363,0.18799999999999983,-0.017999999999999617,tracking,0.18799999999999983,-0.017999999999999617,tracking,2.41399505362586,0
959,9.58999999999984,3.4156737327575684,1.8535552024841309,-0.0175164807587862,0.18112313747406006,0.19599999999999967,-0.035999999999999234,tracking,0.19599999999999967,-0.035999999999999234,tracking,2.4158025383870805,0
960,9.59999999999984,3.417490005493164,1.8535231351852417,-0.017785757780075073,0.18221093714237213,0.20399999999999952,-0.017999999999999617,tracking,0.20399999999999952,-0.017999999999999617,tracking,2.4176190941835607,0
961,9.60999999999984,3.419318914413452,1.8534904718399048,-0.01787598617374897,0.1836274117231369,0.21199999999999936,0.0,tracking,0.21199999999999936,0.0,tracking,2.4194482947556244,0
962,9.61999999999984,3.421163558959961,1.8534575700759888,-0.01778472028672695,0.18535692989826202,0.2199999999999992,0.017999999999999617,tracking,0.2199999999999992,0.017999999999999617,tracking,2.4212932327028285,0
963,9.62999999999984,3.4230270385742188,1.8534246683120728,-0.017508212476968765,0.18738460540771484,0.22800000000000045,0.03600000000000243,tracking,0.2279999999999992,0.03600000000000243,tracking,2.4231570027527067,0
964,9.639999999999839,3.424912214279175,1.8533920049667358,-0.01722884550690651,0.1896962672472,0.2360000000000003,0.054000000000002046,tracking,0.2359999999999992,0.054000000000002046,tracking,2.425042461405843,0
965,9.649999999999839,3.426821708679199,1.853359341621399,-0.01694544591009617,0.1922784149646759,0.24400000000000013,0.07200000000000166,tracking,0.24399999999999922,0.07200000000000166,tracking,2.426952235151042,0
966,9.659999999999838,3.428758382797241,1.8533269166946411,-0.01646587997674942,0.19511817395687103,0.25199999999999995,0.09000000000000127,tracking,0.2519999999999992,0.09000000000000127,tracking,2.428889180688575,0
967,9.669999999999838,3.430724620819092,1.8532952070236206,-0.01578289270401001,0.19820331037044525,0.2599999999999998,0.10800000000000089,tracking,0.25999999999999923,0.10800000000000089,tracking,2.4308556743859477,0
968,9.679999999999838,3.432723045349121,1.853264331817627,-0.015089322812855244,0.20152214169502258,0.2679999999999996,0.1260000000000005,tracking,0.26799999999999924,0.1260000000000005,tracking,2.432854337409213,0
969,9.689999999999838,3.434755802154541,1.8532342910766602,-0.01438327319920063,0.2050635665655136,0.27599999999999947,0.12138853540821688,tracking,0.27599999999999925,0.12138853540821688,tracking,2.4348873161784326,0
970,9.699999999999838,3.4368250370025635,1.8532053232192993,-0.013665168546140194,0.2088169902563095,0.2839999999999993,0.10457618055797832,tracking,0.28399999999999925,0.10457618055797832,tracking,2.43695675378151,0
971,9.709999999999837,3.4389328956604004,1.8531770706176758,-0.013143857941031456,0.21277233958244324,0.29200000000000054,0.08915042019112812,tracking,0.29199999999999926,0.08915042019112812,tracking,2.439064801772168,0
972,9.719999999999837,3.4410812854766846,1.8531494140625,-0.012611850164830685,0.21692001819610596,0.3000000000000004,0.07522948671800098,tracking,0.29999999999999927,0.07522948671800098,tracking,2.4412133695946387,0
973,9.729999999999837,3.4432718753814697,1.8531224727630615,-0.01207005325704813,0.22125087678432465,0.3080000000000002,0.07909663191864777,tracking,0.3079999999999993,0.07909663191864777,tracking,2.4434041251639713,0
974,9.739999999999837,3.4455068111419678,1.8530961275100708,-0.011516591534018517,0.2257561981678009,0.31600000000000006,0.07480994295213735,tracking,0.3159999999999993,0.07480994295213735,tracking,2.445639216196996,0
975,9.749999999999837,3.4477875232696533,1.8530704975128174,-0.010952535085380077,0.23042769730091095,0.3239999999999999,0.07270383877199954,tracking,0.3239999999999993,0.07270383877199954,tracking,2.447920072331462,0
976,9.759999999999836,3.450115919113159,1.8530454635620117,-0.010607686825096607,0.23525746166706085,0.33199999999999974,0.06322991528503301,tracking,0.3319999999999993,0.06322991528503301,tracking,2.4502486027484305,0
977,9.769999999999836,3.4524929523468018,1.8530206680297852,-0.01025480031967163,0.24018391966819763,0.3388631624487936,0.05923704607373717,tracking,0.3388631624487936,0.05923704607373717,tracking,2.452625765303297,0
978,9.779999999999836,3.454918146133423,1.8529962301254272,-0.009895570576190948,0.24488550424575806,0.3390606890364684,0.05895260778748552,tracking,0.3390606890364684,0.05895260778748552,tracking,2.455051082213277,0
979,9.789999999999836,3.4573898315429688,1.852972149848938,-0.009528673253953457,0.2494901418685913,0.34172330249027205,0.055118444414008275,tracking,0.34172330249027205,0.055118444414008275,tracking,2.457522884920509,0
980,9.799999999999836,3.459906816482544,1.8529486656188965,-0.009155823849141598,0.2539193630218506,0.3426389236660489,0.05379994992088956,tracking,0.3426389236660489,0.05379994992088956,tracking,2.460039979415181,0
981,9.809999999999835,3.4624664783477783,1.8529256582260132,-0.00877593457698822,0.25803491473197937,0.34047153532910635,0.05692098912608687,tracking,0.34047153532910635,0.05692098912608687,tracking,2.462599744678728,0
982,9.819999999999835,3.4650681018829346,1.8529033660888672,-0.008390519767999649,0.2623058557510376,0.34785513104891125,0.04628861128956781,tracking,0.34785513104891125,0.04628861128956781,tracking,2.4652014637177593,0
983,9.829999999999835,3.467710256576538,1.852881669998169,-0.007998439483344555,0.26612588763237,0.3426429316244685,0.05379417846076531,tracking,0.3426429316244685,0.05379417846076531,tracking,2.4678437074887394,0
984,9.839999999999835,3.4703900814056396,1.8528608083724976,-0.007601398043334484,0.26983538269996643,0.344138552339393,0.0516404846312741,tracking,0.344138552339393,0.0516404846312741,tracking,2.4705236135173334,0
985,9.849999999999834,3.4731063842773438,1.8528406620025635,-0.007198334205895662,0.2734360098838806,0.34555818411984557,0.04959621486742236,tracking,0.34555818411984557,0.04959621486742236,tracking,2.47323999109916,0
986,9.859999999999834,3.475858211517334,1.8528214693069458,-0.006790574640035629,0.2769622206687927,0.34759411830906806,0.04666446963494196,tracking,0.34759411830906806,0.04666446963494196,tracking,2.475991885268331,0
987,9.869999999999834,3.478645086288452,1.852803111076355,-0.006377040408551693,0.2804451286792755,0.3502094418867044,0.04289840368314565,tracking,0.3502094418867044,0.04289840368314565,tracking,2.4787788205052044,0
988,9.879999999999834,3.4814655780792236,1.8527858257293701,-0.005959090311080217,0.2836640775203705,0.348141270218238,0.04587657088573729,tracking,0.348141270218238,0.04587657088573729,tracking,2.4815993652619897,0
989,9.889999999999834,3.4843180179595947,1.852769374847412,-0.005535867065191269,0.28684577345848083,0.35057644526689985,0.04236991881566423,tracking,0.35057644526689985,0.04236991881566423,tracking,2.484451852580568,0
990,9.899999999999833,3.48720121383667,1.8527541160583496,-0.005108584649860859,0.289824903011322,0.34949801875290293,0.04392285299581978,tracking,0.34949801875290293,0.04392285299581978,tracking,2.4873350888345414,0
991,9.909999999999833,3.4901137351989746,1.8527398109436035,-0.004676496610045433,0.2926785945892334,0.34983960349163074,0.04343097097205176,tracking,0.34983960349163074,0.04343097097205176,tracking,2.490247645327073,0
992,9.919999999999833,3.4930551052093506,1.8527268171310425,-0.004240605514496565,0.29559677839279175,0.35404915532687814,0.037369216329295483,tracking,0.35404915532687814,0.037369216329295483,tracking,2.4931890440380786,0
993,9.929999999999833,3.496025323867798,1.8527147769927979,-0.003799977246671915,0.2984284460544586,0.35514843352400827,0.03578625572542811,tracking,0.35514843352400827,0.03578625572542811,tracking,2.4961592870994993,0
994,9.939999999999833,3.499022960662842,1.8527041673660278,-0.0033557091373950243,0.30112141370773315,0.3550631346292985,0.03590908613381015,tracking,0.3550631346292985,0.03590908613381015,tracking,2.499156942669971,0
995,9.949999999999832,3.5020463466644287,1.8526946306228638,-0.002907213754951954,0.303559273481369,0.35239064390241076,0.039757472780528484,tracking,0.35239064390241076,0.039757472780528484,tracking,2.5021803437125163,0
996,9.959999999999832,3.505094528198242,1.8526865243911743,-0.002455459674820304,0.30606746673583984,0.35630786493743294,0.03411667449009659,tracking,0.35630786493743294,0.03411667449009659,tracking,2.505228536025031,0
997,9.969999999999832,3.508167266845703,1.8526796102523804,-0.00199965201318264,0.308479368686676,0.35679097216768335,0.033421000078536,tracking,0.35679097216768335,0.033421000078536,tracking,2.5083012824514244,0
998,9.979999999999832,3.511263132095337,1.8526742458343506,-0.001540781813673675,0.31071555614471436,0.35550758275273386,0.0352690808360632,tracking,0.35550758275273386,0.0352690808360632,tracking,2.511397152348702,0
999,9.989999999999831,3.5143816471099854,1.8526697158813477,-0.0013869436224922538,0.312976598739624,0.358266583738706,0.03129611941626337,tracking,0.358266583738706,0.03129611941626337,tracking,2.514515670653452,0
1000,9.999999999999831,3.517521858215332,1.8526655435562134,-0.001231673639267683,0.3150639533996582,0.3568745806617824,0.033300603847033365,tracking,0.3568745806617824,0.033300603847033365,tracking,2.517655884530633,0
1001,10.009999999999831,3.5206828117370605,1.8526619672775269,-0.0010757183190435171,0.3171394467353821,0.3587125956334791,0.03065386228779008,tracking,0.3587125956334791,0.03065386228779008,tracking,2.5208168400754483,0
1002,10.01999999999983,3.5238637924194336,1.852658748626709,-0.0009184455848298967,0.31906482577323914,0.35763132361800026,0.032210893990079606,tracking,0.35763132361800026,0.032210893990079606,tracking,2.5239978223862045,0
1003,10.02999999999983,3.5270628929138184,1.8526564836502075,-0.0004439409531187266,0.3207789659500122,0.35511408595690863,0.03583571622205159,tracking,0.35511408595690863,0.03583571622205159,tracking,2.5271969236823955,0
1004,10.03999999999983,3.5302793979644775,1.8526558876037598,3.283845217083581e-05,0.3225173354148865,0.35733756689765345,0.032633903667379054,tracking,0.35733756689765345,0.032633903667379054,tracking,2.530413428788281,0
1005,10.04999999999983,3.533513069152832,1.852656364440918,0.00019241293193772435,0.3242153823375702,0.35822839277327045,0.03135111440649057,tracking,0.35822839277327045,0.03135111440649057,tracking,2.533647100011793,0
1006,10.05999999999983,3.5367636680603027,1.8526571989059448,0.0003531049005687237,0.3259109854698181,0.35987472500663414,0.02898039599044687,tracking,0.35987472500663414,0.02898039599044687,tracking,2.5368976990263716,0
1007,10.06999999999983,3.5400304794311523,1.852658748626709,0.0005143334856256843,0.3274748623371124,0.35880022115597515,0.03052768153539582,tracking,0.35880022115597515,0.03052768153539582,tracking,2.540164510764802,0
1008,10.07999999999983,3.5433127880096436,1.8526606559753418,0.0006765767466276884,0.3289925456047058,0.35939257284787196,0.029674695099064362,tracking,0.35939257284787196,0.029674695099064362,tracking,2.543446819897473,0
1009,10.08999999999983,3.546609878540039,1.852663278579712,0.0008393073221668601,0.33043497800827026,0.35932763327228645,0.029768208087907543,tracking,0.35932763327228645,0.029768208087907543,tracking,2.546743911470917,0
1010,10.09999999999983,3.5499210357666016,1.8526662588119507,0.001002963981591165,0.3318047523498535,0.35924196765172856,0.029891566581510886,tracking,0.35924196765172856,0.029891566581510886,tracking,2.55005507003867,0
1011,10.109999999999829,3.553245782852173,1.8526699542999268,0.001167065347544849,0.33313673734664917,0.35981728995927054,0.029063102458650417,tracking,0.35981728995927054,0.029063102458650417,tracking,2.5533798191780255,0
1012,10.119999999999829,3.556584119796753,1.8526740074157715,0.0013320607831701636,0.33451977372169495,0.3622227775849612,0.025599200277655904,tracking,0.3622227775849612,0.025599200277655904,tracking,2.5567181585830734,0
1013,10.129999999999828,3.5599365234375,1.852678894996643,0.0014975217636674643,0.3359650671482086,0.36491507247343846,0.021722295638248658,tracking,0.36491507247343846,0.021722295638248658,tracking,2.560070565786702,0
1014,10.139999999999828,3.563302755355835,1.8526841402053833,0.0016638909000903368,0.3372776508331299,0.36356928652140474,0.02366022740917719,tracking,0.36356928652140474,0.02366022740917719,tracking,2.5634368017915348,0
1015,10.149999999999828,3.5666816234588623,1.8526901006698608,0.0018306794809177518,0.338512659072876,0.3632507530713132,0.024118915577308938,tracking,0.3632507530713132,0.024118915577308938,tracking,2.5668156751518123,0
1016,10.159999999999828,3.5700724124908447,1.8526965379714966,0.0019982492085546255,0.3396502137184143,0.3624357369351638,0.025292538813364115,tracking,0.3624357369351638,0.025292538813364115,tracking,2.570206470294292,0
1017,10.169999999999828,3.573474645614624,1.8527036905288696,0.0021661987993866205,0.34081950783729553,0.3642410953173113,0.02269282274307174,tracking,0.3642410953173113,0.02269282274307174,tracking,2.5736087109365187,0
1018,10.179999999999827,3.5768883228302,1.8527113199234009,0.002334890654310584,0.3419046401977539,0.3636404829488564,0.02355770455364678,tracking,0.3636404829488564,0.02355770455364678,tracking,2.577022396677738,0
1019,10.189999999999827,3.5803122520446777,1.8527196645736694,0.0025039189495146275,0.3428625762462616,0.3620503529651674,0.02584749173015892,tracking,0.3620503529651674,0.02584749173015892,tracking,2.5804463360608088,0
1020,10.199999999999827,3.5837457180023193,1.8527284860610962,0.002673584735020995,0.34384045004844666,0.36342792119462597,0.023863793479738608,tracking,0.36342792119462597,0.023863793479738608,tracking,2.5838798133508054,0
1021,10.209999999999827,3.587188482284546,1.8527380228042603,0.0028435548301786184,0.3447112739086151,0.3621545566927315,0.025697438362466643,tracking,0.3621545566927315,0.025697438362466643,tracking,2.5873225908417923,0
1022,10.219999999999827,3.5906403064727783,1.8527480363845825,0.003014121437445283,0.3456520140171051,0.36449528344443816,0.02232679184000906,tracking,0.36449528344443816,0.02232679184000906,tracking,2.590774429554458,0
1023,10.229999999999826,3.5941007137298584,1.8527588844299316,0.0031849700026214123,0.34642499685287476,0.36190798342942254,0.026052503861631524,tracking,0.36190798342942254,0.026052503861631524,tracking,2.594234853815288,0
1024,10.239999999999826,3.5975687503814697,1.8527700901031494,0.0033563205506652594,0.3471758961677551,0.3622168939952245,0.025607672646876713,tracking,0.3622168939952245,0.025607672646876713,tracking,2.597702908570339,0
1025,10.249999999999826,3.601044178009033,1.852782130241394,0.003527914872393012,0.3479069173336029,0.36254938384702257,0.025128887260287537,tracking,0.36254938384702257,0.025128887260287537,tracking,2.6011783570535365,0
1026,10.259999999999826,3.6045267581939697,1.8527946472167969,0.003699987195432186,0.3486271798610687,0.3630541421877277,0.024402035249672133,tracking,0.3630541421877277,0.024402035249672133,tracking,2.6046609597324513,0
1027,10.269999999999825,3.6080164909362793,1.8528079986572266,0.003872290253639221,0.34930840134620667,0.36295367744154095,0.02454670448418103,tracking,0.36295367744154095,0.02454670448418103,tracking,2.608150718015443,0
1028,10.279999999999825,3.6115128993988037,1.852821707725525,0.004045035690069199,0.3499702513217926,0.36322717290478723,0.024152871017106364,tracking,0.36322717290478723,0.024152871017106364,tracking,2.6116471533538075,0
1029,10.289999999999825,3.615016222000122,1.85283625125885,0.004218010697513819,0.35070323944091797,0.36538533797494716,0.02104511331607607,tracking,0.36538533797494716,0.02104511331607607,tracking,2.6151505061426756,0
1030,10.299999999999825,3.6185266971588135,1.8528512716293335,0.004391456488519907,0.35139960050582886,0.3653477359317828,0.021099260258232697,tracking,0.3653477359317828,0.021099260258232697,tracking,2.6186610134352644,0
1031,10.309999999999825,3.622044324874878,1.8528671264648438,0.0045651341788470745,0.35211434960365295,0.36643095343026116,0.019539427060423952,tracking,0.36643095343026116,0.019539427060423952,tracking,2.622178676882019,0
1032,10.319999999999824,3.6255688667297363,1.8528834581375122,0.00473927054554224,0.35279127955436707,0.36635079792598035,0.019654850986588264,tracking,0.36635079792598035,0.019654850986588264,tracking,2.6257032565747176,0
1033,10.329999999999824,3.6290998458862305,1.8529006242752075,0.004913621116429567,0.3534177839756012,0.365966809158089,0.020207794812351892,tracking,0.365966809158089,0.020207794812351892,tracking,2.629234277458241,0
1034,10.339999999999824,3.632636785507202,1.852918267250061,0.005088370759040117,0.35400232672691345,0.3657109749994124,0.020576196000846116,tracking,0.3657109749994124,0.020576196000846116,tracking,2.632771261082314,0
1035,10.349999999999824,3.636179208755493,1.8529367446899414,0.005263298284262419,0.35450032353401184,0.364475551326336,0.022355206090076116,tracking,0.364475551326336,0.022355206090076116,tracking,2.6363137325198585,0
1036,10.359999999999824,3.6397266387939453,1.8529555797576904,0.00543855270370841,0.35499510169029236,0.3649058430920276,0.02173558594748027,tracking,0.3649058430920276,0.02173558594748027,tracking,2.6398612125603225,0
1037,10.369999999999823,3.6432788372039795,1.8529753684997559,0.005613964982330799,0.3554587662220001,0.3647464692366015,0.02196508429929385,tracking,0.3647464692366015,0.02196508429929385,tracking,2.6434134660899233,0
1038,10.379999999999823,3.646836042404175,1.85299551486969,0.005789702292531729,0.35598158836364746,0.3664537478342545,0.0195066031186735,tracking,0.3664537478342545,0.0195066031186735,tracking,2.646970728339536,0
1039,10.389999999999823,3.6503984928131104,1.8530166149139404,0.005965612828731537,0.3565114140510559,0.36712392490758483,0.018541548133077842,tracking,0.36712392490758483,0.018541548133077842,tracking,2.6505332412346694,0
1040,10.399999999999823,3.6539664268493652,1.8530380725860596,0.006141888443380594,0.35708972811698914,0.3686738077595888,0.016309716826192117,tracking,0.3686738077595888,0.016309716826192117,tracking,2.654101239793912,0
1041,10.409999999999823,3.6575398445129395,1.8530604839324951,0.006318347994238138,0.35762840509414673,0.3684185168798964,0.016677335692949175,tracking,0.3684185168798964,0.016677335692949175,tracking,2.657674727735237,0
1042,10.419999999999822,3.661118268966675,1.8530832529067993,0.006495126057416201,0.35805758833885193,0.36665441600228954,0.019217640956703107,tracking,0.36665441600228954,0.019217640956703107,tracking,2.6612532246260114,0
1043,10.429999999999822,3.664701223373413,1.85310697555542,0.006672053597867489,0.35853710770606995,0.36814227513257325,0.017075123809094518,tracking,0.36814227513257325,0.017075123809094518,tracking,2.664836257565411,0
1044,10.439999999999822,3.6682887077331543,1.8531311750411987,0.006849281955510378,0.3589702248573303,0.36764585102750724,0.017789974520389572,tracking,0.36764585102750724,0.017789974520389572,tracking,2.6684238235434106,0
1045,10.449999999999822,3.6718802452087402,1.8531562089920044,0.007026647217571735,0.359370619058609,0.36739098987069174,0.018156974586203932,tracking,0.36739098987069174,0.018156974586203932,tracking,2.6720154482645126,0
1046,10.459999999999821,3.675476312637329,1.8531817197799683,0.00720431050285697,0.3598743677139282,0.36996489207989547,0.014450555404950556,tracking,0.36996489207989547,0.014450555404950556,tracking,2.675611606179741,0
1047,10.469999999999821,3.6790771484375,1.853208065032959,0.007382127922028303,0.3603094816207886,0.369025006622513,0.01580399046358135,tracking,0.369025006622513,0.01580399046358135,tracking,2.679212538355185,0
1048,10.479999999999821,3.6826822757720947,1.853234887123108,0.007560236379504204,0.36075738072395325,0.3697292091701924,0.014789938794922883,tracking,0.3697292091701924,0.014789938794922883,tracking,2.6828177654663614,0
1049,10.48999999999982,3.6862921714782715,1.8532626628875732,0.0077384947799146175,0.361221045255661,0.3705084499288908,0.013667832102397266,tracking,0.3705084499288908,0.013667832102397266,tracking,2.6864277680290427,0
1050,10.49999999999982,3.689906358718872,1.8532907962799072,0.007917049340903759,0.36165615916252136,0.37037176519942233,0.013864658112831834,tracking,0.37037176519942233,0.013864658112831834,tracking,2.690042064765323,0
1051,10.50999999999982,3.6935250759124756,1.8533198833465576,0.008095750585198402,0.3621104955673218,0.37121119682376835,0.0126558765737736,tracking,0.37121119682376835,0.0126558765737736,tracking,2.6936608988572273,0
1052,10.51999999999982,3.697148323059082,1.8533494472503662,0.008274747990071774,0.3625573515892029,0.37150794720367686,0.012228556026705324,tracking,0.37150794720367686,0.012228556026705324,tracking,2.697284266615239,0
1053,10.52999999999982,3.700775623321533,1.8533798456192017,0.008453876711428165,0.36290663480758667,0.369902701383942,0.014540110007123543,tracking,0.369902701383942,0.014540110007123543,tracking,2.7009116942512925,0
1054,10.53999999999982,3.70440673828125,1.8534107208251953,0.008633260615170002,0.3633328974246979,0.3718708389689703,0.011705991884682803,tracking,0.3718708389689703,0.011705991884682803,tracking,2.7045429404738757,0
1055,10.54999999999982,3.7080419063568115,1.8534425497055054,0.008812779560685158,0.3637244999408722,0.3715687141512587,0.012141051622187498,tracking,0.3715687141512587,0.012141051622187498,tracking,2.708178247890753,0
1056,10.55999999999982,3.7116808891296387,1.8534748554229736,0.008992550894618034,0.3640998601913452,0.37161881146625225,0.012068911488596758,tracking,0.37161881146625225,0.012068911488596758,tracking,2.711817374060634,0
1057,10.569999999999819,3.7153236865997314,1.8535079956054688,0.009172446094453335,0.36447909474372864,0.37207548373420984,0.011411303422737863,tracking,0.37207548373420984,0.011411303422737863,tracking,2.715460322273251,0
1058,10.579999999999819,3.7189698219299316,1.853541612625122,0.00935255829244852,0.36475735902786255,0.37033096633896156,0.013923408471895379,tracking,0.37033096633896156,0.013923408471895379,tracking,2.7191066125730137,0
1059,10.589999999999819,3.72261905670166,1.8535761833190918,0.009532779455184937,0.3651446998119354,0.37290327240006516,0.010219287743906184,tracking,0.37290327240006516,0.010219287743906184,tracking,2.722756011092232,0
1060,10.599999999999818,3.7262721061706543,1.8536112308502197,0.009713247418403625,0.36550605297088623,0.3727439838892108,0.010448663199536436,tracking,0.3727439838892108,0.010448663199536436,tracking,2.7264092286812014,0
1061,10.609999999999818,3.729928970336914,1.853647232055664,0.009893842041492462,0.36591628193855286,0.37413342523668813,0.008447867659169061,tracking,0.37413342523668813,0.008447867659169061,tracking,2.7300662700560383,0
1062,10.619999999999818,3.7335898876190186,1.8536837100982666,0.010074693709611893,0.36628612875938416,0.3736941303789666,0.009080452254288145,tracking,0.3736941303789666,0.009080452254288145,tracking,2.7337273690705426,0
1063,10.629999999999818,3.7372546195983887,1.853721022605896,0.010255677625536919,0.36671704053878784,0.3753485969212557,0.006698020433391782,tracking,0.3753485969212557,0.006698020433391782,tracking,2.737392290993837,0
1064,10.639999999999818,3.7409231662750244,1.8537588119506836,0.010436909273266792,0.36703789234161377,0.3734649270607874,0.009410505032466222,tracking,0.3734649270607874,0.009410505032466222,tracking,2.741061032297504,0
1065,10.649999999999817,3.7445950508117676,1.8537975549697876,0.010618253611028194,0.3674032986164093,0.3747223538554916,0.007599810448092169,tracking,0.3747223538554916,0.007599810448092169,tracking,2.744733121222449,0
1066,10.659999999999817,3.7482707500457764,1.8538367748260498,0.010799840092658997,0.3677726089954376,0.37517023998679083,0.006954854419021184,tracking,0.37517023998679083,0.006954854419021184,tracking,2.7484090296892116,0
1067,10.669999999999817,3.7519497871398926,1.8538769483566284,0.010981539264321327,0.3680904805660248,0.37445731539066474,0.00798146583744277,tracking,0.37445731539066474,0.00798146583744277,tracking,2.7520882861157796,0
1068,10.679999999999817,3.755632162094116,1.8539175987243652,0.011163448914885521,0.3684103488922119,0.3748177064444179,0.007462502720038206,tracking,0.3748177064444179,0.007462502720038206,tracking,2.7557708854363536,0
1069,10.689999999999817,3.7593178749084473,1.8539592027664185,0.011345474049448967,0.3687945008277893,0.37648949468429893,0.005055127654609536,tracking,0.37648949468429893,0.005055127654609536,tracking,2.7594568330548146,0
1070,10.699999999999816,3.763007402420044,1.8540012836456299,0.011527744121849537,0.36915239691734314,0.3763213476875179,0.005297259329974213,tracking,0.3763213476875179,0.005297259329974213,tracking,2.7631466005351886,0
1071,10.709999999999816,3.766700506210327,1.8540443181991577,0.011710128746926785,0.3694957494735718,0.3763732753804857,0.005222483452100612,tracking,0.3763732753804857,0.005222483452100612,tracking,2.7668399550508833,0
1072,10.719999999999816,3.7703969478607178,1.8540878295898438,0.011892734095454216,0.3698219358921051,0.3763554131465791,0.005248205068926096,tracking,0.3763554131465791,0.005248205068926096,tracking,2.770536652782084,0
1073,10.729999999999816,3.7740962505340576,1.8541322946548462,0.01207544095814228,0.37011122703552246,0.37590604884481604,0.005895289663464869,tracking,0.37590604884481604,0.005895289663464869,tracking,2.7742362226774886,0
1074,10.739999999999815,3.777798652648926,1.8541772365570068,0.01225834060460329,0.37040606141090393,0.37631171070402797,0.005311136586199706,tracking,0.37631171070402797,0.005311136586199706,tracking,2.7779388975477346,0
1075,10.749999999999815,3.7815043926239014,1.8542231321334839,0.012441353872418404,0.37080395221710205,0.37877369466923333,0.0017658796763040403,tracking,0.37877369466923333,0.0017658796763040403,tracking,2.7816449217200887,0
1076,10.759999999999815,3.7852137088775635,1.8542695045471191,0.012624608352780342,0.3711393177509308,0.37785663511301854,0.0030864454372533275,tracking,0.37785663511301854,0.0030864454372533275,tracking,2.785354527827269,0
1077,10.769999999999815,3.788926601409912,1.8543168306350708,0.012807978317141533,0.3715033531188965,0.3787954801167255,0.0017345086319153144,tracking,0.3787954801167255,0.0017345086319153144,tracking,2.7890677219664664,0
1078,10.779999999999815,3.7926433086395264,1.8543641567230225,0.01262435968965292,0.37189337611198425,0.37970555427963876,-0.00042400183732018044,tracking,0.37970555427963876,-0.00042400183732018044,tracking,2.792784730493396,0
1079,10.789999999999814,3.796363353729248,1.8544106483459473,0.012440627440810204,0.3721974790096283,0.3782886211273855,0.0024643855765648735,tracking,0.3782886211273855,0.0024643855765648735,tracking,2.7965050660885495,0
1080,10.799999999999814,3.80008602142334,1.854457139968872,0.012624530121684074,0.37241074442863464,0.3766828409067892,0.004776709094223522,tracking,0.3766828409067892,0.004776709094223522,tracking,2.800228024083429,0
1081,10.809999999999814,3.8038110733032227,1.8545045852661133,0.012808508239686489,0.37265434861183167,0.37753381670537417,0.003551303944261175,tracking,0.37753381670537417,0.003551303944261175,tracking,2.803953378102049,0
1082,10.819999999999814,3.8075385093688965,1.8545525074005127,0.01299264095723629,0.37288209795951843,0.37744417554936915,0.0036803872089084637,tracking,0.37744417554936915,0.0036803872089084637,tracking,2.8076811222127214,0
1083,10.829999999999814,3.8112680912017822,1.8546013832092285,0.01317685004323721,0.37311455607414246,0.37777101153573817,0.003209743388537023,tracking,0.37777101153573817,0.003209743388537023,tracking,2.811411024288228,0
1084,10.839999999999813,3.815000295639038,1.8546507358551025,0.01336122490465641,0.37338578701019287,0.3788187000449272,0.0017010719353048355,tracking,0.3788187000449272,0.0017010719353048355,tracking,2.8151435550175226,0
1085,10.849999999999813,3.818735361099243,1.8547011613845825,0.013545693829655647,0.37368765473365784,0.37973443718923305,-0.00038241044750441343,tracking,0.37973443718923305,-0.00038241044750441343,tracking,2.8188789608490272,0
1086,10.859999999999813,3.8224732875823975,1.8547520637512207,0.01373035367578268,0.37396612763404846,0.3795442801814457,0.0006562365387181614,tracking,0.3795442801814457,0.0006562365387181614,tracking,2.8226172339054525,0
1087,10.869999999999813,3.826213836669922,1.8548039197921753,0.013915101997554302,0.37422242760658264,0.3793564527651542,-0.0009267080181780234,tracking,0.3793564527651542,-0.0009267080181780234,tracking,2.8263581424214634,0
1088,10.879999999999812,3.829956531524658,1.8548557758331299,0.013730211183428764,0.3743973672389984,0.3779011986163726,-0.0030222739924234392,tracking,0.3779011986163726,-0.0030222739924234392,tracking,2.8301011964986382,0
1089,10.889999999999812,3.8337008953094482,1.854906678199768,0.013545268215239048,0.3745432496070862,0.3774655668308905,-0.0036495837635176585,tracking,0.3774655668308905,-0.0036495837635176585,tracking,2.8338459062609265,0
1090,10.899999999999812,3.837446689605713,1.8549576997756958,0.013730304315686226,0.37468084692955017,0.37743689161816113,0.003690876069847967,tracking,0.37743689161816113,0.003690876069847967,tracking,2.8375920480242796,0
1091,10.909999999999812,3.8411943912506104,1.85500967502594,0.013915403746068478,0.3749271631240845,0.379861243324231,0.0001998096131073778,tracking,0.379861243324231,0.0001998096131073778,tracking,2.841340110062961,0
1092,10.919999999999812,3.844944477081299,1.855061650276184,0.013730145990848541,0.37516093254089355,0.37984354496825523,-0.0002252952457125132,tracking,0.37984354496825523,-0.0002252952457125132,tracking,2.8450905560583286,0
1093,10.929999999999811,3.848696708679199,1.8551126718521118,0.01354481652379036,0.3753597140312195,0.3793413519975594,-0.0009484531235144766,tracking,0.3793413519975594,-0.0009484531235144766,tracking,2.8488431345272605,0
1094,10.939999999999811,3.8524506092071533,1.855163812637329,0.013730261474847794,0.3755125105381012,0.37857278787494414,0.002055185460080473,tracking,0.37857278787494414,0.002055185460080473,tracking,2.8525973833940363,0
1095,10.949999999999811,3.8562064170837402,1.8552157878875732,0.013915762305259705,0.37570124864578247,0.3794818591668112,0.0007461227997918526,tracking,0.3794818591668112,0.0007461227997918526,tracking,2.856353550886637,0
1096,10.95999999999981,3.8599636554718018,1.855267882347107,0.01373016182333231,0.37581461668014526,0.3780854652822698,-0.002756929993531572,tracking,0.3780854652822698,-0.002756929993531572,tracking,2.8601111504046055,0
1097,10.96999999999981,3.863722324371338,1.8553190231323242,0.013544511049985886,0.3760072886943817,0.3798666563485646,0.00019201485806702272,tracking,0.3798666563485646,0.00019201485806702272,tracking,2.8638701672010902,0
1098,10.97999999999981,3.867482900619507,1.8553701639175415,0.013730274513363838,0.37615662813186646,0.37914769956581024,0.0012273126252332258,tracking,0.37914769956581024,0.0012273126252332258,tracking,2.867631091169772,0
1099,10.98999999999981,3.8712449073791504,1.8554222583770752,0.013916091062128544,0.37633246183395386,0.379854537187789,0.00020946644958384775,tracking,0.379854537187789,0.00020946644958384775,tracking,2.8713934586016316,0
1100,10.99999999999981,3.8750078678131104,1.8554743528366089,0.013730213046073914,0.3763408362865448,0.37650860871546316,-0.005027603449733078,tracking,0.37650860871546316,-0.005027603449733078,tracking,2.875156779616409,0
1101,11.00999999999981,3.8787713050842285,1.8555256128311157,0.013544321060180664,0.3764190077781677,0.3779850900112064,-0.0029014703838628284,tracking,0.3779850900112064,-0.0029014703838628284,tracking,2.8789205659653767,0
1102,11.01999999999981,3.882535934448242,1.8555768728256226,0.013730283826589584,0.3765547275543213,0.3792733424182247,0.001046386917756428,tracking,0.3792733424182247,0.001046386917756428,tracking,2.882685544296713,0
1103,11.02999999999981,3.8863015174865723,1.8556290864944458,0.013916278257966042,0.3766136169433594,0.3777929386725968,-0.0031781683114606493,tracking,0.3777929386725968,-0.0031781683114606493,tracking,2.8864514893156654,0
1104,11.039999999999809,3.8900654315948486,1.8556811809539795,0.01373039186000824,0.3762266933917999,0.3745793395484787,-0.0078057510501906594,tracking,0.3745793395484787,-0.0078057510501906594,tracking,2.8902157639134063,0
1105,11.049999999999809,3.893827199935913,1.8557323217391968,0.013544576242566109,0.3761860728263855,0.37601312367224743,-0.005741101911963732,tracking,0.37601312367224743,-0.005741101911963732,tracking,2.8939778798648024,0
1106,11.059999999999809,3.8975892066955566,1.8557831048965454,0.013358745723962784,0.3762718141078949,0.3779894802531994,-0.0028951484353928487,tracking,0.3779894802531994,-0.0028951484353928487,tracking,2.897740229368593,0
1107,11.069999999999808,3.9013521671295166,1.8558329343795776,0.013172884471714497,0.37636950612068176,0.3783266299685928,0.00240965284522642,tracking,0.3783266299685928,0.00240965284522642,tracking,2.9015035197114885,0
1108,11.079999999999808,3.905115842819214,1.8558827638626099,0.013358802534639835,0.37644606828689575,0.3779798107667646,0.0029090724958589307,tracking,0.3779798107667646,0.0029090724958589307,tracking,2.90526752524743,0
1109,11.089999999999808,3.9088807106018066,1.8559335470199585,0.013544757850468159,0.37659212946891785,0.3795176542427702,-0.0006945778904109421,tracking,0.3795176542427702,-0.0006945778904109421,tracking,2.909032735513733,0
1110,11.099999999999808,3.912647008895874,1.8559848070144653,0.013730807229876518,0.37673163414001465,0.37952579015980475,0.0006828621698811684,tracking,0.37952579015980475,0.0006828621698811684,tracking,2.912799382620502,0
1111,11.109999999999808,3.916414737701416,1.8560370206832886,0.013916902244091034,0.3768730163574219,0.3797049260173375,-0.0004249065350340033,tracking,0.3797049260173375,-0.0004249065350340033,tracking,2.9165674732005336,0
1112,11.119999999999807,3.9201836585998535,1.8560892343521118,0.013730715960264206,0.3770067095756531,0.37968454603620805,-0.0004542537078604074,tracking,0.37968454603620805,-0.0004542537078604074,tracking,2.920336755759044,0
1113,11.129999999999807,3.9239540100097656,1.8561404943466187,0.013544490560889244,0.37711113691329956,0.3792027804891391,0.0011479960956397063,tracking,0.3792027804891391,0.0011479960956397063,tracking,2.92410745560672,0
1114,11.139999999999807,3.927725315093994,1.8561917543411255,0.013730788603425026,0.3772273659706116,0.37955564017048077,0.0006398781545077295,tracking,0.37955564017048077,0.0006398781545077295,tracking,2.927879109040609,0
1115,11.149999999999807,3.931497812271118,1.8562439680099487,0.013917125761508942,0.37734851241111755,0.3797751031324594,-0.00032385148925850177,tracking,0.3797751031324594,-0.00032385148925850177,tracking,2.9316519675349895,0
1116,11.159999999999807,3.9352712631225586,1.8562963008880615,0.013730720616877079,0.3774336874485016,0.3791397721007309,-0.001238728174947504,tracking,0.3791397721007309,-0.001238728174947504,tracking,2.9354257812636155,0
1117,11.169999999999806,3.9390456676483154,1.856347680091858,0.013544290326535702,0.3775016963481903,0.3788641650239607,-0.0016356023654965895,tracking,0.3788641650239607,-0.0016356023654965895,tracking,2.939200535473711,0
1118,11.179999999999806,3.9428210258483887,1.856398582458496,0.013357800431549549,0.37761637568473816,0.37991323976717045,-0.00012493473527452285,tracking,0.37991323976717045,-0.00012493473527452285,tracking,2.9429762368111834,0
1119,11.189999999999806,3.9465973377227783,1.8564485311508179,0.013171274214982986,0.3777198791503906,0.3797932185446775,-0.0002977652956643907,tracking,0.3797932185446775,-0.0002977652956643907,tracking,2.9467528790029354,0
1120,11.199999999999806,3.9503746032714844,1.8564984798431396,0.013357860967516899,0.37779998779296875,0.37940467449180715,0.0008572687317977366,tracking,0.37940467449180715,0.0008572687317977366,tracking,2.950530474785613,0
1121,11.209999999999805,3.9541525840759277,1.8565493822097778,0.013544474728405476,0.3778870701789856,0.3796315652465952,0.0005305460449029544,tracking,0.3796315652465952,0.0005305460449029544,tracking,2.9543087984892775,0
1122,11.219999999999805,3.9579312801361084,1.856600284576416,0.01335782092064619,0.37792009115219116,0.37858152085889896,-0.0020426099631855243,tracking,0.37858152085889896,-0.0020426099631855243,tracking,2.958087837383779,0
1123,11.229999999999805,3.9617106914520264,1.8566503524780273,0.013171147555112839,0.3780077397823334,0.3797634183880546,0.00034067752120135915,tracking,0.3797634183880546,0.00034067752120135915,tracking,2.961867580323406,0
1124,11.239999999999805,3.9654905796051025,1.8567004203796387,0.013357862830162048,0.378047913312912,0.3788526047974888,0.0016522490916161328,tracking,0.3788526047974888,0.0016522490916161328,tracking,2.96564780005836,0
1125,11.249999999999805,3.969271183013916,1.8567514419555664,0.0135445985943079,0.3781295716762543,0.3797649381111948,0.00033848911987942494,tracking,0.3797649381111948,0.00033848911987942494,tracking,2.9694287477353245,0
1126,11.259999999999804,3.973052501678467,1.8568024635314941,0.013357812538743019,0.3781994581222534,0.37959961620275623,-0.0005765526680310065,tracking,0.37959961620275623,-0.0005765526680310065,tracking,2.973210410602912,0
1127,11.269999999999804,3.976834297180176,1.8568525314331055,0.01317101065069437,0.3782293200492859,0.378827548976522,0.0016883294738083308,tracking,0.378827548976522,0.0016883294738083308,tracking,2.9769925375192803,0
1128,11.279999999999804,3.980616331100464,1.8569025993347168,0.013357827439904213,0.3782452642917633,0.3785646517446206,0.0020669014877463168,tracking,0.3785646517446206,0.0020669014877463168,tracking,2.9807749028333372,0
1129,11.289999999999804,3.98439884185791,1.8569536209106445,0.01354465913027525,0.37831607460975647,0.37973438483104344,-0.00038248584329747797,tracking,0.37973438483104344,-0.00038248584329747797,tracking,2.9845577576853515,0
1130,11.299999999999804,3.9881820678710938,1.8570051193237305,0.013731534592807293,0.37837836146354675,0.37962614574763126,0.0005383501234109724,tracking,0.37962614574763126,0.0005383501234109724,tracking,2.9883413341882625,0
1131,11.309999999999803,3.9919652938842773,1.8570575714111328,0.013918410055339336,0.37831780314445496,0.3780600145585357,-0.0027935790357085564,tracking,0.3780600145585357,-0.0027935790357085564,tracking,2.9921249237918404,0
1132,11.319999999999803,3.995748281478882,1.8571100234985352,0.013731550425291061,0.3783305883407593,0.3785866599957853,-0.002035209606069198,tracking,0.3785866599957853,-0.002035209606069198,tracking,2.995908274999752,0
1133,11.329999999999803,3.9995315074920654,1.857161521911621,0.013544679619371891,0.37838220596313477,0.3794159357785846,-0.0008410524788381229,tracking,0.3794159357785846,-0.0008410524788381229,tracking,2.999691851502663,0
1134,11.339999999999803,4.003314971923828,1.8572125434875488,0.013357778079807758,0.378424733877182,0.37927664862817195,-0.0010416259754323616,tracking,0.37927664862817195,-0.0010416259754323616,tracking,3.0034756599422674,0
1135,11.349999999999802,4.007099151611328,1.8572626113891602,0.01317086536437273,0.37844881415367126,0.37893088618334214,0.0015395238959872845,tracking,0.37893088618334214,0.0015395238959872845,tracking,3.0072601708356403,0
1136,11.359999999999802,4.010883808135986,1.8573124408721924,0.01317086536437273,0.37851959466934204,0.37993740799887116,-9.013248162556727e-05,tracking,0.37993740799887116,-9.013248162556727e-05,tracking,3.0110451553781474,0
1137,11.369999999999802,4.0146684646606445,1.8573625087738037,0.013357809744775295,0.3784865438938141,0.37834585459976233,0.0023819693763422094,tracking,0.37834585459976233,0.0023819693763422094,tracking,3.014830143066953,0
1138,11.379999999999802,4.018453121185303,1.8574135303497314,0.013544759713113308,0.37855198979377747,0.3798630843260376,-0.0001971585705058303,tracking,0.3798630843260376,-0.0001971585705058303,tracking,3.018615143491107,0
1139,11.389999999999802,4.022237777709961,1.8574645519256592,0.013357819989323616,0.3784571588039398,0.37805339226882134,-0.002803115132897299,tracking,0.37805339226882134,-0.002803115132897299,tracking,3.0224001439152612,0
1140,11.399999999999801,4.026022434234619,1.8575146198272705,0.013170887716114521,0.37850531935691833,0.37946980697454163,-0.0007634779566600353,tracking,0.37946980697454163,-0.0007634779566600353,tracking,3.0261851316040667,0
1141,11.409999999999801,4.0298075675964355,1.8575646877288818,0.013357855379581451,0.37856602668762207,0.3797820409110546,0.00031386108808136633,tracking,0.3797820409110546,0.00031386108808136633,tracking,3.029970596088315,0
1142,11.419999999999801,4.033592700958252,1.8576157093048096,0.013544823043048382,0.37850186228752136,0.3782286835793069,-0.002550695645798122,tracking,0.3782286835793069,-0.002550695645798122,tracking,3.0337560733063085,0
1143,11.4299999999998,4.037376880645752,1.8576667308807373,0.013357901945710182,0.37842562794685364,0.3781010286696067,-0.0027345187157663373,tracking,0.3781010286696067,-0.0027345187157663373,tracking,3.0375405969366347,0
1144,11.4399999999998,4.041161060333252,1.8577167987823486,0.01317098829895258,0.3784536123275757,0.37901444129364154,-0.0014192045371561723,tracking,0.37901444129364154,-0.0014192045371561723,tracking,3.0413251078300076,0
1145,11.4499999999998,4.04494571685791,1.85776686668396,0.013357930816709995,0.3785132169723511,0.3797072776411634,0.0004215201967247128,tracking,0.3797072776411634,0.0004215201967247128,tracking,3.045110095518813,0
1146,11.4599999999998,4.04872989654541,1.8578178882598877,0.013544859364628792,0.3783709704875946,0.3777652915329447,-0.003217980192559633,tracking,0.3777652915329447,-0.003217980192559633,tracking,3.0488946191491393,0
1147,11.4699999999998,4.052513122558594,1.8578689098358154,0.01335799228399992,0.3783254325389862,0.3781314845708634,-0.0026906622179567173,tracking,0.3781314845708634,-0.0026906622179567173,tracking,3.0526781891918424,0
1148,11.4799999999998,4.056295871734619,1.8579189777374268,0.01317113172262907,0.3783303499221802,0.3784290796059851,-0.0022621253673814857,tracking,0.3784290796059851,-0.0022621253673814857,tracking,3.056461269698981,0
1149,11.4899999999998,4.0600786209106445,1.8579685688018799,0.012984269298613071,0.3783318102359772,0.378361157690435,-0.002359932925773584,tracking,0.378361157690435,-0.002359932925773584,tracking,3.0602443439253735,0
1150,11.4999999999998,4.063861846923828,1.8580172061920166,0.012797396630048752,0.37839293479919434,0.3796172973233438,-0.0005510918543849249,tracking,0.3796172973233438,-0.0005510918543849249,tracking,3.064027882568304,0
1151,11.509999999999799,4.067646026611328,1.8580656051635742,0.012797396630048752,0.3784685432910919,0.37998326992714776,-2.4091304907235267e-05,tracking,0.37998326992714776,-2.4091304907235267e-05,tracking,3.06781237175018,0
1152,11.519999999999799,4.071430683135986,1.8581137657165527,0.012610443867743015,0.37853628396987915,0.37989318732838756,-0.000153810247121953,tracking,0.37989318732838756,-0.000153810247121953,tracking,3.0715973346890344,0
1153,11.529999999999799,4.075215816497803,1.8581609725952148,0.01242347713559866,0.37855634093284607,0.3789580349272512,-0.0015004297047582242,tracking,0.3789580349272512,-0.0015004297047582242,tracking,3.0753827624133647,0
1154,11.539999999999798,4.079000949859619,1.8582078218460083,0.012236502021551132,0.37856125831604004,0.37865979656840487,-0.001929892941496991,tracking,0.37865979656840487,-0.001929892941496991,tracking,3.079168185694721,0
1155,11.549999999999798,4.082786560058594,1.8582537174224854,0.012049520388245583,0.37859511375427246,0.3792733315058149,0.0010464026316265515,tracking,0.3792733315058149,0.0010464026316265515,tracking,3.0829540740954164,0
1156,11.559999999999798,4.086572647094727,1.8582996129989624,0.012236524373292923,0.37863120436668396,0.3793540137063841,0.0009302202628069176,tracking,0.3793540137063841,0.0009302202628069176,tracking,3.086740439298235,0
1157,11.569999999999798,4.090358734130859,1.8583464622497559,0.012423543259501457,0.37868523597717285,0.3797677599546013,-0.000334425665374111,tracking,0.3797677599546013,-0.000334425665374111,tracking,3.0905268161808856,0
1158,11.579999999999798,4.09414529800415,1.8583933115005493,0.012236513197422028,0.3786650002002716,0.37857890473420824,-0.0020463771827401176,tracking,0.37857890473420824,-0.0020463771827401176,tracking,3.0943136698641975,0
1159,11.589999999999797,4.097931861877441,1.8584392070770264,0.012049482204020023,0.3786907494068146,0.3792064601631636,-0.0011426973650444172,tracking,0.3792064601631636,-0.0011426973650444172,tracking,3.0981005118691476,0
1160,11.599999999999797,4.101718902587891,1.8584846258163452,0.01186242513358593,0.37874314188957214,0.3797926056192496,-0.00029864790828059047,tracking,0.3797926056192496,-0.00029864790828059047,tracking,3.101887824927832,0
1161,11.609999999999797,4.10550594329834,1.8585290908813477,0.011675356887280941,0.3787577450275421,0.37904996447520667,-0.0013680511557023853,tracking,0.37904996447520667,-0.0013680511557023853,tracking,3.1056751266697855,0
1162,11.619999999999797,4.109293460845947,1.85857355594635,0.011862433515489101,0.3787704408168793,0.37902468248840304,0.001404457216699657,tracking,0.37902468248840304,0.001404457216699657,tracking,3.1094629052160365,0
1163,11.629999999999797,4.113080978393555,1.858618974685669,0.012049520388245583,0.3788205087184906,0.37982366704574577,0.0002539194541260701,tracking,0.37982366704574577,0.0002539194541260701,tracking,3.1132506950775936,0
1164,11.639999999999796,4.116868495941162,1.8586643934249878,0.011862429790198803,0.3787802755832672,0.37860903608198315,-0.0020029880419442977,tracking,0.37860903608198315,-0.0020029880419442977,tracking,3.1170384849391506,0
1165,11.649999999999796,4.120656490325928,1.8587088584899902,0.0116753363981843,0.3788382411003113,0.3799994737801764,7.577565459574928e-07,tracking,0.3799994737801764,7.577565459574928e-07,tracking,3.1208267402897074,0
1166,11.659999999999796,4.124444961547852,1.8587528467178345,0.011488208547234535,0.37888580560684204,0.3798382801181145,-0.00023287662991511911,tracking,0.3798382801181145,-0.00023287662991511911,tracking,3.1246154668783563,0
1167,11.669999999999796,4.128233432769775,1.8587958812713623,0.01130107045173645,0.37889695167541504,0.3791203624080232,0.001266678132446561,tracking,0.3791203624080232,0.001266678132446561,tracking,3.128404182514577,0
1168,11.679999999999795,4.132021903991699,1.8588389158248901,0.01148819737136364,0.37885141372680664,0.3786575612734295,0.0019331117662615199,tracking,0.3786575612734295,0.0019331117662615199,tracking,3.1321928981507976,0
1169,11.689999999999795,4.135810375213623,1.8588829040527344,0.01167532242834568,0.378889799118042,0.3796587894131803,-0.0004913432450203339,tracking,0.3796587894131803,-0.0004913432450203339,tracking,3.1359816247394465,0
1170,11.699999999999795,4.139598846435547,1.8589268922805786,0.011488203890621662,0.37882906198501587,0.37857053934024126,-0.002058423350052584,tracking,0.37857053934024126,-0.002058423350052584,tracking,3.1397703513280955,0
1171,11.709999999999795,4.1433868408203125,1.8589699268341064,0.01130109466612339,0.3788357973098755,0.3789704297929666,-0.0014825810981281009,tracking,0.3789704297929666,-0.0014825810981281009,tracking,3.143558590157923,0
1172,11.719999999999795,4.147174835205078,1.8590129613876343,0.01148820761591196,0.378841757774353,0.37896091767903295,0.0014962785421925359,tracking,0.37896091767903295,0.0014962785421925359,tracking,3.1473468289877506,0
1173,11.729999999999794,4.150963306427002,1.8590569496154785,0.011675326153635979,0.37886783480644226,0.3793902770800635,-0.0008780010047085875,tracking,0.3793902770800635,-0.0008780010047085875,tracking,3.1511355555763996,0
1174,11.739999999999794,4.154751777648926,1.8591009378433228,0.011488210409879684,0.37883260846138,0.37868264317646866,-0.0018969938258851411,tracking,0.37868264317646866,-0.0018969938258851411,tracking,3.1549242821650485,0
1175,11.749999999999794,4.15854024887085,1.8591439723968506,0.011301092803478241,0.3788817226886749,0.37986557599611925,-0.00019357056558829116,tracking,0.37986557599611925,-0.00019357056558829116,tracking,3.158712997801269,0
1176,11.759999999999794,4.162329196929932,1.8591870069503784,0.011488238349556923,0.37891578674316406,0.3795983937505814,0.0005783129991628099,tracking,0.3795983937505814,0.0005783129991628099,tracking,3.1625021902438903,0
1177,11.769999999999794,4.166118144989014,1.8592309951782227,0.011675397865474224,0.3789670765399933,0.3799942910805157,8.220844057410526e-06,tracking,0.3799942910805157,8.220844057410526e-06,tracking,3.166291393637562,0
1178,11.779999999999793,4.169907093048096,1.859274983406067,0.011488243006169796,0.37890318036079407,0.37863108638019577,-0.0019712356125181057,tracking,0.37863108638019577,-0.0019712356125181057,tracking,3.1700805970312333,0
1179,11.789999999999793,4.173696041107178,1.8593180179595947,0.011301093734800816,0.37892916798591614,0.37944955836983546,-0.0007926359474369135,tracking,0.37944955836983546,-0.0007926359474369135,tracking,3.1738697894738546,0
1180,11.799999999999793,4.17748498916626,1.8593605756759644,0.011113929562270641,0.37894853949546814,0.37933633330243427,-0.0009556800444946618,tracking,0.37933633330243427,-0.0009556800444946618,tracking,3.1776589765309478,0
1181,11.809999999999793,4.1812744140625,1.8594021797180176,0.01092675793915987,0.3789779841899872,0.37956750034559955,-0.0006227995023366257,tracking,0.37956750034559955,-0.0006227995023366257,tracking,3.181448629805399,0
1182,11.819999999999792,4.185064315795898,1.8594437837600708,0.011113952845335007,0.37901774048805237,0.37981401028814604,0.00026782518506970367,tracking,0.37981401028814604,0.00026782518506970367,tracking,3.1852387598882763,0
1183,11.829999999999792,4.188854217529297,1.8594863414764404,0.011301158927381039,0.3790449798107147,0.3795907901817917,0.0005892621382199868,tracking,0.3795907901817917,0.0005892621382199868,tracking,3.1890289005595496,0
1184,11.839999999999792,4.192644119262695,1.85952889919281,0.01111395563930273,0.3790101408958435,0.37886179612822346,-0.0016390135753582245,tracking,0.37886179612822346,-0.0016390135753582245,tracking,3.192819041230823,0
1185,11.849999999999792,4.196434020996094,1.8595705032348633,0.010926751419901848,0.37905153632164,0.37988062383665877,0.00017190167521136807,tracking,0.37988062383665877,0.00017190167521136807,tracking,3.1966091713137,0
1186,11.859999999999792,4.20022439956665,1.8596121072769165,0.01111398171633482,0.379089891910553,0.37985825809703977,0.00020410834026269968,tracking,0.37985825809703977,0.00020410834026269968,tracking,3.2003997782050106,0
1187,11.869999999999791,4.204014778137207,1.8596546649932861,0.011301206424832344,0.3790145218372345,0.3786937078943895,-0.001881060632079148,tracking,0.3786937078943895,-0.001881060632079148,tracking,3.2041903956833853,0
1188,11.879999999999791,4.207804203033447,1.8596972227096558,0.011114046908915043,0.3788914084434509,0.37836718006672887,-0.0023512607039104733,tracking,0.37836718006672887,-0.0023512607039104733,tracking,3.2079800595475647,0
1189,11.889999999999791,4.211593151092529,1.859738826751709,0.010926906019449234,0.3789019286632538,0.3791125552850519,-0.0012779203895253023,tracking,0.3791125552850519,-0.0012779203895253023,tracking,3.2117692360135974,0
1190,11.89999999999979,4.215382099151611,1.8597804307937622,0.011114053428173065,0.37891170382499695,0.37910781246361963,0.0012847500523877732,tracking,0.37910781246361963,0.0012847500523877732,tracking,3.21555841247963,0
1191,11.90999999999979,4.219170093536377,1.8598229885101318,0.011301178485155106,0.3787655830383301,0.3781434008831278,-0.0026735027282959586,tracking,0.3781434008831278,-0.0026735027282959586,tracking,3.219346645922574,0
1192,11.91999999999979,4.22295618057251,1.8598655462265015,0.01111417543143034,0.37854307889938354,0.37759571023578337,-0.0034621772604719672,tracking,0.37759571023578337,-0.0034621772604719672,tracking,3.22313297213731,0
1193,11.92999999999979,4.226740837097168,1.8599071502685547,0.010927228257060051,0.3784210681915283,0.3779016219525662,-0.0030216643883046266,tracking,0.3779016219525662,-0.0030216643883046266,tracking,3.2269178573279005,0
1194,11.93999999999979,4.230525016784668,1.8599482774734497,0.010740305297076702,0.3784719407558441,0.3794908688551095,-0.0007331488486422696,tracking,0.3794908688551095,-0.0007331488486422696,tracking,3.230702260498054,0
1195,11.94999999999979,4.234309673309326,1.8599884510040283,0.010553363710641861,0.3785313069820404,0.3797202695999927,-0.00040281177601047494,tracking,0.3797202695999927,-0.00040281177601047494,tracking,3.234487130234544,0
1196,11.95999999999979,4.238094806671143,1.860028624534607,0.010740341618657112,0.3785824179649353,0.37960642086997554,0.0005667539472352075,tracking,0.37960642086997554,0.0005667539472352075,tracking,3.2382724767813342,0
1197,11.96999999999979,4.241880416870117,1.860069751739502,0.010927333496510983,0.3786192238330841,0.37935639065747584,-0.0009267974532348342,tracking,0.37935639065747584,-0.0009267974532348342,tracking,3.2420583103785177,0
1198,11.979999999999789,4.245665550231934,1.860110878944397,0.010740380734205246,0.37846341729164124,0.3778001050994834,-0.003167848656743846,tracking,0.3778001050994834,-0.003167848656743846,tracking,3.245843667166684,0
1199,11.989999999999789,4.249450206756592,1.8601510524749756,0.0105534503236413,0.37848374247550964,0.3788906561270439,-0.0015974551770567497,tracking,0.3788906561270439,-0.0015974551770567497,tracking,3.249628536903174,0
1200,11.999999999999789,4.25323486328125,1.860190749168396,0.010366508737206459,0.37849587202072144,0.37873872366186473,-0.0018162379269148323,tracking,0.37873872366186473,-0.0018162379269148323,tracking,3.2534134016084315,0
1201,12.009999999999788,4.257019996643066,1.8602294921875,0.010179556906223297,0.37854626774787903,0.3795556611793932,-0.0006398479016737528,tracking,0.3795556611793932,-0.0006398479016737528,tracking,3.2571987332436074,0
1202,12.019999999999788,4.260805606842041,1.8602677583694458,0.009992573410272598,0.37859344482421875,0.3795384328707758,-0.0006646566660828304,tracking,0.3795384328707758,-0.0006646566660828304,tracking,3.2609845368411627,0
1203,12.029999999999788,4.264591693878174,1.8603050708770752,0.009805575013160706,0.37863361835479736,0.3794383520273509,0.0008087730806147124,tracking,0.3794383520273509,0.0008087730806147124,tracking,3.2647708077332673,0
1204,12.039999999999788,4.268377304077148,1.8603423833847046,0.00999254360795021,0.378502756357193,0.3779455372851917,0.0029584263093239307,tracking,0.3779455372851917,0.0029584263093239307,tracking,3.268556601811371,0
1205,12.049999999999788,4.272162437438965,1.8603806495666504,0.01017950102686882,0.37856781482696533,0.3798707254025323,0.00018615542035351363,tracking,0.3798707254025323,0.00018615542035351363,tracking,3.2723419285961306,0
1206,12.059999999999787,4.2759480476379395,1.8604189157485962,0.009992524981498718,0.3785591423511505,0.3785222376030958,-0.0021279778515420553,tracking,0.3785222376030958,-0.0021279778515420553,tracking,3.276127732193686,0
1207,12.069999999999787,4.279733657836914,1.8604562282562256,0.009805546142160892,0.3785852789878845,0.3791087546908764,-0.0012833932451379775,tracking,0.3791087546908764,-0.0012833932451379775,tracking,3.27991352627179,0
1208,12.079999999999787,4.283519744873047,1.860493540763855,0.009992552921175957,0.37864282727241516,0.37979531983789877,0.000294739433425784,tracking,0.37979531983789877,0.000294739433425784,tracking,3.2836997971638944,0
1209,12.089999999999787,4.287306308746338,1.8605318069458008,0.010179571807384491,0.3786616623401642,0.37903915829531776,-0.0013836120547424053,tracking,0.37903915829531776,-0.0013836120547424053,tracking,3.2874865543870597,0
1210,12.099999999999786,4.291092872619629,1.8605700731277466,0.009992544539272785,0.3786673843860626,0.37878171790262527,-0.0017543262202196486,tracking,0.37878171790262527,-0.0017543262202196486,tracking,3.291273311610225,0
1211,12.109999999999786,4.29487943649292,1.860607385635376,0.009805507957935333,0.3787195384502411,0.3797639272029862,-0.00033994482769993334,tracking,0.3797639272029862,-0.00033994482769993334,tracking,3.295060059316336,0
1212,12.119999999999786,4.298666477203369,1.860644817352295,0.009992571547627449,0.3787488043308258,0.37933474152127433,0.0009579722093649976,tracking,0.37933474152127433,0.0009579722093649976,tracking,3.29884728501281,0
1213,12.129999999999786,4.302452087402344,1.8606830835342407,0.010179589502513409,0.37844428420066833,0.3771477168956796,-0.004107287670221334,tracking,0.3771477168956796,-0.004107287670221334,tracking,3.3026330886103654,0
1214,12.139999999999786,4.3062357902526855,1.8607213497161865,0.009992692619562149,0.3783789873123169,0.3781009503886573,-0.0027346314403334936,tracking,0.3781009503886573,-0.0027346314403334936,tracking,3.306416984956774,0
1215,12.149999999999785,4.310019493103027,1.860758662223816,0.009805798530578613,0.3784300982952118,0.37945393430277713,0.0007863346040009106,tracking,0.37945393430277713,0.0007863346040009106,tracking,3.310200871778933,0
1216,12.159999999999785,4.313803672790527,1.860795497894287,0.009618873707950115,0.37847113609313965,0.37929344094554074,-0.0010174450384213113,tracking,0.37929344094554074,-0.0010174450384213113,tracking,3.3139852307436595,0
1217,12.169999999999785,4.3175883293151855,1.860831379890442,0.009431935846805573,0.37851372361183167,0.379366572056268,0.0009121362389741062,tracking,0.379366572056268,0.0009121362389741062,tracking,3.3177700573615225,0
1218,12.179999999999785,4.321373462677002,1.8608672618865967,0.009618910029530525,0.37857910990715027,0.3798890000541254,0.0001598399220594073,tracking,0.3798890000541254,0.0001598399220594073,tracking,3.3215553607951174,0
1219,12.189999999999785,4.325159549713135,1.8609040975570679,0.00980590470135212,0.3786405324935913,0.37987072723809695,0.00018615277714040994,tracking,0.37987072723809695,0.00018615277714040994,tracking,3.3253416270181653,0
1220,12.199999999999784,4.328946113586426,1.860940933227539,0.009618877433240414,0.3786771297454834,0.37941015816145357,-0.0008493722475068455,tracking,0.37941015816145357,-0.0008493722475068455,tracking,3.3291283700558076,0
1221,12.209999999999784,4.332733154296875,1.8609769344329834,0.009431836195290089,0.37872713804244995,0.3797291092455069,-0.0003900826864700487,tracking,0.3797291092455069,-0.0003900826864700487,tracking,3.3329155818837086,0
1222,12.219999999999784,4.336520671844482,1.8610124588012695,0.009244760498404503,0.3787803649902344,0.379846423662088,-0.00022114992659328422,tracking,0.379846423662088,-0.00022114992659328422,tracking,3.336703266024998,0
1223,12.229999999999784,4.340308666229248,1.8610470294952393,0.009057670831680298,0.37881723046302795,0.37955569175466203,0.0006398038732867224,tracking,0.37955569175466203,0.0006398038732867224,tracking,3.340491418159205,0
1224,12.239999999999783,4.3440961837768555,1.861081600189209,0.009244748391211033,0.3787424862384796,0.3784242077255026,0.002269140875276244,tracking,0.3784242077255026,0.002269140875276244,tracking,3.3442790934761133,0
1225,12.249999999999783,4.347883701324463,1.8611171245574951,0.009431816637516022,0.3787634074687958,0.3791826012026252,0.0011770542682197427,tracking,0.3791826012026252,0.0011770542682197427,tracking,3.3480667776174027,0
1226,12.259999999999783,4.35167121887207,1.8611526489257812,0.009244726039469242,0.37880802154541016,0.37970174077335056,-0.0004294932863751961,tracking,0.37970174077335056,-0.0004294932863751961,tracking,3.351854461758692,0
1227,12.269999999999783,4.355459213256836,1.861187219619751,0.009057625196874142,0.37882718443870544,0.3792111092103202,-0.0011360027371389225,tracking,0.3792111092103202,-0.0011360027371389225,tracking,3.355642613892899,0
1228,12.279999999999783,4.359247207641602,1.8612217903137207,0.009244735352694988,0.3788369596004486,0.3790324510866433,0.0013932704352336662,tracking,0.3790324510866433,0.0013932704352336662,tracking,3.3594307660271063,0
1229,12.289999999999782,4.363035678863525,1.8612573146820068,0.009431852027773857,0.3788679838180542,0.3794892876044389,-0.0007354258496080276,tracking,0.3794892876044389,-0.0007354258496080276,tracking,3.363219403800777,0
1230,12.299999999999782,4.366823673248291,1.861292839050293,0.009244767017662525,0.378740131855011,0.37819586625000956,-0.0025979525999862115,tracking,0.37819586625000956,-0.0025979525999862115,tracking,3.367007564758255,0
1231,12.309999999999782,4.370611190795898,1.8613274097442627,0.009057694114744663,0.37879469990730286,0.3798880080234966,-0.00016126844616490494,tracking,0.3798880080234966,-0.00016126844616490494,tracking,3.370795240075163,0
1232,12.319999999999782,4.374399185180664,1.8613619804382324,0.009244800545275211,0.37884098291397095,0.37976799887175894,0.0003340816246671422,tracking,0.37976799887175894,0.0003340816246671422,tracking,3.37458339220937,0
1233,12.329999999999782,4.378187656402588,1.8613975048065186,0.009431918151676655,0.3788658082485199,0.37936320777063504,-0.000916980810285589,tracking,0.37936320777063504,-0.000916980810285589,tracking,3.378372029983041,0
1234,12.339999999999781,4.381976127624512,1.8614330291748047,0.009244785644114017,0.37888476252555847,0.3792641232773112,-0.001059662480671888,tracking,0.3792641232773112,-0.001059662480671888,tracking,3.382160667756712,0
1235,12.349999999999781,4.3857645988464355,1.8614675998687744,0.009057649411261082,0.37888750433921814,0.3789425884250548,-0.0015226726679210744,tracking,0.3789425884250548,-0.0015226726679210744,tracking,3.385949296708223,0
1236,12.359999999999781,4.389553546905518,1.8615021705627441,0.009244799613952637,0.37892836332321167,0.37974678273906654,0.0003646328557441766,tracking,0.37974678273906654,0.0003646328557441766,tracking,3.3897384024770427,0
1237,12.36999999999978,4.3933424949646,1.8615376949310303,0.009431958198547363,0.3789404630661011,0.3791825201455469,-0.001177170990412509,tracking,0.3791825201455469,-0.001177170990412509,tracking,3.3935275170669126,0
1238,12.37999999999978,4.39713191986084,1.8615732192993164,0.009244783781468868,0.378974586725235,0.3796578521518439,-0.0004926929013447695,tracking,0.3796578521518439,-0.0004926929013447695,tracking,3.3973171084729863,0
1239,12.38999999999978,4.40092134475708,1.8616077899932861,0.009057607501745224,0.37895119190216064,0.3788516602273838,-0.0016536092725672972,tracking,0.3788516602273838,-0.0016536092725672972,tracking,3.4011066910591197,0
1240,12.39999999999978,4.40471076965332,1.8616418838500977,0.008870449848473072,0.3789195716381073,0.37878501586248897,-0.0017495771580158508,tracking,0.37878501586248897,-0.0017495771580158508,tracking,3.404896269325275,0
1241,12.40999999999978,4.4085001945495605,1.8616750240325928,0.008683291263878345,0.3789537847042084,0.3796389075744704,0.0005199730927626317,tracking,0.3796389075744704,0.0005199730927626317,tracking,3.4086858391314587,0
1242,12.41999999999978,4.412289619445801,1.861708164215088,0.008870468474924564,0.3789759874343872,0.3794206059720441,0.000834327400256536,tracking,0.3794206059720441,0.000834327400256536,tracking,3.4124754089376426,0
1243,12.42999999999978,4.416079044342041,1.8617422580718994,0.009057643823325634,0.37894219160079956,0.3787982967371276,-0.001730452698536231,tracking,0.3787982967371276,-0.001730452698536231,tracking,3.416264987203798,0
1244,12.43999999999978,4.419868469238281,1.861776351928711,0.008870472200214863,0.37896475195884705,0.37941652504046003,-0.0008402039417375637,tracking,0.37941652504046003,-0.0008402039417375637,tracking,3.420054565469953,0
1245,12.449999999999779,4.4236578941345215,1.861809492111206,0.008683293126523495,0.37899163365364075,0.3795303358890339,0.0006763163197911564,tracking,0.3795303358890339,0.0006763163197911564,tracking,3.423844135276137,0
1246,12.459999999999779,4.42744779586792,1.861842155456543,0.008496098220348358,0.37901076674461365,0.3793940231480003,-0.0008726066668795656,tracking,0.3793940231480003,-0.0008726066668795656,tracking,3.4276341777617754,0
1247,12.469999999999779,4.431237697601318,1.8618738651275635,0.00830889493227005,0.3790416419506073,0.37966021903362523,-0.0004892845915796984,tracking,0.37966021903362523,-0.0004892845915796984,tracking,3.4314242121484337,0
1248,12.479999999999778,4.435027599334717,1.861905574798584,0.008496077731251717,0.37894952297210693,0.3785573920530203,0.0020773554436507333,tracking,0.3785573920530203,0.0020773554436507333,tracking,3.435214246535092,0
1249,12.489999999999778,4.438817024230957,1.861938238143921,0.00868324376642704,0.3789408504962921,0.3789038857798615,0.0015784044769994441,tracking,0.3789038857798615,0.0015784044769994441,tracking,3.439003812201283,0
1250,12.499999999999778,4.442606449127197,1.861971139907837,0.00868324376642704,0.378988116979599,0.3799346717672413,-9.40726551725132e-05,tracking,0.3799346717672413,-9.40726551725132e-05,tracking,3.442793379929971,0
1251,12.509999999999778,4.446396350860596,1.8620038032531738,0.008496045134961605,0.3790244162082672,0.37975119593627743,-0.00035827785176048305,tracking,0.37975119593627743,-0.00035827785176048305,tracking,3.4465834224156096,0
1252,12.519999999999778,4.450186252593994,1.8620355129241943,0.00830884464085102,0.379002183675766,0.37890751134380585,-0.0015731836649195484,tracking,0.37890751134380585,-0.0015731836649195484,tracking,3.450373456802268,0
1253,12.529999999999777,4.453976154327393,1.8620672225952148,0.008496046997606754,0.37902823090553284,0.37954992625388867,0.000648106194400319,tracking,0.37954992625388867,0.000648106194400319,tracking,3.4541634911889263,0
1254,12.539999999999777,4.457766532897949,1.8620998859405518,0.00868325587362051,0.3790432810783386,0.3793446640546896,-0.0009436837612469778,tracking,0.3793446640546896,-0.0009436837612469778,tracking,3.4579540104940167,0
1255,12.549999999999777,4.461556911468506,1.8621325492858887,0.00849603209644556,0.37907326221466064,0.37967378227691384,-0.00046975352124407205,tracking,0.37967378227691384,-0.00046975352124407205,tracking,3.461744529799107,0
1256,12.559999999999777,4.465347766876221,1.8621642589569092,0.008308797143399715,0.37911033630371094,0.3798528428097013,-0.0002119063540301498,tracking,0.3798528428097013,-0.0002119063540301498,tracking,3.4655355178267113,0
1257,12.569999999999776,4.4691386222839355,1.8621959686279297,0.008496047928929329,0.3791219890117645,0.37935524981816254,0.0009284402618459169,tracking,0.37935524981816254,0.0009284402618459169,tracking,3.4693265058543155,0
1258,12.579999999999776,4.47292947769165,1.8622286319732666,0.008683285675942898,0.3790336549282074,0.37865758982050357,-0.0019330706584748903,tracking,0.37865758982050357,-0.0019330706584748903,tracking,3.4731175019788623,0
1259,12.589999999999776,4.476718425750732,1.8622612953186035,0.00849615503102541,0.3787948191165924,0.3777779778012434,-0.003199711966209518,tracking,0.3777779778012434,-0.003199711966209518,tracking,3.4769065908256103,0
1260,12.599999999999776,4.480506420135498,1.862293004989624,0.008309055119752884,0.37884780764579773,0.37990931019791097,-0.0001305933150081988,tracking,0.37990931019791097,-0.0001305933150081988,tracking,3.4806947179304277,0
1261,12.609999999999776,4.484294891357422,1.8623247146606445,0.008496181108057499,0.3788738250732422,0.37939475279467805,0.0008715559756636449,tracking,0.37939475279467805,0.0008715559756636449,tracking,3.484483321855699,0
1262,12.619999999999775,4.488083839416504,1.8623573780059814,0.00868331640958786,0.3789061903953552,0.3795544502498956,-0.0006415916401503927,tracking,0.3795544502498956,-0.0006415916401503927,tracking,3.488272410702447,0
1263,12.629999999999775,4.491871356964111,1.8623900413513184,0.008496260270476341,0.37863409519195557,0.377475587399242,-0.00363515414509153,tracking,0.377475587399242,-0.00363515414509153,tracking,3.4920600690908925,0
1264,12.639999999999775,4.495656967163086,1.8624217510223389,0.008309262804687023,0.3785475194454193,0.3781788393360403,-0.0026224713561020137,tracking,0.3781788393360403,-0.0026224713561020137,tracking,3.495845812093503,0
1265,12.649999999999775,4.4994425773620605,1.8624529838562012,0.00812229048460722,0.3785582184791565,0.37877221541198774,-0.0017680098067376208,tracking,0.37877221541198774,-0.0017680098067376208,tracking,3.499631551132118,0
1266,12.659999999999775,4.503228187561035,1.862483263015747,0.007935307919979095,0.3786059319972992,0.37956193088501267,-0.0006308195255817629,tracking,0.37956193088501267,-0.0006308195255817629,tracking,3.50341728242291,0
1267,12.669999999999774,4.507014274597168,1.8625130653381348,0.00774829788133502,0.3786434233188629,0.37939420462192924,-0.0008723453444219311,tracking,0.37939420462192924,-0.0008723453444219311,tracking,3.507203486752261,0
1268,12.679999999999774,4.510800838470459,1.862541913986206,0.007561276666820049,0.3786729872226715,0.37926518774264806,0.001058129650586804,tracking,0.37926518774264806,0.001058129650586804,tracking,3.510990160518379,0
1269,12.689999999999774,4.514587879180908,1.8625707626342773,0.0077483211643993855,0.37871482968330383,0.37955279404365333,0.0006439765771392334,tracking,0.37955279404365333,0.0006439765771392334,tracking,3.514777311107819,0
1270,12.699999999999774,4.518375396728516,1.862600564956665,0.00793538149446249,0.37877023220062256,0.3798802784764138,0.00017239899396410182,tracking,0.3798802784764138,0.00017239899396410182,tracking,3.518564945904345,0
1271,12.709999999999773,4.522161960601807,1.8626303672790527,0.007748355157673359,0.3786099851131439,0.37792776466857725,-0.0029840188772487955,tracking,0.37792776466857725,-0.0029840188772487955,tracking,3.5223516270560835,0
1272,12.719999999999773,4.5259480476379395,1.862659215927124,0.007561347912997007,0.3786548376083374,0.379553205204553,-0.0006433845054437215,tracking,0.379553205204553,-0.0006433845054437215,tracking,3.5261378239988836,0
1273,12.729999999999773,4.5297346115112305,1.8626880645751953,0.007748375181108713,0.37867066264152527,0.37898745365535474,0.0014580667362891408,tracking,0.37898745365535474,0.0014580667362891408,tracking,3.529924497765002,0
1274,12.739999999999773,4.53352165222168,1.862717866897583,0.007935413159430027,0.37872084975242615,0.3797263132960299,-0.0003941088537169168,tracking,0.3797263132960299,-0.0003941088537169168,tracking,3.533711655739132,0
1275,12.749999999999773,4.537308692932129,1.8627476692199707,0.007748357951641083,0.378722608089447,0.3787579043448143,-0.0017886177434673907,tracking,0.3787579043448143,-0.0017886177434673907,tracking,3.5374988137132624,0
1276,12.759999999999772,4.541095733642578,1.862776517868042,0.0075612980872392654,0.378749817609787,0.3792946534583113,-0.0010156990200316871,tracking,0.3792946534583113,-0.0010156990200316871,tracking,3.5412859643027024,0
1277,12.769999999999772,4.5448832511901855,1.862804889678955,0.007374221924692392,0.37877240777015686,0.37922506290547947,-0.001115909416109563,tracking,0.37922506290547947,-0.001115909416109563,tracking,3.5450735881136275,0
1278,12.779999999999772,4.548671245574951,1.8628323078155518,0.007187135051935911,0.37881287932395935,0.37962344113635194,-0.00054224476365321,tracking,0.37962344113635194,-0.00054224476365321,tracking,3.5488616817256218,0
1279,12.789999999999772,4.552459716796875,1.8628594875335693,0.007187135051935911,0.37886643409729004,0.3799391961817004,-8.755749835137854e-05,tracking,0.3799391961817004,-8.755749835137854e-05,tracking,3.5526502504443354,0
1280,12.799999999999772,4.556248188018799,1.8628864288330078,0.00699999975040555,0.37889334559440613,0.3794326263092139,-0.0008170181147319744,tracking,0.3794326263092139,-0.0008170181147319744,tracking,3.5564388174601027,0
1281,12.809999999999771,4.560037136077881,1.8629125356674194,0.00681286258623004,0.3788764774799347,0.37880466900875115,0.0017212766273983502,tracking,0.37880466900875115,0.0017212766273983502,tracking,3.560227855459546,0
1282,12.819999999999771,4.563824653625488,1.8629385232925415,0.006999911740422249,0.3786267042160034,0.377563282357533,0.0035088734051524966,tracking,0.377563282357533,0.0035088734051524966,tracking,3.5640154621616857,0
1283,12.829999999999771,4.567611217498779,1.86296546459198,0.007186927367001772,0.37867307662963867,0.3796018767239032,0.0005732975175793487,tracking,0.3796018767239032,0.0005732975175793487,tracking,3.567802121877072,0
1284,12.83999999999977,4.57139778137207,1.8629924058914185,0.00699989590793848,0.3786747455596924,0.37870814251768986,-0.0018602747745265682,tracking,0.37870814251768986,-0.0018602747745265682,tracking,3.571588781592458,0
1285,12.84999999999977,4.5751848220825195,1.8630183935165405,0.006812854204326868,0.37873533368110657,0.37994868707424867,7.389061308191191e-05,tracking,0.37994868707424867,7.389061308191191e-05,tracking,3.575375911468665,0
1286,12.85999999999977,4.578971862792969,1.8630443811416626,0.006999898236244917,0.37868180871009827,0.378453930838335,0.0022263395927976,tracking,0.378453930838335,0.0022263395927976,tracking,3.5791630413448723,0
1287,12.86999999999977,4.582758903503418,1.863071322441101,0.007186943665146828,0.37874263525009155,0.3799610114706431,5.614348227391897e-05,tracking,0.3799610114706431,5.614348227391897e-05,tracking,3.582950177885349,0
1288,12.87999999999977,4.586545467376709,1.8630982637405396,0.0069999173283576965,0.3786238729953766,0.3781182625088245,-0.002709701987292733,tracking,0.3781182625088245,-0.002709701987292733,tracking,3.586736837600735,0
1289,12.88999999999977,4.59033203125,1.8631242513656616,0.006812902167439461,0.37867480516433716,0.37969529499649046,0.00043877520505374197,tracking,0.37969529499649046,0.00043877520505374197,tracking,3.590523490651012,0
1290,12.89999999999977,4.594119071960449,1.8631502389907837,0.006999943405389786,0.3787042200565338,0.3792932352260307,0.0010177412745158126,tracking,0.3792932352260307,0.0010177412745158126,tracking,3.594310620527219,0
1291,12.90999999999977,4.597906112670898,1.8631771802902222,0.00718699861317873,0.3787597715854645,0.3798725226620212,-0.00018356736668945998,tracking,0.3798725226620212,-0.00018356736668945998,tracking,3.5980977570676957,0
1292,12.919999999999769,4.6016926765441895,1.8632041215896606,0.00699999276548624,0.3785526752471924,0.37767100756881944,-0.0033537491008999746,tracking,0.37767100756881944,-0.0033537491008999746,tracking,3.601884416783082,0
1293,12.929999999999769,4.605478286743164,1.8632301092147827,0.006813017185777426,0.37857821583747864,0.3790896377561374,-0.0013109216311621161,tracking,0.3790896377561374,-0.0013109216311621161,tracking,3.6056701161815075,0
1294,12.939999999999769,4.609263896942139,1.8632560968399048,0.007000009994953871,0.378604531288147,0.3791315714749693,0.0012505370760441939,tracking,0.3791315714749693,0.0012505370760441939,tracking,3.609455815579933,0
1295,12.949999999999768,4.6130499839782715,1.8632830381393433,0.007187016308307648,0.3786601424217224,0.37977436725224295,-0.0003249111567701342,tracking,0.37977436725224295,-0.0003249111567701342,tracking,3.6132419984702313,0
1296,12.959999999999768,4.6168365478515625,1.8633099794387817,0.006999988108873367,0.37867096066474915,0.37888746882689284,-0.0016020448892743004,tracking,0.37888746882689284,-0.0016020448892743004,tracking,3.6170286581856175,0
1297,12.969999999999768,4.6206231117248535,1.8633359670639038,0.006812953855842352,0.3786957859992981,0.37919332348881446,0.0011616141761071497,tracking,0.37919332348881446,0.0011616141761071497,tracking,3.6208153112358943,0
1298,12.979999999999768,4.624410152435303,1.8633614778518677,0.006625893991440535,0.378749281167984,0.3798205867391116,-0.00025835509567929504,tracking,0.3798205867391116,-0.00025835509567929504,tracking,3.6246024378700197,0
1299,12.989999999999768,4.62819766998291,1.8633861541748047,0.0064388238824903965,0.37875667214393616,0.3789048499689238,0.0015770160447496732,tracking,0.3789048499689238,0.0015770160447496732,tracking,3.628390035802001,0
1300,12.999999999999767,4.631985187530518,1.8634108304977417,0.006625908426940441,0.3787936866283417,0.3795350784161929,0.0006694870806822588,tracking,0.3795350784161929,0.0006694870806822588,tracking,3.632177633733982,0
1301,13.009999999999767,4.635773181915283,1.8634364604949951,0.006812999490648508,0.37879857420921326,0.3788962625866327,0.001589381875248892,tracking,0.3788962625866327,0.001589381875248892,tracking,3.6359657148254816,0
1302,13.019999999999767,4.639561176300049,1.8634620904922485,0.006625890266150236,0.3788481652736664,0.3798416047448751,-0.00022808916737988285,tracking,0.3798416047448751,-0.00022808916737988285,tracking,3.639753795916981,0
1303,13.029999999999767,4.643349647521973,1.8634867668151855,0.00643877824768424,0.3788144290447235,0.3786707752881979,0.0019140835849950169,tracking,0.3786707752881979,0.0019140835849950169,tracking,3.6435423475030437,0
1304,13.039999999999766,4.64713716506958,1.8635114431381226,0.006625849287956953,0.37872397899627686,0.3783388875050755,0.0023920019926912867,tracking,0.3783388875050755,0.0023920019926912867,tracking,3.647329945435025,0
1305,13.049999999999766,4.6509246826171875,1.8635369539260864,0.006812914274632931,0.3787781596183777,0.3798636102859214,0.00019640118827312768,tracking,0.3798636102859214,0.00019640118827312768,tracking,3.6511175488954914,0
1306,13.059999999999766,4.654712677001953,1.8635625839233398,0.006625821813941002,0.3788069188594818,0.3793828222634326,-0.0008887359406570196,tracking,0.3793828222634326,-0.0008887359406570196,tracking,3.654905629986991,0
1307,13.069999999999766,4.658500671386719,1.8635872602462769,0.006438717246055603,0.37885069847106934,0.3797273609833124,-0.00039260018403014713,tracking,0.3797273609833124,-0.00039260018403014713,tracking,3.6586937047460117,0
1308,13.079999999999766,4.662288665771484,1.8636119365692139,0.006625811569392681,0.37877652049064636,0.37846063356786536,0.002216687662273931,tracking,0.37846063356786536,0.002216687662273931,tracking,3.6624817795050326,0
1309,13.089999999999765,4.66607666015625,1.8636375665664673,0.006812900770455599,0.3788210153579712,0.37971259406347563,-0.00041386454859509113,tracking,0.37971259406347563,-0.00041386454859509113,tracking,3.666269860596532,0
1310,13.099999999999765,4.669864654541016,1.8636631965637207,0.006625794339925051,0.3788284361362457,0.378976966357233,-0.0014731684455845252,tracking,0.378976966357233,-0.0014731684455845252,tracking,3.6700579416880315,0
1311,13.109999999999765,4.6736531257629395,1.8636878728866577,0.0064386785961687565,0.3788760006427765,0.3798289492903939,-0.00024631302183275713,tracking,0.3798289492903939,-0.00024631302183275713,tracking,3.673846493274094,0
1312,13.119999999999765,4.677441120147705,1.8637125492095947,0.006625765934586525,0.3787423074245453,0.37817314819187475,0.0026306666037003235,tracking,0.37817314819187475,0.0026306666037003235,tracking,3.677634568033115,0
1313,13.129999999999765,4.6812286376953125,1.8637380599975586,0.006812838837504387,0.3787896931171417,0.3797389721306003,0.0003758801319355357,tracking,0.3797389721306003,0.0003758801319355357,tracking,3.6814221714935815,0
1314,13.139999999999764,4.685016632080078,1.863763689994812,0.006625738460570574,0.3788253962993622,0.37954082631600133,-0.0006612101049580804,tracking,0.37954082631600133,-0.0006612101049580804,tracking,3.685210252585081,0
1315,13.149999999999764,4.688805103302002,1.863788366317749,0.006438625045120716,0.3788687288761139,0.3797367603705382,-0.0003790650664249498,tracking,0.3797367603705382,-0.0003790650664249498,tracking,3.6889988041711437,0
1316,13.159999999999764,4.692594051361084,1.863813042640686,0.0066257622092962265,0.37889859080314636,0.37949704179482896,0.0007242598154463267,tracking,0.37949704179482896,0.0007242598154463267,tracking,3.692787832584251,0
1317,13.169999999999764,4.696382999420166,1.8638386726379395,0.006812912877649069,0.3789500892162323,0.37998151727119955,-2.6615129472679013e-05,tracking,0.37998151727119955,-2.6615129472679013e-05,tracking,3.6965768673282433,0
1318,13.179999999999763,4.700172424316406,1.8638643026351929,0.0066257319413125515,0.3789902329444885,0.3797944506872845,-0.00029599101031027445,tracking,0.3797944506872845,-0.00029599101031027445,tracking,3.700366378898486,0
1319,13.189999999999763,4.703962326049805,1.8638889789581299,0.006438537500798702,0.37903109192848206,0.3798496227805101,-0.000216543196065469,tracking,0.3798496227805101,-0.000216543196065469,tracking,3.7041563609656905,0
1320,13.199999999999763,4.707752704620361,1.863913655281067,0.006625745445489883,0.37903204560279846,0.379051445992887,0.0013659177702427202,tracking,0.379051445992887,0.0013659177702427202,tracking,3.7079468198599472,0
1321,13.209999999999763,4.711543083190918,1.8639392852783203,0.006812958046793938,0.37905898690223694,0.3795985667535841,0.0005780638748388732,tracking,0.3795985667535841,0.0005780638748388732,tracking,3.7117372850826995,0
1322,13.219999999999763,4.715333461761475,1.8639649152755737,0.006625732872635126,0.37906959652900696,0.3792822151323884,-0.0010336102093606856,tracking,0.3792822151323884,-0.0010336102093606856,tracking,3.715527750305452,0
1323,13.229999999999762,4.7191243171691895,1.8639895915985107,0.006438499316573143,0.3791104853153229,0.37992947145306183,0.00010156110759093791,tracking,0.37992947145306183,0.00010156110759093791,tracking,3.7193186860267633,0
1324,13.239999999999762,4.722915172576904,1.8640142679214478,0.006625750567764044,0.37912288308143616,0.3793710605633551,0.000905672788768651,tracking,0.3793710605633551,0.000905672788768651,tracking,3.723109621748075,0
1325,13.249999999999762,4.726706504821777,1.8640398979187012,0.0068130106665194035,0.3791644871234894,0.379998143231822,-2.673746176323549e-06,tracking,0.379998143231822,-2.673746176323549e-06,tracking,3.7269010406233476,0
1326,13.259999999999762,4.73049783706665,1.8640655279159546,0.006625737063586712,0.3791646361351013,0.37916733513500434,-0.0011990374055937494,tracking,0.37916733513500434,-0.0011990374055937494,tracking,3.7306924594986204,0
1327,13.269999999999762,4.734289646148682,1.8640902042388916,0.006438457407057285,0.3792005181312561,0.3799195463732897,0.0001158532224628465,tracking,0.3799195463732897,0.0001158532224628465,tracking,3.734484348874049,0
1328,13.279999999999761,4.738081932067871,1.8641144037246704,0.006251154467463493,0.37923464179039,0.3799178583996857,-0.00011828390445254016,tracking,0.3799178583996857,-0.00011828390445254016,tracking,3.738276712003813,0
1329,13.289999999999761,4.741873741149902,1.8641376495361328,0.006063853856176138,0.3791884481906891,0.3789917869863292,0.0014518267396860132,tracking,0.3789917869863292,0.0014518267396860132,tracking,3.7420685923397845,0
1330,13.299999999999761,4.745665550231934,1.8641608953475952,0.006251140963286161,0.3791937232017517,0.3792992824662045,0.0010090332486655954,tracking,0.3792992824662045,0.0010090332486655954,tracking,3.745860472675756,0
1331,13.30999999999976,4.749457359313965,1.864185094833374,0.006438430864363909,0.3792041540145874,0.3794129135029115,0.0008454045558074393,tracking,0.3794129135029115,0.0008454045558074393,tracking,3.749652358978071,0
1332,13.31999999999976,4.753249168395996,1.8642092943191528,0.006251138634979725,0.3792007863521576,0.37918642115274975,-0.0011715535400403914,tracking,0.37918642115274975,-0.0011715535400403914,tracking,3.7534442452803862,0
1333,13.32999999999976,4.7570414543151855,1.8642325401306152,0.006063840817660093,0.37923872470855713,0.379998690817518,-1.8852227740740087e-06,tracking,0.379998690817518,-1.8852227740740087e-06,tracking,3.7572366024445563,0
1334,13.33999999999976,4.760833740234375,1.8642557859420776,0.00625115679576993,0.37925636768341064,0.3796099579999007,0.0005616604801429584,tracking,0.3796099579999007,0.0005616604801429584,tracking,3.7610289596087263,0
1335,13.34999999999976,4.764626502990723,1.8642799854278564,0.006438477896153927,0.3792698085308075,0.3795389271041079,-0.0006639449700846041,tracking,0.3795389271041079,-0.0006639449700846041,tracking,3.764821799565942,0
1336,13.35999999999976,4.768418788909912,1.8643041849136353,0.006251165177673101,0.37923023104667664,0.3790617676525253,-0.0013510545803635623,tracking,0.3790617676525253,-0.0013510545803635623,tracking,3.768614162695706,0
1337,13.36999999999976,4.772211074829102,1.8643274307250977,0.006063857581466436,0.37923771142959595,0.379387810581599,0.0008815527624974318,tracking,0.379387810581599,0.0008815527624974318,tracking,3.772406519859876,0
1338,13.37999999999976,4.776002407073975,1.86435067653656,0.006251115817576647,0.37908101081848145,0.3784139052388212,0.0022839764560974914,tracking,0.3784139052388212,0.0022839764560974914,tracking,3.7761979233676506,0
1339,13.389999999999759,4.7797932624816895,1.8643748760223389,0.006438351236283779,0.3790990710258484,0.3794608474722674,-0.0007763796399350028,tracking,0.3794608474722674,-0.0007763796399350028,tracking,3.7799888560150756,0
1340,13.399999999999759,4.783584117889404,1.8643990755081177,0.00625111348927021,0.379088431596756,0.3790431794319948,-0.0013778216179274976,tracking,0.3790431794319948,-0.0013778216179274976,tracking,3.7837797886625006,0
1341,13.409999999999759,4.7873735427856445,1.86442232131958,0.006063919514417648,0.378833144903183,0.3777462339622453,-0.003245423094366726,tracking,0.3777462339622453,-0.003245423094366726,tracking,3.787569284857511,0
1342,13.419999999999758,4.791160583496094,1.8644450902938843,0.005876889917999506,0.3785886764526367,0.3775478090878002,-0.0035311549135676446,tracking,0.3775478090878002,-0.0035311549135676446,tracking,3.791356394014743,0
1343,13.429999999999758,4.794946670532227,1.864466905593872,0.00568989384919405,0.37863004207611084,0.3794584808560226,0.0007797875673275071,tracking,0.3794584808560226,0.0007797875673275071,tracking,3.795142543899849,0
1344,13.439999999999758,4.798733234405518,1.8644887208938599,0.005876914132386446,0.3786628842353821,0.3793206248146979,0.0009783002668349895,tracking,0.3793206248146979,0.0009783002668349895,tracking,3.7989291706141985,0
1345,13.449999999999758,4.802520275115967,1.864511489868164,0.006063949782401323,0.37872275710105896,0.37992173024417375,-0.00011270844838983654,tracking,0.37992173024417375,-0.00011270844838983654,tracking,3.8027162797714307,0
1346,13.459999999999757,4.806307315826416,1.8645342588424683,0.005876888055354357,0.3787411153316498,0.3791085621150092,-0.001283670554386766,tracking,0.3791085621150092,-0.001283670554386766,tracking,3.806503388928663,0
1347,13.469999999999757,4.810094833374023,1.864556074142456,0.0056898160837590694,0.378784716129303,0.3796578998430661,0.0004926242259848737,tracking,0.3796578998430661,0.0004926242259848737,tracking,3.810290969301506,0
1348,13.479999999999757,4.813882827758789,1.8645774126052856,0.005502723157405853,0.3788057565689087,0.3792271213571811,-0.0011129452456592017,tracking,0.3792271213571811,-0.0011129452456592017,tracking,3.81407902378752,0
1349,13.489999999999757,4.817670822143555,1.8645977973937988,0.0053156232461333275,0.3788267970085144,0.37924807364703617,0.0010827739482679622,tracking,0.37924807364703617,0.0010827739482679622,tracking,3.8178670730214423,0
1350,13.499999999999757,4.821458339691162,1.864618182182312,0.005502669606357813,0.3786429166793823,0.37786010520979324,0.003081448497897766,tracking,0.37786010520979324,0.003081448497897766,tracking,3.8216546454251117,0
1351,13.509999999999756,4.825244903564453,1.8646395206451416,0.005689688958227634,0.37866413593292236,0.3790894717658849,-0.0013111606571257388,tracking,0.3790894717658849,-0.0013111606571257388,tracking,3.825441269422356,0
1352,13.519999999999756,4.829031944274902,1.8646608591079712,0.005502643994987011,0.3787195384502411,0.37982928998278737,-0.00024582242478621286,tracking,0.37982928998278737,-0.00024582242478621286,tracking,3.8292283702491887,0
1353,13.529999999999756,4.83281946182251,1.8646812438964844,0.005315582733601332,0.37876343727111816,0.37964278695949116,-0.0005143867783327505,tracking,0.37964278695949116,-0.0005143867783327505,tracking,3.833015942652858,0
1354,13.539999999999756,4.836607456207275,1.8647016286849976,0.005502672400325537,0.37880590558052063,0.3796562688464205,0.0004949728611545139,tracking,0.3796562688464205,0.0004949728611545139,tracking,3.8368039918867805,0
1355,13.549999999999756,4.840395927429199,1.8647229671478271,0.005689777433872223,0.3788564205169678,0.37986825299974264,-0.0001897156803705904,tracking,0.37986825299974264,-0.0001897156803705904,tracking,3.840592523202388,0
1356,13.559999999999755,4.844184398651123,1.8647443056106567,0.005502654239535332,0.37886112928390503,0.3789554653691859,-0.0015041298683723097,tracking,0.3789554653691859,-0.0015041298683723097,tracking,3.8443810545179957,0
1357,13.569999999999755,4.847972869873047,1.86476469039917,0.005315530113875866,0.37886202335357666,0.37887980197195253,-0.0016130851603883738,tracking,0.37887980197195253,-0.0016130851603883738,tracking,3.8481695805821725,0
1358,13.579999999999755,4.851761817932129,1.864784598350525,0.0051283943466842175,0.3788963258266449,0.3795832807461277,-0.0006000757255761801,tracking,0.3795832807461277,-0.0006000757255761801,tracking,3.8519585809412313,0
1359,13.589999999999755,4.855550765991211,1.8648035526275635,0.004941248334944248,0.3789236545562744,0.379471258740822,0.0007613874132163102,tracking,0.379471258740822,0.0007613874132163102,tracking,3.8557475764095632,0
1360,13.599999999999755,4.859340190887451,1.864822506904602,0.0051284125074744225,0.3789525330066681,0.37953098070083846,0.0006753877907925986,tracking,0.37953098070083846,0.0006753877907925986,tracking,3.859537048709088,0
1361,13.609999999999754,4.86313009262085,1.864842414855957,0.005315588787198067,0.3789968192577362,0.37988364315171863,-0.00016755386152514384,tracking,0.37988364315171863,-0.00016755386152514384,tracking,3.863327002729303,0
1362,13.619999999999754,4.866919994354248,1.864862322807312,0.005128385964781046,0.3790324032306671,0.3797453379969937,-0.0003667132843290763,tracking,0.3797453379969937,-0.0003667132843290763,tracking,3.867116956749518,0
1363,13.629999999999754,4.8707098960876465,1.8648812770843506,0.00494118919596076,0.37895992398262024,0.37865140098487476,-0.0019419825817803805,tracking,0.37865140098487476,-0.0019419825817803805,tracking,3.870906905880237,0
1364,13.639999999999754,4.874499797821045,1.8649002313613892,0.005128370597958565,0.37898701429367065,0.37952937875183396,0.0006776945973591153,tracking,0.37952937875183396,0.0006776945973591153,tracking,3.8746968550109555,0
1365,13.649999999999753,4.878289699554443,1.8649201393127441,0.005315560847520828,0.37901249527931213,0.3795231191732735,0.000686708390486099,tracking,0.3795231191732735,0.000686708390486099,tracking,3.8784868090311706,0
1366,13.659999999999753,4.882078647613525,1.8649400472640991,0.005128446966409683,0.37875527143478394,0.37766011998709625,-0.003369427218581364,tracking,0.37766011998709625,-0.003369427218581364,tracking,3.8822758093902294,0
1367,13.669999999999753,4.885866165161133,1.8649590015411377,0.004941367544233799,0.3788018822669983,0.3797357086311831,0.00038057957109635535,tracking,0.3797357086311831,0.00038057957109635535,tracking,3.8860633743649924,0
1368,13.679999999999753,4.889654159545898,1.8649779558181763,0.005128472112119198,0.37883248925209045,0.37944548068547646,0.0007985078129139049,tracking,0.37944548068547646,0.0007985078129139049,tracking,3.8898514161709437,0
1369,13.689999999999753,4.893442630767822,1.8649978637695312,0.005315581802278757,0.3788332939147949,0.37884923902165163,-0.0016570958088216645,tracking,0.37884923902165163,-0.0016570958088216645,tracking,3.893639939699427,0
1370,13.699999999999752,4.897231101989746,1.8650177717208862,0.005128467921167612,0.3788440227508545,0.3790587333115522,-0.0013554240313648515,tracking,0.3790587333115522,-0.0013554240313648515,tracking,3.8974284632279104,0
1371,13.709999999999752,4.90101957321167,1.8650367259979248,0.0049413470551371574,0.37887710332870483,0.37953965597491945,0.0006628953961159672,tracking,0.37953965597491945,0.0006628953961159672,tracking,3.9012169818650513,0
1372,13.719999999999752,4.904808521270752,1.8650556802749634,0.005128494463860989,0.3789242208003998,0.3798681683215546,0.0001898376169613492,tracking,0.3798681683215546,0.0001898376169613492,tracking,3.905005977333383,0
1373,13.729999999999752,4.908597946166992,1.8650755882263184,0.005315655376762152,0.37896090745925903,0.37969562240453436,-0.0004383037374705331,tracking,0.37969562240453436,-0.0004383037374705331,tracking,3.9087954545230192,0
1374,13.739999999999752,4.912387371063232,1.8650954961776733,0.0051284790970385075,0.37896957993507385,0.37914310921916944,-0.0012339227243959997,tracking,0.37914310921916944,-0.0012339227243959997,tracking,3.9125849317126553,0
1375,13.749999999999751,4.916177272796631,1.865114450454712,0.004941296763718128,0.3790002763271332,0.3796154062467508,0.0005538150046788871,tracking,0.3796154062467508,0.0005538150046788871,tracking,3.916374880843374,0
1376,13.759999999999751,4.919967174530029,1.8651329278945923,0.004754100926220417,0.3790106773376465,0.37921928679153993,-0.0011242270201824772,tracking,0.37921928679153993,-0.0011242270201824772,tracking,3.920164827619333,0
1377,13.76999999999975,4.923757553100586,1.8651504516601562,0.0045668999664485455,0.37903109192848206,0.3794401131049352,0.0008062371288932904,tracking,0.3794401131049352,0.0008062371288932904,tracking,3.9239552466978114,0
1378,13.77999999999975,4.927547454833984,1.8651679754257202,0.004754087422043085,0.37896910309791565,0.37870521869113144,0.0018644850847707572,tracking,0.37870521869113144,0.0018644850847707572,tracking,3.9277451889442285,0
1379,13.78999999999975,4.931337356567383,1.8651864528656006,0.004941268358379602,0.3789933919906616,0.37947973903085447,-0.0007491757955696001,tracking,0.37947973903085447,-0.0007491757955696001,tracking,3.9315351357201873,0
1380,13.79999999999975,4.935127258300781,1.865204930305481,0.004754075780510902,0.3790034353733063,0.37920465261039826,-0.0011453002410265062,tracking,0.37920465261039826,-0.0011453002410265062,tracking,3.935325082496146,0
1381,13.80999999999975,4.93891716003418,1.865222454071045,0.004566880874335766,0.3790067732334137,0.3790735773689767,-0.0013340485886736025,tracking,0.3790735773689767,-0.0013340485886736025,tracking,3.9391150247425633,0
1382,13.81999999999975,4.942707061767578,1.8652399778366089,0.004754055291414261,0.3789413273334503,0.37866271752356406,0.0019256867660677668,tracking,0.37866271752356406,0.0019256867660677668,tracking,3.9429049669889804,0
1383,13.82999999999975,4.946496486663818,1.8652584552764893,0.004941223189234734,0.37896811962127686,0.3795050507996007,-0.0007127268485750053,tracking,0.3795050507996007,-0.0007127268485750053,tracking,3.946694436933449,0
1384,13.83999999999975,4.950285911560059,1.8652769327163696,0.004754059948027134,0.3789263367652893,0.37874846739002077,-0.001802206958370093,tracking,0.37874846739002077,-0.001802206958370093,tracking,3.9504839068779174,0
1385,13.84999999999975,4.954075336456299,1.8652944564819336,0.00456690089777112,0.37894514203071594,0.37932202577136487,-0.0009762828892346331,tracking,0.37932202577136487,-0.0009762828892346331,tracking,3.954273372292274,0
1386,13.859999999999749,4.957864761352539,1.8653119802474976,0.004754071123898029,0.37896060943603516,0.3792702804115767,0.0010507962073296132,tracking,0.3792702804115767,0.0010507962073296132,tracking,3.9580628377066307,0
1387,13.869999999999749,4.961654186248779,1.865330457687378,0.004941245540976524,0.3789697587490082,0.37915293657162047,0.001219771336866497,tracking,0.37915293657162047,0.001219771336866497,tracking,3.961852307651099,0
1388,13.879999999999749,4.9654436111450195,1.8653489351272583,0.004754096269607544,0.3788844048976898,0.37852093817926513,-0.0021298490218581816,tracking,0.37852093817926513,-0.0021298490218581816,tracking,3.9656417775955677,0
1389,13.889999999999748,4.969232559204102,1.8653664588928223,0.0045669530518352985,0.37893182039260864,0.379881452846842,0.00017070790054755274,tracking,0.379881452846842,0.00017070790054755274,tracking,3.969430766177865,0
1390,13.899999999999748,4.973021984100342,1.8653839826583862,0.0047541153617203236,0.378942608833313,0.37915893416898455,0.0012111347966622667,tracking,0.37915893416898455,0.0012111347966622667,tracking,3.973220231592222,0
1391,13.909999999999748,4.976811408996582,1.8654024600982666,0.004941285587847233,0.378978967666626,0.37970726989588216,-0.00042153134992973314,tracking,0.37970726989588216,-0.00042153134992973314,tracking,3.9770097015366903,0
1392,13.919999999999748,4.980600357055664,1.865420937538147,0.004754154942929745,0.3788231909275055,0.3781598766389566,-0.0026497776399024495,tracking,0.3781598766389566,-0.0026497776399024495,tracking,3.98079869464967,0
1393,13.929999999999747,4.984388828277588,1.865438461303711,0.004567044321447611,0.3788576126098633,0.37954680099923976,-0.0006526065610947735,tracking,0.37954680099923976,-0.0006526065610947735,tracking,3.9845872063999095,0
1394,13.939999999999747,4.98817777633667,1.865455985069275,0.004754180554300547,0.37890076637268066,0.3797648476467435,0.0003386193886893399,tracking,0.3797648476467435,0.0003386193886893399,tracking,3.988376194982207,0
1395,13.949999999999747,4.991966247558594,1.8654744625091553,0.0049413093365728855,0.37881237268447876,0.3784359703933553,-0.0022522026335683428,tracking,0.3784359703933553,-0.0022522026335683428,tracking,3.992164711263699,0
1396,13.959999999999747,4.995754241943359,1.8654929399490356,0.004754205700010061,0.3788232207298279,0.3790402164689306,-0.001382088284739953,tracking,0.3790402164689306,-0.001382088284739953,tracking,3.9959527507137045,0
1397,13.969999999999747,4.999542236328125,1.8655104637145996,0.004567102529108524,0.37881121039390564,0.3787600276744274,-0.001785560148824567,tracking,0.3787600276744274,-0.001785560148824567,tracking,3.9997407856318876,0
1398,13.979999999999746,5.003330707550049,1.8655279874801636,0.004754212684929371,0.3788451850414276,0.37952548031723365,0.0006833083431835555,tracking,0.37952548031723365,0.0006833083431835555,tracking,4.003529297382127,0
1399,13.989999999999746,5.007119178771973,1.865546464920044,0.004941330756992102,0.37885797023773193,0.3791138298004137,-0.0012760850874043044,tracking,0.3791138298004137,-0.0012760850874043044,tracking,4.00731781366362,0
1400,13.999999999999746,5.0109076499938965,1.8655649423599243,0.004754220135509968,0.378822922706604,0.3786736906765289,-0.0019098854257983636,tracking,0.3786736906765289,-0.0019098854257983636,tracking,4.011106329945112,0
1401,14.009999999999746,5.01469612121582,1.8655824661254883,0.004567113239318132,0.3788328766822815,0.3790322369575139,-0.0013935787811799787,tracking,0.3790322369575139,-0.0013935787811799787,tracking,4.014894841695352,0
1402,14.019999999999746,5.018484592437744,1.8655999898910522,0.004754234105348587,0.3788658380508423,0.3795262363105699,0.000682219712779303,tracking,0.3795262363105699,0.000682219712779303,tracking,4.018683353445591,0
1403,14.029999999999745,5.022273063659668,1.8656184673309326,0.004941359627991915,0.37886330485343933,0.37885245096694586,-0.0016524706075979295,tracking,0.37885245096694586,-0.0016524706075979295,tracking,4.022471869727084,0
1404,14.039999999999745,5.02606201171875,1.865636944770813,0.004754223395138979,0.37889766693115234,0.3795859221284619,-0.0005962721350149143,tracking,0.3795859221284619,-0.0005962721350149143,tracking,4.026260862840063,0
1405,14.049999999999745,5.029850959777832,1.865654468536377,0.0045670741237699986,0.37894338369369507,0.37985912897469365,-0.00020285427644113613,tracking,0.37985912897469365,-0.00020285427644113613,tracking,4.030049851422361,0
1406,14.059999999999745,5.033640384674072,1.8656717538833618,0.0045670741237699986,0.3789908289909363,0.37994148642810577,8.425954352770304e-05,tracking,0.37994148642810577,8.425954352770304e-05,tracking,4.03383931574169,0
1407,14.069999999999744,5.037430286407471,1.8656892776489258,0.004754271358251572,0.37901949882507324,0.37959380090769873,0.0005849266929138253,tracking,0.37959380090769873,0.0005849266929138253,tracking,4.037629257988107,0
1408,14.079999999999744,5.041220664978027,1.8657077550888062,0.004941475577652454,0.3790322244167328,0.37928713782519025,-0.0010265215317260242,tracking,0.37928713782519025,-0.0010265215317260242,tracking,4.041419681595558,0
1409,14.089999999999744,5.045011043548584,1.8657262325286865,0.00475426996126771,0.3790242671966553,0.3789904421421755,-0.0014537633152673468,tracking,0.3789904421421755,-0.0014537633152673468,tracking,4.045210105203009,0
1410,14.099999999999744,5.048800945281982,1.8657437562942505,0.004567082971334457,0.37891843914985657,0.37846786560297424,-0.0022062735317170627,tracking,0.37846786560297424,-0.0022062735317170627,tracking,4.049000047449426,0
1411,14.109999999999744,5.052590370178223,1.8657612800598145,0.004754248540848494,0.37895962595939636,0.3797844690380237,0.0003103645852458375,tracking,0.3797844690380237,0.0003103645852458375,tracking,4.052789512863782,0
1412,14.119999999999743,5.056378364562988,1.8657797574996948,0.004941374063491821,0.3786732852458954,0.3774541341037992,-0.0036660468905291973,tracking,0.3774541341037992,-0.0036660468905291973,tracking,4.056577552313788,0
1413,14.129999999999743,5.060164451599121,1.8657982349395752,0.00475439103320241,0.3785269260406494,0.3779038585006904,-0.0030184437590057914,tracking,0.3779038585006904,-0.0030184437590057914,tracking,4.060363684437864,0
1414,14.139999999999743,5.0639495849609375,1.8658157587051392,0.004567430354654789,0.37853744626045227,0.37874841152859984,-0.0018022873988162115,tracking,0.37874841152859984,-0.0018022873988162115,tracking,4.064148858363736,0
1415,14.149999999999743,5.067735195159912,1.8658332824707031,0.00475441524758935,0.3786006569862366,0.3798667429424188,0.00019189016291694784,tracking,0.3798667429424188,0.00019189016291694784,tracking,4.067934509121656,0
1416,14.159999999999743,5.071520805358887,1.8658517599105835,0.00494140200316906,0.37855082750320435,0.3783386381718947,-0.002392361032471595,tracking,0.3783386381718947,-0.002392361032471595,tracking,4.071720164414253,0
1417,14.169999999999742,5.075305461883545,1.8658702373504639,0.004754476249217987,0.37841498851776123,0.3778366344476863,-0.003115246395331768,tracking,0.3778366344476863,-0.003115246395331768,tracking,4.075504866043896,0
1418,14.179999999999742,5.079089641571045,1.8658877611160278,0.004567571450024843,0.37842339277267456,0.3785918299956339,-0.002027764806287214,tracking,0.3785918299956339,-0.002027764806287214,tracking,4.079289086305673,0
1419,14.189999999999742,5.082873821258545,1.8659048080444336,0.004380649887025356,0.37846603989601135,0.3793203295199206,-0.0009787254913142997,tracking,0.3793203295199206,-0.0009787254913142997,tracking,4.08307330438938,0
1420,14.199999999999742,5.086658477783203,1.865920901298523,0.0041937255300581455,0.3784399628639221,0.37832893007306634,0.0024063406947844486,tracking,0.37832893007306634,0.0024063406947844486,tracking,4.086857995130043,0
1421,14.209999999999742,5.090443134307861,1.8659369945526123,0.004380649421364069,0.37846440076828003,0.3789539790689601,0.0015062701406974358,tracking,0.3789539790689601,0.0015062701406974358,tracking,4.090642685870707,0
1422,14.219999999999741,5.0942277908325195,1.865954041481018,0.004567584954202175,0.37851062417030334,0.37943625607547016,-0.0008117912513229558,tracking,0.37943625607547016,-0.0008117912513229558,tracking,4.094427380786734,0
1423,14.229999999999741,5.098012924194336,1.8659710884094238,0.004380625672638416,0.37853699922561646,0.37906541047157544,-0.001345808920931358,tracking,0.37906541047157544,-0.001345808920931358,tracking,4.098212552535084,0
1424,14.23999999999974,5.1017985343933105,1.8659871816635132,0.004193658009171486,0.3785613179206848,0.3790485940501461,-0.0013700245677896248,tracking,0.3790485940501461,-0.0013700245677896248,tracking,4.101998196941444,0
1425,14.24999999999974,5.105583667755127,1.8660032749176025,0.004380600526928902,0.378460168838501,0.3780295007431521,0.002837518929860941,tracking,0.3780295007431521,0.002837518929860941,tracking,4.105783364514955,0
1426,14.25999999999974,5.109368324279785,1.8660203218460083,0.004567529074847698,0.3784782290458679,0.37883968096073645,-0.0016708594165395587,tracking,0.37883968096073645,-0.0016708594165395587,tracking,4.109568059430982,0
1427,14.26999999999974,5.113152503967285,1.866037368774414,0.004380625206977129,0.3783845007419586,0.37798548209474014,-0.0029009057835742034,tracking,0.37798548209474014,-0.0029009057835742034,tracking,4.113352277514689,0
1428,14.27999999999974,5.116936206817627,1.8660534620285034,0.004193735774606466,0.37839052081108093,0.3785114124309463,-0.002143566099437331,tracking,0.3785114124309463,-0.002143566099437331,tracking,4.1171360145896605,0
1429,14.28999999999974,5.120720386505127,1.8660695552825928,0.004380648024380207,0.37845438718795776,0.37973392637920195,0.00038314601394923153,tracking,0.37973392637920195,0.00038314601394923153,tracking,4.120920228497478,0
1430,14.29999999999974,5.124505043029785,1.8660866022109985,0.004567581694573164,0.3785190284252167,0.37981378263614085,-0.0002681530039572175,tracking,0.37981378263614085,-0.0002681530039572175,tracking,4.124704923413505,0
1431,14.30999999999974,5.128289699554443,1.8661036491394043,0.004380645230412483,0.37846341729164124,0.3782265885396806,-0.002553712502859959,tracking,0.3782265885396806,-0.002553712502859959,tracking,4.1284896183295325,0
1432,14.31999999999974,5.132074356079102,1.8661197423934937,0.004193712957203388,0.37849393486976624,0.3791049746961252,-0.0012888364375797017,tracking,0.3791049746961252,-0.0012888364375797017,tracking,4.132274309070196,0
1433,14.329999999999739,5.135859489440918,1.8661353588104248,0.004006755072623491,0.37854018807411194,0.3794666410677763,-0.0007680368624021971,tracking,0.3794666410677763,-0.0007680368624021971,tracking,4.136059474646391,0
1434,14.339999999999739,5.139645099639893,1.8661500215530396,0.003819782054051757,0.37858620285987854,0.37950770461394717,-0.0007089053559160598,tracking,0.37950770461394717,-0.0007089053559160598,tracking,4.139845113241741,0
1435,14.349999999999739,5.143431186676025,1.8661646842956543,0.00400677090510726,0.378589391708374,0.37865354128718853,0.0019389005464484884,tracking,0.37865354128718853,0.0019389005464484884,tracking,4.143631228670673,0
1436,14.359999999999738,5.147217273712158,1.8661803007125854,0.004193770699203014,0.37865015864372253,0.3798672142147937,0.00019121153069709277,tracking,0.3798672142147937,0.00019121153069709277,tracking,4.14741734791307,0
1437,14.369999999999738,5.151003837585449,1.8661959171295166,0.00400674669072032,0.3786625862121582,0.3789113609221666,-0.0015676402720801081,tracking,0.3789113609221666,-0.0015676402720801081,tracking,4.15120394398857,0
1438,14.379999999999738,5.154790878295898,1.8662105798721313,0.0038197108078747988,0.37872380018234253,0.37994988777381894,7.216160570072683e-05,tracking,0.37994988777381894,7.216160570072683e-05,tracking,4.1549910130846675,0
1439,14.389999999999738,5.158578395843506,1.866225242614746,0.0040067750960588455,0.37874913215637207,0.37925671097773317,0.0010703361920642107,tracking,0.37925671097773317,0.0010703361920642107,tracking,4.15877855901435,0
1440,14.399999999999737,5.162365913391113,1.8662408590316772,0.004193848464637995,0.3787785470485687,0.37936801407704734,-0.0009100597290518384,tracking,0.37936801407704734,-0.0009100597290518384,tracking,4.162566108756058,0
1441,14.409999999999737,5.166153430938721,1.8662564754486084,0.004006786271929741,0.3787149488925934,0.3784441851697786,-0.002240373355518818,tracking,0.3784441851697786,-0.002240373355518818,tracking,4.1663536584977665,0
1442,14.419999999999737,5.16994047164917,1.8662711381912231,0.0038197298999875784,0.37874364852905273,0.3793184611717497,0.0009814159126803807,tracking,0.3793184611717497,0.0009814159126803807,tracking,4.170140727593864,0
1443,14.429999999999737,5.173727989196777,1.8662855625152588,0.0038197298999875784,0.37880226969718933,0.3799767241113542,3.351727964997185e-05,tracking,0.3799767241113542,3.351727964997185e-05,tracking,4.17392827260806,0
1444,14.439999999999737,5.177516460418701,1.8662999868392944,0.0038197298999875784,0.3788563907146454,0.37994065424914564,-8.545788123026751e-05,tracking,0.37994065424914564,-8.545788123026751e-05,tracking,4.177716771289657,0
1445,14.449999999999736,5.181304931640625,1.8663146495819092,0.004006861709058285,0.37888750433921814,0.37951056545031797,0.0007047857515421092,tracking,0.37951056545031797,0.0007047857515421092,tracking,4.181505270886512,0
1446,14.459999999999736,5.185092926025391,1.8663302659988403,0.00419397559016943,0.37874945998191833,0.3781616780037575,-0.002647183674589237,tracking,0.3781616780037575,-0.002647183674589237,tracking,4.1852932974613255,0
1447,14.469999999999736,5.188880443572998,1.8663458824157715,0.0040068961679935455,0.37878212332725525,0.37943623646513536,-0.0008118194902051294,tracking,0.37943623646513536,-0.0008118194902051294,tracking,4.189080847203034,0
1448,14.479999999999736,5.192668437957764,1.8663605451583862,0.0038198058027774096,0.3788153827190399,0.37948183350383924,0.0007461597544715338,tracking,0.37948183350383924,0.0007461597544715338,tracking,4.1928688699663015,0
1449,14.489999999999736,5.1964569091796875,1.866375207901001,0.0040069203823804855,0.37885528802871704,0.3796545907571973,0.0004973893096358338,tracking,0.3796545907571973,0.0004973893096358338,tracking,4.196657369563156,0
1450,14.499999999999735,5.200245380401611,1.8663908243179321,0.0041940417140722275,0.3788588047027588,0.37892906855565434,-0.0015421412798577875,tracking,0.37892906855565434,-0.0015421412798577875,tracking,4.200445872971076,0
1451,14.509999999999735,5.204032897949219,1.8664064407348633,0.004006996750831604,0.37862277030944824,0.37761773297514634,-0.0034304645157892596,tracking,0.37761773297514634,-0.0034304645157892596,tracking,4.204233422712784,0
1452,14.519999999999735,5.207818984985352,1.866421103477478,0.0038199869450181723,0.3786446154117584,0.37908192707417754,-0.0013220250131843773,tracking,0.37908192707417754,-0.0013220250131843773,tracking,4.208019538141716,0
1453,14.529999999999735,5.211605548858643,1.8664357662200928,0.004007019568234682,0.37869200110435486,0.379641021676597,0.0005169287857002816,tracking,0.379641021676597,0.0005169287857002816,tracking,4.211806130404231,0
1454,14.539999999999734,5.215392589569092,1.866451382637024,0.0041940659284591675,0.3787281811237335,0.37945262104915406,-0.0007882256892181862,tracking,0.37945262104915406,-0.0007882256892181862,tracking,4.215593203312834,0
1455,14.549999999999734,5.219178676605225,1.866466999053955,0.004007088020443916,0.37848344445228577,0.37744148844335074,-0.0036842566415749437,tracking,0.37744148844335074,-0.0036842566415749437,tracking,4.219379322555231,0
1456,14.559999999999734,5.222963809967041,1.8664816617965698,0.0038201434072107077,0.37852758169174194,0.3794118675381922,0.0008469107450031618,tracking,0.3794118675381922,0.0008469107450031618,tracking,4.223164484317,0
1457,14.569999999999734,5.226749420166016,1.8664963245391846,0.004007114563137293,0.37856391072273254,0.3792917862396626,0.0010198278148858745,tracking,0.3792917862396626,0.0010198278148858745,tracking,4.22695012291235,0
1458,14.579999999999734,5.23053503036499,1.8665119409561157,0.004194099456071854,0.3786120116710663,0.3795755233789027,-0.0006112463343801197,tracking,0.3795755233789027,-0.0006112463343801197,tracking,4.230735765321646,0
1459,14.589999999999733,5.234320640563965,1.8665275573730469,0.0040071154944598675,0.378560870885849,0.3783431120126626,-0.0023859187017658844,tracking,0.3783431120126626,-0.0023859187017658844,tracking,4.234521407730942,0
1460,14.599999999999733,5.2381062507629395,1.8665422201156616,0.0038201387505978346,0.37856751680374146,0.3787004326026698,-0.001871377052155554,tracking,0.3787004326026698,-0.001871377052155554,tracking,4.238307046326292,0
1461,14.609999999999733,5.241892337799072,1.8665568828582764,0.004007130861282349,0.3786083459854126,0.3794259887704725,0.0008265761705195547,tracking,0.3794259887704725,0.0008265761705195547,tracking,4.242093161755224,0
1462,14.619999999999733,5.245678424835205,1.8665724992752075,0.0041941385716199875,0.37866172194480896,0.37973100801204784,-0.00038734846265114204,tracking,0.37973100801204784,-0.00038734846265114204,tracking,4.245879280997621,0
1463,14.629999999999733,5.249464988708496,1.8665881156921387,0.004007100127637386,0.3787012994289398,0.3794939043465887,-0.0007287777409122726,tracking,0.3794939043465887,-0.0007287777409122726,tracking,4.249665877073121,0
1464,14.639999999999732,5.253252029418945,1.8666027784347534,0.003820045618340373,0.3787594437599182,0.379923808314865,-0.00010971602659441714,tracking,0.379923808314865,-0.00010971602659441714,tracking,4.253452946169219,0
1465,14.649999999999732,5.257040023803711,1.866617202758789,0.003820045618340373,0.3788158893585205,0.3799467494565046,7.668078263343026e-05,tracking,0.3799467494565046,7.668078263343026e-05,tracking,4.257240968017115,0
1466,14.659999999999732,5.260828495025635,1.8666313886642456,0.0036329268477857113,0.37886807322502136,0.37991363924173865,-0.00012435949189634017,tracking,0.37991363924173865,-0.00012435949189634017,tracking,4.26102946579846,0
1467,14.669999999999732,5.264617443084717,1.8666447401046753,0.0034457927104085684,0.37890902161598206,0.379729079408873,0.00039012565122290054,tracking,0.379729079408873,0.00039012565122290054,tracking,4.264818437381275,0
1468,14.679999999999731,5.268406391143799,1.866658091545105,0.003632946405559778,0.3789280354976654,0.37930899538149165,0.0009950466506520581,tracking,0.37930899538149165,0.0009950466506520581,tracking,4.26860740896409,0
1469,14.689999999999731,5.272195816040039,1.8666722774505615,0.0038201059214770794,0.37894371151924133,0.3792575622065606,0.00106911042255274,tracking,0.3792575622065606,0.00106911042255274,tracking,4.272396860413068,0
1470,14.699999999999731,5.275984764099121,1.866686463356018,0.0036329657305032015,0.3788693845272064,0.37855298315729774,-0.0020837042534912796,tracking,0.37855298315729774,-0.0020837042534912796,tracking,4.27618583502823,0
1471,14.70999999999973,5.279773712158203,1.8666998147964478,0.0034458311274647713,0.37891000509262085,0.37972337091252106,-0.00039834588596963537,tracking,0.37972337091252106,-0.00039834588596963537,tracking,4.279974806611045,0
1472,14.71999999999973,5.283563137054443,1.8667131662368774,0.0036329866852611303,0.37893298268318176,0.379393045438016,0.0008740145692569469,tracking,0.379393045438016,0.0008740145692569469,tracking,4.283764255028059,0
1473,14.72999999999973,5.287352561950684,1.866727352142334,0.0038201501592993736,0.3789585530757904,0.37947104603749,0.0007616937060144402,tracking,0.37947104603749,0.0007616937060144402,tracking,4.287553706477037,0
1474,14.73999999999973,5.291141986846924,1.8667415380477905,0.003632988315075636,0.378927618265152,0.3787959165208033,-0.0017338802100432592,tracking,0.3787959165208033,-0.0017338802100432592,tracking,4.291343157926015,0
1475,14.74999999999973,5.294931411743164,1.8667548894882202,0.003445826005190611,0.37896114587783813,0.3796326445834834,-0.0005289917997839582,tracking,0.3796326445834834,-0.0005289917997839582,tracking,4.295132606343029,0
1476,14.75999999999973,5.2987213134765625,1.86676824092865,0.00363300577737391,0.3789813816547394,0.37938645212379074,0.0008835089417413323,tracking,0.37938645212379074,0.0008835089417413323,tracking,4.298922531594242,0
1477,14.76999999999973,5.302510738372803,1.8667824268341064,0.0038201839197427034,0.3789503872394562,0.37881848798713647,-0.0017013772985235024,tracking,0.37881848798713647,-0.0017013772985235024,tracking,4.30271198304322,0
1478,14.77999999999973,5.306300163269043,1.866796612739563,0.0036330062430351973,0.37898001074790955,0.37957318781044636,-0.0006146095529572771,tracking,0.37957318781044636,-0.0006146095529572771,tracking,4.306501434492198,0
1479,14.78999999999973,5.310090065002441,1.8668099641799927,0.0034458194859325886,0.37900570034980774,0.37952054463345064,-0.0006904157278310474,tracking,0.37952054463345064,-0.0006904157278310474,tracking,4.3102913597434105,0
1480,14.799999999999729,5.313880443572998,1.8668228387832642,0.003258609678596258,0.3790495991706848,0.37992874499200774,-0.00010260721150886923,tracking,0.37992874499200774,-0.00010260721150886923,tracking,4.314081760179188,0
1481,14.809999999999729,5.3176703453063965,1.8668347597122192,0.0030714082531630993,0.37895432114601135,0.37854874353208057,0.00208980931380402,tracking,0.37854874353208057,0.00208980931380402,tracking,4.317871680660856,0
1482,14.819999999999729,5.321460247039795,1.8668466806411743,0.003258588956668973,0.3789871335029602,0.37964426261714135,0.0005122618313164579,tracking,0.37964426261714135,0.0005122618313164579,tracking,4.321661601142524,0
1483,14.829999999999728,5.325250148773193,1.8668595552444458,0.0034457817673683167,0.3790280520915985,0.37984788842930667,0.00021904066179839667,tracking,0.37984788842930667,0.00021904066179839667,tracking,4.325451524743895,0
1484,14.839999999999728,5.32904052734375,1.8668724298477173,0.003258572658523917,0.37903663516044617,0.37920879001246116,-0.00113934238205596,tracking,0.37920879001246116,-0.00113934238205596,tracking,4.329241925179672,0
1485,14.849999999999728,5.332830905914307,1.8668843507766724,0.0030713595915585756,0.37905120849609375,0.3793432921412614,0.0009456593165835651,tracking,0.3793432921412614,0.0009456593165835651,tracking,4.333032322496139,0
1486,14.859999999999728,5.3366217613220215,1.8668960332870483,0.0030713595915585756,0.37909412384033203,0.3799534712656169,6.700137751166312e-05,tracking,0.3799534712656169,6.700137751166312e-05,tracking,4.336823195905164,0
1487,14.869999999999727,5.340412616729736,1.8669074773788452,0.0028841106686741114,0.37912431359291077,0.37972893188056855,-0.0003903380919812894,tracking,0.37972893188056855,-0.0003903380919812894,tracking,4.34061406858694,0
1488,14.879999999999727,5.344203948974609,1.8669179677963257,0.0026968554593622684,0.3791317641735077,0.37928093807235164,0.001035449175813641,tracking,0.37928093807235164,0.001035449175813641,tracking,4.344405415345003,0
1489,14.889999999999727,5.347994804382324,1.8669284582138062,0.002884070621803403,0.37900301814079285,0.37845484759637726,0.002225019461216781,tracking,0.37845484759637726,0.002225019461216781,tracking,4.348196285267733,0
1490,14.899999999999727,5.351784706115723,1.866939902305603,0.003071265062317252,0.3790065050125122,0.37907664131233615,-0.0013296365102359506,tracking,0.37907664131233615,-0.0013296365102359506,tracking,4.351986204279539,0
1491,14.909999999999727,5.355574607849121,1.8669513463974,0.0028840634040534496,0.37902432680130005,0.37938155526119466,-0.0008905604238796934,tracking,0.37938155526119466,-0.0008905604238796934,tracking,4.355776123291346,0
1492,14.919999999999726,5.3593645095825195,1.8669618368148804,0.0026968626771122217,0.37900152802467346,0.37890451361582267,-0.0015775003932153807,tracking,0.37890451361582267,-0.0015775003932153807,tracking,4.359566039543412,0
1493,14.929999999999726,5.363154411315918,1.8669723272323608,0.0028840648010373116,0.3790285289287567,0.3795696647854724,0.0006196827089197401,tracking,0.3795696647854724,0.0006196827089197401,tracking,4.363355955795479,0
1494,14.939999999999726,5.366944789886475,1.8669837713241577,0.0030712769366800785,0.37906312942504883,0.3797562654430621,0.00035097776199054893,tracking,0.3797562654430621,0.00035097776199054893,tracking,4.36714635164227,0
1495,14.949999999999726,5.3707356452941895,1.8669952154159546,0.0028840473387390375,0.3790813684463501,0.3794467610212254,-0.0007966641294354657,tracking,0.3794467610212254,-0.0007966641294354657,tracking,4.370937224324046,0
1496,14.959999999999726,5.374526500701904,1.867005705833435,0.0026968084275722504,0.37911853194236755,0.3798629853849105,0.00019730104572894796,tracking,0.3798629853849105,0.00019730104572894796,tracking,4.374728094246776,0
1497,14.969999999999725,5.378317832946777,1.8670161962509155,0.0028840601444244385,0.3791206181049347,0.3791626675092202,0.0012057587867229805,tracking,0.3791626675092202,0.0012057587867229805,tracking,4.378519441004839,0
1498,14.979999999999725,5.38210916519165,1.8670276403427124,0.0030713160522282124,0.3791448473930359,0.3796300689568203,-0.0005327007021788347,tracking,0.3796300689568203,-0.0005327007021788347,tracking,4.3823107905216006,0
1499,14.989999999999725,5.385900497436523,1.8670390844345093,0.0028840522281825542,0.3791443705558777,0.37914231978975,-0.0012350595027600373,tracking,0.37914231978975,-0.0012350595027600373,tracking,4.386102140038362,0
1500,14.999999999999725,5.3896918296813965,1.8670495748519897,0.0026967963203787804,0.3790966272354126,0.3788933084214322,0.001593635873137609,tracking,0.3788933084214322,0.001593635873137609,tracking,4.389893486796425,0
1501,15.009999999999724,5.3934831619262695,1.8670600652694702,0.0028840480372309685,0.37913191318511963,0.37983849249235346,0.0002325708110109924,tracking,0.37983849249235346,0.0002325708110109924,tracking,4.393684833554488,0
1502,15.019999999999724,5.397274494171143,1.867071509361267,0.003071302082389593,0.3791106045246124,0.3790198135764511,-0.0014114684499103936,tracking,0.3790198135764511,-0.0014114684499103936,tracking,4.39747618307125,0
1503,15.029999999999724,5.401065826416016,1.867082953453064,0.0028840440791100264,0.3791438937187195,0.37981065281965665,-0.0002726599396944687,tracking,0.37981065281965665,-0.0002726599396944687,tracking,4.401267532588012,0
1504,15.039999999999724,5.404857635498047,1.8670934438705444,0.002696775598451495,0.37917351722717285,0.37976702479610397,-0.000335484293610311,tracking,0.37976702479610397,-0.000335484293610311,tracking,4.4050593561814075,0
1505,15.049999999999724,5.408649444580078,1.8671034574508667,0.002509488957002759,0.3791990876197815,0.3797113606261026,-0.00041564069841223267,tracking,0.3797113606261026,-0.00041564069841223267,tracking,4.408851178485573,0
1506,15.059999999999723,5.412440299987793,1.8671125173568726,0.0023222407326102257,0.3789396584033966,0.3778351373455454,0.003117402222414627,tracking,0.3778351373455454,0.003117402222414627,tracking,4.4126420447195756,0
1507,15.069999999999723,5.416229248046875,1.8671215772628784,0.0025093606673181057,0.37881022691726685,0.3782591908125158,0.002506765229977284,tracking,0.3782591908125158,0.002506765229977284,tracking,4.416431003610395,0
1508,15.079999999999723,5.420017719268799,1.8671315908432007,0.002696466399356723,0.3788539171218872,0.37972915732412416,0.0003900134532611927,tracking,0.37972915732412416,0.0003900134532611927,tracking,4.4202194880661025,0
1509,15.089999999999723,5.423806667327881,1.867141604423523,0.0025093303993344307,0.3789016306400299,0.3798571097296188,-0.00020576198934895828,tracking,0.3798571097296188,-0.00020576198934895828,tracking,4.424008449357302,0
1510,15.099999999999723,5.427595615386963,1.8671506643295288,0.0023221937008202076,0.37885797023773193,0.37867202203238515,0.001912288273365371,tracking,0.37867202203238515,0.001912288273365371,tracking,4.4277974082481215,0
1511,15.109999999999722,5.431384563446045,1.8671597242355347,0.002509327372536063,0.3788923919200897,0.37958214762373504,0.0006017074218215277,tracking,0.37958214762373504,0.0006017074218215277,tracking,4.431586367138941,0
1512,15.119999999999722,5.435173511505127,1.867169737815857,0.0026964719872921705,0.3789253234863281,0.37958466933076773,-0.0005980761636944338,tracking,0.37958466933076773,-0.0005980761636944338,tracking,4.4353753284301405,0
1513,15.129999999999722,5.438962936401367,1.8671797513961792,0.0025093115400522947,0.37893983721733093,0.3792308383492871,-0.0011075927770265682,tracking,0.3792308383492871,-0.0011075927770265682,tracking,4.439164766556834,0
1514,15.139999999999722,5.442752361297607,1.867188811302185,0.0023221417795866728,0.3789817690849304,0.37982147440556085,0.00025707685599236875,tracking,0.37982147440556085,0.00025707685599236875,tracking,4.442954202283448,0
1515,15.149999999999721,5.4465413093566895,1.867197871208191,0.0025092840660363436,0.3788568675518036,0.3783250220917848,0.0024119681878298923,tracking,0.3783250220917848,0.0024119681878298923,tracking,4.446743161174267,0
1516,15.159999999999721,5.4503302574157715,1.8672078847885132,0.0026964142452925444,0.3789086937904358,0.3799468488281909,7.653768740511699e-05,tracking,0.3799468488281909,7.653768740511699e-05,tracking,4.450532122465467,0
1517,15.169999999999721,5.454119682312012,1.8672178983688354,0.002509258221834898,0.37893447279930115,0.37945089145245203,-0.0007907163084690896,tracking,0.37945089145245203,-0.0007907163084690896,tracking,4.4543215605921604,0
1518,15.17999999999972,5.457909107208252,1.8672269582748413,0.0023220994044095278,0.37892648577690125,0.3788924847547668,-0.0015948219531358707,tracking,0.3788924847547668,-0.0015948219531358707,tracking,4.458110996318775,0
1519,15.18999999999972,5.461698532104492,1.867235541343689,0.0021349391900002956,0.3789389133453369,0.37918815384958776,-0.0011690584565936077,tracking,0.37918815384958776,-0.0011690584565936077,tracking,4.461900430935352,0
1520,15.19999999999972,5.465487003326416,1.8672431707382202,0.0019477999303489923,0.3787986934185028,0.3782016353615553,0.002589645079360366,tracking,0.3782016353615553,0.002589645079360366,tracking,4.465688909839478,0
1521,15.20999999999972,5.469274520874023,1.8672508001327515,0.0021348600275814533,0.37869900465011597,0.3782746124682548,0.0024845580457131112,tracking,0.3782746124682548,0.0024845580457131112,tracking,4.469476435071221,0
1522,15.21999999999972,5.473061561584473,1.8672593832015991,0.0023219017311930656,0.3786862790584564,0.3786321112557697,0.0019697597916916902,tracking,0.3786321112557697,0.0019697597916916902,tracking,4.473263485508127,0
1523,15.22999999999972,5.476848602294922,1.8672679662704468,0.002134857699275017,0.3787059187889099,0.379099389982535,-0.0012968784251496186,tracking,0.379099389982535,-0.0012968784251496186,tracking,4.477050535945033,0
1524,15.23999999999972,5.480635643005371,1.867275595664978,0.0019478038884699345,0.37874582409858704,0.3795454646632478,-0.0006545308849232197,tracking,0.3795454646632478,-0.0006545308849232197,tracking,4.480837584340587,0
1525,15.24999999999972,5.4844231605529785,1.8672832250595093,0.002134871669113636,0.37874841690063477,0.37880024156958364,0.0017276521397995687,tracking,0.37880024156958364,0.0017276521397995687,tracking,4.48462510957233,0
1526,15.25999999999972,5.488210678100586,1.867291808128357,0.0023219448048621416,0.3787796199321747,0.3794045388521563,0.0008574640528949211,tracking,0.3794045388521563,0.0008574640528949211,tracking,4.48841263684517,0
1527,15.269999999999719,5.491998672485352,1.8673003911972046,0.0021348600275814533,0.37878328561782837,0.37885674590021134,-0.0016462859036956898,tracking,0.37885674590021134,-0.0016462859036956898,tracking,4.492200640953944,0
1528,15.279999999999719,5.495786666870117,1.8673080205917358,0.0019477700116112828,0.37881121039390564,0.37937044333466463,-0.0009065615980829002,tracking,0.37937044333466463,-0.0009065615980829002,tracking,4.495988643021878,0
1529,15.289999999999718,5.499574184417725,1.867315649986267,0.002134815091267228,0.3786468505859375,0.3779470443917514,0.002956256075877956,tracking,0.3779470443917514,0.002956256075877956,tracking,4.4997761682536215,0
1530,15.299999999999718,5.503360748291016,1.8673242330551147,0.002321841660887003,0.3786987364292145,0.37973812123116085,-0.00037710542712835957,tracking,0.37973812123116085,-0.00037710542712835957,tracking,4.503562741854594,0
1531,15.309999999999718,5.507147789001465,1.8673328161239624,0.0021347887814044952,0.37872663140296936,0.37928558578022714,-0.0010287564764728946,tracking,0.37928558578022714,-0.0010287564764728946,tracking,4.5073497922915005,0
1532,15.319999999999718,5.510935306549072,1.8673404455184937,0.0019477285677567124,0.37874287366867065,0.37906849838298495,0.001341362328501682,tracking,0.37906849838298495,0.001341362328501682,tracking,4.511137317523244,0
1533,15.329999999999718,5.51472282409668,1.867348074913025,0.0021348013542592525,0.37876543402671814,0.3792173506640072,0.0011270150438296277,tracking,0.3792173506640072,0.0011270150438296277,tracking,4.514924842754987,0
1534,15.339999999999717,5.518510818481445,1.8673566579818726,0.002321884734556079,0.37880685925483704,0.37963652942833864,0.0005233976231923941,tracking,0.37963652942833864,0.0005233976231923941,tracking,4.518712846863761,0
1535,15.349999999999717,5.522299289703369,1.8673652410507202,0.0021347745787352324,0.3788466155529022,0.37964297657576984,-0.0005141137308914598,tracking,0.37964297657576984,-0.0005141137308914598,tracking,4.522501327808469,0
1536,15.359999999999717,5.526087760925293,1.8673728704452515,0.0019476570887491107,0.3788513243198395,0.37894573572033335,0.0015181405627199924,tracking,0.37894573572033335,0.0015181405627199924,tracking,4.526289806712595,0
1537,15.369999999999717,5.529876232147217,1.8673804998397827,0.002134788315743208,0.37888848781585693,0.37963281321858366,0.0005287489652395557,tracking,0.37963281321858366,0.0005287489652395557,tracking,4.53007828561672,0
1538,15.379999999999717,5.533665180206299,1.8673890829086304,0.002321928506717086,0.3789066970348358,0.3792712895877755,-0.001049342993603266,tracking,0.3792712895877755,-0.001049342993603266,tracking,4.533867243397363,0
1539,15.389999999999716,5.537454605102539,1.867397665977478,0.0021347729489207268,0.3789346516132355,0.3794946418558648,-0.0007277157275547442,tracking,0.3794946418558648,-0.0007277157275547442,tracking,4.53765667801394,0
1540,15.399999999999716,5.541244029998779,1.8674052953720093,0.001947605749592185,0.3789766728878021,0.3798182358875705,-0.00026174032189846567,tracking,0.3798182358875705,-0.00026174032189846567,tracking,4.541446110590449,0
1541,15.409999999999716,5.545033931732178,1.8674129247665405,0.0021347999572753906,0.3790169954299927,0.37982482107631527,0.00025225765010602075,tracking,0.37982482107631527,0.00025225765010602075,tracking,4.54523602000315,0
1542,15.419999999999716,5.548824310302734,1.8674215078353882,0.002322005107998848,0.37904319167137146,0.3795677490408429,-0.0006224413811862228,tracking,0.3795677490408429,-0.0006224413811862228,tracking,4.549026408291598,0
1543,15.429999999999715,5.552614688873291,1.867430567741394,0.00250922585837543,0.3790645897388458,0.37949326372851255,0.0007297002309419078,tracking,0.37949326372851255,0.0007297002309419078,tracking,4.552816797689804,0
1544,15.439999999999715,5.556405067443848,1.8674405813217163,0.0026964438147842884,0.3790256679058075,0.37885996179511905,-0.0016416550150285514,tracking,0.37885996179511905,-0.0016416550150285514,tracking,4.556607189487485,0
1545,15.449999999999715,5.560194492340088,1.8674505949020386,0.0025092989671975374,0.3788423538208008,0.37806179700530745,-0.0027910123123572805,tracking,0.37806179700530745,-0.0027910123123572805,tracking,4.560396627614178,0
1546,15.459999999999715,5.563982963562012,1.8674596548080444,0.002322175307199359,0.3788969814777374,0.3799912783182164,-1.2559221768399312e-05,tracking,0.3799912783182164,-1.2559221768399312e-05,tracking,4.564185109669203,0
1547,15.469999999999715,5.567771911621094,1.8674687147140503,0.002509318757802248,0.3789028227329254,0.3790195993236448,0.0014117769739514635,tracking,0.3790195993236448,0.0014117769739514635,tracking,4.567974068560022,0
1548,15.479999999999714,5.571560859680176,1.8674787282943726,0.002696458948776126,0.37887805700302124,0.3787726273510675,-0.001767416614462815,tracking,0.3787726273510675,-0.001767416614462815,tracking,4.571763029851222,0
1549,15.489999999999714,5.575349807739258,1.8674887418746948,0.002509312704205513,0.37892013788223267,0.37976284380566766,-0.000341504919838565,tracking,0.37976284380566766,-0.000341504919838565,tracking,4.575551991142421,0
1550,15.499999999999714,5.579139232635498,1.8674978017807007,0.00232215435244143,0.37895187735557556,0.37958746665644405,-0.0005940480147205648,tracking,0.37958746665644405,-0.0005940480147205648,tracking,4.579341426869036,0
1551,15.509999999999714,5.582928657531738,1.8675063848495483,0.0021349757444113493,0.3789820373058319,0.37958593733308654,-0.0005962502403554105,tracking,0.37958593733308654,-0.0005962502403554105,tracking,4.583130861485613,0
1552,15.519999999999714,5.586718559265137,1.8675140142440796,0.0019477889873087406,0.37900078296661377,0.37937646646853124,0.0008978882853150128,tracking,0.37937646646853124,0.0008978882853150128,tracking,4.586920770898314,0
1553,15.529999999999713,5.590508460998535,1.8675216436386108,0.002134965732693672,0.3789523243904114,0.37874597027007884,0.001805802811086463,tracking,0.37874597027007884,0.001805802811086463,tracking,4.590710680311015,0
1554,15.539999999999713,5.594297885894775,1.8675302267074585,0.002322135493159294,0.3789575397968292,0.379062231978277,0.0013503859512811096,tracking,0.379062231978277,0.0013503859512811096,tracking,4.594500114927593,0
1555,15.549999999999713,5.598086833953857,1.8675388097763062,0.0021349897142499685,0.3788793385028839,0.3785463890056164,-0.002093199831912409,tracking,0.3785463890056164,-0.002093199831912409,tracking,4.598289072708235,0
1556,15.559999999999713,5.6018757820129395,1.8675464391708374,0.0019478501053526998,0.378919780254364,0.37972964373326307,0.00038931302410117295,tracking,0.37972964373326307,0.00038931302410117295,tracking,4.6020780284485525,0
1557,15.569999999999713,5.6056647300720215,1.8675540685653687,0.002135002054274082,0.37891730666160583,0.37890671478829335,0.0015743307048575494,tracking,0.37890671478829335,0.0015743307048575494,tracking,4.60586698418887,0
1558,15.579999999999712,5.609454154968262,1.8675626516342163,0.002322159241884947,0.37895166873931885,0.37963982397392615,-0.0005186534775463638,tracking,0.37963982397392615,-0.0005186534775463638,tracking,4.609656418805447,0
1559,15.589999999999712,5.613243103027344,1.867571234703064,0.002135026268661022,0.37884321808815,0.37838146176192783,-0.00233069506282393,tracking,0.37838146176192783,-0.00233069506282393,tracking,4.61344537658609,0
1560,15.599999999999712,5.617031574249268,1.8675788640975952,0.0019479035399854183,0.37888991832733154,0.37982525427919517,0.0002516338379589941,tracking,0.37982525427919517,0.0002516338379589941,tracking,4.617233855490215,0
1561,15.609999999999712,5.62082052230835,1.8675862550735474,0.0019479035399854183,0.3789411783218384,0.37996766643754243,-4.656032993893616e-05,tracking,0.37996766643754243,-4.656032993893616e-05,tracking,4.621022810757957,0
1562,15.619999999999711,5.62460994720459,1.8675938844680786,0.0021350712049752474,0.3789544403553009,0.3792201769082848,0.001122945252069863,tracking,0.3792201769082848,0.001122945252069863,tracking,4.624812243334466,0
1563,15.629999999999711,5.628399848937988,1.8676024675369263,0.00232224864885211,0.3790000379085541,0.3799136276859002,-0.0001243761323036826,tracking,0.3799136276859002,-0.0001243761323036826,tracking,4.628602154786979,0
1564,15.639999999999711,5.6321892738342285,1.867611050605774,0.002135083544999361,0.3789164423942566,0.37856056599704546,-0.0020727849642545792,tracking,0.37856056599704546,-0.0020727849642545792,tracking,4.632391589403556,0
1565,15.64999999999971,5.635978698730469,1.8676186800003052,0.0019479264738038182,0.37895190715789795,0.37966218461188284,-0.00048645415888873495,tracking,0.37966218461188284,-0.00048645415888873495,tracking,4.636181021980065,0
1566,15.65999999999971,5.639768600463867,1.8676260709762573,0.0019479264738038182,0.3790009617805481,0.37998379338845173,-2.333752062951824e-05,tracking,0.37998379338845173,-2.333752062951824e-05,tracking,4.63997093092031,0
1567,15.66999999999971,5.643558502197266,1.8676337003707886,0.002135099610313773,0.3789409101009369,0.37868525368679606,0.0018932346910136707,tracking,0.37868525368679606,0.0018932346910136707,tracking,4.643760840333011,0
1568,15.67999999999971,5.647347927093506,1.8676422834396362,0.002322266111150384,0.3789617121219635,0.3793784431480808,-0.0008950418667637084,tracking,0.3793784431480808,-0.0008950418667637084,tracking,4.647550274949588,0
1569,15.68999999999971,5.651136875152588,1.8676508665084839,0.0021351405885070562,0.3788153827190399,0.37819234413289704,-0.0026030244486282693,tracking,0.37819234413289704,-0.0026030244486282693,tracking,4.651339232730231,0
1570,15.69999999999971,5.654925346374512,1.8676584959030151,0.0019480341579765081,0.37884631752967834,0.37946609231823797,-0.0007688270617373484,tracking,0.37946609231823797,-0.0007688270617373484,tracking,4.655127711634356,0
1571,15.70999999999971,5.6587138175964355,1.8676661252975464,0.00213516503572464,0.378889799118042,0.3797610509995184,0.00034408656069351284,tracking,0.3797610509995184,0.00034408656069351284,tracking,4.6589161905384815,0
1572,15.71999999999971,5.662502765655518,1.867674708366394,0.002322304295375943,0.3788983225822449,0.3790689722172839,-0.00134068000711117,tracking,0.3790689722172839,-0.00134068000711117,tracking,4.662705148319124,0
1573,15.729999999999709,5.6662917137146,1.8676832914352417,0.002135166898369789,0.37888363003730774,0.3788211439187936,-0.001697552756937178,tracking,0.3788211439187936,-0.001697552756937178,tracking,4.6664941060997664,0
1574,15.739999999999709,5.670080661773682,1.867690920829773,0.0019480269402265549,0.378913938999176,0.37952078262418004,-0.000690073021180767,tracking,0.37952078262418004,-0.000690073021180767,tracking,4.670283061840084,0
1575,15.749999999999709,5.673870086669922,1.867698073387146,0.0017608701018616557,0.37893474102020264,0.3793512360969335,-0.0009342200204157597,tracking,0.3793512360969335,-0.0009342200204157597,tracking,4.674072493486561,0
1576,15.759999999999708,5.677658557891846,1.8677042722702026,0.0015737314242869616,0.3788038492202759,0.37824657069259887,0.002524938202657655,tracking,0.37824657069259887,0.002524938202657655,tracking,4.67786096977994,0
1577,15.769999999999708,5.681446552276611,1.8677104711532593,0.0017608259804546833,0.3788008689880371,0.37878818837844214,0.0017450087350433388,tracking,0.37878818837844214,0.0017450087350433388,tracking,4.681648969236799,0
1578,15.779999999999708,5.685234546661377,1.8677176237106323,0.0019479247275739908,0.3788299560546875,0.379412516530508,-0.0008459761960684965,tracking,0.379412516530508,-0.0008459761960684965,tracking,4.685436970374351,0
1579,15.789999999999708,5.689022541046143,1.8677247762680054,0.0017608440248295665,0.37874525785446167,0.378384690817326,-0.0023260452230505217,tracking,0.378384690817326,-0.0023260452230505217,tracking,4.689224971511902,0
1580,15.799999999999708,5.69281005859375,1.867730975151062,0.001573768793605268,0.3787969648838043,0.3798324279889226,0.00024130369595146313,tracking,0.3798324279889226,0.00024130369595146313,tracking,4.693012494132242,0
1581,15.809999999999707,5.696597576141357,1.8677371740341187,0.0017608366906642914,0.37872326374053955,0.37840944356063777,0.002290401272681588,tracking,0.37840944356063777,0.002290401272681588,tracking,4.696800016752582,0
1582,15.819999999999707,5.700384616851807,1.8677443265914917,0.0019478931790217757,0.37872806191444397,0.3788243886906313,-0.0016928802854909533,tracking,0.3788243886906313,-0.0016928802854909533,tracking,4.700587064217518,0
1583,15.829999999999707,5.704171657562256,1.8677514791488647,0.001760861836373806,0.378646582365036,0.3782996999029838,-0.0024484321397033647,tracking,0.3782996999029838,-0.0024484321397033647,tracking,4.704374111682454,0
1584,15.839999999999707,5.707958221435547,1.8677576780319214,0.0015738392248749733,0.37867483496665955,0.37924061899194744,0.0010935086515957066,tracking,0.37924061899194744,0.0010935086515957066,tracking,4.708160680629755,0
1585,15.849999999999707,5.711744785308838,1.867763876914978,0.0017608592752367258,0.3786390721797943,0.3784868401556725,0.0021789501758315605,tracking,0.3784868401556725,0.0021789501758315605,tracking,4.711947249577055,0
1586,15.859999999999706,5.715531349182129,1.867771029472351,0.0019478821195662022,0.37869250774383545,0.3797629786749414,-0.0003413107080843464,tracking,0.3797629786749414,-0.0003413107080843464,tracking,4.715733820205683,0
1587,15.869999999999706,5.719318389892578,1.8677784204483032,0.0019478820031508803,0.3787538409233093,0.37998230171290964,2.5485533410151123e-05,tracking,0.37998230171290964,2.5485533410151123e-05,tracking,4.719520868128423,0
1588,15.879999999999706,5.723105430603027,1.8677855730056763,0.001760851009748876,0.37863263487815857,0.37811656210186123,-0.0027121505733198256,tracking,0.37811656210186123,-0.0027121505733198256,tracking,4.723307915593359,0
1589,15.889999999999706,5.726891994476318,1.867791771888733,0.0015738303773105145,0.37869060039520264,0.37985150106642024,-0.00021383846435483935,tracking,0.37985150106642024,-0.00021383846435483935,tracking,4.727094484540659,0
1590,15.899999999999705,5.730679035186768,1.8677974939346313,0.0013867787783965468,0.37872689962387085,0.3794538122933876,-0.0007865102975218381,tracking,0.3794538122933876,-0.0007865102975218381,tracking,4.730881529573981,0
1591,15.909999999999705,5.734466075897217,1.8678022623062134,0.0011997222900390625,0.3787201941013336,0.3786916810493182,0.0018839792889817869,tracking,0.3786916810493182,0.0018839792889817869,tracking,4.7346685732864255,0
1592,15.919999999999705,5.738253116607666,1.8678070306777954,0.0013867703964933753,0.3787018358707428,0.3786236442451249,0.001981952287020185,tracking,0.3786236442451249,0.001981952287020185,tracking,4.73845561699887,0
1593,15.929999999999705,5.742040634155273,1.8678127527236938,0.001573825371451676,0.378761887550354,0.3799647118360007,5.081495615898374e-05,tracking,0.3799647118360007,5.081495615898374e-05,tracking,4.7422431388688056,0
1594,15.939999999999705,5.745828628540039,1.8678187131881714,0.001573825255036354,0.37881991267204285,0.3799822898258754,-2.55026507394035e-05,tracking,0.3799822898258754,-2.55026507394035e-05,tracking,4.746031137943008,0
1595,15.949999999999704,5.749616622924805,1.8678244352340698,0.0013867286033928394,0.37879881262779236,0.37870904232445163,-0.00185897905278966,tracking,0.37870904232445163,-0.00185897905278966,tracking,4.749819136649558,0
1596,15.959999999999704,5.75340461730957,1.8678292036056519,0.0011996279936283827,0.37884438037872314,0.37975685169659357,0.00035013355690527524,tracking,0.37975685169659357,0.00035013355690527524,tracking,4.753607134035564,0
1597,15.969999999999704,5.757193088531494,1.8678339719772339,0.0013867528177797794,0.37887248396873474,0.3794352917383679,0.0008131798967502936,tracking,0.3794352917383679,0.0008131798967502936,tracking,4.757395608258349,0
1598,15.979999999999704,5.760982036590576,1.8678396940231323,0.0015738906804472208,0.3789242208003998,0.3799603160855368,-5.714483682698734e-05,tracking,0.3799603160855368,-5.714483682698734e-05,tracking,4.761184560638128,0
1599,15.989999999999704,5.764770984649658,1.8678454160690308,0.0013867495581507683,0.37888166308403015,0.3787005198221948,-0.0018712514560394553,tracking,0.3787005198221948,-0.0018712514560394553,tracking,4.764973513017907,0
1600,15.999999999999703,5.768559455871582,1.8678501844406128,0.0011996218236163259,0.3788435757160187,0.37868143477074656,-0.0018987339301249429,tracking,0.37868143477074656,-0.0018987339301249429,tracking,4.768761987240692,0
1601,16.009999999999703,5.772347927093506,1.8678549528121948,0.0013867330271750689,0.3788317143917084,0.378781249175211,0.001755001187696175,tracking,0.378781249175211,0.001755001187696175,tracking,4.772550461463478,0
1602,16.019999999999705,5.77613639831543,1.8678606748580933,0.0015738509828224778,0.37888479232788086,0.37994817106004647,-7.463367353308841e-05,tracking,0.37994817106004647,-7.463367353308841e-05,tracking,4.776338937006642,0
1603,16.029999999999706,5.7799248695373535,1.8678663969039917,0.0013867493253201246,0.3787815272808075,0.3783419089985937,-0.0023876510420250277,tracking,0.3783419089985937,-0.0023876510420250277,tracking,4.780127412549806,0
1604,16.039999999999708,5.783712863922119,1.8678711652755737,0.001199656049720943,0.3788345456123352,0.3798967868309721,-0.00014862696340016022,tracking,0.3798967868309721,-0.00014862696340016022,tracking,4.783915409935812,0
1605,16.04999999999971,5.787501335144043,1.8678756952285767,0.001199656049720943,0.37888696789741516,0.379936974734466,-9.075638236896114e-05,tracking,0.379936974734466,-9.075638236896114e-05,tracking,4.787703883866014,0
1606,16.05999999999971,5.791290283203125,1.8678799867630005,0.0010125114349648356,0.3789110779762268,0.37939372867579435,-0.0008730307068561282,tracking,0.37939372867579435,-0.0008730307068561282,tracking,4.791492834355489,0
1607,16.069999999999713,5.795079708099365,1.867883324623108,0.0008253552368842065,0.37895721197128296,0.37988110237250267,0.00017121258359618962,tracking,0.37988110237250267,0.00017121258359618962,tracking,4.795282260721781,0
1608,16.079999999999714,5.798867702484131,1.8678866624832153,0.001012430526316166,0.37866589426994324,0.3774256046004934,0.0037071293752895425,tracking,0.3774256046004934,0.0037071293752895425,tracking,4.799070256577155,0
1609,16.089999999999716,5.80265474319458,1.8678909540176392,0.0011994633823633194,0.3786991238594055,0.3793644442366557,0.0009152002992157812,tracking,0.3793644442366557,0.0009152002992157812,tracking,4.8028572997192205,0
1610,16.099999999999717,5.806441783905029,1.867895245552063,0.0010124073596671224,0.3787360191345215,0.379475366108681,-0.0007554728034994199,tracking,0.379475366108681,-0.0007554728034994199,tracking,4.806644342861286,0
1611,16.10999999999972,5.810229301452637,1.8678985834121704,0.0008253410342149436,0.3787616789340973,0.3792757548205088,0.0010429130584673667,tracking,0.3792757548205088,0.0010429130584673667,tracking,4.810431861879687,0
1612,16.11999999999972,5.814016342163086,1.8679019212722778,0.0010123648680746555,0.37860730290412903,0.3779500782705057,0.0029518872904718105,tracking,0.3779500782705057,0.0029518872904718105,tracking,4.814218904061114,0
1613,16.129999999999722,5.817802429199219,1.8679062128067017,0.0011993689695373178,0.37864166498184204,0.37933011763741986,-0.0009646306021153963,tracking,0.37933011763741986,-0.0009646306021153963,tracking,4.818004993529476,0
1614,16.139999999999723,5.82158899307251,1.8679105043411255,0.001012341701425612,0.3786774277687073,0.3793935150211066,-0.0008733383696065597,tracking,0.3793935150211066,-0.0008733383696065597,tracking,4.82179155983469,0
1615,16.149999999999725,5.825376033782959,1.867913842201233,0.0008253011619672179,0.378722220659256,0.37961946281663134,0.0005479735440509061,tracking,0.37961946281663134,0.0005479735440509061,tracking,4.825578602016117,0
1616,16.159999999999727,5.829163074493408,1.8679171800613403,0.0010123567190021276,0.3787233233451843,0.3787452761430228,0.0018068023540472366,tracking,0.3787452761430228,0.0018068023540472366,tracking,4.829365644197544,0
1617,16.169999999999728,5.832950592041016,1.8679214715957642,0.0011994217056781054,0.37877970933914185,0.3799091552884665,0.00013081638460823563,tracking,0.3799091552884665,0.00013081638460823563,tracking,4.833153164176462,0
1618,16.17999999999973,5.836738586425781,1.867925763130188,0.0010123341344296932,0.37879136204719543,0.3790244796378486,-0.001404749321498023,tracking,0.3790244796378486,-0.001404749321498023,tracking,4.836941160992232,0
1619,16.18999999999973,5.840526580810547,1.8679291009902954,0.0008252391708083451,0.37882497906684875,0.379498609115611,-0.000722002873520157,tracking,0.379498609115611,-0.000722002873520157,tracking,4.840729156847606,0
1620,16.199999999999733,5.844315052032471,1.8679324388504028,0.0010123595129698515,0.3788687288761139,0.37974486572512994,0.0003673933558128598,tracking,0.37974486572512994,0.0003673933558128598,tracking,4.844517629539952,0
1621,16.209999999999734,5.848104000091553,1.8679367303848267,0.0011994921369478106,0.37889933586120605,0.379512562856518,0.0007019094866140795,tracking,0.379512562856518,0.0007019094866140795,tracking,4.848306580029427,0
1622,16.219999999999736,5.851892948150635,1.8679410219192505,0.0010123603278771043,0.37886592745780945,0.37872371303021435,-0.0018378532364913048,tracking,0.37872371303021435,-0.0018378532364913048,tracking,4.852095530518902,0
1623,16.229999999999738,5.855681896209717,1.867944359779358,0.0008252266561612487,0.3789108991622925,0.3798115056955085,0.0002714317984677875,tracking,0.3798115056955085,0.0002714317984677875,tracking,4.855884480048221,0
1624,16.23999999999974,5.859470844268799,1.8679476976394653,0.0010123646352440119,0.378879189491272,0.378744141173946,0.0018084367095177723,tracking,0.378744141173946,0.0018084367095177723,tracking,4.859673429577541,0
1625,16.24999999999974,5.863259792327881,1.8679519891738892,0.001199504011310637,0.378919780254364,0.37973300954444694,-0.00038446625599643496,tracking,0.37973300954444694,-0.00038446625599643496,tracking,4.863462380067015,0
1626,16.259999999999742,5.867049217224121,1.8679567575454712,0.0013866699300706387,0.3789598345756531,0.37976194816108666,0.0003427946480352331,tracking,0.37976194816108666,0.0003427946480352331,tracking,4.867251807963362,0
1627,16.269999999999744,5.8708391189575195,1.8679624795913696,0.0015738470247015357,0.37898775935173035,0.379547390786912,-0.0006517572668467068,tracking,0.379547390786912,-0.0006517572668467068,tracking,4.87104171401637,0
1628,16.279999999999745,5.87462854385376,1.867968201637268,0.0013866878580302,0.37890487909317017,0.37855200111444726,-0.002085118395195968,tracking,0.37855200111444726,-0.002085118395195968,tracking,4.874831143232764,0
1629,16.289999999999747,5.87841796875,1.86797297000885,0.0011995357926934958,0.378944456577301,0.3797372670106553,-0.0003783355046563697,tracking,0.3797372670106553,-0.0003783355046563697,tracking,4.878620571129111,0
1630,16.29999999999975,5.88220739364624,1.867977261543274,0.0010123798856511712,0.37891656160354614,0.37879783569374353,-0.0017311166010092935,tracking,0.37879783569374353,-0.0017311166010092935,tracking,4.882409998455437,0
1631,16.30999999999975,5.8859968185424805,1.8679805994033813,0.0008252220577560365,0.37895625829696655,0.3797515601262007,-0.00035775341827096706,tracking,0.3797515601262007,-0.00035775341827096706,tracking,4.88619942482173,0
1632,16.31999999999975,5.889786243438721,1.8679839372634888,0.0010123967658728361,0.37896808981895447,0.3792049318691892,0.0011448981083675759,tracking,0.3792049318691892,0.0011448981083675759,tracking,4.889988851188023,0
1633,16.329999999999753,5.893576145172119,1.8679882287979126,0.001199577352963388,0.3789924085140228,0.37947935722199133,0.0007497256003324861,tracking,0.37947935722199133,0.0007497256003324861,tracking,4.893778755351202,0
1634,16.339999999999755,5.897366046905518,1.8679925203323364,0.0010123748797923326,0.3790341317653656,0.37987012167830947,-0.00018702478323436066,tracking,0.37987012167830947,-0.00018702478323436066,tracking,4.8975686595143815,0
1635,16.349999999999756,5.901156425476074,1.8679958581924438,0.0008251600665971637,0.37906718254089355,0.37972914844973665,0.00039002623237920173,tracking,0.37972914844973665,0.00039002623237920173,tracking,4.901359039554621,0
1636,16.359999999999758,5.904947280883789,1.867998719215393,0.0006379256374202669,0.3790937662124634,0.3796263654292231,-0.0005380337819187106,tracking,0.3796263654292231,-0.0005380337819187106,tracking,4.9051498960419675,0
1637,16.36999999999976,5.908737659454346,1.8680006265640259,0.0004507028788793832,0.3789961338043213,0.3785805119386866,0.0020440628082913316,tracking,0.3785805119386866,0.0020440628082913316,tracking,4.90894027509242,0
1638,16.37999999999976,5.912526607513428,1.8680025339126587,0.0006378376856446266,0.37882712483406067,0.3781075511841483,0.002725126294826477,tracking,0.3781075511841483,0.002725126294826477,tracking,4.91272922363158,0
1639,16.389999999999763,5.916315078735352,1.868005394935608,0.0008249516831710935,0.3788697421550751,0.3797236806171757,0.0003978999112670234,tracking,0.3797236806171757,0.0003978999112670234,tracking,4.916517695933814,0
1640,16.399999999999764,5.920104026794434,1.8680082559585571,0.0006378131220117211,0.37890130281448364,0.37953344906161784,-0.0006718333512703402,tracking,0.37953344906161784,-0.0006718333512703402,tracking,4.9203066450730715,0
1641,16.409999999999766,5.923892974853516,1.86801016330719,0.0004506653640419245,0.3789255619049072,0.3794116258837462,0.000847258727405441,tracking,0.3794116258837462,0.000847258727405441,tracking,4.924095593612231,0
1642,16.419999999999767,5.927680969238281,1.8680120706558228,0.0006377263925969601,0.37863823771476746,0.3774149812383379,0.0037224270167934255,tracking,0.3774149812383379,0.0037224270167934255,tracking,4.9278835884771945,0
1643,16.42999999999977,5.931467533111572,1.868014931678772,0.0008247484220191836,0.3786887228488922,0.37970013144397946,-0.0004318107206695964,tracking,0.37970013144397946,-0.0004318107206695964,tracking,4.93167015343134,0
1644,16.43999999999977,5.9352545738220215,1.8680182695388794,0.0010117999045178294,0.3787277042865753,0.3795083842445155,0.0007079266878976835,tracking,0.3795083842445155,0.0007079266878976835,tracking,4.935457195612767,0
1645,16.449999999999772,5.939042091369629,1.8680225610733032,0.0011988603509962559,0.3787435293197632,0.37906072053933554,-0.0013525624233568477,tracking,0.37906072053933554,-0.0013525624233568477,tracking,4.939244715591685,0
1646,16.459999999999773,5.942829608917236,1.868026852607727,0.0010117815108969808,0.37878283858299255,0.379570457181191,-0.0006185416590850008,tracking,0.379570457181191,-0.0006185416590850008,tracking,4.943032235570603,0
1647,16.469999999999775,5.946617603302002,1.8680301904678345,0.0008246912620961666,0.37881332635879517,0.379424176424842,-0.0008291859482275339,tracking,0.379424176424842,-0.0008291859482275339,tracking,4.946820231425976,0
1648,16.479999999999777,5.950406074523926,1.868033528327942,0.0010118026984855533,0.37884756922721863,0.37953341980600724,0.0006718754793495858,tracking,0.37953341980600724,0.0006718754793495858,tracking,4.950608704118323,0
1649,16.489999999999778,5.95419454574585,1.8680378198623657,0.0011989271733909845,0.37889212369918823,0.37978429359952653,-0.00031061721668179925,tracking,0.37978429359952653,-0.00031061721668179925,tracking,4.954397177770945,0
1650,16.49999999999978,5.957983016967773,1.8680421113967896,0.0010118024656549096,0.37884804606437683,0.3786603214098365,-0.0019291371698353954,tracking,0.3786603214098365,-0.0019291371698353954,tracking,4.958185651423567,0
1651,16.50999999999978,5.9617719650268555,1.868045449256897,0.00082467618631199,0.37890180945396423,0.3799786138353297,3.0796077125191685e-05,tracking,0.3799786138353297,3.0796077125191685e-05,tracking,4.961974600952886,0
1652,16.519999999999783,5.965561389923096,1.8680485486984253,0.0008246761281043291,0.37895315885543823,0.3799814818071443,2.6666197712245723e-05,tracking,0.3799814818071443,2.6666197712245723e-05,tracking,4.965764027116672,0
1653,16.529999999999784,5.969351291656494,1.8680518865585327,0.0010118598584085703,0.37899720668792725,0.37987962753753796,0.00017333634594533798,tracking,0.37987962753753796,0.00017333634594533798,tracking,4.969553930319938,0
1654,16.539999999999786,5.973141193389893,1.8680561780929565,0.0011990541825070977,0.3790172040462494,0.3794175128880764,-0.0008387814411699797,tracking,0.3794175128880764,-0.0008387814411699797,tracking,4.973343834483117,0
1655,16.549999999999788,5.976931571960449,1.8680604696273804,0.0010118434438481927,0.3790467381477356,0.3796385908862853,-0.0005204291237491448,tracking,0.3796385908862853,-0.0005204291237491448,tracking,4.977134215483149,0
1656,16.55999999999979,5.980721950531006,1.8680638074874878,0.0008246258366852999,0.3790590465068817,0.3793056164316872,-0.0009999123383704622,tracking,0.3793056164316872,-0.0009999123383704622,tracking,4.980924595523389,0
1657,16.56999999999979,5.984512805938721,1.8680671453475952,0.0010118524078279734,0.3790743350982666,0.3793805957148443,0.0008919421706242259,tracking,0.3793805957148443,0.0008919421706242259,tracking,4.984715452400602,0
1658,16.579999999999792,5.9883036613464355,1.868071436882019,0.001199086895212531,0.37910720705986023,0.3797657714143586,-0.0003372891633236911,tracking,0.3797657714143586,-0.0003372891633236911,tracking,4.9885063102374865,0
1659,16.589999999999794,5.99209451675415,1.8680757284164429,0.0010118403006345034,0.37911051511764526,0.37917650342143955,-0.001185835073127038,tracking,0.37917650342143955,-0.001185835073127038,tracking,4.992297168074371,0
1660,16.599999999999795,5.995885848999023,1.8680790662765503,0.0008245869539678097,0.37914860248565674,0.37991147401345815,-0.00012747742062023393,tracking,0.37991147401345815,-0.00012747742062023393,tracking,4.996088501788557,0
1661,16.609999999999797,5.9996771812438965,1.8680819272994995,0.0006373158539645374,0.3791644871234894,0.3794824557255301,-0.0007452637552367281,tracking,0.3794824557255301,-0.0007452637552367281,tracking,4.999879835112925,0
1662,16.6199999999998,6.003468990325928,1.8680838346481323,0.00045004094135947526,0.37917155027389526,0.37931322808126955,0.000988951562971867,tracking,0.37931322808126955,0.000988951562971867,tracking,5.0036716446746725,0
1663,16.6299999999998,6.007259368896484,1.8680857419967651,0.0006372445495799184,0.3789483308792114,0.37799795680113557,0.0028829422063647745,tracking,0.37799795680113557,0.0028829422063647745,tracking,5.007462023725125,0
1664,16.6399999999998,6.011048793792725,1.8680886030197144,0.0008244023774750531,0.37889358401298523,0.3786605726680223,0.0019287753580479261,tracking,0.3786605726680223,0.0019287753580479261,tracking,5.011251449701404,0
1665,16.649999999999803,6.014837741851807,1.8680914640426636,0.000637275108601898,0.37885504961013794,0.3786910408963266,-0.001884901109289727,tracking,0.3786910408963266,-0.001884901109289727,tracking,5.015040398840661,0
1666,16.659999999999805,6.0186262130737305,1.8680933713912964,0.0004501585499383509,0.37882867455482483,0.37871634656884995,0.0018484609408560468,tracking,0.37871634656884995,0.0018484609408560468,tracking,5.018828870542722,0
1667,16.669999999999806,6.022414207458496,1.8680952787399292,0.0006372445495799184,0.3787626326084137,0.3784814740860281,0.00218667731611953,tracking,0.3784814740860281,0.00218667731611953,tracking,5.022616865407686,0
1668,16.679999999999808,6.026202201843262,1.8680981397628784,0.0008243247284553945,0.37879320979118347,0.37940594587888515,-0.0008554379344054034,tracking,0.37940594587888515,-0.0008554379344054034,tracking,5.026404860872899,0
1669,16.68999999999981,6.029990196228027,1.8681014776229858,0.001011426793411374,0.37882909178733826,0.37954795588253404,0.000650943529151014,tracking,0.37954795588253404,0.000650943529151014,tracking,5.030192856728272,0
1670,16.69999999999981,6.033778190612793,1.8681057691574097,0.0011985257733613253,0.3787747621536255,0.3785433665673378,-0.00209755214303357,tracking,0.3785433665673378,-0.00209755214303357,tracking,5.033980853544042,0
1671,16.709999999999813,6.0375657081604,1.8681100606918335,0.0010114704491570592,0.3786959946155548,0.3783606266673169,-0.0023606975990636825,tracking,0.3783606266673169,-0.0023606975990636825,tracking,5.03776837352296,0
1672,16.719999999999814,6.04135274887085,1.868113398551941,0.0008244254859164357,0.3787119686603546,0.3790319246006896,0.001394028575007011,tracking,0.3790319246006896,0.001394028575007011,tracking,5.041555415704387,0
1673,16.729999999999816,6.045140266418457,1.8681167364120483,0.0010114919859915972,0.3787616491317749,0.3797570489440894,0.0003498495205112471,tracking,0.3797570489440894,0.0003498495205112471,tracking,5.045342934722788,0
1674,16.739999999999817,6.0489277839660645,1.8681210279464722,0.0011985668679699302,0.378763347864151,0.3787972141296781,-0.001732011653263553,tracking,0.3787972141296781,-0.001732011653263553,tracking,5.0491304547017055,0
1675,16.74999999999982,6.052715301513672,1.868125319480896,0.0010114893084391952,0.3787691593170166,0.37888582947117727,-0.0016044055615047565,tracking,0.37888582947117727,-0.0016044055615047565,tracking,5.052917974680623,0
1676,16.75999999999982,6.0565032958984375,1.8681286573410034,0.0008244021446444094,0.37882199883461,0.379880458998382,-0.00017213904232991168,tracking,0.379880458998382,-0.00017213904232991168,tracking,5.0567059705359965,0
1677,16.769999999999822,6.060291767120361,1.8681319952011108,0.0010115118930116296,0.3788379430770874,0.37915742380439643,0.0012133097216691265,tracking,0.37915742380439643,0.0012133097216691265,tracking,5.060494443228343,0
1678,16.779999999999824,6.064079761505127,1.8681362867355347,0.0011986119206994772,0.3787635564804077,0.37844677786413494,-0.002236639875645723,tracking,0.37844677786413494,-0.002236639875645723,tracking,5.0642824400441135,0
1679,16.789999999999825,6.067867755889893,1.8681408166885376,0.0011986118042841554,0.3788197636604309,0.37994592202248806,-7.787228761716629e-05,tracking,0.37994592202248806,-7.787228761716629e-05,tracking,5.068070437137498,0
1680,16.799999999999827,6.071656227111816,1.8681451082229614,0.001011494779959321,0.37886086106300354,0.3796838815602844,-0.00045521055319050876,tracking,0.3796838815602844,-0.00045521055319050876,tracking,5.07185891079012,0
1681,16.809999999999828,6.075445175170898,1.8681484460830688,0.0008243670454248786,0.37888485193252563,0.3793652546332036,-0.0009140333281868131,tracking,0.3793652546332036,-0.0009140333281868131,tracking,5.07564786031944,0
1682,16.81999999999983,6.0792341232299805,1.8681517839431763,0.0010115187615156174,0.3789339065551758,0.37991662939032467,0.00012005367793248029,tracking,0.37991662939032467,0.00012005367793248029,tracking,5.079436809848759,0
1683,16.82999999999983,6.083023548126221,1.8681560754776,0.0011986837489530444,0.3789656162261963,0.37960084846210423,-0.0005747782145698751,tracking,0.37960084846210423,-0.0005747782145698751,tracking,5.083226237175086,0
1684,16.839999999999833,6.086813449859619,1.868160367012024,0.0010115003678947687,0.3789895474910736,0.37946879552821416,-0.0007649344393716286,tracking,0.37946879552821416,-0.0007649344393716286,tracking,5.087016141338265,0
1685,16.849999999999834,6.090603351593018,1.8681637048721313,0.0008243087213486433,0.3790157735347748,0.3795411009747923,-0.0006608145962990366,tracking,0.3795411009747923,-0.0006608145962990366,tracking,5.090806044541531,0
1686,16.859999999999836,6.094393730163574,1.8681670427322388,0.0010115118930116296,0.3790247440338135,0.37920452646461206,0.001145481890958656,tracking,0.37920452646461206,0.001145481890958656,tracking,5.094596424581771,0
1687,16.869999999999838,6.098184108734131,1.8681713342666626,0.0011987172765657306,0.37902939319610596,0.37912222807946155,-0.0012639915655753382,tracking,0.37912222807946155,-0.0012639915655753382,tracking,5.098386805581803,0
1688,16.87999999999984,6.1019744873046875,1.8681756258010864,0.0010115086333826184,0.3790341913700104,0.3791304854937712,-0.0012521008889694427,tracking,0.3791304854937712,-0.0012521008889694427,tracking,5.102177186581835,0
1689,16.88999999999984,6.105764389038086,1.8681789636611938,0.0008243090705946088,0.37897467613220215,0.3787212694070224,-0.0018413720538877328,tracking,0.3787212694070224,-0.0018413720538877328,tracking,5.105967089785101,0
1690,16.899999999999842,6.109554290771484,1.8681823015213013,0.0010114969918504357,0.37899911403656006,0.3794885307419156,0.0007365157316415591,tracking,0.3794885307419156,0.0007365157316415591,tracking,5.109756992988367,0
1691,16.909999999999844,6.113344669342041,1.868186593055725,0.0011986964382231236,0.3790450692176819,0.37996543101093144,-4.9779344258703805e-05,tracking,0.37996543101093144,-4.9779344258703805e-05,tracking,5.113547373988399,0
1692,16.919999999999845,6.117135047912598,1.8681913614273071,0.0013859194004908204,0.3790704905986786,0.3795798136098269,0.0006050684018492499,tracking,0.3795798136098269,0.0006050684018492499,tracking,5.1173377555583075,0
1693,16.929999999999847,6.1209259033203125,1.8681970834732056,0.0015731462044641376,0.37906789779663086,0.3790567967864,-0.0013582126275840474,tracking,0.3790567967864,-0.0013582126275840474,tracking,5.121128615284545,0
1694,16.93999999999985,6.124716281890869,1.868202805519104,0.0013859550235792994,0.3789621591567993,0.37851194104383756,-0.002142804896873936,tracking,0.37851194104383756,-0.002142804896873936,tracking,5.124918998174167,0
1695,16.94999999999985,6.128505706787109,1.868207573890686,0.00119878223631531,0.37895575165748596,0.37892846770679817,-0.0015430065022106199,tracking,0.37892846770679817,-0.0015430065022106199,tracking,5.1287084260705145,0
1696,16.95999999999985,6.13229513168335,1.8682118654251099,0.001011633430607617,0.37888941168785095,0.3786070337336362,-0.0020058714235638543,tracking,0.3786070337336362,-0.0020058714235638543,tracking,5.132497853396841,0
1697,16.969999999999853,6.136084079742432,1.8682152032852173,0.000824492541141808,0.378907710313797,0.3792740013704939,-0.0010454380264888347,tracking,0.3792740013704939,-0.0010454380264888347,tracking,5.13628680292616,0
1698,16.979999999999855,6.139873504638672,1.8682185411453247,0.0010116518242284656,0.3789456784725189,0.3797063303469822,0.00042288430034561914,tracking,0.3797063303469822,0.00042288430034561914,tracking,5.140076229292453,0
1699,16.989999999999856,6.143662929534912,1.8682228326797485,0.001198823913000524,0.37898531556129456,0.37977948818847684,0.00031753700859337873,tracking,0.37977948818847684,0.00031753700859337873,tracking,5.14386565661878,0
1700,16.999999999999858,6.1474528312683105,1.8682271242141724,0.0010116363409906626,0.3789921700954437,0.37912961057409705,-0.0012533607733002453,tracking,0.37912961057409705,-0.0012533607733002453,tracking,5.147655560781959,0
1701,17.00999999999986,6.151242733001709,1.8682304620742798,0.0008244421915151179,0.37902581691741943,0.3796995541963738,0.00043264195722169914,tracking,0.3796995541963738,0.00043264195722169914,tracking,5.151445463985225,0
1702,17.01999999999986,6.155033111572266,1.8682337999343872,0.0010116584599018097,0.37905970215797424,0.37973823622962444,0.0003769398293408449,tracking,0.37973823622962444,0.0003769398293408449,tracking,5.155235844025465,0
1703,17.029999999999863,6.158823490142822,1.868238091468811,0.0011988792102783918,0.3790532648563385,0.3790258087903185,-0.0014028353419414,tracking,0.3790258087903185,-0.0014028353419414,tracking,5.159026225025497,0
1704,17.039999999999864,6.162614345550537,1.868242859840393,0.0013861043844372034,0.37907281517982483,0.37946444412010377,0.0007712004670505598,tracking,0.37946444412010377,0.0007712004670505598,tracking,5.162817083432186,0
1705,17.049999999999866,6.166405200958252,1.8682485818862915,0.001573338988237083,0.379111111164093,0.3798779973511444,-0.00017568381435205177,tracking,0.3798779973511444,-0.00017568381435205177,tracking,5.166607943158423,0
1706,17.059999999999867,6.17019510269165,1.86825430393219,0.00138616852927953,0.3788776099681854,0.37788347588638366,-0.0030477947236075054,tracking,0.37788347588638366,-0.0030477947236075054,tracking,5.170397849211431,0
1707,17.06999999999987,6.173982620239258,1.868259072303772,0.001199073507450521,0.3786527216434479,0.37769521222326535,-0.0033188943984979137,tracking,0.37769521222326535,-0.0033188943984979137,tracking,5.174185369760656,0
1708,17.07999999999987,6.177769184112549,1.8682633638381958,0.0010120435617864132,0.3786798119544983,0.3792227029577117,-0.0011193077408951087,tracking,0.3792227029577117,-0.0011193077408951087,tracking,5.1779719360658705,0
1709,17.089999999999872,6.181556224822998,1.8682667016983032,0.0008250045357272029,0.3787080645561218,0.3792737197132138,-0.0010458436129721412,tracking,0.3792737197132138,-0.0010458436129721412,tracking,5.181758978247298,0
1710,17.099999999999874,6.185343265533447,1.8682700395584106,0.0010120623046532273,0.378737211227417,0.37932082811182366,0.000978007518973924,tracking,0.37932082811182366,0.000978007518973924,tracking,5.185546020428725,0
1711,17.109999999999875,6.189130783081055,1.8682743310928345,0.0011991321807727218,0.3787813186645508,0.3796646534297599,-0.00048289906114574793,tracking,0.3796646534297599,-0.00048289906114574793,tracking,5.189333540407643,0
1712,17.119999999999877,6.192917346954346,1.8682786226272583,0.0010121152736246586,0.3785758316516876,0.3777009878236424,-0.0033105775339549257,tracking,0.3777009878236424,-0.0033105775339549257,tracking,5.193120106712857,0
1713,17.129999999999878,6.1967034339904785,1.8682819604873657,0.0008251240360550582,0.3786259591579437,0.37963013108402116,0.000532611239009528,tracking,0.37963013108402116,0.000532611239009528,tracking,5.196906195220338,0
1714,17.13999999999988,6.200489521026611,1.8682852983474731,0.0010121228406205773,0.37859925627708435,0.3784854951249125,0.0021808870201260556,tracking,0.3784854951249125,0.0021808870201260556,tracking,5.200692283727819,0
1715,17.14999999999988,6.204275608062744,1.868289589881897,0.0011991234496235847,0.37863680720329285,0.3793888481510131,-0.0008800586625411387,tracking,0.3793888481510131,-0.0008800586625411387,tracking,5.204478373196181,0
1716,17.159999999999883,6.208062171936035,1.8682938814163208,0.0010120976949110627,0.37867504358291626,0.3794409749764666,-0.0008049960338880943,tracking,0.3794409749764666,-0.0008049960338880943,tracking,5.208264939501395,0
1717,17.169999999999884,6.211848735809326,1.8682972192764282,0.0008250664104707539,0.37867072224617004,0.3786523511759853,-0.0019406143065811843,tracking,0.3786523511759853,-0.0019406143065811843,tracking,5.212051504845849,0
1718,17.179999999999886,6.215635776519775,1.8683005571365356,0.00101211026776582,0.3787135183811188,0.3795709171403412,0.0006178793179086881,tracking,0.3795709171403412,0.0006178793179086881,tracking,5.215838547027277,0
1719,17.189999999999888,6.219422817230225,1.8683048486709595,0.0011991590727120638,0.37870100140571594,0.37864764769715215,-0.0019473873161009493,tracking,0.37864764769715215,-0.0019473873161009493,tracking,5.2196255901693425,0
1720,17.19999999999989,6.223209857940674,1.8683091402053833,0.0010121115483343601,0.3787090480327606,0.37886995332966383,-0.0016272672052840584,tracking,0.37886995332966383,-0.0016272672052840584,tracking,5.223412633311408,0
1721,17.20999999999989,6.226996898651123,1.8683124780654907,0.0008250633254647255,0.3787054121494293,0.3786899013653224,-0.0018865420339357706,tracking,0.3786899013653224,-0.0018865420339357706,tracking,5.227199675492836,0
1722,17.219999999999892,6.2307844161987305,1.868315577507019,0.0008250632672570646,0.37876418232917786,0.3799412076198426,8.46610274266588e-05,tracking,0.3799412076198426,8.46610274266588e-05,tracking,5.230987194308627,0
1723,17.229999999999894,6.234571933746338,1.8683189153671265,0.0010121403029188514,0.37876763939857483,0.3788368860766215,0.0016748840496649963,tracking,0.3788368860766215,0.0016748840496649963,tracking,5.2347747133270275,0
1724,17.239999999999895,6.2383599281311035,1.8683232069015503,0.0011992244981229305,0.37880802154541016,0.37961665402230893,0.0005520182078751204,tracking,0.37961665402230893,0.0005520182078751204,tracking,5.238562710142798,0
1725,17.249999999999897,6.242147922515869,1.8683274984359741,0.001012123771943152,0.3788171410560608,0.378999858719027,-0.001440203444601119,tracking,0.378999858719027,-0.001440203444601119,tracking,5.242350706958568,0
1726,17.2599999999999,6.245935440063477,1.8683308362960815,0.0008250409737229347,0.37869951128959656,0.3781986446497389,-0.002593951704375979,tracking,0.3781986446497389,-0.002593951704375979,tracking,5.246138225976969,0
1727,17.2699999999999,6.249722480773926,1.868334174156189,0.0010120997903868556,0.3787447214126587,0.3796503571877402,0.0005034856496541418,tracking,0.3796503571877402,0.0005034856496541418,tracking,5.249925268158396,0
1728,17.2799999999999,6.253509998321533,1.8683384656906128,0.0011991695500910282,0.3787657916545868,0.3791877655861916,-0.0011696175558840952,tracking,0.3791877655861916,-0.0011696175558840952,tracking,5.253712788137314,0
1729,17.289999999999903,6.257297992706299,1.8683427572250366,0.0010120837250724435,0.378792941570282,0.37933674165613124,-0.0009550920151710335,tracking,0.37933674165613124,-0.0009550920151710335,tracking,5.257500784953084,0
1730,17.299999999999905,6.2610859870910645,1.868346095085144,0.0008249886450357735,0.3788222670555115,0.37940970110739913,-0.0008500304053452937,tracking,0.37940970110739913,-0.0008500304053452937,tracking,5.261288780808457,0
1731,17.309999999999906,6.264874458312988,1.8683491945266724,0.0008249885868281126,0.37887564301490784,0.37994509888167494,7.905761038813283e-05,tracking,0.37994509888167494,7.905761038813283e-05,tracking,5.265077253298245,0
1732,17.319999999999908,6.26866340637207,1.8683520555496216,0.0006378465914167464,0.37890881299972534,0.3795734725560953,-0.000614199519222783,tracking,0.3795734725560953,-0.000614199519222783,tracking,5.268866202437502,0
1733,17.32999999999991,6.272452354431152,1.8683539628982544,0.0004506971745286137,0.3789207637310028,0.3791601908573934,0.0012093251653535224,tracking,0.3791601908573934,0.0012093251653535224,tracking,5.272655150976662,0
1734,17.33999999999991,6.276240825653076,1.8683558702468872,0.0006378026446327567,0.3787756562232971,0.3781579095275923,0.002652610280267092,tracking,0.3781579095275923,0.002652610280267092,tracking,5.276443622678723,0
1735,17.349999999999913,6.280028820037842,1.8683587312698364,0.0008248872472904623,0.37879398465156555,0.379161180425567,-0.0012079001871835192,tracking,0.379161180425567,-0.0012079001871835192,tracking,5.280231618143936,0
1736,17.359999999999914,6.283816814422607,1.8683615922927856,0.0006378025282174349,0.3787756562232971,0.37869765703461367,-0.0018753738701563043,tracking,0.37869765703461367,-0.0018753738701563043,tracking,5.284019613609148,0
1737,17.369999999999916,6.287604808807373,1.8683634996414185,0.00045071548083797097,0.3788081109523773,0.3794581651558527,0.0007802421755721796,tracking,0.3794581651558527,0.0007802421755721796,tracking,5.287807608474112,0
1738,17.379999999999917,6.2913923263549805,1.8683654069900513,0.0006377840763889253,0.37871992588043213,0.3783444216794627,0.0023840327815737084,tracking,0.3783444216794627,0.0023840327815737084,tracking,5.291595126501979,0
1739,17.38999999999992,6.295179843902588,1.8683682680130005,0.0008248444646596909,0.3787585496902466,0.3795319462503777,0.0006739973994560463,tracking,0.3795319462503777,0.0006739973994560463,tracking,5.295382645130169,0
1740,17.39999999999992,6.298967361450195,1.8683711290359497,0.0006377639365382493,0.37878069281578064,0.3792240173428335,-0.0011174150263197537,tracking,0.3792240173428335,-0.0011174150263197537,tracking,5.299170163758359,0
1741,17.409999999999922,6.302755355834961,1.8683730363845825,0.0004506731638684869,0.37882062792778015,0.37962061280085363,-0.0005463175667707746,tracking,0.37962061280085363,-0.0005463175667707746,tracking,5.302958158623323,0
1742,17.419999999999924,6.306543350219727,1.8683749437332153,0.000637754041235894,0.3787510097026825,0.3784545686724937,0.0022254211116090813,tracking,0.3784545686724937,0.0022254211116090813,tracking,5.3067461534882865,0
1743,17.429999999999925,6.310330867767334,1.8683778047561646,0.0008248310768976808,0.3787974715232849,0.3797279382705389,-0.0003917688904239748,tracking,0.3797279382705389,-0.0003917688904239748,tracking,5.310533672116477,0
1744,17.439999999999927,6.3141188621521,1.8683806657791138,0.0006377266836352646,0.3788335621356964,0.37955624778182767,-0.0006390031941681746,tracking,0.37955624778182767,-0.0006390031941681746,tracking,5.314321667581689,0
1745,17.44999999999993,6.317907333374023,1.8683825731277466,0.0004506100667640567,0.37887194752693176,0.37964083151998845,-0.000517202611216622,tracking,0.37964083151998845,-0.000517202611216622,tracking,5.318110139283751,0
1746,17.45999999999993,6.3216962814331055,1.8683844804763794,0.000637752644252032,0.37891271710395813,0.379729477881227,0.00038955185103309135,tracking,0.379729477881227,0.00038955185103309135,tracking,5.32189908782291,0
1747,17.46999999999993,6.325485706329346,1.8683873414993286,0.0008249093662016094,0.37895822525024414,0.37986999877684635,-0.00018720176134124928,tracking,0.37986999877684635,-0.00018720176134124928,tracking,5.3256885137991885,0
1748,17.479999999999933,6.329275608062744,1.8683902025222778,0.0006377277313731611,0.37898778915405273,0.3795800369568262,-0.0006047467821703352,tracking,0.3795800369568262,-0.0006047467821703352,tracking,5.329478416612489,0
1749,17.489999999999934,6.333065509796143,1.8683921098709106,0.00045053992653265595,0.3789958953857422,0.37915829402574963,-0.001212056602920497,tracking,0.37915829402574963,-0.001212056602920497,tracking,5.333268318825844,0
1750,17.499999999999936,6.336854934692383,1.8683940172195435,0.0006376932142302394,0.37888336181640625,0.3784042874007504,0.00229782614291949,tracking,0.3784042874007504,0.00229782614291949,tracking,5.337057744202101,0
1751,17.509999999999938,6.340643882751465,1.8683968782424927,0.0008248324156738818,0.37891027331352234,0.3794492355211029,0.0007931008496118311,tracking,0.3794492355211029,0.0007931008496118311,tracking,5.3408466933413585,0
1752,17.51999999999994,6.344433307647705,1.868399739265442,0.000637671968434006,0.37894749641418457,0.37969307952983505,-0.0004419654770375248,tracking,0.37969307952983505,-0.0004419654770375248,tracking,5.344636119317637,0
1753,17.52999999999994,6.348222732543945,1.8684016466140747,0.0004504994140006602,0.3789837658405304,0.37971049409983176,-0.0004168884962422537,tracking,0.37971049409983176,-0.0004168884962422537,tracking,5.348425544693894,0
1754,17.539999999999942,6.352012634277344,1.8684035539627075,0.0006376962410286069,0.37902164459228516,0.379780208823209,0.000316499294579004,tracking,0.379780208823209,0.000316499294579004,tracking,5.352215446907249,0
1755,17.549999999999944,6.3558030128479,1.8684064149856567,0.0008249050006270409,0.3790561854839325,0.37974774017998203,0.00036325414082586435,tracking,0.37974774017998203,0.00036325414082586435,tracking,5.356005826557573,0
1756,17.559999999999945,6.359593391418457,1.868409276008606,0.0006376814562827349,0.37906619906425476,0.3792665301501679,-0.0010561965837581969,tracking,0.3792665301501679,-0.0010561965837581969,tracking,5.359796206207897,0
1757,17.569999999999947,6.363384246826172,1.8684111833572388,0.00045045060687698424,0.3791005313396454,0.3797884001263444,0.00030470381806404784,tracking,0.3797884001263444,0.00030470381806404784,tracking,5.363587062095448,0
1758,17.57999999999995,6.367175579071045,1.8684126138687134,0.0002631958050187677,0.37913888692855835,0.3799073599669662,-0.0001334016475687417,tracking,0.3799073599669662,-0.0001334016475687417,tracking,5.367378394610195,0
1759,17.58999999999995,6.370965957641602,1.8684130907058716,7.596026989631355e-05,0.37898361682891846,0.3783225738301073,0.0024154936846454383,tracking,0.3783225738301073,0.0024154936846454383,tracking,5.371168773210745,0
1760,17.59999999999995,6.374754905700684,1.8684135675430298,0.0002630752860568464,0.37877318263053894,0.37787729582826673,0.003056694007295891,tracking,0.37787729582826673,0.003056694007295891,tracking,5.374957721299832,0
1761,17.609999999999953,6.378542900085449,1.8684149980545044,0.00045016163494437933,0.37880969047546387,0.37954118421380306,0.0006606947321236194,tracking,0.37954118421380306,0.0006606947321236194,tracking,5.378745715954709,0
1762,17.619999999999955,6.382331371307373,1.868416666984558,0.00045016154763288796,0.378865510225296,0.3799838504709647,-2.3255321810800034e-05,tracking,0.3799838504709647,-2.3255321810800034e-05,tracking,5.3825341875442385,0
1763,17.629999999999956,6.386120319366455,1.8684180974960327,0.00026302269543521106,0.37890422344207764,0.37967990272923796,-0.000460940069897337,tracking,0.37967990272923796,-0.000460940069897337,tracking,5.386323135873364,0
1764,17.639999999999958,6.389909267425537,1.868418574333191,7.587431173305959e-05,0.37892356514930725,0.3793109814874366,0.0009921866580913097,tracking,0.3793109814874366,0.0009921866580913097,tracking,5.390112083962451,0
1765,17.64999999999996,6.393697261810303,1.8684190511703491,0.00026295753195881844,0.3787066638469696,0.377783105952465,0.0031923274284503837,tracking,0.377783105952465,0.0031923274284503837,tracking,5.393900078377229,0
1766,17.65999999999996,6.397484302520752,1.8684204816818237,0.00045001061516813934,0.37874072790145874,0.37942336184235886,0.0008303589470032265,tracking,0.37942336184235886,0.0008303589470032265,tracking,5.397687119357857,0
1767,17.669999999999963,6.401271820068359,1.8684219121932983,0.00026294455165043473,0.3787456154823303,0.3788436113598373,-0.0016651996418342871,tracking,0.3788436113598373,-0.0016651996418342871,tracking,5.40147463717561,0
1768,17.679999999999964,6.405059337615967,1.8684223890304565,7.586850551888347e-05,0.3788013756275177,0.3799185213727126,-0.00011732922329391222,tracking,0.3799185213727126,-0.00011732922329391222,tracking,5.405262154753234,0
1769,17.689999999999966,6.408847332000732,1.8684228658676147,0.0002629646915011108,0.3788071274757385,0.3789222760022534,0.0015519225567550568,tracking,0.3789222760022534,0.0015519225567550568,tracking,5.409050149168012,0
1770,17.699999999999967,6.412635326385498,1.8684242963790894,0.0004500631766859442,0.3788154423236847,0.37898223771627393,0.0014655776885655614,tracking,0.37898223771627393,0.0014655776885655614,tracking,5.412838143822889,0
1771,17.70999999999997,6.4164228439331055,1.868425726890564,0.000262993125943467,0.37872034311294556,0.37831546627669604,-0.0024257285615577407,tracking,0.37831546627669604,-0.0024257285615577407,tracking,5.4166256616406425,0
1772,17.71999999999997,6.4202094078063965,1.8684262037277222,7.595513307023793e-05,0.37862077355384827,0.3781968369848484,0.002596554741818304,tracking,0.3781968369848484,0.002596554741818304,tracking,5.4204122255439575,0
1773,17.729999999999972,6.423995018005371,1.8684266805648804,0.0002629199589136988,0.37849846482276917,0.3779777975204656,0.0029119715705295058,tracking,0.3779777975204656,0.0029119715705295058,tracking,5.424197835772963,0
1774,17.739999999999974,6.4277801513671875,1.868428111076355,0.00044987371074967086,0.37855371832847595,0.37966024757369327,0.0004892434938816729,tracking,0.37966024757369327,0.0004892434938816729,tracking,5.427982969405096,0
1775,17.749999999999975,6.431565761566162,1.8684295415878296,0.00026289152447134256,0.3785843849182129,0.37919879182203425,-0.0011537397762706701,tracking,0.37919879182203425,-0.0011537397762706701,tracking,5.431768579874352,0
1776,17.759999999999977,6.4353508949279785,1.8684300184249878,7.592901238240302e-05,0.37843430042266846,0.37779524355025246,0.0031748492876364385,tracking,0.37779524355025246,0.0031748492876364385,tracking,5.435553713266204,0
1777,17.76999999999998,6.4391350746154785,1.868430495262146,0.0002628459478728473,0.3784462511539459,0.37868577313894364,0.0018924866799211381,tracking,0.37868577313894364,0.0018924866799211381,tracking,5.439337892983747,0
1778,17.77999999999998,6.442919731140137,1.8684319257736206,0.0004497688205447048,0.37847059965133667,0.37895851799118707,0.0014997340926906043,tracking,0.37895851799118707,0.0014997340926906043,tracking,5.443122549778755,0
1779,17.78999999999998,6.446704387664795,1.8684333562850952,0.00026283133774995804,0.378490149974823,0.37888203683379396,-0.001609866959336733,tracking,0.37888203683379396,-0.001609866959336733,tracking,5.446907206573763,0
1780,17.799999999999983,6.450489521026611,1.8684338331222534,7.588850712636486e-05,0.3785031735897064,0.37876398766859926,0.0017798577572170887,tracking,0.37876398766859926,0.0017798577572170887,tracking,5.450692339965615,0
1781,17.809999999999985,6.454274654388428,1.8684343099594116,0.00026284539490006864,0.3785332441329956,0.3791353362283053,0.001245115831240374,tracking,0.3791353362283053,0.001245115831240374,tracking,5.454477473357467,0
1782,17.819999999999986,6.458060264587402,1.8684357404708862,0.00044981788960285485,0.3785979449748993,0.3798938744336293,0.00015282081557375232,tracking,0.3798938744336293,0.00015282081557375232,tracking,5.458263083826723,0
1783,17.829999999999988,6.461846351623535,1.8684371709823608,0.0002628268557600677,0.3785891532897949,0.37855168691537,-0.0020855708418672453,tracking,0.37855168691537,-0.0020855708418672453,tracking,5.462049171133104,0
1784,17.83999999999999,6.465631484985352,1.868437647819519,7.58654932724312e-05,0.3784177303314209,0.37768794513573595,0.0033293590045402194,tracking,0.37768794513573595,0.0033293590045402194,tracking,5.4658343045249556,0
1785,17.84999999999999,6.46941614151001,1.868437647819519,-0.00011106086458312348,0.378482848405838,0.37978727574943005,-0.00030632292082069523,tracking,0.37978727574943005,-0.00030632292082069523,tracking,5.469618961049614,0
1786,17.859999999999992,6.473200798034668,1.8684368133544922,-0.00029799260664731264,0.378450483083725,0.37831268259995043,0.0024297370560714023,tracking,0.37831268259995043,0.0024297370560714023,tracking,5.473403617666266,0
1787,17.869999999999994,6.476984977722168,1.8684359788894653,-0.0001110774464905262,0.3784328103065491,0.3783576078109,0.0023650447523040023,tracking,0.3783576078109,0.0023650447523040023,tracking,5.4771877974457714,0
1788,17.879999999999995,6.48076868057251,1.8684359788894653,7.581138925161213e-05,0.37829071283340454,0.37768576193073056,0.003332502819747971,tracking,0.37768576193073056,0.003332502819747971,tracking,5.480971500296113,0
1789,17.889999999999997,6.484551906585693,1.8684364557266235,0.0002626755740493536,0.3783579468727112,0.3797048429204553,0.0004250261945443791,tracking,0.3797048429204553,0.0004250261945443791,tracking,5.4847547263393475,0
1790,17.9,6.488335609436035,1.8684378862380981,0.0004495620960369706,0.37842634320259094,0.379796649336454,0.0002928249555062424,tracking,0.379796649336454,0.0002928249555062424,tracking,5.488538429460108,0
1791,17.91,6.492120265960693,1.8684393167495728,0.00026263805921189487,0.3784714937210083,0.3793756459563664,-0.0008990698228323333,tracking,0.3793756459563664,-0.0008990698228323333,tracking,5.492323086255116,0
1792,17.92,6.495904922485352,1.868439793586731,7.570377783849835e-05,0.37848860025405884,0.3788309830972408,0.0016833843399732874,tracking,0.3788309830972408,0.0016833843399732874,tracking,5.496107742809813,0
1793,17.930000000000003,6.49968957901001,1.8684402704238892,0.00026263846666552126,0.3784730136394501,0.37840671006663745,0.0022943375040421106,tracking,0.37840671006663745,0.0022943375040421106,tracking,5.49989239936451,0
1794,17.940000000000005,6.503474235534668,1.8684417009353638,0.0004495728644542396,0.37848711013793945,0.37876920322638985,0.0017723473539986603,tracking,0.37876920322638985,0.0017723473539986603,tracking,5.5036770561595185,0
1795,17.950000000000006,6.507259368896484,1.8684431314468384,0.00026262644678354263,0.3785090148448944,0.3789477221143559,-0.001515280155327538,tracking,0.3789477221143559,-0.001515280155327538,tracking,5.507462189791651,0
1796,17.960000000000008,6.511044502258301,1.8684436082839966,7.566893327748403e-05,0.37855470180511475,0.3794697826914672,0.0007635129242872293,tracking,0.3794697826914672,0.0007635129242872293,tracking,5.511247323183503,0
1797,17.97000000000001,6.514830112457275,1.8684440851211548,0.0002626554050948471,0.37859731912612915,0.3794507472711647,0.0007909239295228873,tracking,0.3794507472711647,0.0007909239295228873,tracking,5.515032933412509,0
1798,17.98000000000001,6.518615245819092,1.8684455156326294,0.00044962315587326884,0.37844106554985046,0.37777583506699863,0.003202797503521984,tracking,0.37777583506699863,0.003202797503521984,tracking,5.518818067044641,0
1799,17.990000000000013,6.52239990234375,1.868446946144104,0.0002627026988193393,0.37845316529273987,0.3786958272951671,-0.0018780086949593726,tracking,0.3786958272951671,-0.0018780086949593726,tracking,5.52260272383965,0
1800,18.000000000000014,6.526184558868408,1.8684474229812622,7.577838550787419e-05,0.3784646987915039,0.378695730766907,0.0018781476956539252,tracking,0.378695730766907,0.0018781476956539252,tracking,5.526387380394347,0
1801,18.010000000000016,6.529969215393066,1.8684478998184204,0.00026271052774973214,0.3784773051738739,0.3787300625690546,0.0018287099005613776,tracking,0.3787300625690546,0.0018287099005613776,tracking,5.530172036949044,0
1802,18.020000000000017,6.533753871917725,1.868449330329895,0.0004496447800192982,0.3784776031970978,0.37848337512410823,0.0021839398212841884,tracking,0.37848337512410823,0.0021839398212841884,tracking,5.533956693744052,0
1803,18.03000000000002,6.537539005279541,1.8684507608413696,0.0002626986533869058,0.3785129189491272,0.3792205727955396,-0.0011223751744229814,tracking,0.3792205727955396,-0.0011223751744229814,tracking,5.537741827376185,0
1804,18.04000000000002,6.541324615478516,1.8684512376785278,7.573621405754238e-05,0.37857678532600403,0.37985632852570494,-0.0002068869229848863,tracking,0.37985632852570494,-0.0002068869229848863,tracking,5.541527437605191,0
1805,18.050000000000022,6.54511022567749,1.868451714515686,0.0002627036301419139,0.3785283863544464,0.37832229418593233,0.0024158963722574235,tracking,0.37832229418593233,0.0024158963722574235,tracking,5.545313047834196,0
1806,18.060000000000024,6.548895835876465,1.8684531450271606,0.00044967312715016305,0.37858957052230835,0.37981492810376266,-0.0002665035305818124,tracking,0.37981492810376266,-0.0002665035305818124,tracking,5.5490986583034525,0
1807,18.070000000000025,6.552681922912598,1.8684545755386353,0.0002626657660584897,0.37864288687705994,0.37971071352915564,-0.0004165725180158963,tracking,0.37971071352915564,-0.0004165725180158963,tracking,5.552884745609833,0
1808,18.080000000000027,6.556468486785889,1.8684550523757935,7.564594125142321e-05,0.37866541743278503,0.37911646036451685,0.0012722970750957555,tracking,0.37911646036451685,0.0012722970750957555,tracking,5.556671309513148,0
1809,18.09000000000003,6.56025505065918,1.8684555292129517,0.0002626824425533414,0.3786938786506653,0.37926412922420155,0.0010596539171497544,tracking,0.37926412922420155,0.0010596539171497544,tracking,5.560457873416463,0
1810,18.10000000000003,6.564042091369629,1.8684569597244263,0.00044972484465688467,0.37870126962661743,0.3788495538605676,0.0016566424407826004,tracking,0.3788495538605676,0.0016566424407826004,tracking,5.564244914397092,0
1811,18.11000000000003,6.567829132080078,1.8684583902359009,0.00026268456713296473,0.37868696451187134,0.37862603345296003,-0.0019785118277375743,tracking,0.37862603345296003,-0.0019785118277375743,tracking,5.56803195537772,0
1812,18.120000000000033,6.571615695953369,1.868458867073059,7.565526175312698e-05,0.37863484025001526,0.37841288050323935,0.002285452075335365,tracking,0.37841288050323935,0.002285452075335365,tracking,5.571818519281035,0
1813,18.130000000000035,6.57540225982666,1.8684593439102173,0.0002626720233820379,0.37864920496940613,0.37893717491436857,0.0015304681233092917,tracking,0.37893717491436857,0.0015304681233092917,tracking,5.57560508318435,0
1814,18.140000000000036,6.579188823699951,1.868460774421692,0.0004497006884776056,0.37870725989341736,0.37987027444583304,0.00018680479800046047,tracking,0.37987027444583304,0.00018680479800046047,tracking,5.5793916473278555,0
1815,18.150000000000038,6.5829758644104,1.8684622049331665,0.00026264286134392023,0.37873727083206177,0.37933865337287614,-0.0009523391430583464,tracking,0.37933865337287614,-0.0009523391430583464,tracking,5.583178688308484,0
1816,18.16000000000004,6.586763381958008,1.8684626817703247,7.55761720938608e-05,0.37876129150390625,0.37924237970657243,0.001090973222535722,tracking,0.37924237970657243,0.001090973222535722,tracking,5.586966205886108,0
1817,18.17000000000004,6.590550899505615,1.868463158607483,0.00026265555061399937,0.3787761628627777,0.37907414862599353,0.0013332259785692859,tracking,0.37907414862599353,0.0013332259785692859,tracking,5.590753723463731,0
1818,18.180000000000042,6.594338893890381,1.8684645891189575,0.000449738756287843,0.3787846267223358,0.3789541122294239,0.0015060783896295926,tracking,0.3789541122294239,0.0015060783896295926,tracking,5.594541718118609,0
1819,18.190000000000044,6.5981268882751465,1.8684660196304321,0.00026264929329045117,0.37879472970962524,0.3789970011976158,-0.0014443182754332092,tracking,0.3789970011976158,-0.0014443182754332092,tracking,5.598329712773486,0
1820,18.200000000000045,6.601914882659912,1.8684664964675903,7.555034244433045e-05,0.3788423240184784,0.3797955290059655,0.00029443823140967284,tracking,0.3797955290059655,0.00029443823140967284,tracking,5.602117707188264,0
1821,18.210000000000047,6.605703353881836,1.8684669733047485,0.0002626612549647689,0.3788314163684845,0.3787849161814715,0.0017497206986810563,tracking,0.3787849161814715,0.0017497206986810563,tracking,5.605906178440197,0
1822,18.22000000000005,6.60949182510376,1.8684684038162231,0.00044977516517974436,0.3788606822490692,0.3794467880628919,0.0007966251894356577,tracking,0.3794467880628919,0.0007966251894356577,tracking,5.609694649932198,0
1823,18.23000000000005,6.613279819488525,1.8684698343276978,0.0002626760979183018,0.3787858784198761,0.378467365576713,-0.0022069935695332877,tracking,0.378467365576713,-0.0022069935695332877,tracking,5.613482644587076,0
1824,18.24000000000005,6.617067813873291,1.868470311164856,7.558661309303716e-05,0.3788025379180908,0.3791364080070727,0.001243572469815277,tracking,0.3791364080070727,0.001243572469815277,tracking,5.617270639001854,0
1825,18.250000000000053,6.62085485458374,1.8684707880020142,0.0002626305795274675,0.37864798307418823,0.3779899332714178,0.002894496089158426,tracking,0.3779899332714178,0.002894496089158426,tracking,5.621057679742322,0
1826,18.260000000000055,6.624641418457031,1.8684722185134888,0.0004496568872127682,0.37869542837142944,0.37964568420693795,0.0005102147420093794,tracking,0.37964568420693795,0.0005102147420093794,tracking,5.6248442438858275,0
1827,18.270000000000056,6.6284284591674805,1.8684736490249634,0.0002625955094117671,0.37875404953956604,0.3799280366225595,-0.00010362726351436074,tracking,0.3799280366225595,-0.00010362726351436074,tracking,5.628631284866456,0
1828,18.280000000000058,6.632216453552246,1.8684741258621216,7.551546877948567e-05,0.3788088262081146,0.3799062452094285,0.00013500689842293762,tracking,0.3799062452094285,0.00013500689842293762,tracking,5.632419279281234,0
1829,18.29000000000006,6.636004447937012,1.8684746026992798,0.0002626025816425681,0.37877586483955383,0.37863558099734196,0.0019647633638275683,tracking,0.37863558099734196,0.0019647633638275683,tracking,5.636207273696012,0
1830,18.30000000000006,6.639792442321777,1.8684760332107544,0.0004496853216551244,0.37878233194351196,0.3789117006660132,-0.00156715104094096,tracking,0.3789117006660132,-0.00156715104094096,tracking,5.63999526835089,0
1831,18.310000000000063,6.643579959869385,1.868477463722229,0.00026263220934197307,0.37868547439575195,0.37827306093598395,-0.0024867922521831527,tracking,0.37827306093598395,-0.0024867922521831527,tracking,5.643782786168643,0
1832,18.320000000000064,6.647367000579834,1.8684779405593872,7.558685319963843e-05,0.3787352740764618,0.379732877801407,0.00038465596597386537,tracking,0.379732877801407,0.00038465596597386537,tracking,5.647569826909112,0
1833,18.330000000000066,6.651154518127441,1.8684784173965454,0.0002626489440444857,0.37873658537864685,0.3787631295096434,0.00178109350611352,tracking,0.3787631295096434,0.00178109350611352,tracking,5.651357344486735,0
1834,18.340000000000067,6.654942035675049,1.86847984790802,0.0004497151530813426,0.3787604868412018,0.3792394412409503,0.0010952046130315333,tracking,0.3792394412409503,0.0010952046130315333,tracking,5.655144862304488,0
1835,18.35000000000007,6.6587300300598145,1.8684815168380737,0.0004497150657698512,0.3788175880908966,0.3799611962168755,5.5877447699291885e-05,tracking,0.3799611962168755,5.5877447699291885e-05,tracking,5.6589328570569055,0
1836,18.36000000000007,6.662518501281738,1.8684829473495483,0.00026259568403474987,0.37886908650398254,0.3799003823673544,-0.00014344939100969286,tracking,0.3799003823673544,-0.00014344939100969286,tracking,5.662721328548907,0
1837,18.370000000000072,6.66630744934082,1.8684834241867065,7.545980042777956e-05,0.378917932510376,0.37989605184194564,-0.00014968534759830267,tracking,0.37989605184194564,-0.00014968534759830267,tracking,5.666510276637993,0
1838,18.380000000000074,6.6700968742370605,1.8684839010238647,0.0002626161731313914,0.3789316713809967,0.37920658582937694,0.0011425164056972493,tracking,0.37920658582937694,0.0011425164056972493,tracking,5.670299701564234,0
1839,18.390000000000075,6.673886299133301,1.8684853315353394,0.0004497754853218794,0.37893596291542053,0.37902161427664577,-0.001408875441630101,tracking,0.37902161427664577,-0.001408875441630101,tracking,5.674089126730484,0
1840,18.400000000000077,6.677675724029541,1.868486762046814,0.0002626009227242321,0.378977507352829,0.37980946251481235,-0.0002743739786701905,tracking,0.37980946251481235,-0.0002743739786701905,tracking,5.677878551896734,0
1841,18.41000000000008,6.6814656257629395,1.8684872388839722,7.541522791143507e-05,0.379003643989563,0.37952692272001465,-0.0006812312831788927,tracking,0.37952692272001465,-0.0006812312831788927,tracking,5.68166845366013,0
1842,18.42000000000008,6.6852545738220215,1.8684877157211304,0.000262550194747746,0.37882378697395325,0.37805802583741543,0.0027964427941217546,tracking,0.37805802583741543,0.0027964427941217546,tracking,5.6854574017492165,0
1843,18.43000000000008,6.689043045043945,1.868489146232605,0.0004496588953770697,0.37884417176246643,0.3792523489158582,0.0010766175611642455,tracking,0.3792523489158582,0.0010766175611642455,tracking,5.689245873241218,0
1844,18.440000000000083,6.692831516265869,1.8684905767440796,0.00026253581745550036,0.378866970539093,0.37932382521524377,-0.0009736916900489959,tracking,0.37932382521524377,-0.0009736916900489959,tracking,5.693034344733219,0
1845,18.450000000000085,6.696619510650635,1.8684910535812378,7.543444371549413e-05,0.37871253490448,0.3780549892418309,0.002800815491763546,tracking,0.3780549892418309,0.002800815491763546,tracking,5.696822339147997,0
1846,18.460000000000086,6.700406074523926,1.868491530418396,0.0002624387852847576,0.37857261300086975,0.3779768756873279,0.0029132990102478,tracking,0.3779768756873279,0.0029132990102478,tracking,5.700608903051312,0
1847,18.470000000000088,6.704192161560059,1.8684929609298706,0.00044942539534531534,0.3786049783229828,0.3792534053121827,-0.0010750963504568803,tracking,0.3792534053121827,-0.0010750963504568803,tracking,5.7043949903576925,0
1848,18.48000000000009,6.707978248596191,1.8684943914413452,0.0002624221087899059,0.37862280011177063,0.3789797668623997,-0.001469135718144443,tracking,0.3789797668623997,-0.001469135718144443,tracking,5.708181077664073,0
1849,18.49000000000009,6.711764812469482,1.8684948682785034,7.541143713751808e-05,0.3786499798297882,0.3791942879107635,0.0011602254085006213,tracking,0.3791942879107635,0.0011602254085006213,tracking,5.711967641567388,0
1850,18.500000000000092,6.715551376342773,1.8684953451156616,0.000262432120507583,0.37865355610847473,0.37872501697535066,0.001835975555495032,tracking,0.37872501697535066,0.001835975555495032,tracking,5.715754205470703,0
1851,18.510000000000094,6.7193379402160645,1.8684967756271362,0.00044945592526346445,0.3786691129207611,0.3789808675440122,-0.001467550736622433,tracking,0.3789808675440122,-0.001467550736622433,tracking,5.719540769614208,0
1852,18.520000000000095,6.723124980926514,1.8684982061386108,0.00026241899468004704,0.3786928653717041,0.3791689056800078,-0.0011967758207888464,tracking,0.3791689056800078,-0.0011967758207888464,tracking,5.723327810594837,0
1853,18.530000000000097,6.726912021636963,1.868498682975769,7.537027704529464e-05,0.37874096632003784,0.37970446273696307,0.0004255736587732168,tracking,0.37970446273696307,0.0004255736587732168,tracking,5.727114851335306,0
1854,18.5400000000001,6.73069953918457,1.8684991598129272,0.00026243485626764596,0.3787413537502289,0.3787491652864241,0.0018012019875493336,tracking,0.3787491652864241,0.0018012019875493336,tracking,5.730902368912929,0
1855,18.5500000000001,6.734487056732178,1.8685005903244019,0.00044950362644158304,0.37876659631729126,0.3792721903448035,0.0010480459034829847,tracking,0.3792721903448035,0.0010480459034829847,tracking,5.734689886730682,0
1856,18.5600000000001,6.738275051116943,1.8685020208358765,0.0002624120388645679,0.37881019711494446,0.379683495611642,-0.0004557663192355293,tracking,0.379683495611642,-0.0004557663192355293,tracking,5.73847788138556,0
1857,18.570000000000103,6.742063522338867,1.8685024976730347,7.530645234510303e-05,0.37885168194770813,0.3796825047287799,-0.0004571931905569277,tracking,0.3796825047287799,-0.0004571931905569277,tracking,5.742266352637492,0
1858,18.580000000000105,6.745851993560791,1.8685029745101929,0.00026243043248541653,0.37886643409729004,0.3791616955127755,0.0012071584616032425,tracking,0.3791616955127755,0.0012071584616032425,tracking,5.746054823889425,0
1859,18.590000000000106,6.749640941619873,1.8685044050216675,0.0004495638713706285,0.37890926003456116,0.3797668777021244,0.00033569610894081895,tracking,0.3797668777021244,0.00033569610894081895,tracking,5.749843772218551,0
1860,18.600000000000108,6.753430366516113,1.868505835533142,0.00026240653824061155,0.3789384663105011,0.3795233871587608,-0.0006863224913843781,tracking,0.3795233871587608,-0.0006863224913843781,tracking,5.753633197384801,0
1861,18.61000000000011,6.7572197914123535,1.8685063123703003,7.523680687882006e-05,0.3789847791194916,0.3799122387496599,-0.0001263762004897681,tracking,0.3799122387496599,-0.0001263762004897681,tracking,5.757422622311042,0
1862,18.62000000000011,6.761007785797119,1.8685067892074585,0.00026229419745504856,0.378597617149353,0.3769492344651554,0.004393102370176235,tracking,0.3769492344651554,0.004393102370176235,tracking,5.76121061672582,0
1863,18.630000000000113,6.764793872833252,1.868508219718933,0.0004492839507292956,0.3785739839076996,0.37847329756115067,-0.002198451511943051,tracking,0.37847329756115067,-0.002198451511943051,tracking,5.7649967040322005,0
1864,18.640000000000114,6.768579483032227,1.8685096502304077,0.00026229603099636734,0.3785915970802307,0.37894432944774104,-0.0015201655952529194,tracking,0.37894432944774104,-0.0015201655952529194,tracking,5.768782314501457,0
1865,18.650000000000116,6.772365570068359,1.868510127067566,7.52971536712721e-05,0.3786407709121704,0.3796256375538243,0.0005390819224930085,tracking,0.3796256375538243,0.0005390819224930085,tracking,5.772568401567617,0
1866,18.660000000000117,6.776151657104492,1.8685106039047241,0.00026228034403175116,0.37854424118995667,0.3781332616388119,0.002688103240110908,tracking,0.3781332616388119,0.002688103240110908,tracking,5.776354488633777,0
1867,18.67000000000012,6.779937267303467,1.8685120344161987,0.0004492570587899536,0.37860170006752014,0.37975277842289956,0.0003559990710246246,tracking,0.37975277842289956,0.0003559990710246246,tracking,5.780140099103034,0
1868,18.68000000000012,6.783722877502441,1.8685134649276733,0.00026227455236949027,0.3785613775253296,0.3783896524204301,-0.002318900514580664,tracking,0.3783896524204301,-0.002318900514580664,tracking,5.78392570957229,0
1869,18.690000000000122,6.787508487701416,1.8685139417648315,7.529337017331272e-05,0.37859368324279785,0.3792408975976671,-0.001093107459359359,tracking,0.3792408975976671,-0.001093107459359359,tracking,5.7877113198012955,0
1870,18.700000000000124,6.791294574737549,1.8685144186019897,0.0002622817410156131,0.37858355045318604,0.3785404128606516,0.0021018054806617196,tracking,0.3785404128606516,0.0021018054806617196,tracking,5.791497406867456,0
1871,18.710000000000125,6.795080661773682,1.8685158491134644,0.00044927862472832203,0.37864556908607483,0.37988783042708874,-0.00016152418499225212,tracking,0.37988783042708874,-0.00016152418499225212,tracking,5.7952834941738365,0
1872,18.720000000000127,6.798867225646973,1.868517279624939,0.00026224672910757363,0.37868940830230713,0.37956724754893734,-0.0006231635295302386,tracking,0.37956724754893734,-0.0006231635295302386,tracking,5.799070058317342,0
1873,18.73000000000013,6.802654266357422,1.8685177564620972,7.520022336393595e-05,0.37873440980911255,0.3796357010111325,-0.0005245905439692803,tracking,0.3796357010111325,-0.0005245905439692803,tracking,5.80285709905781,0
1874,18.74000000000013,6.806441783905029,1.8685182332992554,0.00026226366753689945,0.37874120473861694,0.378877269281453,0.0016167322347076987,tracking,0.378877269281453,0.0016167322347076987,tracking,5.806644616635434,0
1875,18.75000000000013,6.810229301452637,1.86851966381073,0.00044933351455256343,0.37877339124679565,0.3794182503914362,-0.0008377194363318949,tracking,0.3794182503914362,-0.0008377194363318949,tracking,5.810432134453187,0
1876,18.760000000000133,6.814017295837402,1.8685215711593628,0.0006364320288412273,0.3788282573223114,0.37992734805310646,0.00010461880352671295,tracking,0.37992734805310646,0.00010461880352671295,tracking,5.814220129318151,0
1877,18.770000000000135,6.817805767059326,1.868524432182312,0.0008235406712628901,0.378834992647171,0.37897020412244675,-0.0014829060636766733,tracking,0.37897020412244675,-0.0014829060636766733,tracking,5.818008601620385,0
1878,18.780000000000136,6.821593284606934,1.8685272932052612,0.0006364794098772109,0.3786838948726654,0.3780405202185504,-0.0028216508852874217,tracking,0.3780405202185504,-0.0028216508852874217,tracking,5.8217961202485755,0
1879,18.790000000000138,6.825380325317383,1.868529200553894,0.0004494394233915955,0.37870582938194275,0.37914501794591676,-0.001231174157879834,tracking,0.37914501794591676,-0.001231174157879834,tracking,5.8255831614393445,0
1880,18.80000000000014,6.82916784286499,1.8685311079025269,0.0006365047302097082,0.3787611126899719,0.37986818258532473,0.0001898170771324221,tracking,0.37986818258532473,0.0001898170771324221,tracking,5.829370679467211,0
1881,18.81000000000014,6.832955360412598,1.868533968925476,0.0008235697750933468,0.3787042498588562,0.37846216306330105,-0.0022144851888464667,tracking,0.37846216306330105,-0.0022144851888464667,tracking,5.8331581980954015,0
1882,18.820000000000142,6.836741924285889,1.8685368299484253,0.0006365618319250643,0.3785872459411621,0.37808911922137106,-0.002751668321225652,tracking,0.37808911922137106,-0.002751668321225652,tracking,5.836944763049547,0
1883,18.830000000000144,6.840527534484863,1.868538737297058,0.00044957621139474213,0.37856894731521606,0.3784909957211891,-0.0021729661614876593,tracking,0.3784909957211891,-0.0021729661614876593,tracking,5.840730373729023,0
1884,18.840000000000146,6.844313144683838,1.8685401678085327,0.00026258997968398035,0.37858906388282776,0.37899181247669306,-0.0014517900335619819,tracking,0.37899181247669306,-0.0014517900335619819,tracking,5.844515984198279,0
1885,18.850000000000147,6.848099231719971,1.868540644645691,7.55998698878102e-05,0.37859252095222473,0.3786619186878432,0.0019268370895057954,tracking,0.3786619186878432,0.0019268370895057954,tracking,5.848302071264439,0
1886,18.86000000000015,6.851884841918945,1.8685411214828491,0.0002625600609462708,0.3784985840320587,0.37809867951082704,0.002737901504409057,tracking,0.37809867951082704,0.002737901504409057,tracking,5.852087681493445,0
1887,18.87000000000015,6.855669975280762,1.8685425519943237,0.00044951369636692107,0.37855273485183716,0.3796371672158123,0.0005224792092302574,tracking,0.3796371672158123,0.0005224792092302574,tracking,5.8558728151255774,0
1888,18.88000000000015,6.859455585479736,1.8685439825057983,0.00026252801762893796,0.3785954415798187,0.3794507795794176,-0.0007908774056386552,tracking,0.3794507795794176,-0.0007908774056386552,tracking,5.859658425594834,0
1889,18.890000000000153,6.863241672515869,1.8685444593429565,7.553444447694346e-05,0.3786008059978485,0.37870808065711026,-0.001860363853761239,tracking,0.37870808065711026,-0.001860363853761239,tracking,5.863444512660994,0
1890,18.900000000000155,6.867027282714844,1.8685449361801147,0.0002625079359859228,0.37853479385375977,0.37825373343886043,0.002514623848041026,tracking,0.37825373343886043,0.002514623848041026,tracking,5.86723012289,0
1891,18.910000000000156,6.870812892913818,1.8685463666915894,0.00044947362039238214,0.37855347990989685,0.37892758996261733,0.0015442704538310799,tracking,0.37892758996261733,0.0015442704538310799,tracking,5.871015733359256,0
1892,18.920000000000158,6.874598503112793,1.868547797203064,0.0002624963235575706,0.378569632768631,0.3788931335066474,-0.0015938877504277794,tracking,0.3788931335066474,-0.0015938877504277794,tracking,5.874801343828512,0
1893,18.93000000000016,6.878384590148926,1.8685482740402222,7.550807640654966e-05,0.37862005829811096,0.3796303713799176,-0.0005322652129186615,tracking,0.3796303713799176,-0.0005322652129186615,tracking,5.878587430894672,0
1894,18.94000000000016,6.882171154022217,1.8685487508773804,0.00026252566021867096,0.37865909934043884,0.3794410226214326,0.0008049274251370779,tracking,0.3794410226214326,0.0008049274251370779,tracking,5.882373994797987,0
1895,18.950000000000163,6.885957717895508,1.868550181388855,0.0004495537141337991,0.37868377566337585,0.37917801109410915,0.0011836640244828316,tracking,0.37917801109410915,0.0011836640244828316,tracking,5.8861605589414925,0
1896,18.960000000000164,6.889744758605957,1.8685516119003296,0.0002624995540827513,0.3787378668785095,0.37982151321754487,-0.0002570209667354202,tracking,0.37982151321754487,-0.0002570209667354202,tracking,5.889947599922121,0
1897,18.970000000000166,6.893531322479248,1.8685520887374878,7.54685970605351e-05,0.37854304909706116,0.37771351685430593,-0.003292535729799445,tracking,0.37771351685430593,-0.003292535729799445,tracking,5.893734163825436,0
1898,18.980000000000167,6.897316932678223,1.868552565574646,0.000262448622379452,0.37858355045318604,0.379394615601253,0.0008717535341957513,tracking,0.379394615601253,0.0008717535341957513,tracking,5.897519774054442,0
1899,18.99000000000017,6.9011030197143555,1.8685539960861206,0.0004494462045840919,0.3786498010158539,0.37997669322735106,3.356175261448775e-05,tracking,0.37997669322735106,3.356175261448775e-05,tracking,5.9013058613608225,0
1900,19.00000000000017,6.9048895835876465,1.8685554265975952,0.00026242012972943485,0.3786695599555969,0.3790654056743319,-0.0013458158289620598,tracking,0.3790654056743319,-0.0013458158289620598,tracking,5.905092425504328,0
1901,19.010000000000172,6.908675670623779,1.8685559034347534,7.541861123172566e-05,0.3785008490085602,0.3777824584417971,0.003193259843812195,tracking,0.3777824584417971,0.003193259843812195,tracking,5.908878512570488,0
1902,19.020000000000174,6.912460803985596,1.8685559034347534,-0.00011154361709486693,0.3785502314567566,0.3795391935932867,-0.0006635612256671438,tracking,0.3795391935932867,-0.0006635612256671438,tracking,5.912663645932304,0
1903,19.030000000000175,6.916244983673096,1.8685550689697266,-0.00029846993857063353,0.37828269600868225,0.3771436538044862,0.004113138521539876,tracking,0.3771436538044862,0.004113138521539876,tracking,5.91644782571181,0
1904,19.040000000000177,6.920028209686279,1.8685542345046997,-0.00011161964357597753,0.37831971049308777,0.3790610458419791,0.0013520939875501185,tracking,0.3790610458419791,0.0013520939875501185,tracking,5.920231051817022,0
1905,19.05000000000018,6.923811435699463,1.8685542345046997,7.524276588810608e-05,0.378356397151947,0.37909105194414994,0.0013088852004240663,tracking,0.37909105194414994,0.0013088852004240663,tracking,5.924014277830206,0
1906,19.06000000000018,6.927595138549805,1.8685542345046997,-0.00011165457544848323,0.37842535972595215,0.37980644079710424,-0.0002787252521699035,tracking,0.37980644079710424,-0.0002787252521699035,tracking,5.927797980680547,0
1907,19.07000000000018,6.931379318237305,1.8685532808303833,-0.00029856531182304025,0.3784377872943878,0.3786868110500845,0.0018909920878783073,tracking,0.3786868110500845,0.0018909920878783073,tracking,5.931582160488218,0
1908,19.080000000000183,6.935163974761963,1.868552327156067,-0.00011164556053699926,0.3784531056880951,0.37876000739662063,0.0017855893488663219,tracking,0.37876000739662063,0.0017855893488663219,tracking,5.935366817133032,0
1909,19.090000000000185,6.938948631286621,1.868552327156067,7.528639252996072e-05,0.3785119652748108,0.3796912016423055,0.000444669635080051,tracking,0.3796912016423055,0.000444669635080051,tracking,5.93915147365769,0
1910,19.100000000000186,6.9427337646484375,1.868552327156067,-0.00011167935008415952,0.3785552978515625,0.37942319311991657,-0.0008306019073201854,tracking,0.37942319311991657,-0.0008306019073201854,tracking,5.942936607019506,0
1911,19.110000000000188,6.946519374847412,1.8685513734817505,-0.0002986531762871891,0.37856122851371765,0.37868025110997033,0.0019004384016427373,tracking,0.37868025110997033,0.0019004384016427373,tracking,5.946722217338606,0
1912,19.12000000000019,6.950304985046387,1.868550419807434,-0.00011167526827193797,0.37856799364089966,0.37870374823454717,0.0018666025422520898,tracking,0.37870374823454717,0.0018666025422520898,tracking,5.950507827657706,0
1913,19.13000000000019,6.9540910720825195,1.868550419807434,7.531045412179083e-05,0.3786088228225708,0.37942670609379303,0.000825543224938015,tracking,0.37942670609379303,0.000825543224938015,tracking,5.954293914693839,0
1914,19.140000000000192,6.9578776359558105,1.8685506582260132,7.531038136221468e-05,0.3786725401878357,0.3799490504729736,7.33673189180304e-05,tracking,0.3799490504729736,7.33673189180304e-05,tracking,5.958080478574636,0
1915,19.150000000000194,6.96166467666626,1.8685506582260132,-0.00011172742233611643,0.3786938488483429,0.37912083547179765,-0.0012659969206113954,tracking,0.37912083547179765,-0.0012659969206113954,tracking,5.961867519285085,0
1916,19.160000000000196,6.965451717376709,1.8685497045516968,-0.0002987737534567714,0.37872445583343506,0.37933758841718934,0.0009538726792473742,tracking,0.37933758841718934,0.0009538726792473742,tracking,5.965654560115614,0
1917,19.170000000000197,6.969239234924316,1.8685487508773804,-0.00011170140351168811,0.37877321243286133,0.3797498148906887,0.00036026655740828764,tracking,0.3797498148906887,0.00036026655740828764,tracking,5.969442077783286,0
1918,19.1800000000002,6.973027229309082,1.8685487508773804,7.538304635090753e-05,0.37879809737205505,0.37929634183532596,0.0010132677571306516,tracking,0.37929634183532596,0.0010132677571306516,tracking,5.973230072168052,0
1919,19.1900000000002,6.976815700531006,1.8685489892959595,7.538297359133139e-05,0.37885308265686035,0.3799546345557656,-6.532623969756051e-05,tracking,0.3799546345557656,-6.532623969756051e-05,tracking,5.977018543397478,0
1920,19.200000000000202,6.980604648590088,1.8685492277145386,7.538290083175525e-05,0.3789057433605194,0.37996069747699335,5.6595633129579576e-05,tracking,0.37996069747699335,5.6595633129579576e-05,tracking,5.980807491464062,0
1921,19.210000000000203,6.984394073486328,1.8685492277145386,-0.00011177332635270432,0.37893688678741455,0.37956096622258173,-0.0006322086394823338,tracking,0.37956096622258173,-0.0006322086394823338,tracking,5.984596916360302,0
1922,19.220000000000205,6.988183498382568,1.8685482740402222,-0.0002989377826452255,0.37895581126213074,0.3793350242901536,0.0009575650221788539,tracking,0.3793350242901536,0.0009575650221788539,tracking,5.988386341376547,0
1923,19.230000000000206,6.99197244644165,1.8685473203659058,-0.00011180577712366357,0.3788386881351471,0.378340065705749,0.002390305383721404,tracking,0.378340065705749,0.002390305383721404,tracking,5.992175289555648,0
1924,19.240000000000208,6.995760917663574,1.8685473203659058,7.531065057264641e-05,0.37886130809783936,0.37931440276816153,0.0009872600138474026,tracking,0.37931440276816153,0.0009872600138474026,tracking,5.995963760777572,0
1925,19.25000000000021,6.999549388885498,1.8685473203659058,-0.00011180215369677171,0.3788272440433502,0.37868223517958377,-0.0018975813413993573,tracking,0.37868223517958377,-0.0018975813413993573,tracking,5.999752231999496,0
1926,19.26000000000021,7.003337860107422,1.8685463666915894,-0.000298913917504251,0.3788551986217499,0.37941530154339675,0.0008419657775086478,tracking,0.37941530154339675,0.0008419657775086478,tracking,6.0035407033414545,0
1927,19.270000000000213,7.007126331329346,1.868545413017273,-0.00011178520799148828,0.37887898087501526,0.37935557139199794,0.0009279771955229919,tracking,0.37935557139199794,0.0009279771955229919,tracking,6.007329174683413,0
1928,19.280000000000214,7.010915279388428,1.868545413017273,7.535110489698127e-05,0.37890154123306274,0.3793535067941757,0.0009309502163870427,tracking,0.3793535067941757,0.0009309502163870427,tracking,6.011118122742495,0
1929,19.290000000000216,7.01470422744751,1.8685458898544312,0.0002625026390887797,0.3789252042770386,0.37939914549731857,0.000865230483861292,tracking,0.37939914549731857,0.000865230483861292,tracking,6.0149070708315815,0
1930,19.300000000000217,7.01849365234375,1.8685473203659058,0.0004496601759456098,0.3789379596710205,0.3791937541404811,-0.0011609940377072152,tracking,0.3791937541404811,-0.0011609940377072152,tracking,6.0186964959978315,0
1931,19.31000000000022,7.022282600402832,1.8685487508773804,0.0002625136694405228,0.3788912296295166,0.37869228358653284,-0.001883111635392733,tracking,0.37869228358653284,-0.001883111635392733,tracking,6.022485444326957,0
1932,19.32000000000022,7.026071548461914,1.8685492277145386,7.5374155130703e-05,0.37889569997787476,0.3789854595516224,-0.0014609382456638098,tracking,0.3789854595516224,-0.0014609382456638098,tracking,6.026274392416044,0
1933,19.330000000000222,7.029860973358154,1.8685494661331177,7.537409692304209e-05,0.37894588708877563,0.3799509193895828,-7.067607900076728e-05,tracking,0.3799509193895828,-7.067607900076728e-05,tracking,6.0300638173197845,0
1934,19.340000000000224,7.0336503982543945,1.8685494661331177,-0.00011179752618772909,0.3789636492729187,0.3793194144925116,-0.0009800431307832643,tracking,0.3793194144925116,-0.0009800431307832643,tracking,6.033853242216025,0
1935,19.350000000000225,7.037439823150635,1.8685485124588013,-0.00029896319028921425,0.3789096772670746,0.3786798994250782,0.001900944827887387,tracking,0.3786798994250782,0.001900944827887387,tracking,6.037642667232269,0
1936,19.360000000000227,7.041228294372559,1.8685475587844849,-0.00011185001494595781,0.37880459427833557,0.37835709771436893,0.002365779291308754,tracking,0.37835709771436893,0.002365779291308754,tracking,6.041431138574228,0
1937,19.37000000000023,7.045016288757324,1.8685475587844849,7.524536340497434e-05,0.37880170345306396,0.378789403540816,0.0017432589012248883,tracking,0.378789403540816,0.0017432589012248883,tracking,6.0452191329589935,0
1938,19.38000000000023,7.048804759979248,1.8685475587844849,-0.0001118657601182349,0.3788519501686096,0.3798582846571202,-0.00020407009374692406,tracking,0.3798582846571202,-0.00020407009374692406,tracking,6.049007604180917,0
1939,19.39000000000023,7.052593231201172,1.8685466051101685,-0.0002989869099110365,0.3788626492023468,0.3790769471936175,0.0013291960411907803,tracking,0.3790769471936175,0.0013291960411907803,tracking,6.052796075522876,0
1940,19.400000000000233,7.056382179260254,1.868545651435852,-0.00011185054609086365,0.3788985013961792,0.37961679625659966,0.0005518133904965144,tracking,0.37961679625659966,0.0005518133904965144,tracking,6.056585023701977,0
1941,19.410000000000235,7.060171127319336,1.868545651435852,7.529276626883075e-05,0.3789050281047821,0.37903575335795153,0.0013885151645497817,tracking,0.37903575335795153,0.0013885151645497817,tracking,6.060373971761059,0
1942,19.420000000000236,7.063960552215576,1.8685458898544312,7.52926935092546e-05,0.3789551258087158,0.37995858698962987,5.963473493302788e-05,tracking,0.37995858698962987,5.963473493302788e-05,tracking,6.0641633966648,0
1943,19.430000000000238,7.067750453948975,1.8685461282730103,7.529262074967846e-05,0.37900426983833313,0.37998876497023654,1.6178442859404035e-05,tracking,0.37998876497023654,1.6178442859404035e-05,tracking,6.067953298405698,0
1944,19.44000000000024,7.071540355682373,1.8685466051101685,0.00026248785434290767,0.379006564617157,0.3790523006676316,0.0013646870386104827,tracking,0.3790523006676316,0.0013646870386104827,tracking,6.071743200169093,0
1945,19.45000000000024,7.075329780578613,1.868548035621643,0.00044965700362809,0.378845751285553,0.37816108990911446,-0.0026480305308751633,tracking,0.37816108990911446,-0.0026480305308751633,tracking,6.075532625335343,0
1946,19.460000000000242,7.079118251800537,1.8685494661331177,0.00026253765099681914,0.3788549304008484,0.37903907524384894,-0.0013837316488575458,tracking,0.37903907524384894,-0.0013837316488575458,tracking,6.079321096827345,0
1947,19.470000000000244,7.082907199859619,1.8685499429702759,7.541003287769854e-05,0.3788960874080658,0.3797204109283629,-0.0004026082631574737,tracking,0.3797204109283629,-0.0004026082631574737,tracking,6.083110044916431,0
1948,19.480000000000246,7.086696147918701,1.868550419807434,0.0002625552879180759,0.37890881299972534,0.37916362746434945,0.0012043764513368109,tracking,0.37916362746434945,0.0012043764513368109,tracking,6.0868989930055175,0
1949,19.490000000000247,7.090485572814941,1.8685518503189087,0.0004497091576922685,0.37894853949546814,0.3797441819973438,0.0003683779238249285,tracking,0.3797441819973438,0.0003683779238249285,tracking,6.0906884181717675,0
1950,19.50000000000025,7.094274044036865,1.8685532808303833,0.00026260848972015083,0.37874677777290344,0.3778876900593895,-0.00304172631447917,tracking,0.3778876900593895,-0.00304172631447917,tracking,6.094476889663769,0
1951,19.51000000000025,7.098061561584473,1.8685537576675415,7.553265459137037e-05,0.37879782915115356,0.37982020360204094,-0.0002589068130610453,tracking,0.37982020360204094,-0.0002589068130610453,tracking,6.098264407241392,0
1952,19.520000000000252,7.1018500328063965,1.8685537576675415,-0.00011157718836329877,0.3788500428199768,0.3798958519310087,-0.00014997321934741726,tracking,0.3798958519310087,-0.00014997321934741726,tracking,6.102052878463316,0
1953,19.530000000000253,7.10563850402832,1.868552803993225,-0.0002986901090480387,0.37881651520729065,0.37867373287392186,0.0019098246615525524,tracking,0.37867373287392186,0.0019098246615525524,tracking,6.105841349805274,0
1954,19.540000000000255,7.109426021575928,1.8685518503189087,-0.00011163304588990286,0.3786807656288147,0.37810275307159474,0.0027320355769035625,tracking,0.37810275307159474,0.0027320355769035625,tracking,6.109628867472947,0
1955,19.550000000000257,7.113213062286377,1.8685518503189087,7.540863589383662e-05,0.3787231743335724,0.3795728468871166,0.0006151004825520447,tracking,0.3795728468871166,0.0006151004825520447,tracking,6.113415908183396,0
1956,19.560000000000258,7.117000579833984,1.868552327156067,0.00026246963534504175,0.37873947620391846,0.3790660054586536,0.001344952139538838,tracking,0.3790660054586536,0.001344952139538838,tracking,6.117203425761019,0
1957,19.57000000000026,7.120788097381592,1.8685537576675415,0.0004495331668294966,0.3787384629249573,0.3787342003374347,-0.00182275151409406,tracking,0.3787342003374347,-0.00182275151409406,tracking,6.120990943578772,0
1958,19.58000000000026,7.124575138092041,1.8685551881790161,0.0002624984481371939,0.37865155935287476,0.37828156300100496,-0.0024745492785528816,tracking,0.37828156300100496,-0.0024745492785528816,tracking,6.124777984559401,0
1959,19.590000000000263,7.128361701965332,1.8685556650161743,7.547195855295286e-05,0.3786885440349579,0.3794293056591316,-0.0008217998508505608,tracking,0.3794293056591316,-0.0008217998508505608,tracking,6.128564548462716,0
1960,19.600000000000264,7.132148742675781,1.8685556650161743,-0.00011156185064464808,0.378673791885376,0.3786109350658052,-0.0020002535052405295,tracking,0.3786109350658052,-0.0020002535052405295,tracking,6.132351589173165,0
1961,19.610000000000266,7.1359357833862305,1.868554711341858,-0.0002985966857522726,0.3786947727203369,0.3791150057123721,0.0012743917741841653,tracking,0.3791150057123721,0.0012743917741841653,tracking,6.136138630003694,0
1962,19.620000000000267,7.13972282409668,1.8685537576675415,-0.0001115460618166253,0.37872207164764404,0.37926893134773865,0.0010527388592563788,tracking,0.37926893134773865,0.0010527388592563788,tracking,6.139925670834224,0
1963,19.63000000000027,7.143510341644287,1.8685537576675415,7.551155431428924e-05,0.3787373900413513,0.3790444214195043,0.0013760331559138752,tracking,0.3790444214195043,0.0013760331559138752,tracking,6.143713188381831,0
1964,19.64000000000027,7.1472978591918945,1.8685537576675415,-0.00011155282118124887,0.37874212861061096,0.37883681505993294,-0.0016749863136965677,tracking,0.37883681505993294,-0.0016749863136965677,tracking,6.147500705929438,0
1965,19.650000000000272,7.151084899902344,1.868552803993225,-0.0002986086765304208,0.37868574261665344,0.378445604105583,0.0022383300879604984,tracking,0.378445604105583,0.0022383300879604984,tracking,6.151287746759968,0
1966,19.660000000000274,7.154871940612793,1.8685518503189087,-0.00011156918480992317,0.37869277596473694,0.3788335624990593,0.0016796700013545704,tracking,0.3788335624990593,0.0016796700013545704,tracking,6.155074787590497,0
1967,19.670000000000275,7.158658981323242,1.8685518503189087,7.547906716354191e-05,0.37873905897140503,0.37966593988928066,0.00048104655943585935,tracking,0.37966593988928066,0.00048104655943585935,tracking,6.158861828300946,0
1968,19.680000000000277,7.16244649887085,1.8685518503189087,-0.0001116027997341007,0.378794401884079,0.3799032137999836,-0.00013937212802362514,tracking,0.3799032137999836,-0.00013937212802362514,tracking,6.162649345848553,0
1969,19.69000000000028,7.166234493255615,1.8685508966445923,-0.00029869581339880824,0.37880682945251465,0.37905605604567133,0.001359279294233304,tracking,0.37905605604567133,0.001359279294233304,tracking,6.166437340353369,0
1970,19.70000000000028,7.170022487640381,1.8685499429702759,-0.00011159461428178474,0.37881964445114136,0.3790760915485847,0.0013304281700380867,tracking,0.3790760915485847,0.0013304281700380867,tracking,6.170225334858184,0
1971,19.71000000000028,7.173810958862305,1.8685499429702759,7.551196176791564e-05,0.3788395822048187,0.37923889718444875,0.0010959880543937916,tracking,0.37923889718444875,0.0010959880543937916,tracking,6.174013806080108,0
1972,19.720000000000283,7.1775994300842285,1.868550181388855,7.55118890083395e-05,0.37889188528060913,0.37993933489450227,8.735775191673865e-05,tracking,0.37993933489450227,8.735775191673865e-05,tracking,6.177802277309534,0
1973,19.730000000000285,7.1813883781433105,1.868550181388855,-0.00011162077862536535,0.378872275352478,0.3787887642203986,-0.0017441795226260468,tracking,0.3787887642203986,-0.0017441795226260468,tracking,6.181591225368616,0
1974,19.740000000000286,7.185177326202393,1.8685492277145386,-0.00029875480686314404,0.3789003789424896,0.37946351033903974,0.0007725451117827509,tracking,0.37946351033903974,0.0007725451117827509,tracking,6.185380173547718,0
1975,19.750000000000288,7.188966751098633,1.8685481548309326,-0.00029875486507080495,0.37895211577415466,0.37998849281759645,1.657034266111957e-05,tracking,0.37998849281759645,1.657034266111957e-05,tracking,6.189169598595838,0
1976,19.76000000000029,7.192755699157715,1.8685472011566162,-0.00011163786257384345,0.37879499793052673,0.37812599508511113,0.002698567077439947,tracking,0.37812599508511113,0.002698567077439947,tracking,6.19295854677494,0
1977,19.77000000000029,7.1965436935424805,1.8685472011566162,7.545637345174327e-05,0.3788139522075653,0.3791938218392954,0.00116089655141463,tracking,0.3791938218392954,0.00116089655141463,tracking,6.196746541159706,0
1978,19.780000000000292,7.200331687927246,1.8685472011566162,-0.00011163242015754804,0.37877801060676575,0.3786249556804218,-0.0019800638201926193,tracking,0.3786249556804218,-0.0019800638201926193,tracking,6.200534535544471,0
1979,19.790000000000294,7.204103946685791,1.8685463666915894,-0.0002982095174957067,0.37570568919181824,0.0,0.0,mission_complete,0.3626249556804218,0.0,mission_complete,6.204306794395313,0
1980,19.800000000000296,7.207833290100098,1.8685452938079834,-0.0002982095757033676,0.3701745271682739,0.0,0.0,mission_complete,0.3466249556804218,0.0,mission_complete,6.208036137963947,0
1981,19.810000000000297,7.2114973068237305,1.8685442209243774,-0.0002982096339110285,0.3626522123813629,0.0,0.0,mission_complete,0.3306249556804218,0.0,mission_complete,6.211700154844658,0
1982,19.8200000000003,7.215078353881836,1.8685431480407715,-0.0002982096921186894,0.35351744294166565,0.0,0.0,mission_complete,0.31462495568042176,0.0,mission_complete,6.2152812020634824,0
1983,19.8300000000003,7.218561172485352,1.8685420751571655,-0.00029820975032635033,0.3430768847465515,0.0,0.0,mission_complete,0.29862495568042174,0.0,mission_complete,6.218764020832249,0
1984,19.840000000000302,7.2219343185424805,1.8685411214828491,-0.00029820980853401124,0.33157894015312195,0.0,0.0,mission_complete,0.28262495568042173,0.0,mission_complete,6.222137167024192,0
1985,19.850000000000303,7.225188255310059,1.8685401678085327,-0.00029820986674167216,0.31922468543052673,0.0,0.0,mission_complete,0.2666249556804217,0.0,mission_complete,6.225391103931523,0
1986,19.860000000000305,7.228315353393555,1.8685392141342163,-0.00029820992494933307,0.306177020072937,0.0,0.0,mission_complete,0.2506249556804217,0.0,mission_complete,6.228518202160441,0
1987,19.870000000000307,7.231308937072754,1.8685383796691895,-0.000298209983156994,0.29256781935691833,0.0,0.0,mission_complete,0.2346249556804217,0.0,mission_complete,6.231511785955944,0
1988,19.880000000000308,7.234164237976074,1.8685375452041626,-0.00029821001226082444,0.2785038948059082,0.0,0.0,mission_complete,0.21862495568042167,0.0,mission_complete,6.234367086981202,0
1989,19.89000000000031,7.236876964569092,1.8685367107391357,-0.0002982100413646549,0.2640717327594757,0.0,0.0,mission_complete,0.20262495568042166,0.0,mission_complete,6.2370798137025645,0
1990,19.90000000000031,7.239444255828857,1.8685359954833984,-0.00029821007046848536,0.24934135377407074,0.0,0.0,mission_complete,0.18662495568042164,0.0,mission_complete,6.239647105061966,0
1991,19.910000000000313,7.241862773895264,1.8685352802276611,-0.0002982100995723158,0.23436950147151947,0.0,0.0,mission_complete,0.17062495568042163,0.0,mission_complete,6.242065623234137,0
1992,19.920000000000314,7.244130611419678,1.8685345649719238,-0.00029821012867614627,0.21920208632946014,0.0,0.0,mission_complete,0.15462495568042162,0.0,mission_complete,6.244333460871344,0
1993,19.930000000000316,7.246245861053467,1.868533968925476,-0.0002982101577799767,0.2038763165473938,0.0,0.0,mission_complete,0.1386249556804216,0.0,mission_complete,6.246448710589111,0
1994,19.940000000000317,7.2482075691223145,1.8685333728790283,-0.0002982101868838072,0.1884223073720932,0.0,0.0,mission_complete,0.1226249556804216,0.0,mission_complete,6.24841041874851,0
1995,19.95000000000032,7.250013828277588,1.8685327768325806,-0.00029821021598763764,0.17286445200443268,0.0,0.0,mission_complete,0.1066249556804216,0.0,mission_complete,6.250216678002128,0
1996,19.96000000000032,7.251664161682129,1.8685322999954224,-0.0002982102450914681,0.15722249448299408,0.0,0.0,mission_complete,0.0906249556804216,0.0,mission_complete,6.251867011475556,0
1997,19.970000000000322,7.253157615661621,1.8685318231582642,-0.00029821027419529855,0.1415124386548996,0.0,0.0,mission_complete,0.0746249556804216,0.0,mission_complete,6.253360465531172,0
1998,19.980000000000324,7.254493713378906,1.8685314655303955,-0.000298210303299129,0.12574723362922668,0.0,0.0,mission_complete,0.0586249556804216,0.0,mission_complete,6.254696563296319,0
1999,19.990000000000325,7.255671977996826,1.8685311079025269,-0.00029821033240295947,0.10993737727403641,0.0,0.0,mission_complete,0.0426249556804216,0.0,mission_complete,6.255874827968513,0
2000,20.000000000000327,7.256691932678223,1.8685307502746582,-0.0002982103615067899,0.09409135580062866,0.0,0.0,mission_complete,0.0266249556804216,0.0,mission_complete,6.256894782712607,0
2001,20.01000000000033,7.257553577423096,1.868530511856079,-0.0002982103615067899,0.07821604609489441,0.0,0.0,mission_complete,0.0106249556804216,0.0,mission_complete,6.257756427490465,0
2002,20.02000000000033,7.258261203765869,1.8685302734375,-0.0002982103615067899,0.06333935260772705,0.0,0.0,mission_complete,0.0,0.0,mission_complete,6.2584640538734035,0
2003,20.03000000000033,7.258834362030029,1.8685301542282104,-0.0002982103615067899,0.05129220709204674,0.0,0.0,mission_complete,0.0,0.0,mission_complete,6.259037212149961,0
2004,20.040000000000333,7.259298324584961,1.868530035018921,-0.0002982103615067899,0.04153642803430557,0.0,0.0,mission_complete,0.0,0.0,mission_complete,6.259501174720207,0
2005,20.050000000000335,7.259674072265625,1.8685299158096313,-0.0002982103615067899,0.03363620117306709,0.0,0.0,mission_complete,0.0,0.0,mission_complete,6.259876922419782,0
2006,20.060000000000336,7.259978294372559,1.8685297966003418,-0.0002982103615067899,0.027238596230745316,0.0,0.0,mission_complete,0.0,0.0,mission_complete,6.260181144550072,0
2007,20.070000000000338,7.26022481918335,1.8685296773910522,-0.0002982103615067899,0.02205781452357769,0.0,0.0,mission_complete,0.0,0.0,mission_complete,6.260427669389685,0
2008,20.08000000000034,7.260424613952637,1.8685296773910522,-0.0002982103615067899,0.017862418666481972,0.0,0.0,mission_complete,0.0,0.0,mission_complete,6.260627464158972,0
