step,sim_time_s,x_m,y_m,yaw_rad,actual_speed_mps,requested_speed_mps,requested_steering_rad,request_reason,applied_speed_mps,applied_steering_rad,applied_reason,distance_travelled_m,collision
1,0.01,1.0,1.8730000257492065,0.0,0.0,0.0,0.0,wall_lost,0.0,0.0,wall_lost,0.0,0
2,0.02,1.0,1.8730000257492065,0.0,0.0,0.0,0.0,recovery_gate,0.0,0.0,recovery_gate,0.0,0
3,0.03,1.0,1.8730000257492065,0.0,0.0,0.0,0.0,recovery_gate,0.0,0.0,recovery_gate,0.0,0
4,0.04,1.0,1.8730000257492065,0.0,0.0,0.0,0.0,recovery_gate,0.0,0.0,recovery_gate,0.0,0
5,0.05,1.0000003576278687,1.8730000257492065,-2.505225893401075e-08,7.608000305481255e-05,0.008000000000000002,-0.018000000000000006,tracking,0.008,-0.018000000000000006,tracking,3.5762786865234375e-07,0
6,0.060000000000000005,1.0000048875808716,1.8730000257492065,-7.616834523105354e-07,0.0008332624565809965,0.016000000000000004,-0.03600000000000001,tracking,0.016,-0.03600000000000001,tracking,4.887580871582031e-06,0
7,0.07,1.0000187158584595,1.8730000257492065,-2.723000307014445e-06,0.0019348408095538616,0.024,-0.04157434826170457,tracking,0.024,-0.04157434826170457,tracking,1.8715858459472656e-05,0
8,0.08,1.0000451803207397,1.8730000257492065,-5.34082255398971e-06,0.003364439122378826,0.03200000000000001,-0.0319732901324071,tracking,0.032,-0.0319732901324071,tracking,4.5180320739746094e-05,0
9,0.09,1.0000874996185303,1.8730000257492065,-7.289334462257102e-06,0.005106459837406874,0.04000000000000001,-0.025751040803878397,tracking,0.04,-0.025751040803878397,tracking,8.749961853027344e-05,0
10,0.09999999999999999,1.0001487731933594,1.8730000257492065,-1.0483086043677758e-05,0.007146047428250313,0.048,-0.019828516748534128,tracking,0.048,-0.019828516748534128,tracking,0.000148773193359375,0
11,0.10999999999999999,1.0002318620681763,1.8730000257492065,-1.4395021935342811e-05,0.009469052776694298,0.05600000000000001,-0.01781267004921456,tracking,0.056,-0.01781267004921456,tracking,0.00023186206817626953,0
12,0.11999999999999998,1.0003395080566406,1.8730000257492065,-1.9925722881453112e-05,0.012061999179422855,0.064,-0.016910732758768962,tracking,0.064,-0.016910732758768962,tracking,0.000339508056640625,0
13,0.12999999999999998,1.0004743337631226,1.8730000257492065,-2.635246710269712e-05,0.014912051148712635,0.072,-0.013840093781400647,tracking,0.072,-0.013840093781400647,tracking,0.0004743337631225586,0
14,0.13999999999999999,1.0006389617919922,1.8730000257492065,-3.473682590993121e-05,0.018006982281804085,0.08,-0.01151760112699406,tracking,0.07999999999999999,-0.01151760112699406,tracking,0.0006389617919921875,0
15,0.15,1.000835657119751,1.8730000257492065,-4.4178574171382934e-05,0.02133515104651451,0.08800000000000001,-0.011801262499991562,tracking,0.088,-0.011801262499991562,tracking,0.0008356571197509766,0
16,0.16,1.00106680393219,1.8730000257492065,-5.5885328038129956e-05,0.02488546445965767,0.09599999999999999,-0.01059254826882752,tracking,0.09599999999999999,-0.01059254826882752,tracking,0.0010668039321899414,0
17,0.17,1.0013344287872314,1.8730000257492065,-6.879583816044033e-05,0.02864736132323742,0.104,-0.010727270420314555,tracking,0.10399999999999998,-0.010727270420314555,tracking,0.0013344287872314453,0
18,0.18000000000000002,1.0016406774520874,1.8730000257492065,-8.425020496360958e-05,0.032610777765512466,0.112,-0.009554367883059738,tracking,0.11199999999999999,-0.009554367883059738,tracking,0.0016406774520874023,0
19,0.19000000000000003,1.0019875764846802,1.8730000257492065,-0.00010104111424880102,0.036766134202480316,0.11999999999999998,-0.008995852007585044,tracking,0.11999999999999998,-0.008995852007585044,tracking,0.0019875764846801758,0
20,0.20000000000000004,1.002376914024353,1.8730000257492065,-0.00012062884343322366,0.041104305535554886,0.128,-0.00992099995814995,tracking,0.12799999999999997,-0.00992099995814995,tracking,0.0023769140243530273,0
21,0.21000000000000005,1.0028104782104492,1.8730000257492065,-0.0001416735613020137,0.045616596937179565,0.136,-0.009363659427767896,tracking,0.13599999999999998,-0.009363659427767896,tracking,0.0028104782104492188,0
22,0.22000000000000006,1.003290057182312,1.872999906539917,-0.00016574458277318627,0.050294727087020874,0.144,-0.007775095839226146,tracking,0.144,-0.007775095839226146,tracking,0.003290057197127981,0
23,0.23000000000000007,1.0038172006607056,1.8729997873306274,-0.00019138185598421842,0.055130813270807266,0.152,-0.007908460403143112,tracking,0.152,-0.007908460403143112,tracking,0.00381720068900065,0
24,0.24000000000000007,1.004393458366394,1.872999668121338,-0.00022025361249689013,0.060117341578006744,0.16,-0.008753076730429282,tracking,0.16,-0.008753076730429282,tracking,0.004393458407019421,0
25,0.25000000000000006,1.005020260810852,1.8729995489120483,-0.0002507907338440418,0.06524716317653656,0.16799999999999998,-0.009347401189880896,tracking,0.16799999999999998,-0.009347401189880896,tracking,0.005020260862813421,0
26,0.26000000000000006,1.0056990385055542,1.8729994297027588,-0.0002847511786967516,0.07051345705986023,0.176,-0.008307507118133918,tracking,0.176,-0.008307507118133918,tracking,0.005699038567983543,0
27,0.2700000000000001,1.0064311027526855,1.8729991912841797,-0.0003204669337719679,0.07590974122285843,0.184,-0.008162815536306335,tracking,0.184,-0.008162815536306335,tracking,0.006431102853938954,0
28,0.2800000000000001,1.0072177648544312,1.8729989528656006,-0.0003597773320507258,0.08142983168363571,0.192,-0.009237399435016388,tracking,0.192,-0.009237399435016388,tracking,0.0072177649918140595,0
29,0.2900000000000001,1.0080602169036865,1.872998595237732,-0.0004009246185887605,0.08706784248352051,0.2,-0.009165781672599484,tracking,0.2,-0.009165781672599484,tracking,0.008060217116977422,0
30,0.3000000000000001,1.0089596509933472,1.8729982376098633,-0.0004458219336811453,0.09281816333532333,0.20799999999999996,-0.008618056035902301,tracking,0.20799999999999996,-0.008618056035902301,tracking,0.008959651277737044,0
31,0.3100000000000001,1.009917140007019,1.872997760772705,-0.0004926301189698279,0.09867545962333679,0.21599999999999997,-0.009557155813608876,tracking,0.21599999999999997,-0.009557155813608876,tracking,0.009917140410143264,0
32,0.3200000000000001,1.0109336376190186,1.8729972839355469,-0.0005433293408714235,0.10463464260101318,0.22399999999999998,-0.007257140531656396,tracking,0.22399999999999998,-0.007257140531656396,tracking,0.010933638133984486,0
33,0.3300000000000001,1.0120102167129517,1.8729966878890991,-0.0005960065755061805,0.11069086194038391,0.23199999999999998,-0.00740446915452207,tracking,0.23199999999999998,-0.00740446915452207,tracking,0.012010217392917702,0
34,0.34000000000000014,1.0131478309631348,1.8729959726333618,-0.0006527027580887079,0.11683951318264008,0.24,-0.00713062701131248,tracking,0.24,-0.00713062701131248,tracking,0.013147831867953265,0
35,0.35000000000000014,1.0143474340438843,1.872995138168335,-0.0007114378386177123,0.1230761930346489,0.248,-0.007998765636708361,tracking,0.248,-0.007998765636708361,tracking,0.014347435238937025,0
36,0.36000000000000015,1.0156097412109375,1.8729941844940186,-0.0007743078749626875,0.1293967217206955,0.256,-0.007647817820935587,tracking,0.256,-0.007647817820935587,tracking,0.015609742766241143,0
37,0.37000000000000016,1.0169357061386108,1.8729931116104126,-0.0008392720483243465,0.13579711318016052,0.26399999999999996,-0.007601916974700608,tracking,0.26399999999999996,-0.007601916974700608,tracking,0.016935708127967835,0
38,0.38000000000000017,1.0183260440826416,1.872991919517517,-0.000908476416952908,0.14227356016635895,0.27199999999999996,-0.007460310499266427,tracking,0.27199999999999996,-0.007460310499266427,tracking,0.018326046583056074,0
39,0.3900000000000002,1.019781470298767,1.8729904890060425,-0.0009798250393941998,0.14882245659828186,0.27999999999999997,-0.0073489938255505705,tracking,0.27999999999999997,-0.0073489938255505705,tracking,0.01978147350219301,0
40,0.4000000000000002,1.0213028192520142,1.8729889392852783,-0.0010555093176662922,0.1554403454065323,0.288,-0.005233737469363177,tracking,0.288,-0.005233737469363177,tracking,0.021302823244750718,0
41,0.4100000000000002,1.0228906869888306,1.872987151145935,-0.0011333833681419492,0.16212396323680878,0.296,-0.006418550067500436,tracking,0.296,-0.006418550067500436,tracking,0.02289069198840202,0
42,0.4200000000000002,1.024545669555664,1.8729852437973022,-0.001215679687447846,0.16887016594409943,0.304,-0.00498966621350599,tracking,0.304,-0.00498966621350599,tracking,0.024545675654333982,0
43,0.4300000000000002,1.0262683629989624,1.8729830980300903,-0.001300206989981234,0.17567598819732666,0.31199999999999994,-0.007676199616341885,tracking,0.31199999999999994,-0.007676199616341885,tracking,0.02626837043400333,0
44,0.4400000000000002,1.028059482574463,1.8729807138442993,-0.0013892351416870952,0.18253859877586365,0.31999999999999995,-0.006021881754743113,tracking,0.31999999999999995,-0.006021881754743113,tracking,0.02805949159631562,0
45,0.45000000000000023,1.0299195051193237,1.8729779720306396,-0.001480531645938754,0.1894552856683731,0.32799999999999996,-0.00705410475787635,tracking,0.32799999999999996,-0.00705410475787635,tracking,0.029919516161995532,0
46,0.46000000000000024,1.0318489074707031,1.8729751110076904,-0.0015764003619551659,0.1964234858751297,0.33599999999999997,-0.007125568762548733,tracking,0.33599999999999997,-0.007125568762548733,tracking,0.03184892063461413,0
47,0.47000000000000025,1.0338481664657593,1.872971773147583,-0.001674571423791349,0.20344075560569763,0.344,-0.006470325247168099,tracking,0.344,-0.006470325247168099,tracking,0.033848182416028216,0
48,0.48000000000000026,1.03591787815094,1.8729681968688965,-0.001777379191480577,0.21050474047660828,0.352,-0.005271284106529097,tracking,0.352,-0.005271284106529097,tracking,0.03591789719095317,0
49,0.49000000000000027,1.0380585193634033,1.8729642629623413,-0.0018825201550498605,0.21761323511600494,0.35999999999999993,-0.00422152492948341,tracking,0.35999999999999993,-0.00422152492948341,tracking,0.03805854201812966,0
50,0.5000000000000002,1.040270447731018,1.8729599714279175,-0.0019923564977943897,0.2247641235589981,0.36799999999999994,-0.005805787687938119,tracking,0.36799999999999994,-0.005805787687938119,tracking,0.0402704745489105,0
51,0.5100000000000002,1.0425540208816528,1.8729552030563354,-0.002104553859680891,0.2319553941488266,0.37599999999999995,-0.005028392312837516,tracking,0.37599999999999995,-0.005028392312837516,tracking,0.042554052678002545,0
52,0.5200000000000002,1.0449079275131226,1.8729501962661743,-0.0022213829215615988,0.23882955312728882,0.37652239265521764,-0.005007754576486618,tracking,0.37652239265521764,-0.005007754576486618,tracking,0.044907964634220296,0
53,0.5300000000000002,1.0473291873931885,1.8729445934295654,-0.0023404306266456842,0.24543306231498718,0.37770458185383204,-0.0033054021304818795,tracking,0.37770458185383204,-0.0033054021304818795,tracking,0.04732923099680721,0
54,0.5400000000000003,1.049815058708191,1.872938632965088,-0.0024637319147586823,0.2517469525337219,0.3782176045934909,-0.0025666493853730796,tracking,0.3782176045934909,-0.0025666493853730796,tracking,0.04981510945761111,0
55,0.5500000000000003,1.0523624420166016,1.8729321956634521,-0.0025890583638101816,0.2577351927757263,0.3776826950181896,-0.0033369191738070337,tracking,0.3776826950181896,-0.0033369191738070337,tracking,0.05236250089962027,0
56,0.5600000000000003,1.0549684762954712,1.8729252815246582,-0.002718245144933462,0.2634701728820801,0.378344813785016,-0.002383468149576978,tracking,0.378344813785016,-0.002383468149576978,tracking,0.05496854435051644,0
57,0.5700000000000003,1.0576306581497192,1.8729177713394165,-0.0028492824640125036,0.2689756155014038,0.37925235212563396,-0.0010766129390871277,tracking,0.37925235212563396,-0.0010766129390871277,tracking,0.05763073679809981,0
58,0.5800000000000003,1.0603463649749756,1.8729099035263062,-0.002983842045068741,0.2741667926311493,0.37814888944125435,-0.002665599204593765,tracking,0.37814888944125435,-0.002665599204593765,tracking,0.06034645502045408,0
59,0.5900000000000003,1.0631130933761597,1.872901439666748,-0.0031200814992189407,0.2791799008846283,0.3795950784256393,-0.0005830870670794526,tracking,0.3795950784256393,-0.0005830870670794526,tracking,0.06311319636775008,0
60,0.6000000000000003,1.0659286975860596,1.8728924989700317,-0.0032595398370176554,0.2839418947696686,0.3793268409618926,-0.000969349014874641,tracking,0.3793268409618926,-0.000969349014874641,tracking,0.06592881477280141,0
61,0.6100000000000003,1.0687906742095947,1.8728828430175781,-0.0034005269408226013,0.28846749663352966,0.3791178539993506,-0.0012702902409351471,tracking,0.3791178539993506,-0.0012702902409351471,tracking,0.06879080768528031,0
62,0.6200000000000003,1.0716968774795532,1.8728728294372559,-0.0035444204695522785,0.2927680015563965,0.37890911319869397,-0.0015708769938807127,tracking,0.37890911319869397,-0.0015708769938807127,tracking,0.07169702820652579,0
63,0.6300000000000003,1.0746450424194336,1.8728621006011963,-0.0036896972451359034,0.29687002301216125,0.37903583405700914,-0.0013883989579068518,tracking,0.37903583405700914,-0.0013883989579068518,tracking,0.07464521266830274,0
64,0.6400000000000003,1.0776333808898926,1.8728508949279785,-0.0038376206066459417,0.30080556869506836,0.3796364022475297,-0.0005235807635572669,tracking,0.3796364022475297,-0.0005235807635572669,tracking,0.07763357214820762,0
65,0.6500000000000004,1.080660104751587,1.8728389739990234,-0.003986806608736515,0.3045395612716675,0.3793333756857475,-0.0009599390125236088,tracking,0.3793333756857475,-0.0009599390125236088,tracking,0.08066031948544888,0
66,0.6600000000000004,1.0837234258651733,1.8728265762329102,-0.0041384026408195496,0.30812427401542664,0.3799281439670768,-0.00010347268740944389,tracking,0.3799281439670768,-0.00010347268740944389,tracking,0.08372366568683537,0
67,0.6700000000000004,1.086821436882019,1.8728134632110596,-0.00429114094004035,0.31147876381874084,0.3786709335824085,-0.0019138556413317593,tracking,0.3786709335824085,-0.0019138556413317593,tracking,0.08682170445545002,0
68,0.6800000000000004,1.0899524688720703,1.8728002309799194,-0.00413622846826911,0.31472721695899963,0.3797952889492267,0.0002947839131135586,tracking,0.3797952889492267,0.0002947839131135586,tracking,0.08995276440611615,0
69,0.6900000000000004,1.0931150913238525,1.8727874755859375,-0.003980276640504599,0.31779175996780396,0.37917639118483726,-0.0011859966938343389,tracking,0.37917639118483726,-0.0011859966938343389,tracking,0.09311541258012992,0
70,0.7000000000000004,1.0963075160980225,1.872774600982666,-0.004138191230595112,0.32068774104118347,0.37869583314213584,-0.0018780002753244103,tracking,0.37869583314213584,-0.0018780002753244103,tracking,0.09630786331493278,0
71,0.7100000000000004,1.099528193473816,1.8727608919143677,-0.004297036211937666,0.3234438896179199,0.3786507597920928,-0.0019429058993863588,tracking,0.3786507597920928,-0.0019429058993863588,tracking,0.0995285698674615,0
72,0.7200000000000004,1.1027759313583374,1.8727467060089111,-0.004457665607333183,0.32610630989074707,0.37943565357887615,-0.000812658846418313,tracking,0.37943565357887615,-0.000812658846418313,tracking,0.10277633873338618,0
73,0.7300000000000004,1.1060497760772705,1.8727318048477173,-0.004619155079126358,0.32866740226745605,0.3799670458145913,-4.745402698852659e-05,tracking,0.3799670458145913,-4.745402698852659e-05,tracking,0.10605021736404602,0
74,0.7400000000000004,1.1093485355377197,1.8727167844772339,-0.004456022288650274,0.33109742403030396,0.379772006355581,0.0003283108479633229,tracking,0.379772006355581,0.0003283108479633229,tracking,0.10934901102073821,0
75,0.7500000000000004,1.1126710176467896,1.8727023601531982,-0.004292108118534088,0.33341410756111145,0.3798181861581066,0.00026181193232652916,tracking,0.3798181861581066,0.00026181193232652916,tracking,0.1126715244407582,0
76,0.7600000000000005,1.116015911102295,1.872687816619873,-0.004457495175302029,0.3355700969696045,0.37875550536977476,-0.0017920722675243313,tracking,0.37875550536977476,-0.0017920722675243313,tracking,0.11601644951361773,0
77,0.7700000000000005,1.1193819046020508,1.872672438621521,-0.004623577930033207,0.33764079213142395,0.37911785129644926,-0.0012702941331130379,tracking,0.37911785129644926,-0.0012702941331130379,tracking,0.11938247814142706,0
78,0.7800000000000005,1.1227682828903198,1.8726569414138794,-0.00445615453645587,0.33964118361473083,0.37971029265564604,0.00041717857586968075,tracking,0.37971029265564604,0.00041717857586968075,tracking,0.1227688918897314,0
79,0.7900000000000005,1.1261740922927856,1.872642159461975,-0.00428808992728591,0.3415355086326599,0.37947966466877325,-0.0007492828769664877,tracking,0.37947966466877325,-0.0007492828769664877,tracking,0.1261747333704857,0
80,0.8000000000000005,1.1295984983444214,1.87262761592865,-0.00411880062893033,0.3433607816696167,0.37992202912324746,0.00011227806252367238,tracking,0.37992202912324746,0.00011227806252367238,tracking,0.12959917030534684,0
81,0.8100000000000005,1.1330403089523315,1.872613787651062,-0.003948939964175224,0.3450072109699249,0.37798570684565463,-0.0029005821422573193,tracking,0.37798570684565463,-0.0029005821422573193,tracking,0.13304100869231156,0
82,0.8200000000000005,1.1364983320236206,1.8725999593734741,-0.0041198707185685635,0.34660962224006653,0.37870666038279027,-0.0018624090487820537,tracking,0.37870666038279027,-0.0018624090487820537,tracking,0.13649905941241797,0
83,0.8300000000000005,1.1399720907211304,1.8725852966308594,-0.004291318356990814,0.34814733266830444,0.37894836019519546,-0.0015143613189185137,tracking,0.37894836019519546,-0.0015143613189185137,tracking,0.1399728490555233,0
84,0.8400000000000005,1.1434606313705444,1.8725701570510864,-0.0044637382961809635,0.3495626747608185,0.3779125815139039,-0.0030058826199784294,tracking,0.3779125815139039,-0.0030058826199784294,tracking,0.14346142255618083,0
85,0.8500000000000005,1.1469632387161255,1.872554063796997,-0.0046366238966584206,0.35097429156303406,0.37924957571733187,0.0010806109670421296,tracking,0.37924957571733187,0.0010806109670421296,tracking,0.14696406687299998,0
86,0.8600000000000005,1.1504796743392944,1.8725379705429077,-0.00446282746270299,0.352329283952713,0.37947013507435307,0.0007630054929316041,tracking,0.37947013507435307,0.0007630054929316041,tracking,0.15048053932202027,0
87,0.8700000000000006,1.1540091037750244,1.8725225925445557,-0.00428860355168581,0.3535725772380829,0.37847646638780863,0.002193888401555549,tracking,0.37847646638780863,0.002193888401555549,tracking,0.15401000225915823,0
88,0.8800000000000006,1.1575508117675781,1.8725072145462036,-0.004463636316359043,0.35478419065475464,0.3790534890133965,-0.0013629758207090222,tracking,0.3790534890133965,-0.0013629758207090222,tracking,0.1575517436369768,0
89,0.8900000000000006,1.1611043214797974,1.8724908828735352,-0.004639057908207178,0.3559350073337555,0.378986373225554,-0.0014596225552022165,tracking,0.378986373225554,-0.0014596225552022165,tracking,0.16110529087858885,0
90,0.9000000000000006,1.164669156074524,1.8724745512008667,-0.004462894517928362,0.3570380210876465,0.3791317213759816,0.0012503212185864688,tracking,0.3791317213759816,0.0012503212185864688,tracking,0.16467016288348488,0
91,0.9100000000000006,1.1682449579238892,1.872459053993225,-0.0042863707058131695,0.358123779296875,0.3798721515917941,-0.00018410170781646418,tracking,0.3798721515917941,-0.00018410170781646418,tracking,0.16824599831445322,0
92,0.9200000000000006,1.1718310117721558,1.872443437576294,-0.0044635748490691185,0.3591030240058899,0.3787176802777732,-0.0018465404000065667,tracking,0.3787176802777732,-0.0018465404000065667,tracking,0.17183208616546097,0
93,0.9300000000000006,1.1754268407821655,1.872426986694336,-0.004641097504645586,0.3600596785545349,0.3792218377134913,-0.001120553692572527,tracking,0.3792218377134913,-0.001120553692572527,tracking,0.1754279528065845,0
94,0.9400000000000006,1.1790320873260498,1.8724100589752197,-0.0048192404210567474,0.3609861433506012,0.3795435807959585,-0.0006572436538197241,tracking,0.3795435807959585,-0.0006572436538197241,tracking,0.1790332390906213,0
95,0.9500000000000006,1.18264639377594,1.872392177581787,-0.004997681826353073,0.36187508702278137,0.3796808175286153,0.0004596227587939615,tracking,0.3796808175286153,0.0004596227587939615,tracking,0.18264758977337864,0
96,0.9600000000000006,1.186268925666809,1.8723742961883545,-0.004818693734705448,0.36264604330062866,0.3780889727615794,0.00275187922332567,tracking,0.3780889727615794,0.00275187922332567,tracking,0.1862701657966796,0
97,0.9700000000000006,1.1898994445800781,1.8723572492599487,-0.004639443010091782,0.36346927285194397,0.3799592279635127,5.871173254171774e-05,tracking,0.3799592279635127,5.871173254171774e-05,tracking,0.1899007247312477,0
98,0.9800000000000006,1.1935378313064575,1.872340202331543,-0.004819214344024658,0.36422696709632874,0.37940394593330856,-0.0008583178560356633,tracking,0.37940394593330856,-0.0008583178560356633,tracking,0.19353915139238323,0
99,0.9900000000000007,1.1971834897994995,1.8723222017288208,-0.004999222233891487,0.3649075925350189,0.37854055995795705,0.0021015936605418943,tracking,0.37854055995795705,0.0021015936605418943,tracking,0.19718485432454702,0
100,1.0000000000000007,1.2008358240127563,1.8723042011260986,-0.004818771034479141,0.36557313799858093,0.37890455252761857,0.0015774443602292482,tracking,0.37890455252761857,0.0015774443602292482,tracking,0.200837232895701,0
101,1.0100000000000007,1.2044947147369385,1.8722870349884033,-0.004638105630874634,0.36620986461639404,0.37896349074643343,0.0014925733251358562,tracking,0.37896349074643343,0.0014925733251358562,tracking,0.204496163888189,0
102,1.0200000000000007,1.2081600427627563,1.872269868850708,-0.004819195251911879,0.36686092615127563,0.37990222941634944,-0.00014078964045678537,tracking,0.37990222941634944,-0.00014078964045678537,tracking,0.20816153211159158,0
103,1.0300000000000007,1.2118316888809204,1.8722517490386963,-0.0050004939548671246,0.36748093366622925,0.3799001850612636,-0.0001437335117804167,tracking,0.3799001850612636,-0.0001437335117804167,tracking,0.21183322294070786,0
104,1.0400000000000007,1.215509295463562,1.8722331523895264,-0.0051821875385940075,0.3680596947669983,0.3796526819421372,-0.0005001380033224437,tracking,0.3796526819421372,-0.0005001380033224437,tracking,0.21551087654212944,0
105,1.0500000000000007,1.219192385673523,1.87221360206604,-0.0053640613332390785,0.3685748279094696,0.3788929548473769,0.0015941450197773151,tracking,0.3788929548473769,0.0015941450197773151,tracking,0.2191940186395591,0
106,1.0600000000000007,1.2228803634643555,1.8721940517425537,-0.005181869491934776,0.36902594566345215,0.37806189984704475,0.002790864220255606,tracking,0.37806189984704475,0.002790864220255606,tracking,0.2228820482490962,0
107,1.0700000000000007,1.22657310962677,1.8721753358840942,-0.004999521188437939,0.3695238530635834,0.3794973085243396,0.0007238757249509366,tracking,0.3794973085243396,0.0007238757249509366,tracking,0.22657484183977863,0
108,1.0800000000000007,1.2302707433700562,1.872157096862793,-0.0048168497160077095,0.3700083792209625,0.3797135566516955,0.0004124784215585441,tracking,0.3797135566516955,0.0004124784215585441,tracking,0.23027252056586966,0
109,1.0900000000000007,1.2339731454849243,1.8721396923065186,-0.004634021315723658,0.37047529220581055,0.3798279157269804,0.00024780135314825605,tracking,0.3798279157269804,0.00024780135314825605,tracking,0.2339749635888964,0
110,1.1000000000000008,1.2376799583435059,1.8721227645874023,-0.00445089815184474,0.37090396881103516,0.37949055246767605,0.0007336044465464722,tracking,0.37949055246767605,0.0007336044465464722,tracking,0.23768181509876565,0
111,1.1100000000000008,1.2413910627365112,1.872106671333313,-0.00426763528957963,0.371323823928833,0.3797336253846645,0.0003835794460831255,tracking,0.3797336253846645,0.0003835794460831255,tracking,0.24139295438591332,0
112,1.1200000000000008,1.2451063394546509,1.8720908164978027,-0.00426763528957963,0.37173375487327576,0.3799448504983662,-7.941528235266664e-05,tracking,0.3799448504983662,-7.941528235266664e-05,tracking,0.245108264933924,0
113,1.1300000000000008,1.2488254308700562,1.8720747232437134,-0.004451354965567589,0.3720861077308655,0.3791437324957483,-0.0012330252061224529,tracking,0.3791437324957483,-0.0012330252061224529,tracking,0.24882739116853456,0
114,1.1400000000000008,1.252548098564148,1.8720576763153076,-0.004635191988199949,0.37244752049446106,0.3796865924086952,0.00045130693147894634,tracking,0.3796865924086952,0.00045130693147894634,tracking,0.25255009789327165,0
115,1.1500000000000008,1.2562742233276367,1.8720406293869019,-0.004451125394552946,0.37278249859809875,0.37949229215196084,0.000731099301176364,tracking,0.37949229215196084,0.000731099301176364,tracking,0.25627626165119377,0
116,1.1600000000000008,1.2600033283233643,1.8720245361328125,-0.004266960546374321,0.3730458915233612,0.3783214652588367,-0.0024170900272751216,tracking,0.3783214652588367,-0.0024170900272751216,tracking,0.2600054013726292,0
117,1.1700000000000008,1.263735294342041,1.8720088005065918,-0.0040826075710356236,0.3733539283275604,0.37952377985145386,0.0006857570139064736,tracking,0.37952377985145386,0.0006857570139064736,tracking,0.2637374005653529,0
118,1.1800000000000008,1.2674700021743774,1.8719940185546875,-0.003898163791745901,0.37359657883644104,0.37845688348411,-0.002222087782881599,tracking,0.37845688348411,-0.002222087782881599,tracking,0.26747213765101463,0
119,1.1900000000000008,1.271207332611084,1.8719792366027832,-0.004082778003066778,0.3738721013069153,0.3793911227328964,-0.0008767832646292256,tracking,0.3793911227328964,-0.0008767832646292256,tracking,0.27120949732051863,0
120,1.2000000000000008,1.2749472856521606,1.8719635009765625,-0.004267477430403233,0.3741132616996765,0.3789436172030144,-0.001521191227659282,tracking,0.3789436172030144,-0.001521191227659282,tracking,0.2749494834647966,0
121,1.2100000000000009,1.2786895036697388,1.8719477653503418,-0.004082624334841967,0.374338299036026,0.37884579096458726,0.0016620610109943715,tracking,0.37884579096458726,0.0016620610109943715,tracking,0.27869173456554047,0
122,1.2200000000000009,1.282434105873108,1.8719329833984375,-0.0038976939395070076,0.3745839297771454,0.379503883197797,-0.0007144081951723051,tracking,0.379503883197797,-0.0007144081951723051,tracking,0.2824363659449394,0
123,1.2300000000000009,1.2861812114715576,1.8719185590744019,-0.0037126000970602036,0.37483474612236023,0.37985850410700933,0.00020375408590657916,tracking,0.37985850410700933,0.00020375408590657916,tracking,0.286183499306198,0
124,1.2400000000000009,1.2899305820465088,1.8719050884246826,-0.0035274322144687176,0.3750333786010742,0.3790123210675612,-0.0014222576627118642,tracking,0.3790123210675612,-0.0014222576627118642,tracking,0.2899328940795866,0
125,1.2500000000000009,1.2936815023422241,1.8718916177749634,-0.003712703939527273,0.3751501441001892,0.37748874358442924,-0.0036162092384219146,tracking,0.37748874358442924,-0.0036162092384219146,tracking,0.29368383856374164,0
126,1.260000000000001,1.2974340915679932,1.8718771934509277,-0.0038980303797870874,0.37536507844924927,0.37967019907584026,0.0004749133307900624,tracking,0.37967019907584026,0.0004749133307900624,tracking,0.2974364555117503,0
127,1.270000000000001,1.3011887073516846,1.871862769126892,-0.00371256610378623,0.3755688965320587,0.3796513507944383,0.0005020548560088732,tracking,0.3796513507944383,0.0005020548560088732,tracking,0.30119109900271834,0
128,1.280000000000001,1.3049452304840088,1.8718492984771729,-0.0035270412918180227,0.3757333755493164,0.3790278431881925,-0.0013999058090028542,tracking,0.3790278431881925,-0.0013999058090028542,tracking,0.30494764628740556,0
129,1.290000000000001,1.3087033033370972,1.8718358278274536,-0.003712668316438794,0.3758789896965027,0.37879598880991205,-0.0017337761137266525,tracking,0.37879598880991205,-0.0017337761137266525,tracking,0.30870574328289724,0
130,1.300000000000001,1.3124629259109497,1.871821403503418,-0.0038983479607850313,0.37605300545692444,0.3795385051143262,-0.0006645526353703021,tracking,0.3795385051143262,-0.0006645526353703021,tracking,0.31246539352712815,0
131,1.310000000000001,1.316224217414856,1.8718065023422241,-0.004084139131009579,0.3762182891368866,0.3795287110179617,-0.0006786561341351107,tracking,0.3795287110179617,-0.0006786561341351107,tracking,0.316226714547988,0
132,1.320000000000001,1.3199870586395264,1.8717906475067139,-0.004269979428499937,0.3763512372970581,0.379014153354791,0.001419619169100994,tracking,0.379014153354791,0.001419619169100994,tracking,0.319989589174904,0
133,1.330000000000001,1.3237510919570923,1.8717747926712036,-0.004084060899913311,0.3764554560184479,0.37854310238270356,0.002097932568906856,tracking,0.37854310238270356,0.002097932568906856,tracking,0.3237536558841369,0
134,1.340000000000001,1.3275163173675537,1.8717598915100098,-0.003898101393133402,0.3765999376773834,0.37949420535840195,0.0007283442839011757,tracking,0.37949420535840195,0.0007283442839011757,tracking,0.3275189107807129,0
135,1.350000000000001,1.3312830924987793,1.871744990348816,-0.004084159154444933,0.3767545521259308,0.37985177806632286,-0.0002134395844950853,tracking,0.37985177806632286,-0.0002134395844950853,tracking,0.331285715385922,0
136,1.360000000000001,1.3350512981414795,1.8717291355133057,-0.004270266275852919,0.37689849734306335,0.3797816769730051,-0.00031438515887272263,tracking,0.3797816769730051,-0.00031438515887272263,tracking,0.33505395438331675,0
137,1.370000000000001,1.3388209342956543,1.8717132806777954,-0.0040840706788003445,0.3770236074924469,0.3795299010523262,0.0006769424846502763,tracking,0.3795299010523262,0.0006769424846502763,tracking,0.3388236238795287,0
138,1.380000000000001,1.3425917625427246,1.8716983795166016,-0.0038978320080786943,0.3771592974662781,0.37987742804601926,0.00017650361373228868,tracking,0.37987742804601926,0.00017650361373228868,tracking,0.3425944815689023,0
139,1.390000000000001,1.3463637828826904,1.871683955192566,-0.0037115179002285004,0.3772532641887665,0.37913559286396753,0.0012447462758867576,tracking,0.37913559286396753,0.0012447462758867576,tracking,0.346366529488301,0
140,1.400000000000001,1.3501367568969727,1.8716703653335571,-0.0035251721274107695,0.3773513734340668,0.3793162337031711,-0.0009846234674336738,tracking,0.3793162337031711,-0.0009846234674336738,tracking,0.35013952797713144,0
141,1.410000000000001,1.3539105653762817,1.8716567754745483,-0.0037115702871233225,0.37741196155548096,0.37862584992899495,-0.001978776102247245,tracking,0.37862584992899495,-0.001978776102247245,tracking,0.35391336092557696,0
142,1.420000000000001,1.3576849699020386,1.8716423511505127,-0.003897989634424448,0.3774797022342682,0.3788364148604797,-0.0016755626009092046,tracking,0.3788364148604797,-0.0016755626009092046,tracking,0.3576877930133456,0
143,1.430000000000001,1.3614602088928223,1.871627926826477,-0.003711518133059144,0.3775704503059387,0.37938829732485885,0.0008808518522032526,tracking,0.37938829732485885,0.0008808518522032526,tracking,0.3614630595600489,0
144,1.440000000000001,1.3652364015579224,1.8716143369674683,-0.003525013569742441,0.3776813745498657,0.3799033006221616,0.0001392471040873311,tracking,0.3799033006221616,0.0001392471040873311,tracking,0.36523927667883643,0
145,1.450000000000001,1.3690135478973389,1.8716007471084595,-0.003711576107889414,0.37774646282196045,0.3790500105303857,-0.0013679848362446075,tracking,0.3790500105303857,-0.0013679848362446075,tracking,0.3690164474657662,0
146,1.460000000000001,1.3727914094924927,1.8715862035751343,-0.003898165188729763,0.37784242630004883,0.3797643643272634,0.0003393153687406697,tracking,0.3797643643272634,0.0003393153687406697,tracking,0.372794337054743,0
147,1.470000000000001,1.3765699863433838,1.871571660041809,-0.0037115307059139013,0.3778843581676483,0.37872419184563466,0.0018371637422861156,tracking,0.37872419184563466,0.0018371637422861156,tracking,0.3765729418941582,0
148,1.480000000000001,1.3803491592407227,1.8715580701828003,-0.0035248766653239727,0.37796053290367126,0.3794865406783114,-0.0007393814232316085,tracking,0.3794865406783114,-0.0007393814232316085,tracking,0.38035213922590055,0
149,1.490000000000001,1.3841289281845093,1.8715444803237915,-0.0037115695886313915,0.37800273299217224,0.37884770775857857,-0.0016593008276468806,tracking,0.37884770775857857,-0.0016593008276468806,tracking,0.38413193260023754,0
150,1.500000000000001,1.3879094123840332,1.8715299367904663,-0.003898284863680601,0.3780967593193054,0.37997993518972245,2.8893326799676183e-05,tracking,0.37997993518972245,2.8893326799676183e-05,tracking,0.3879124447741647,0
151,1.5100000000000011,1.3916903734207153,1.8715153932571411,-0.003711533732712269,0.3781112730503082,0.37840185997393594,0.002301321637532254,tracking,0.37840185997393594,0.002301321637532254,tracking,0.3916934337817221,0
152,1.5200000000000011,1.3954718112945557,1.8715018033981323,-0.00352477072738111,0.3781696557998657,0.3793388455031308,-0.0009520624754916808,tracking,0.3793388455031308,-0.0009520624754916808,tracking,0.3954748960753305,0
153,1.5300000000000011,1.3992537260055542,1.8714882135391235,-0.0037115656305104494,0.37820741534233093,0.37896373465845246,-0.0014922220918285063,tracking,0.37896373465845246,-0.0014922220918285063,tracking,0.39925683520301813,0
154,1.5400000000000011,1.403036117553711,1.8714736700057983,-0.003898377064615488,0.3782707154750824,0.3795384823969797,-0.0006645853483492302,tracking,0.3795384823969797,-0.0006645853483492302,tracking,0.40303925471147156,0
155,1.5500000000000012,1.4068188667297363,1.8714591264724731,-0.0037115386221557856,0.3782898485660553,0.37867280602784653,0.0019111593199010249,tracking,0.37867280602784653,0.0019111593199010249,tracking,0.40682203184515026,0
156,1.5600000000000012,1.41060209274292,1.8714455366134644,-0.003524686209857464,0.37835508584976196,0.37966205160805566,-0.0004866456843998883,tracking,0.37966205160805566,-0.0004866456843998883,tracking,0.41060528226656,0
157,1.5700000000000012,1.4143859148025513,1.8714319467544556,-0.0037115770392119884,0.3784063160419464,0.37943275816683214,-0.0008168282397617108,tracking,0.37943275816683214,-0.0008168282397617108,tracking,0.4143891287305726,0
158,1.5800000000000012,1.4181700944900513,1.8714174032211304,-0.0038984830025583506,0.3784469664096832,0.3792613752348059,0.0010636196618794887,tracking,0.3792613752348059,0.0010636196618794887,tracking,0.4181733363651573,0
159,1.5900000000000012,1.4219542741775513,1.8714028596878052,-0.003711580066010356,0.3783971965312958,0.37818535502319595,0.002613088766597821,tracking,0.37818535502319595,0.002613088766597821,tracking,0.421957543999742,0
160,1.6000000000000012,1.4257383346557617,1.8713892698287964,-0.0035246803890913725,0.37842708826065063,0.3790258545537457,0.0014027694426062163,tracking,0.3790258545537457,0.0014027694426062163,tracking,0.4257416288807961,0
161,1.6100000000000012,1.4295227527618408,1.8713756799697876,-0.0037116038147360086,0.3784695863723755,0.3793206545147481,-0.000978257498762727,tracking,0.3793206545147481,-0.000978257498762727,tracking,0.4295260713874128,0
162,1.6200000000000012,1.4333076477050781,1.8713611364364624,-0.0038985421415418386,0.3785167336463928,0.37946103752437277,-0.0007761059649032554,tracking,0.37946103752437277,-0.0007761059649032554,tracking,0.4333109942724535,0
163,1.6300000000000012,1.4370927810668945,1.8713465929031372,-0.0037115849554538727,0.3785271644592285,0.37873639895330835,0.0018195855072360191,tracking,0.37873639895330835,0.0018195855072360191,tracking,0.4370961555743133,0
164,1.6400000000000012,1.44087815284729,1.8713330030441284,-0.0035246219485998154,0.3785528242588043,0.3790668901883393,0.001343678128791442,tracking,0.3790668901883393,0.001343678128791442,tracking,0.44088155174909904,0
165,1.6500000000000012,1.4446637630462646,1.8713194131851196,-0.003711600787937641,0.3785747289657593,0.37901326209056985,-0.001420902589579458,tracking,0.37901326209056985,-0.001420902589579458,tracking,0.44466718634092756,0
166,1.6600000000000013,1.4484496116638184,1.8713048696517944,-0.0038985873106867075,0.37859904766082764,0.37908617071817896,0.0013159141658222705,tracking,0.37908617071817896,0.0013159141658222705,tracking,0.44845306289324605,0
167,1.6700000000000013,1.452235460281372,1.8712903261184692,-0.00371160008944571,0.3785771131515503,0.3784837814590928,0.002183354698906438,tracking,0.3784837814590928,0.002183354698906438,tracking,0.45223893944556454,0
168,1.6800000000000013,1.4560211896896362,1.8712767362594604,-0.0035246163606643677,0.3785788118839264,0.3786131515784148,0.001997061727082673,tracking,0.3786131515784148,0.001997061727082673,tracking,0.4560246932459145,0
169,1.6900000000000013,1.45980703830719,1.8712636232376099,-0.003337627276778221,0.3785930275917053,0.37887797765645753,0.0016157121747011442,tracking,0.37887797765645753,0.0016157121747011442,tracking,0.4598105645731489,0
170,1.7000000000000013,1.4635926485061646,1.8712514638900757,-0.0031506468076258898,0.3785272240638733,0.37824698962341474,-0.0025243349422828174,tracking,0.37824698962341474,-0.0025243349422828174,tracking,0.4635961942999332,0
171,1.7100000000000013,1.4673781394958496,1.8712393045425415,-0.00333762401714921,0.3785828649997711,0.3796976901772438,-0.00043532614476891364,tracking,0.3796976901772438,-0.00043532614476891364,tracking,0.4673817048180429,0
172,1.7200000000000013,1.4711642265319824,1.871226191520691,-0.0035246184561401606,0.3786313831806183,0.37960298901070416,0.0005716958245859764,tracking,0.37960298901070416,0.0005716958245859764,tracking,0.47116781456242635,0
173,1.7300000000000013,1.4749506711959839,1.8712130784988403,-0.003337597707286477,0.3786625564098358,0.379286818692965,0.0010269810821304497,tracking,0.379286818692965,0.0010269810821304497,tracking,0.47495428193253364,0
174,1.7400000000000013,1.478737473487854,1.8712009191513062,-0.003150566481053829,0.37869590520858765,0.37936411717682167,-0.0009156712653767864,tracking,0.37936411717682167,-0.0009156712653767864,tracking,0.4787411037460661,0
175,1.7500000000000013,1.4825245141983032,1.871188759803772,-0.0033376128412783146,0.3787081837654114,0.3789543559900282,-0.001505727374359436,tracking,0.3789543559900282,-0.001505727374359436,tracking,0.48252816397694864,0
176,1.7600000000000013,1.486311674118042,1.8711756467819214,-0.0035246657207608223,0.37873557209968567,0.37928446986408015,0.001030363395724581,tracking,0.37928446986408015,0.001030363395724581,tracking,0.4863153465985049,0
177,1.7700000000000014,1.4900985956192017,1.8711625337600708,-0.003337628673762083,0.3786604106426239,0.3783404615915411,0.0023897353081807748,tracking,0.3783404615915411,0.0023897353081807748,tracking,0.49010229080291134,0
178,1.7800000000000014,1.4938852787017822,1.8711503744125366,-0.003150598844513297,0.37869173288345337,0.3793194089041234,0.0009800511780623166,tracking,0.3793194089041234,0.0009800511780623166,tracking,0.4938889934077688,0
179,1.7900000000000014,1.497672438621521,1.8711382150650024,-0.0033376552164554596,0.3787405490875244,0.3797183426316433,-0.0004055866104336961,tracking,0.3797183426316433,-0.0004055866104336961,tracking,0.49767617284732646,0
180,1.8000000000000014,1.501460075378418,1.8711251020431519,-0.003524727188050747,0.3787875771522522,0.3797296730679844,0.0003892707821024858,tracking,0.3797296730679844,0.0003892707821024858,tracking,0.5014638323031829,0
181,1.8100000000000014,1.5052480697631836,1.8711119890213013,-0.0033376305364072323,0.378815233707428,0.37936917028732825,0.0009083947862472911,tracking,0.37936917028732825,0.0009083947862472911,tracking,0.5052518493847651,0
182,1.8200000000000014,1.5090363025665283,1.871099829673767,-0.0031505257356911898,0.3788367211818695,0.379267132624455,0.0010553290207848138,tracking,0.379267132624455,0.0010553290207848138,tracking,0.5090401017024004,0
183,1.8300000000000014,1.5128247737884521,1.871087670326233,-0.00333764567039907,0.3788612484931946,0.37935253820758663,-0.000932344981075247,tracking,0.37935253820758663,-0.000932344981075247,tracking,0.5128285924373868,0
184,1.8400000000000014,1.5166133642196655,1.8710745573043823,-0.0035247697960585356,0.37886273860931396,0.37889280059998603,0.0015943671360201094,tracking,0.37889280059998603,0.0015943671360201094,tracking,0.5166172055618459,0
185,1.8500000000000014,1.5204020738601685,1.8710609674453735,-0.0037118976470083,0.3788725435733795,0.37906908661292815,-0.0013405152773834882,tracking,0.37906908661292815,-0.0013405152773834882,tracking,0.5204059395752477,0
186,1.8600000000000014,1.524190902709961,1.8710464239120483,-0.0038990299217402935,0.3788895905017853,0.37923109218459705,0.001107227254180266,tracking,0.37923109218459705,0.001107227254180266,tracking,0.5241947963378321,0
187,1.8700000000000014,1.527979850769043,1.8710318803787231,-0.003711886238306761,0.37890690565109253,0.37925348867806863,0.001074976303581162,tracking,0.37925348867806863,0.001074976303581162,tracking,0.5279837723088278,0
188,1.8800000000000014,1.5317689180374146,1.8710182905197144,-0.0035247374325990677,0.3789210021495819,0.3792034918542079,-0.0011469717299407035,tracking,0.3792034918542079,-0.0011469717299407035,tracking,0.5317728639477978,0
189,1.8900000000000015,1.5355582237243652,1.8710047006607056,-0.0037118960171937943,0.3789365291595459,0.3792477453551247,-0.0010832466886204987,tracking,0.3792477453551247,-0.0010832466886204987,tracking,0.5355621940038136,0
190,1.9000000000000015,1.5393476486206055,1.8709901571273804,-0.0038990615867078304,0.37896427512168884,0.37951972725271194,-0.0006915927560948165,tracking,0.37951972725271194,-0.0006915927560948165,tracking,0.5393516468084553,0
191,1.9100000000000015,1.5431355237960815,1.8709756135940552,-0.0037120000924915075,0.3786201477050781,0.37715501153425834,0.004096783390668024,tracking,0.37715501153425834,0.004096783390668024,tracking,0.5431395499037508,0
192,1.9200000000000015,1.546921968460083,1.8709620237350464,-0.0035249858628958464,0.37867677211761475,0.3798112457751243,-0.0002718060838209878,tracking,0.3798112457751243,-0.0002718060838209878,tracking,0.5469260189552304,0
193,1.9300000000000015,1.5507088899612427,1.8709484338760376,-0.0037120317574590445,0.37871652841567993,0.3795125697160214,-0.0007018996089292497,tracking,0.3795125697160214,-0.0007018996089292497,tracking,0.5507129648407975,0
194,1.9400000000000015,1.554496169090271,1.8709338903427124,-0.003899087430909276,0.3787365257740021,0.3791373501095785,0.0012422158422069913,tracking,0.3791373501095785,0.0012422158422069913,tracking,0.5545002718940393,0
195,1.9500000000000015,1.5582823753356934,1.8709193468093872,-0.0037120990455150604,0.37851208448410034,0.37755649615485015,0.0035186455370158146,tracking,0.37755649615485015,0.0035186455370158146,tracking,0.5582865060715878,0
196,1.9600000000000015,1.5620675086975098,1.8709057569503784,-0.0035251472145318985,0.3785143494606018,0.3785598704837591,0.002073786503386927,tracking,0.3785598704837591,0.002073786503386927,tracking,0.562071663829331,0
197,1.9700000000000015,1.5658528804779053,1.8708926439285278,-0.0033381746616214514,0.3785749673843384,0.3797893078127723,0.00030339674960785067,tracking,0.3797893078127723,0.00030339674960785067,tracking,0.565857058322268,0
198,1.9800000000000015,1.569638729095459,1.8708804845809937,-0.0031511876732110977,0.37860265374183655,0.37915718523221703,-0.0012136532656075068,tracking,0.37915718523221703,-0.0012136532656075068,tracking,0.5696429264664016,0
199,1.9900000000000015,1.5734245777130127,1.8708683252334595,-0.0033381718676537275,0.37856584787368774,0.3784091329623635,-0.002290848534196593,tracking,0.3784091329623635,-0.002290848534196593,tracking,0.5734287946105352,0
200,2.0000000000000013,1.577210545539856,1.8708552122116089,-0.003525160951539874,0.37863290309906006,0.37997607856126586,3.444687177717003e-05,tracking,0.37997607856126586,3.444687177717003e-05,tracking,0.5772147851463441,0
201,2.010000000000001,1.5809963941574097,1.8708420991897583,-0.003338178154081106,0.3785471022129059,0.37818176326800357,0.002618260894074839,tracking,0.37818176326800357,0.002618260894074839,tracking,0.5810006564735785,0
202,2.020000000000001,1.5847820043563843,1.8708299398422241,-0.003151202341541648,0.378589928150177,0.3794480697731846,0.0007947795266141835,tracking,0.3794480697731846,0.0007947795266141835,tracking,0.5847862862003628,0
203,2.0300000000000007,1.5885682106018066,1.8708182573318481,-0.002964193467050791,0.3786478340625763,0.37980763551066615,0.00027700486464071923,tracking,0.37980763551066615,0.00027700486464071923,tracking,0.5885725104691989,0
204,2.0400000000000005,1.5923547744750977,1.8708075284957886,-0.002777172951027751,0.3786603510379791,0.3789113854618476,-0.0015676049349394386,tracking,0.3789113854618476,-0.0015676049349394386,tracking,0.5923590895419816,0
205,2.0500000000000003,1.5961413383483887,1.870796799659729,-0.002964194631204009,0.3786514401435852,0.37861355260933666,-0.001996484242555212,tracking,0.37861355260933666,-0.001996484242555212,tracking,0.5961456686147643,0
206,2.06,1.5999279022216797,1.870785117149353,-0.003151217708364129,0.3786686360836029,0.3790129840179871,-0.0014213030140985527,tracking,0.3790129840179871,-0.0014213030140985527,tracking,0.5999322505097668,0
207,2.07,1.6037147045135498,1.870773434638977,-0.002964179264381528,0.37869805097579956,0.3792872079170902,0.0010264205993901158,tracking,0.3792872079170902,0.0010264205993901158,tracking,0.6037190708222139,0
208,2.0799999999999996,1.6075012683868408,1.8707627058029175,-0.002777147339656949,0.37862926721572876,0.37833635894021544,-0.002395643126089801,tracking,0.37833635894021544,-0.002395643126089801,tracking,0.6075056498949966,0
209,2.0899999999999994,1.6112875938415527,1.870751976966858,-0.0029641634318977594,0.37864965200424194,0.37905788413233804,-0.0013566468494332126,tracking,0.37905788413233804,-0.0013566468494332126,tracking,0.6112919905501573,0
210,2.099999999999999,1.6150743961334229,1.870740294456482,-0.0031511925626546144,0.37870869040489197,0.3798911068915256,0.0001568060762031035,tracking,0.3798911068915256,0.0001568060762031035,tracking,0.6150788108626043,0
211,2.109999999999999,1.6188616752624512,1.870728611946106,-0.0029641299042850733,0.378751277923584,0.3796044678781176,0.0005695662555106583,tracking,0.3796044678781176,0.0005695662555106583,tracking,0.6188661080099407,0
212,2.1199999999999988,1.6226494312286377,1.8707178831100464,-0.0027770516462624073,0.37880459427833557,0.37987258389571915,-0.00018347919016445738,tracking,0.37987258389571915,-0.00018347919016445738,tracking,0.6226538791708353,0
213,2.1299999999999986,1.6264374256134033,1.8707071542739868,-0.002964148297905922,0.3788064122200012,0.37884308938470906,-0.0016659512860189721,tracking,0.37884308938470906,-0.0016659512860189721,tracking,0.6264418887493526,0
214,2.1399999999999983,1.6302257776260376,1.8706954717636108,-0.0031512542627751827,0.3788619935512543,0.3799756011924993,3.5134282801016145e-05,tracking,0.3799756011924993,3.5134282801016145e-05,tracking,0.630230258775192,0
215,2.149999999999998,1.634014368057251,1.8706837892532349,-0.002964128740131855,0.37886565923690796,0.3789393674342231,0.0015273108947187562,tracking,0.3789393674342231,0.0015273108947187562,tracking,0.634018867218477,0
216,2.159999999999998,1.637803316116333,1.8706730604171753,-0.002776994137093425,0.37891706824302673,0.37994667019771816,-7.679491528586949e-05,tracking,0.37994667019771816,-7.679491528586949e-05,tracking,0.6378078304674865,0
217,2.1699999999999977,1.6415927410125732,1.8706623315811157,-0.0029641601722687483,0.37896135449409485,0.3798486160481322,-0.0002179928906896611,tracking,0.3798486160481322,-0.0002179928906896611,tracking,0.6415972705517428,0
218,2.1799999999999975,1.6453824043273926,1.8706506490707397,-0.003151334123685956,0.37896478176116943,0.37903327455242736,0.0013920846445046146,tracking,0.37903327455242736,0.0013920846445046146,tracking,0.6453869518735343,0
219,2.1899999999999973,1.649172306060791,1.8706387281417847,-0.003151334123685956,0.37901169061660767,0.37995145327022567,6.9907290875049e-05,tracking,0.37995145327022567,6.9907290875049e-05,tracking,0.6491768723552019,0
220,2.199999999999997,1.652962565422058,1.8706270456314087,-0.0029641264118254185,0.3790408670902252,0.3796254076135227,0.0005394130365273184,tracking,0.3796254076135227,0.0005394130365273184,tracking,0.6529671497206095,0
221,2.209999999999997,1.6567530632019043,1.8706163167953491,-0.002776909386739135,0.37906765937805176,0.3796044784838641,0.0005695509832357448,tracking,0.3796044784838641,0.0005695509832357448,tracking,0.6567576626841729,0
222,2.2199999999999966,1.660543441772461,1.8706055879592896,-0.0029641184955835342,0.37901681661605835,0.3788004287136012,-0.0017273826524142905,tracking,0.3788004287136012,-0.0017273826524142905,tracking,0.6605480564389242,0
223,2.2299999999999964,1.6643338203430176,1.8705939054489136,-0.0031513264402747154,0.3790598511695862,0.3799221513961082,0.00011210198960424911,tracking,0.3799221513961082,0.00011210198960424911,tracking,0.6643384530130552,0
224,2.239999999999996,1.6681244373321533,1.8705817461013794,-0.003338551614433527,0.3790692985057831,0.37925826607532487,-0.0010680968515322155,tracking,0.37925826607532487,-0.0010680968515322155,tracking,0.6681290895042077,0
225,2.249999999999996,1.6719142198562622,1.8705686330795288,-0.0035257488489151,0.3788908123970032,0.37813094141076087,0.0026914443685043237,tracking,0.37813094141076087,0.0026914443685043237,tracking,0.671918894714424,0
226,2.259999999999996,1.6757012605667114,1.8705555200576782,-0.0033387327566742897,0.378519207239151,0.37693709813189913,0.004410578690065245,tracking,0.37693709813189913,0.004410578690065245,tracking,0.6757059581274053,0
227,2.2699999999999956,1.6794865131378174,1.870543360710144,-0.0031517751049250364,0.3785349726676941,0.37885106349754893,0.001654468563529533,tracking,0.37885106349754893,0.001654468563529533,tracking,0.6794912302281659,0
228,2.2799999999999954,1.6832722425460815,1.870531439781189,-0.0031517751049250364,0.37860456109046936,0.3799986152425921,1.9940506673782332e-06,tracking,0.3799986152425921,1.9940506673782332e-06,tracking,0.683276978405362,0
229,2.289999999999995,1.6870582103729248,1.870519757270813,-0.0029647808987647295,0.3785960078239441,0.37855963154619626,0.002074130573477398,tracking,0.37855963154619626,0.002074130573477398,tracking,0.6870629642567541,0
230,2.299999999999995,1.690844178199768,1.8705090284347534,-0.002777785761281848,0.3786095678806305,0.378880961931225,0.0016114148190359816,tracking,0.378880961931225,0.0016114148190359816,tracking,0.690848947285482,0
231,2.3099999999999947,1.6946300268173218,1.8704982995986938,-0.002964772516861558,0.3785706162452698,0.3784047285461147,-0.0022971908935948346,tracking,0.3784047285461147,-0.0022971908935948346,tracking,0.6946348111053989,0
232,2.3199999999999945,1.698415994644165,1.8704866170883179,-0.0031517636962234974,0.37863588333129883,0.37994297591337683,-8.211468473737389e-05,tracking,0.37994297591337683,-8.211468473737389e-05,tracking,0.698420796956791,0
233,2.3299999999999943,1.7022024393081665,1.870474934577942,-0.0029647445771843195,0.37865597009658813,0.3790582526338193,0.0013561162073001797,tracking,0.3790582526338193,0.0013561162073001797,tracking,0.7022072596430714,0
234,2.339999999999994,1.7059892416000366,1.8704642057418823,-0.0027777154464274645,0.37869590520858765,0.3794956253051,0.0007262995606559918,tracking,0.3794956253051,0.0007262995606559918,tracking,0.7059940771334763,0
235,2.349999999999994,1.7097760438919067,1.8704534769058228,-0.0029647464398294687,0.3786619305610657,0.37851730602679995,-0.00213507932140811,tracking,0.37851730602679995,-0.00213507932140811,tracking,0.7097808946238812,0
236,2.3599999999999937,1.7135629653930664,1.8704417943954468,-0.003151781391352415,0.3787190318107605,0.37986288307609006,0.00019744837043028478,tracking,0.37986288307609006,0.00019744837043028478,tracking,0.7135678341450504,0
237,2.3699999999999934,1.7173497676849365,1.8704301118850708,-0.002964753657579422,0.37864047288894653,0.3783060090726846,0.0024393469353341767,tracking,0.3783060090726846,0.0024393469353341767,tracking,0.7173546544574975,0
238,2.3799999999999932,1.7211363315582275,1.8704193830490112,-0.002777733374387026,0.3786730170249939,0.3793249695084134,0.0009720439078847749,tracking,0.3793249695084134,0.0009720439078847749,tracking,0.7211412335302801,0
239,2.389999999999993,1.7249231338500977,1.8704086542129517,-0.0029647666960954666,0.3786798417568207,0.37881636440742755,-0.0017044352533043278,tracking,0.37881636440742755,-0.0017044352533043278,tracking,0.724928051020685,0
240,2.399999999999993,1.7287101745605469,1.8703969717025757,-0.0031518093310296535,0.3787308633327484,0.37975255159615684,-0.0003563257015341964,tracking,0.37975255159615684,-0.0003563257015341964,tracking,0.7287151097505766,0
241,2.4099999999999926,1.7324975728988647,1.8703852891921997,-0.0029647420160472393,0.37875455617904663,0.3792292732134818,0.0011098465725861567,tracking,0.3792292732134818,0.0011098465725861567,tracking,0.7325025261066355,0
242,2.4199999999999924,1.7362852096557617,1.8703745603561401,-0.0027776681818068027,0.37876999378204346,0.3790790109205323,0.00132622427443345,tracking,0.3790790109205323,0.00132622427443345,tracking,0.7362901780587188,0
243,2.429999999999992,1.7400729656219482,1.8703638315200806,-0.0029647520277649164,0.37878498435020447,0.3790853856459358,-0.0013170446698524858,tracking,0.3790853856459358,-0.0013170446698524858,tracking,0.7400779492196133,0
244,2.439999999999992,1.7438608407974243,1.8703521490097046,-0.003151838667690754,0.3787879943847656,0.37884808228583605,-0.0016587615083960994,tracking,0.37884808228583605,-0.0016587615083960994,tracking,0.7438658424105622,0
245,2.4499999999999917,1.7476487159729004,1.8703404664993286,-0.002964750863611698,0.3787883520126343,0.37879562310710335,0.0017343027257711472,tracking,0.37879562310710335,0.0017343027257711472,tracking,0.747653735601511,0
246,2.4599999999999915,1.751436710357666,1.870329737663269,-0.002777657238766551,0.37882348895072937,0.379527098842147,0.0006809776673082635,tracking,0.379527098842147,0.0006809776673082635,tracking,0.7514417451800284,0
247,2.4699999999999913,1.7552251815795898,1.8703190088272095,-0.002964775776490569,0.37886369228363037,0.37966926762562886,-0.0004762546190944291,tracking,0.37966926762562886,-0.0004762546190944291,tracking,0.7552302315937915,0
248,2.479999999999991,1.7590138912200928,1.8703073263168335,-0.003151903161779046,0.37887805700302124,0.37916584179088025,0.0012011878211324097,tracking,0.37916584179088025,0.0012011878211324097,tracking,0.7590189592457993,0
249,2.489999999999991,1.7628012895584106,1.8702956438064575,-0.0029648607596755028,0.37860506772994995,0.3774428321733658,0.0036823216703531962,tracking,0.3774428321733658,0.0036823216703531962,tracking,0.7628063756018582,0
250,2.4999999999999907,1.766587495803833,1.870284914970398,-0.002777857705950737,0.3786396384239197,0.379331926344995,0.0009620260632071474,tracking,0.379331926344995,0.0009620260632071474,tracking,0.7665925970482078,0
251,2.5099999999999905,1.770374059677124,1.8702741861343384,-0.0029648819472640753,0.37866902351379395,0.3792574736242516,-0.001069237981077678,tracking,0.3792574736242516,-0.001069237981077678,tracking,0.7703791761209905,0
252,2.5199999999999902,1.7741607427597046,1.8702625036239624,-0.0031519122421741486,0.3786771893501282,0.3788406197584848,0.0016695075477818474,tracking,0.3788406197584848,0.0016695075477818474,tracking,0.7741658772247153,0
253,2.52999999999999,1.7779473066329956,1.8702508211135864,-0.002964890794828534,0.378642201423645,0.3784932064249956,0.002169782748006315,tracking,0.3784932064249956,0.002169782748006315,tracking,0.7779524591197179,0
254,2.53999999999999,1.781733751296997,1.8702400922775269,-0.00277787190862,0.3786613941192627,0.3790460262437579,-0.0013737222089886762,tracking,0.3790460262437579,-0.0013737222089886762,tracking,0.7817389189836895,0
255,2.5499999999999896,1.7855205535888672,1.8702293634414673,-0.0029649066273123026,0.37869033217430115,0.3792701533285988,-0.0010509792068177162,tracking,0.3792701533285988,-0.0010509792068177162,tracking,0.7855257364740944,0
256,2.5599999999999894,1.7893075942993164,1.8702176809310913,-0.003151950426399708,0.37871572375297546,0.3792241661666338,0.0011172007200473105,tracking,0.3792241661666338,0.0011172007200473105,tracking,0.789312795203986,0
257,2.569999999999989,1.7930949926376343,1.8702055215835571,-0.003339019138365984,0.37876638770103455,0.37978110936954756,-0.0003152025078514975,tracking,0.37978110936954756,-0.0003152025078514975,tracking,0.793100213060894,0
258,2.579999999999989,1.7968827486038208,1.8701924085617065,-0.0035261004231870174,0.37879183888435364,0.3793018856489955,0.0010052846654465472,tracking,0.3793018856489955,0.0010052846654465472,tracking,0.7968879917253257,0
259,2.5899999999999888,1.8006696701049805,1.870179295539856,-0.00333907688036561,0.37859082221984863,0.3777349178090785,0.0032617183549270047,tracking,0.3777349178090785,0.0032617183549270047,tracking,0.800674935929732,0
260,2.5999999999999885,1.8044557571411133,1.8701671361923218,-0.0031520805787295103,0.3786270022392273,0.37935147673065,0.0009338735078640078,tracking,0.37935147673065,0.0009338735078640078,tracking,0.8044610424912152,0
261,2.6099999999999883,1.8082423210144043,1.8701549768447876,-0.0033391083125025034,0.37868601083755493,0.3798676640007209,-0.00019056383896187863,tracking,0.3798676640007209,-0.00019056383896187863,tracking,0.8082476258873977,0
262,2.619999999999988,1.8120291233062744,1.870141863822937,-0.0035261462908238173,0.3786897659301758,0.3787649506052856,0.0017784711283887322,tracking,0.3787649506052856,0.0017784711283887322,tracking,0.8120344508832293,0
263,2.629999999999988,1.8158152103424072,1.8701287508010864,-0.0033391560427844524,0.3785409927368164,0.377907613582816,0.003013036440745005,tracking,0.377907613582816,0.003013036440745005,tracking,0.8158205606276128,0
264,2.6399999999999877,1.8196009397506714,1.8701165914535522,-0.0031521799974143505,0.37860316038131714,0.3798482601990229,-0.0002185053134070667,tracking,0.3798482601990229,-0.0002185053134070667,tracking,0.8196063095630717,0
265,2.6499999999999875,1.8233855962753296,1.8701049089431763,-0.00296527030877769,0.37833964824676514,0.37721768621999624,0.004006531843205385,tracking,0.37721768621999624,0.004006531843205385,tracking,0.8233909841185237,0
266,2.6599999999999873,1.8271691799163818,1.8700941801071167,-0.002778396476060152,0.378385454416275,0.37930299376582177,-0.0010036889772166852,tracking,0.37930299376582177,-0.0010036889772166852,tracking,0.8271745829710399,0
267,2.669999999999987,1.8309532403945923,1.8700834512710571,-0.002965299179777503,0.37842750549316406,0.3792695134809396,-0.001051900587446931,tracking,0.3792695134809396,-0.001051900587446931,tracking,0.8309586586587974,0
268,2.679999999999987,1.8347378969192505,1.8700717687606812,-0.0031522205099463463,0.3784986436367035,0.3799238255986259,0.00010969113797865311,tracking,0.3799238255986259,0.00010969113797865311,tracking,0.8347433332142494,0
269,2.6899999999999866,1.8385229110717773,1.8700600862503052,-0.0029652740340679884,0.37850403785705566,0.37861223993494564,0.0019983744936782856,tracking,0.37861223993494564,0.0019983744936782856,tracking,0.8385283653958665,0
270,2.6999999999999864,1.8423082828521729,1.8700493574142456,-0.0027783166151493788,0.37856435775756836,0.37977254051060155,-0.0003275416647337999,tracking,0.37977254051060155,-0.0003275416647337999,tracking,0.8423137523805403,0
271,2.709999999999986,1.846094012260437,1.870038628578186,-0.002965302439406514,0.3785901367664337,0.37910652579030363,-0.0012866028619627472,tracking,0.37910652579030363,-0.0012866028619627472,tracking,0.8460994969916464,0
272,2.719999999999986,1.8498798608779907,1.87002694606781,-0.003152291988953948,0.3785874545574188,0.378575977304205,0.002050592681944842,tracking,0.378575977304205,0.002050592681944842,tracking,0.8498853636343165,0
273,2.7299999999999858,1.853665828704834,1.870015263557434,-0.0029652989469468594,0.3786007761955261,0.37886775323689753,0.001630435338867555,tracking,0.37886775323689753,0.001630435338867555,tracking,0.8536713494857087,0
274,2.7399999999999856,1.857452154159546,1.8700045347213745,-0.0027782940305769444,0.37865981459617615,0.37984218096946387,-0.00022725940397201778,tracking,0.37984218096946387,-0.00022725940397201778,tracking,0.8574576901408694,0
275,2.7499999999999853,1.861238956451416,1.8699942827224731,-0.0025912541896104813,0.3787063658237457,0.3796389513748301,0.0005199100202446672,tracking,0.3796389513748301,0.0005199100202446672,tracking,0.8612445063103176,0
276,2.759999999999985,1.8650262355804443,1.8699849843978882,-0.002404199680313468,0.3787502944469452,0.3796300382690714,0.0005327448925371899,tracking,0.3796300382690714,0.0005327448925371899,tracking,0.8650317968537026,0
277,2.769999999999985,1.8688114881515503,1.8699756860733032,-0.0025911214761435986,0.3783027231693268,0.3763971920275425,-0.005188043480338805,tracking,0.3763971920275425,-0.005188043480338805,tracking,0.8688170608452762,0
278,2.7799999999999847,1.8725945949554443,1.8699654340744019,-0.0027779717929661274,0.3783164918422699,0.37859222713763513,-0.0020271929218054355,tracking,0.37859222713763513,-0.0020271929218054355,tracking,0.8726001815403044,0
279,2.7899999999999845,1.8763779401779175,1.8699547052383423,-0.0029648428317159414,0.37836578488349915,0.37935316174897343,-0.0009314470814782896,tracking,0.37935316174897343,-0.0009314470814782896,tracking,0.8763835419752,0
280,2.7999999999999843,1.8801608085632324,1.8699430227279663,-0.0031516950111836195,0.3782021999359131,0.3775057731746413,0.003591686628516582,tracking,0.3775057731746413,0.003591686628516582,tracking,0.8801664283998318,0
281,2.809999999999984,1.883941888809204,1.8699313402175903,-0.0029649545904248953,0.3780263066291809,0.37727733317372636,0.0039206402298340125,tracking,0.37727733317372636,0.0039206402298340125,tracking,0.8839475266936515,0
282,2.819999999999984,1.887722134590149,1.8699206113815308,-0.002778241876512766,0.37803325057029724,0.37817262228710913,0.002631423906562869,tracking,0.37817262228710913,0.002631423906562869,tracking,0.8877277876994915,0
283,2.8299999999999836,1.8915026187896729,1.8699098825454712,-0.0029649664647877216,0.3780624568462372,0.3786472260795086,-0.0019479944455076045,tracking,0.3786472260795086,-0.0019479944455076045,tracking,0.8915082871229504,0
284,2.8399999999999834,1.8952833414077759,1.8698982000350952,-0.0031516996677964926,0.3780858814716339,0.3785550499583473,0.002080728059979827,tracking,0.3785550499583473,0.002080728059979827,tracking,0.8952890277906086,0
285,2.849999999999983,1.899064302444458,1.8698865175247192,-0.0029649538919329643,0.37810051441192627,0.3783935189316981,0.002313332738354759,tracking,0.3783935189316981,0.002313332738354759,tracking,0.8990700068757077,0
286,2.859999999999983,1.9028456211090088,1.8698757886886597,-0.0027781962417066097,0.37815818190574646,0.37931342589229494,0.0009886667150953102,tracking,0.37931342589229494,0.0009886667150953102,tracking,0.9028513407608338,0
287,2.869999999999983,1.9066272974014282,1.8698650598526,-0.0029649827629327774,0.37818828225135803,0.3787912086004806,-0.001740659615307909,tracking,0.3787912086004806,-0.001740659615307909,tracking,0.9066330322723892,0
288,2.8799999999999826,1.9104094505310059,1.8698533773422241,-0.0031517825555056334,0.378238320350647,0.37924029327036607,0.0010939776906728343,tracking,0.37924029327036607,0.0010939776906728343,tracking,0.9104152034446953,0
289,2.8899999999999824,1.9141919612884521,1.8698416948318481,-0.0029649578500539064,0.37826433777809143,0.3787851948363189,0.0017493194357007724,tracking,0.3787851948363189,0.0017493194357007724,tracking,0.914197732243164,0
290,2.899999999999982,1.9179749488830566,1.8698309659957886,-0.0027781168464571238,0.37833720445632935,0.3797970446076225,-0.0002922557650236208,tracking,0.3797970446076225,-0.0002922557650236208,tracking,0.9179807350516291,0
291,2.909999999999982,1.9217586517333984,1.869820475578308,-0.0027781168464571238,0.3784154951572418,0.37998370753844096,-2.3461144645050072e-05,tracking,0.37998370753844096,-2.3461144645050072e-05,tracking,0.9217644524444247,0
292,2.9199999999999817,1.925543189048767,1.8698102235794067,-0.0025911894626915455,0.37848713994026184,0.3799220945786241,0.00011218380678131024,tracking,0.3799220945786241,0.00011218380678131024,tracking,0.9255490036456769,0
293,2.9299999999999815,1.929328203201294,1.8698009252548218,-0.002404245315119624,0.3785175681114197,0.37912687233033326,-0.0012573038443201325,tracking,0.37912687233033326,-0.0012573038443201325,tracking,0.9293340292193909,0
294,2.9399999999999813,1.9331128597259521,1.8697916269302368,-0.0025911664124578238,0.3784167766571045,0.3779876631366374,-0.0028977650832421147,tracking,0.3779876631366374,-0.0028977650832421147,tracking,0.9331186971663155,0
295,2.949999999999981,1.9368972778320312,1.8697813749313354,-0.0027780812233686447,0.37848007678985596,0.37974827454153476,0.00036248466018997793,tracking,0.37974827454153476,0.00036248466018997793,tracking,0.9369031291587154,0
296,2.959999999999981,1.9406824111938477,1.869771122932434,-0.002591124502941966,0.3785441517829895,0.3798278686052084,0.0002478692084999113,tracking,0.3798278686052084,0.0002478692084999113,tracking,0.9406882764042287,0
297,2.9699999999999807,1.9444681406021118,1.8697618246078491,-0.0024041475262492895,0.3786031901836395,0.3797857090067449,0.00030857903028734274,tracking,0.3797857090067449,0.00030857903028734274,tracking,0.9444740172315221,0
298,2.9799999999999804,1.9482543468475342,1.8697525262832642,-0.002591158263385296,0.3786466121673584,0.379516301060303,-0.0006965264731636977,tracking,0.379516301060303,-0.0006965264731636977,tracking,0.9482602348945356,0
299,2.9899999999999802,1.952040433883667,1.8697422742843628,-0.0027781648095697165,0.3785780668258667,0.37828624534820227,-0.002467806698588736,tracking,0.37828624534820227,-0.002467806698588736,tracking,0.9520463358108682,0
300,2.99999999999998,1.9558264017105103,1.8697320222854614,-0.002591166878119111,0.3786202669143677,0.3794655777737567,0.0007695680057903343,tracking,0.3794655777737567,0.0007695680057903343,tracking,0.9558323175183483,0
301,3.00999999999998,1.9596127271652222,1.8697227239608765,-0.002404157305136323,0.37864869832992554,0.3792184281834127,-0.0011254634158857028,tracking,0.3792184281834127,-0.0011254634158857028,tracking,0.9596186543902919,0
302,3.0199999999999796,1.963398814201355,1.8697134256362915,-0.0025911510456353426,0.3785722553730011,0.3782467388085562,-0.0025246961156791224,tracking,0.3782467388085562,-0.0025246961156791224,tracking,0.9634047528443753,0
303,3.0299999999999794,1.9671847820281982,1.8697031736373901,-0.0027781426906585693,0.378635972738266,0.3799119458525491,-0.00012679797232924804,tracking,0.3799119458525491,-0.00012679797232924804,tracking,0.9671907345518554,0
304,3.039999999999979,1.9709713459014893,1.8696929216384888,-0.0025911182165145874,0.3786718547344208,0.3793902882393462,0.0008779849353414823,tracking,0.3793902882393462,0.0008779849353414823,tracking,0.9709773123035983,0
305,3.049999999999979,1.974758267402649,1.8696836233139038,-0.00240408000536263,0.3787201941013336,0.3796885596052102,0.0004484741684973514,tracking,0.3796885596052102,0.0004484741684973514,tracking,0.9747642452201926,0
306,3.0599999999999787,1.9785456657409668,1.8696743249893188,-0.0025911512784659863,0.3787718117237091,0.3798060390904501,-0.0002793037097518934,tracking,0.3798060390904501,-0.0002793037097518934,tracking,0.9785516549725078,0
307,3.0699999999999785,1.9823335409164429,1.8696640729904175,-0.0027782367542386055,0.378806471824646,0.37950064223861424,0.0007190751763955366,tracking,0.37950064223861424,0.0007190751763955366,tracking,0.9823395440216313,0
308,3.0799999999999783,1.9861212968826294,1.8696538209915161,-0.0025911624543368816,0.3787379860877991,0.37844640671637575,0.0022371743284188977,tracking,0.37844640671637575,0.0022371743284188977,tracking,0.9861273138619018,0
309,3.089999999999978,1.9899089336395264,1.8696445226669312,-0.0024040911812335253,0.3787878155708313,0.3797857970752037,-0.0003084522117066347,tracking,0.3797857970752037,-0.0003084522117066347,tracking,0.9899149620320777,0
310,3.099999999999978,1.9936968088150024,1.8696352243423462,-0.0025911801494657993,0.3787917196750641,0.3788700886860059,-0.001627072292151509,tracking,0.3788700886860059,-0.001627072292151509,tracking,0.9937028486201144,0
311,3.1099999999999777,1.997484803199768,1.8696249723434448,-0.0027782737743109465,0.3788166344165802,0.3793158351753452,-0.0009851973475029363,tracking,0.3793158351753452,-0.0009851973475029363,tracking,0.9974908568780908,0
312,3.1199999999999775,2.0012729167938232,1.8696147203445435,-0.0025911687407642603,0.378826379776001,0.3790218132529971,0.0014085889156842096,tracking,0.3790218132529971,0.0014085889156842096,tracking,1.0012789843449201,0
313,3.1299999999999772,2.005061149597168,1.8696054220199585,-0.0024040616117417812,0.37882962822914124,0.37889476576021974,-0.001591537305283575,tracking,0.37889476576021974,-0.001591537305283575,tracking,1.005067228559748,0
314,3.139999999999977,2.0088493824005127,1.8695961236953735,-0.0025911740958690643,0.37884199619293213,0.3790897596714164,-0.0013107460731604072,tracking,0.3790897596714164,-0.0013107460731604072,tracking,1.0088554727745758,0
315,3.149999999999977,2.0126378536224365,1.8695858716964722,-0.0027782940305769444,0.37887483835220337,0.37953244519640605,-0.000673278917175257,tracking,0.37953244519640605,-0.000673278917175257,tracking,1.0126439578679642,0
316,3.1599999999999766,2.0164265632629395,1.8695756196975708,-0.0025911617558449507,0.3788795471191406,0.37897361219958936,0.0014779984325913502,tracking,0.37897361219958936,0.0014779984325913502,tracking,1.016432681379059,0
317,3.1699999999999764,2.0202155113220215,1.8695663213729858,-0.0024040252901613712,0.37890052795410156,0.37932056269701636,-0.0009783897162964437,tracking,0.37932056269701636,-0.0009783897162964437,tracking,1.02022164084747,0
318,3.179999999999976,2.0240046977996826,1.8695570230484009,-0.002591181080788374,0.3789381980895996,0.37969264428006627,-0.00044259223670461284,tracking,0.37969264428006627,-0.00044259223670461284,tracking,1.0240108387337423,0
319,3.189999999999976,2.027794122695923,1.8695467710494995,-0.0027783475816249847,0.3789663016796112,0.3795293877672163,-0.0006776816152085485,tracking,0.3795293877672163,-0.0006776816152085485,tracking,1.0278002774979562,0
320,3.1999999999999758,2.031583786010742,1.8695365190505981,-0.0025911692064255476,0.3789743185043335,0.3791345925844063,0.001246186678454924,tracking,0.3791345925844063,0.001246186678454924,tracking,1.0315899546798768,0
321,3.2099999999999755,2.0353736877441406,1.8695272207260132,-0.0024039861746132374,0.3789947032928467,0.37940305954203246,0.0008595942594732675,tracking,0.37940305954203246,0.0008595942594732675,tracking,1.0353798678197332,0
322,3.2199999999999753,2.039163112640381,1.8695179224014282,-0.0025911477860063314,0.37890857458114624,0.3785418119102585,-0.0020997908492278146,tracking,0.3785418119102585,-0.0020997908492278146,tracking,1.0391693041238668,0
323,3.229999999999975,2.042952299118042,1.8695076704025269,-0.0027782998513430357,0.37893810868263245,0.37952978476391874,0.0006771099399569842,tracking,0.37952978476391874,0.0006771099399569842,tracking,1.0429585044703742,0
324,3.239999999999975,2.0467417240142822,1.8694974184036255,-0.0025911335833370686,0.3789514899253845,0.3792192312734102,0.0011243069662893361,tracking,0.3792192312734102,0.0011243069662893361,tracking,1.046747943234588,0
325,3.2499999999999747,2.0505311489105225,1.8694881200790405,-0.0024039677809923887,0.3789357841014862,0.37886886570605455,-0.0016288333832814427,tracking,0.37886886570605455,-0.0016288333832814427,tracking,1.0505373795387216,0
326,3.2599999999999745,2.054320812225342,1.8694788217544556,-0.0025911438278853893,0.37898221611976624,0.37991230419889493,-0.00012628195359132115,tracking,0.37991230419889493,-0.00012628195359132115,tracking,1.0543270542607166,0
327,3.2699999999999743,2.058110475540161,1.8694685697555542,-0.002778324531391263,0.3789636790752411,0.3788847495550615,0.0016059606407114345,tracking,0.3788847495550615,0.0016059606407114345,tracking,1.0581167314426372,0
328,3.279999999999974,2.0619001388549805,1.8694583177566528,-0.002591140801087022,0.3789919912815094,0.37955901403336184,0.0006350197919589625,tracking,0.37955901403336184,0.0006350197919589625,tracking,1.0619064086245578,0
329,3.289999999999974,2.065690040588379,1.8694490194320679,-0.0024039505515247583,0.37900298833847046,0.37922312995062796,0.0011186928710957451,tracking,0.37922312995062796,0.0011186928710957451,tracking,1.0656963217644142,0
330,3.2999999999999736,2.0694801807403564,1.869439721107483,-0.002591145457699895,0.3790055811405182,0.37905737938810913,-0.001357373681122891,tracking,0.37905737938810913,-0.001357373681122891,tracking,1.0694864733221323,0
331,3.3099999999999734,2.073270320892334,1.8694294691085815,-0.0027783429250121117,0.37901878356933594,0.37928349512947646,0.0010317670135539074,tracking,0.37928349512947646,0.0010317670135539074,tracking,1.0732766273394665,0
332,3.319999999999973,2.0770606994628906,1.8694192171096802,-0.0025911296252161264,0.3790537714958191,0.37975460328132765,0.0003533712748881694,tracking,0.37975460328132765,0.0003533712748881694,tracking,1.0770670197745076,0
333,3.329999999999973,2.0808515548706055,1.8694099187850952,-0.0024039035197347403,0.3790974020957947,0.3799711338362581,4.15672757884053e-05,tracking,0.3799711338362581,4.15672757884053e-05,tracking,1.080857886585811,0
334,3.3399999999999728,2.0846426486968994,1.8694006204605103,-0.002591156866401434,0.37913647294044495,0.37991882795212495,-0.00011688774894010219,tracking,0.37991882795212495,-0.00011688774894010219,tracking,1.0846489918149762,0
335,3.3499999999999726,2.0884342193603516,1.8693903684616089,-0.002778421388939023,0.37916454672813416,0.3797267103571702,-0.00039353708567490576,tracking,0.3797267103571702,-0.00039353708567490576,tracking,1.0884405763385536,0
336,3.3599999999999723,2.0922255516052246,1.8693801164627075,-0.002591172233223915,0.37908968329429626,0.3787709538503887,0.0017698264554402727,tracking,0.3787709538503887,0.0017698264554402727,tracking,1.0922319224444237,0
337,3.369999999999972,2.0960164070129395,1.8693708181381226,-0.0024039391428232193,0.3790682554244995,0.37897706731003,0.001473023073556767,tracking,0.37897706731003,0.001473023073556767,tracking,1.096022789255727,0
338,3.379999999999972,2.0998072624206543,1.8693619966506958,-0.002216700464487076,0.37910643219947815,0.37987114130597677,0.0001855565193934908,tracking,0.37987114130597677,0.0001855565193934908,tracking,1.099813654927423,0
339,3.3899999999999717,2.1035983562469482,1.869354009628296,-0.0020294510759413242,0.3791337013244629,0.37968005773039054,-0.0004607168682376206,tracking,0.37968005773039054,-0.0004607168682376206,tracking,1.1036047571671799,0
340,3.3999999999999715,2.1073882579803467,1.869346022605896,-0.002216622931882739,0.37887051701545715,0.37774993227754583,-0.003240097520333992,tracking,0.37774993227754583,-0.003240097520333992,tracking,1.107394667316688,0
341,3.4099999999999713,2.1111769676208496,1.8693372011184692,-0.00240375567227602,0.37889564037323,0.37939914731083496,0.0008652278723976772,tracking,0.37939914731083496,0.0008652278723976772,tracking,1.1111833872269847,0
342,3.419999999999971,2.1149659156799316,1.8693283796310425,-0.002216621767729521,0.3788743019104004,0.3787833980155736,0.001751906857574037,tracking,0.3787833980155736,0.001751906857574037,tracking,1.1149723455552145,0
343,3.429999999999971,2.1187548637390137,1.8693205118179321,-0.0020294846035540104,0.3789152204990387,0.37973515172143907,-0.00038138152112773653,tracking,0.37973515172143907,-0.00038138152112773653,tracking,1.1187613017831095,0
344,3.4399999999999706,2.122544288635254,1.8693126440048218,-0.0022166480775922537,0.37895461916923523,0.37974402842965904,-0.0003685990612909938,tracking,0.37974402842965904,-0.0003685990612909938,tracking,1.1225507348471349,0
345,3.4499999999999704,2.1263339519500732,1.869303822517395,-0.0024038234259933233,0.3789863884449005,0.37962249503738116,0.0005436071461711678,tracking,0.37962249503738116,0.0005436071461711678,tracking,1.1263404084291637,0
346,3.45999999999997,2.1301238536834717,1.8692950010299683,-0.002216633642092347,0.3789985775947571,0.37924290314563747,0.0010902194702820875,tracking,0.37924290314563747,0.0010902194702820875,tracking,1.1301303204291258,0
347,3.46999999999997,2.133913993835449,1.8692870140075684,-0.0020294375717639923,0.3790247142314911,0.37954847405144637,0.000650197365917207,tracking,0.37954847405144637,0.000650197365917207,tracking,1.1339204689966833,0
348,3.47999999999997,2.1377041339874268,1.8692795038223267,-0.0018422325374558568,0.37902596592903137,0.3790512993750606,0.0013661288999127765,tracking,0.3790512993750606,0.0013661288999127765,tracking,1.137710616589392,0
349,3.4899999999999696,2.1414926052093506,1.8692729473114014,-0.0016550823347643018,0.37869158387184143,0.3772678957842693,-0.003934230070652247,tracking,0.3772678957842693,-0.003934230070652247,tracking,1.1414990934848186,0
350,3.4999999999999694,2.145278215408325,1.869266390800476,-0.0018420335836708546,0.37842169404029846,0.37727256412402743,-0.003927507661400488,tracking,0.37727256412402743,-0.003927507661400488,tracking,1.1452847093615837,0
351,3.509999999999969,2.1490628719329834,1.869258999824524,-0.0020289525855332613,0.3784955143928528,0.3799740698190434,3.7339460577454596e-05,tracking,0.3799740698190434,3.7339460577454596e-05,tracking,1.1490693731030757,0
352,3.519999999999969,2.1528480052948,1.8692516088485718,-0.0018419928383082151,0.37854549288749695,0.37954652177999776,0.0006530086368032578,tracking,0.37954652177999776,0.0006530086368032578,tracking,1.1528545136808166,0
353,3.5299999999999687,2.1566338539123535,1.8692450523376465,-0.0016550151631236076,0.3786045014858246,0.3797865799677279,-0.00030732484647182524,tracking,0.3797865799677279,-0.00030732484647182524,tracking,1.1566403679758033,0
354,3.5399999999999685,2.160419464111328,1.8692384958267212,-0.001841983525082469,0.3785169720649719,0.37814426080632346,-0.0026722644388942323,tracking,0.37814426080632346,-0.0026722644388942323,tracking,1.1604259838525683,0
355,3.5499999999999683,2.1642048358917236,1.869231104850769,-0.0020289451349526644,0.3785640597343445,0.37950695868517054,-0.0007099794933544002,tracking,0.37950695868517054,-0.0007099794933544002,tracking,1.1642113628484339,0
356,3.559999999999968,2.1679904460906982,1.869223713874817,-0.001841966644860804,0.3785683214664459,0.37865396881238644,0.0019382849101635272,tracking,0.37865396881238644,0.0019382849101635272,tracking,1.1679969802624242,0
357,3.569999999999968,2.171776294708252,1.8692171573638916,-0.0016549852443858981,0.3785819113254547,0.3788539455318423,-0.0016503184341470876,tracking,0.3788539455318423,-0.0016503184341470876,tracking,1.1717828345574108,0
358,3.5799999999999677,2.1755621433258057,1.8692106008529663,-0.0018419784028083086,0.37860363721847534,0.37903874525214476,-0.0013842068369115147,tracking,0.37903874525214476,-0.0013842068369115147,tracking,1.1755686888523975,0
359,3.5899999999999674,2.1793484687805176,1.8692032098770142,-0.002028984948992729,0.37866339087486267,0.3798600129393017,0.00020158136740554885,tracking,0.3798600129393017,0.00020158136740554885,tracking,1.179355021520762,0
360,3.5999999999999672,2.1831352710723877,1.869195818901062,-0.0018419434782117605,0.37870967388153076,0.37963691566866525,0.0005228414371220543,tracking,0.37963691566866525,0.0005228414371220543,tracking,1.1831418310253765,0
361,3.609999999999967,2.186922550201416,1.8691892623901367,-0.0016548907151445746,0.3787326216697693,0.3791922294411643,-0.0011631896047233758,tracking,0.3791922294411643,-0.0011631896047233758,tracking,1.1869291158296933,0
362,3.619999999999967,2.1907095909118652,1.8691827058792114,-0.0018419289262965322,0.3786652386188507,0.3783783908567421,-0.002335117166291447,tracking,0.3783783908567421,-0.002335117166291447,tracking,1.1907161622157882,0
363,3.6299999999999666,2.1944963932037354,1.8691753149032593,-0.0020289600361138582,0.37868940830230713,0.37917339831257146,-0.0011903064298971165,tracking,0.37917339831257146,-0.0011903064298971165,tracking,1.1945029717204028,0
364,3.6399999999999664,2.1982834339141846,1.8691679239273071,-0.00184191286098212,0.3787142336368561,0.3792112704166258,0.0011357706000589057,tracking,0.3792112704166258,0.0011357706000589057,tracking,1.1982900196431423,0
365,3.649999999999966,2.202070713043213,1.8691613674163818,-0.001654854160733521,0.37875914573669434,0.37965859499871396,-0.0004916232018518964,tracking,0.37965859499871396,-0.0004916232018518964,tracking,1.202077304447459,0
366,3.659999999999966,2.2058582305908203,1.8691548109054565,-0.0018419278785586357,0.3787597119808197,0.37877105189007054,-0.001769685278298419,tracking,0.37877105189007054,-0.001769685278298419,tracking,1.2058648276699977,0
367,3.6699999999999657,2.209645986557007,1.8691474199295044,-0.002029005903750658,0.37878528237342834,0.37929761970132314,-0.0010114276300946723,tracking,0.37929761970132314,-0.0010114276300946723,tracking,1.2096525908471125,0
368,3.6799999999999655,2.2134339809417725,1.8691400289535522,-0.0018419113475829363,0.37880995869636536,0.37930436574469506,0.001001713327639103,tracking,0.37930436574469506,0.001001713327639103,tracking,1.2134405924423526,0
369,3.6899999999999653,2.217222213745117,1.869133472442627,-0.0016548078274354339,0.3788401484489441,0.37944469026309247,-0.0007996460211468579,tracking,0.37944469026309247,-0.0007996460211468579,tracking,1.2172288309195571,0
370,3.699999999999965,2.221010684967041,1.8691269159317017,-0.0018419245025143027,0.3788498044013977,0.3790431910481718,-0.0013778048906325883,tracking,0.3790431910481718,-0.0013778048906325883,tracking,1.2210173078149837,0
371,3.709999999999965,2.224799156188965,1.86911940574646,-0.0020290452521294355,0.37886449694633484,0.3791588013915181,0.0012113259962139283,tracking,0.3791588013915181,0.0012113259962139283,tracking,1.2248057864809165,0
372,3.7199999999999647,2.228588104248047,1.8691115379333496,-0.0022161847446113825,0.3789066672325134,0.3797513836574974,-0.0003580075332038062,tracking,0.3797513836574974,-0.0003580075332038062,tracking,1.2285947427088115,0
373,3.7299999999999645,2.232377052307129,1.8691027164459229,-0.002403330523520708,0.3789032995700836,0.37888898483913025,0.001599861831652418,tracking,0.37888898483913025,0.001599861831652418,tracking,1.2323837010370413,0
374,3.7399999999999642,2.2361655235290527,1.869093894958496,-0.0022162210661917925,0.3787964880466461,0.3783416686191375,0.00238799718844202,tracking,0.3783416686191375,0.00238799718844202,tracking,1.2361721825294054,0
375,3.749999999999964,2.2399537563323975,1.8690860271453857,-0.0020291220862418413,0.3788394331932068,0.3796993982097927,0.0004328665778984874,tracking,0.3796993982097927,0.0004328665778984874,tracking,1.2399604235031054,0
376,3.759999999999964,2.2437422275543213,1.869078516960144,-0.001841996912844479,0.3788762390613556,0.3796134654729256,0.0005566097189871238,tracking,0.3796134654729256,0.0005566097189871238,tracking,1.2437489021690382,0
377,3.7699999999999636,2.247530937194824,1.8690719604492188,-0.0016548647545278072,0.3788812458515167,0.37898135419119766,-0.0014668499646753692,tracking,0.37898135419119766,-0.0014668499646753692,tracking,1.2475376174826869,0
378,3.7799999999999634,2.251319408416748,1.8690654039382935,-0.0018419778207316995,0.378818154335022,0.3785495730346296,-0.0020886148301334072,tracking,0.3785495730346296,-0.0020886148301334072,tracking,1.2513260943781135,0
379,3.789999999999963,2.2551076412200928,1.8690580129623413,-0.002029083902016282,0.3788397014141083,0.37927106499424323,-0.0010496664082897487,tracking,0.37927106499424323,-0.0010496664082897487,tracking,1.2551143343914788,0
380,3.799999999999963,2.2588958740234375,1.8690506219863892,-0.0018419843399897218,0.3787982165813446,0.378621584279574,0.0019849186374134766,tracking,0.378621584279574,0.0019849186374134766,tracking,1.258902574404844,0
381,3.8099999999999627,2.2626841068267822,1.8690440654754639,-0.0016548846615478396,0.3788404166698456,0.37968571279351687,0.0004525735773357334,tracking,0.37968571279351687,0.0004525735773357334,tracking,1.2626908128820487,0
382,3.8199999999999625,2.266472339630127,1.8690375089645386,-0.0018419866682961583,0.378805011510849,0.3786542289172399,-0.001937910359174561,tracking,0.3786542289172399,-0.001937910359174561,tracking,1.2664790513592532,0
383,3.8299999999999623,2.2702605724334717,1.8690301179885864,-0.0020290890242904425,0.37884217500686646,0.3795865757995997,0.0005953308485764364,tracking,0.3795865757995997,0.0005953308485764364,tracking,1.2702672913726185,0
384,3.839999999999962,2.2740492820739746,1.869022250175476,-0.0022162161767482758,0.3788802921772003,0.37964361794558865,-0.0005131901583523731,tracking,0.37964361794558865,-0.0005131901583523731,tracking,1.2740560091824484,0
385,3.849999999999962,2.2778372764587402,1.8690134286880493,-0.0024033221416175365,0.3787134289741516,0.37800302651344025,0.002875641820646064,tracking,0.37800302651344025,0.002875641820646064,tracking,1.2778440138389473,0
386,3.8599999999999617,2.2816245555877686,1.8690046072006226,-0.002216267865151167,0.3787236213684082,0.3789275950817817,0.0015442630822343362,tracking,0.3789275950817817,0.0015442630822343362,tracking,1.2816313032416486,0
387,3.8699999999999615,2.285411834716797,1.8689967393875122,-0.0020292082335799932,0.37874636054039,0.3792020352963946,0.001149069173191762,tracking,0.3792020352963946,0.001149069173191762,tracking,1.2854185905430897,0
388,3.8799999999999613,2.2891995906829834,1.86898934841156,-0.0018421257846057415,0.37879279255867004,0.3797226702033386,0.000399354907192429,tracking,0.3797226702033386,0.000399354907192429,tracking,1.2892063537202045,0
389,3.889999999999961,2.292987585067749,1.8689827919006348,-0.0016550320433452725,0.37881529331207275,0.37926621167725716,-0.0010566551847496653,tracking,0.37926621167725716,-0.0010566551847496653,tracking,1.292994353779187,0
390,3.899999999999961,2.2967758178710938,1.8689762353897095,-0.0018421367276459932,0.3788256049156189,0.3790323315678889,-0.0013934425422399508,tracking,0.3790323315678889,-0.0013934425422399508,tracking,1.2967825922563916,0
391,3.9099999999999606,2.3005642890930176,1.8689687252044678,-0.0020292503759264946,0.3788701593875885,0.37976232808299193,-0.0003422475604916665,tracking,0.37976232808299193,-0.0003422475604916665,tracking,1.3005710709223244,0
392,3.9199999999999604,2.3043532371520996,1.868961215019226,-0.001842112047597766,0.37890076637268066,0.3795135703069352,0.000700458758013266,tracking,0.3795135703069352,0.000700458758013266,tracking,1.3043600264244786,0
393,3.92999999999996,2.3081424236297607,1.8689546585083008,-0.0016549600986763835,0.37895241379737854,0.37998723930387174,-1.8375402424717843e-05,tracking,0.37998723930387174,-1.8375402424717843e-05,tracking,1.3081492185745713,0
394,3.93999999999996,2.311931610107422,1.8689481019973755,-0.0018421056447550654,0.3788813650608063,0.3785788501290124,-0.002046455814222148,tracking,0.3785788501290124,-0.002046455814222148,tracking,1.311938410724664,0
395,3.9499999999999598,2.315720558166504,1.8689405918121338,-0.0020292464178055525,0.37892305850982666,0.37975807011624424,-0.0003483790326083147,tracking,0.37975807011624424,-0.0003483790326083147,tracking,1.3157273662268183,0
396,3.9599999999999596,2.3195083141326904,1.8689332008361816,-0.0018421844579279423,0.37864217162132263,0.37744627496983163,0.0036773640434424604,tracking,0.37744627496983163,0.0036773640434424604,tracking,1.3195151294039331,0
397,3.9699999999999593,2.3232948780059814,1.8689266443252563,-0.001655167667195201,0.3786487877368927,0.3787812056763081,-0.0017550638261163432,tracking,0.3787812056763081,-0.0017550638261163432,tracking,1.3233016989535846,0
398,3.979999999999959,2.3270814418792725,1.868920087814331,-0.0018421943532302976,0.3786720633506775,0.3791381941264263,-0.001241000457946114,tracking,0.3791381941264263,-0.001241000457946114,tracking,1.3270882685032361,0
399,3.989999999999959,2.3308684825897217,1.868912696838379,-0.002029231982305646,0.37871572375297546,0.379590383187352,-0.0005898482102131234,tracking,0.379590383187352,-0.0005898482102131234,tracking,1.3308753164259757,0
400,3.9999999999999587,2.3346550464630127,1.8689053058624268,-0.0018422123976051807,0.3786171078681946,0.37819731829478115,0.0025958616555151384,tracking,0.37819731829478115,0.0025958616555151384,tracking,1.3346618875124652,0
401,4.009999999999959,2.3384416103363037,1.8688987493515015,-0.001655198517255485,0.37868133187294006,0.3799678450180729,-4.630317397499341e-05,tracking,0.3799678450180729,-4.630317397499341e-05,tracking,1.3384484570621167,0
402,4.019999999999959,2.342228651046753,1.8688921928405762,-0.0018422447610646486,0.3787150979042053,0.379391589172233,-0.0008761115919845236,tracking,0.379391589172233,-0.0008761115919845236,tracking,1.3422355034482116,0
403,4.0299999999999585,2.3460161685943604,1.868884801864624,-0.0020293062552809715,0.378775030374527,0.3799753546883925,-3.548924871478454e-05,tracking,0.3799753546883925,-3.548924871478454e-05,tracking,1.3460230282072012,0
404,4.039999999999958,2.349803924560547,1.8688774108886719,-0.0018422234570607543,0.37877941131591797,0.3788669909693457,0.0016315330041422153,tracking,0.3788669909693457,0.0016315330041422153,tracking,1.349810791384316,0
405,4.049999999999958,2.3535919189453125,1.8688708543777466,-0.0016551328590139747,0.3788228929042816,0.37969414741062707,-0.0004404277286970317,tracking,0.37969414741062707,-0.0004404277286970317,tracking,1.3535987914432985,0
406,4.059999999999958,2.3573803901672363,1.8688642978668213,-0.0018422489520162344,0.37885671854019165,0.37953451821294787,-0.000670293773355075,tracking,0.37953451821294787,-0.000670293773355075,tracking,1.3573872683387251,0
407,4.069999999999958,2.3611690998077393,1.8688567876815796,-0.0020293788984417915,0.3789065182209015,0.37990392828849967,0.00013834326456049414,tracking,0.37990392828849967,0.00013834326456049414,tracking,1.3611759854227685,0
408,4.079999999999957,2.3649580478668213,1.868849277496338,-0.0018422428984194994,0.37887540459632874,0.3787428939494668,0.001810232712767779,tracking,0.3787428939494668,0.001810232712767779,tracking,1.3649649409249227,0
409,4.089999999999957,2.3687469959259033,1.8688427209854126,-0.001655105734243989,0.37891364097595215,0.3796792652821463,-0.0004618579937093522,tracking,0.3796792652821463,-0.0004618579937093522,tracking,1.3687538946567934,0
410,4.099999999999957,2.3725364208221436,1.8688366413116455,-0.001467940746806562,0.3789597153663635,0.37988281130042906,0.0001687517273821961,tracking,0.37988281130042906,0.0001687517273821961,tracking,1.372543324430081,0
411,4.109999999999957,2.376326084136963,1.8688315153121948,-0.0012807641178369522,0.3789847195148468,0.3794852991173509,-0.0007411692710146637,tracking,0.3794852991173509,-0.0007411692710146637,tracking,1.3763329912116804,0
412,4.119999999999957,2.3801159858703613,1.8688263893127441,-0.0014679536689072847,0.37899887561798096,0.37928222922276605,-0.0010335899192168724,tracking,0.37928222922276605,-0.0010335899192168724,tracking,1.3801228964116408,0
413,4.129999999999956,2.3839058876037598,1.868820309638977,-0.0016551463631913066,0.3790038824081421,0.3791043227345847,-0.0012897752621980176,tracking,0.3791043227345847,-0.0012897752621980176,tracking,1.383912803021473,0
414,4.139999999999956,2.3876960277557373,1.8688137531280518,-0.0018423537258058786,0.379043310880661,0.37983307352065615,-0.00024037413025517623,tracking,0.37983307352065615,-0.00024037413025517623,tracking,1.387702948844455,0
415,4.149999999999956,2.391486406326294,1.86880624294281,-0.002029565628618002,0.37903159856796265,0.37898178009923317,0.0014662366571042487,tracking,0.37898178009923317,0.0014662366571042487,tracking,1.3914933348552747,0
416,4.159999999999956,2.3952760696411133,1.8687987327575684,-0.0018424027366563678,0.3788944482803345,0.37831056096506555,0.0024327922103056197,tracking,0.37831056096506555,0.0024327922103056197,tracking,1.3952830056117613,0
417,4.1699999999999555,2.3990652561187744,1.868792176246643,-0.001655254396609962,0.3789433240890503,0.37992229079748935,-0.00011190125161530777,tracking,0.37992229079748935,-0.00011190125161530777,tracking,1.399072197761854,0
418,4.179999999999955,2.4028549194335938,1.8687856197357178,-0.0018424330046400428,0.378986120223999,0.37984333795374925,-0.0002255933466011259,tracking,0.37984333795374925,-0.0002255933466011259,tracking,1.4028618667483914,0
419,4.189999999999955,2.406644821166992,1.868778109550476,-0.0020296210423111916,0.37900108098983765,0.37930051734670767,0.001007255020740977,tracking,0.37930051734670767,0.001007255020740977,tracking,1.406651775922989,0
420,4.199999999999955,2.4104347229003906,1.8687705993652344,-0.0018424366135150194,0.3789750933647156,0.3788644176642412,0.001635238563492629,tracking,0.3788644176642412,0.001635238563492629,tracking,1.4104416850975867,0
421,4.209999999999955,2.414224624633789,1.868764042854309,-0.001655251020565629,0.37900808453559875,0.3796690173482521,-0.00047661501851701225,tracking,0.3796690173482521,-0.00047661501851701225,tracking,1.4142315925023463,0
422,4.2199999999999545,2.4180147647857666,1.868757963180542,-0.0014680561143904924,0.37900352478027344,0.37898417424071784,0.0014627890933663398,tracking,0.37898417424071784,0.0014627890933663398,tracking,1.418021737530451,0
423,4.229999999999954,2.421804904937744,1.8687528371810913,-0.0012808615574613214,0.37900614738464355,0.3790584130671532,-0.0013558851832993447,tracking,0.3790584130671532,-0.0013558851832993447,tracking,1.4218118811487723,0
424,4.239999999999954,2.425593614578247,1.8687477111816406,-0.0014679688028991222,0.3787381649017334,0.37759725535994115,-0.0034599522816847143,tracking,0.37759725535994115,-0.0034599522816847143,tracking,1.4256005942569279,0
425,4.249999999999954,2.4293813705444336,1.8687416315078735,-0.0016550417058169842,0.37879765033721924,0.3799893797850831,1.5293109480341016e-05,tracking,0.3799893797850831,1.5293109480341016e-05,tracking,1.4293883551023105,0
426,4.259999999999954,2.4331696033477783,1.8687350749969482,-0.0018421487184241414,0.37884172797203064,0.37972470995719176,-0.00039641766164383134,tracking,0.37972470995719176,-0.00039641766164383134,tracking,1.433176593579515,0
427,4.269999999999953,2.436957359313965,1.868727684020996,-0.002029242692515254,0.37871813774108887,0.3781919533487073,0.0026035871778615025,tracking,0.3781919533487073,0.0026035871778615025,tracking,1.43696435675663,0
428,4.279999999999953,2.440744638442993,1.868720293045044,-0.0018421747954562306,0.378762811422348,0.37965784053419854,0.0004927096307540801,tracking,0.37965784053419854,0.0004927096307540801,tracking,1.4407516430974945,0
429,4.289999999999953,2.4445321559906006,1.8687137365341187,-0.0016551029402762651,0.3787418305873871,0.37865253749098465,0.0019403460129821162,tracking,0.37865253749098465,0.0019403460129821162,tracking,1.444539166320033,0
430,4.299999999999953,2.448319673538208,1.8687071800231934,-0.0018421787535771728,0.37877488136291504,0.3794370354309484,-0.0008106689794342686,tracking,0.3794370354309484,-0.0008106689794342686,tracking,1.4483266895425717,0
431,4.3099999999999525,2.4521076679229736,1.8686996698379517,-0.0020292687695473433,0.37882840633392334,0.379900626996137,-0.0001430971255626523,tracking,0.379900626996137,-0.0001430971255626523,tracking,1.4521146913722833,0
432,4.319999999999952,2.4558961391448975,1.86869215965271,-0.0018421497661620378,0.3788627088069916,0.37955003194082465,0.0006479540052125466,tracking,0.37955003194082465,0.0006479540052125466,tracking,1.4559031700382161,0
433,4.329999999999952,2.4596848487854004,1.8686856031417847,-0.0016550206346437335,0.3788900375366211,0.3794374288637654,0.0008101024361778317,tracking,0.3794374288637654,0.0008101024361778317,tracking,1.4596918853518648,0
434,4.339999999999952,2.4634740352630615,1.8686792850494385,-0.0016550206346437335,0.3789401054382324,0.3799430898285092,-8.195064694671485e-05,tracking,0.3799430898285092,-8.195064694671485e-05,tracking,1.4634810770969182,0
435,4.349999999999952,2.467263698577881,1.8686729669570923,-0.0016550206346437335,0.3789874017238617,0.37993477599107667,9.392257284957743e-05,tracking,0.37993477599107667,9.392257284957743e-05,tracking,1.467270745678467,0
436,4.3599999999999515,2.4710536003112793,1.8686668872833252,-0.001467832480557263,0.3789932429790497,0.37910996524730084,0.001281650043886781,tracking,0.37910996524730084,0.001281650043886781,tracking,1.4710606522882992,0
437,4.369999999999951,2.474843740463257,1.8686617612838745,-0.0012806382728740573,0.3790242373943329,0.37964525774415264,-0.0005108288484202122,tracking,0.37964525774415264,-0.0005108288484202122,tracking,1.4748507959066206,0
438,4.379999999999951,2.4786336421966553,1.8686566352844238,-0.001467820373363793,0.37895622849464417,0.37866671219630943,-0.0019199344373144493,tracking,0.37866671219630943,-0.0019199344373144493,tracking,1.478640701106581,0
439,4.389999999999951,2.4824233055114746,1.8686505556106567,-0.0016549973515793681,0.37899336218833923,0.37973713910368695,-0.00037851969069076664,tracking,0.37973713910368695,-0.00037851969069076664,tracking,1.4824303692981409,0
440,4.399999999999951,2.486213445663452,1.8686442375183105,-0.0016549973515793681,0.3790381848812103,0.37993626112979934,-9.178397308898332e-05,tracking,0.37993626112979934,-9.178397308898332e-05,tracking,1.4862205147161853,0
441,4.40999999999995,2.490004062652588,1.8686376810073853,-0.0018422200810164213,0.3790729343891144,0.3797687944725606,-0.00033293595951272223,tracking,0.3797687944725606,-0.00033293595951272223,tracking,1.4900111373756122,0
442,4.41999999999995,2.4937949180603027,1.8686301708221436,-0.0020294543355703354,0.37910816073417664,0.379813705420705,0.00026826419418487894,tracking,0.379813705420705,0.00026826419418487894,tracking,1.4938020002226542,0
443,4.42999999999995,2.497586250305176,1.8686226606369019,-0.0018421958666294813,0.3791464865207672,0.37991434785153066,0.00012333909379582363,tracking,0.37991434785153066,0.00012333909379582363,tracking,1.4975933399059187,0
444,4.43999999999995,2.501377820968628,1.8686161041259766,-0.0016549302963539958,0.37915101647377014,0.3792417337414548,0.001091903412305059,tracking,0.3792417337414548,0.001091903412305059,tracking,1.5013849162382358,0
445,4.4499999999999496,2.50516939163208,1.8686100244522095,-0.0014676585560664535,0.3791652321815491,0.3794501885469658,0.0007917284923692203,tracking,0.3794501885469658,0.0007917284923692203,tracking,1.5051764917759751,0
446,4.459999999999949,2.508960723876953,1.8686048984527588,-0.0012803934514522552,0.37911126017570496,0.3788813845844722,-0.0016108061983601055,tracking,0.3788813845844722,-0.0016108061983601055,tracking,1.5089678274861023,0
447,4.469999999999949,2.512752056121826,1.868599772453308,-0.0014676484279334545,0.37913432717323303,0.37959647519528467,-0.0005810757187901033,tracking,0.37959647519528467,-0.0005810757187901033,tracking,1.5127591631962294,0
448,4.479999999999949,2.516543388366699,1.868593692779541,-0.0016549091087654233,0.3791458308696747,0.3793761866064133,0.0008982912867648444,tracking,0.3793761866064133,0.0008982912867648444,tracking,1.5165505003156963,0
449,4.489999999999949,2.5203349590301514,1.8685873746871948,-0.0016549091087654233,0.3791842460632324,0.37995353195134,6.691399007041458e-05,tracking,0.37995353195134,6.691399007041458e-05,tracking,1.5203420762432285,0
450,4.4999999999999485,2.5241265296936035,1.8685808181762695,-0.0018421723507344723,0.37912288308143616,0.378861536341042,-0.001639387668899461,tracking,0.378861536341042,-0.001639387668899461,tracking,1.5241336525755456,0
451,4.509999999999948,2.527916669845581,1.8685733079910278,-0.002029391471296549,0.3789167106151581,0.37803897326410263,0.002823878499692187,tracking,0.37803897326410263,0.002823878499692187,tracking,1.5279238001682542,0
452,4.519999999999948,2.531704902648926,1.8685657978057861,-0.0018422972643747926,0.3787432312965393,0.3780045916722448,0.0028733879919674472,tracking,0.3780045916722448,0.0028733879919674472,tracking,1.5317120404160764,0
453,4.529999999999948,2.535492420196533,1.8685592412948608,-0.0016552257584407926,0.37877902388572693,0.3794957469643276,0.000726124371368311,tracking,0.3794957469643276,0.000726124371368311,tracking,1.535499563638615,0
454,4.539999999999948,2.5392801761627197,1.8685526847839355,-0.0018423098372295499,0.37878134846687317,0.3788278367074036,-0.0016879151413388025,tracking,0.3788278367074036,-0.0016879151413388025,tracking,1.5392873252793757,0
455,4.549999999999947,2.5430681705474854,1.8685451745986938,-0.0020294017158448696,0.3788257837295532,0.37971590457309784,0.00040909741473911347,tracking,0.37971590457309784,0.00040909741473911347,tracking,1.5430753271090873,0
456,4.559999999999947,2.54685640335083,1.8685376644134521,-0.0018422998255118728,0.3788122534751892,0.37875470162656993,0.0017932296577392697,tracking,0.37875470162656993,0.0017932296577392697,tracking,1.5468635673569096,0
457,4.569999999999947,2.550644874572754,1.8685311079025269,-0.0016551909502595663,0.37886789441108704,0.3799823212774027,2.54573605400453e-05,tracking,0.3799823212774027,2.54573605400453e-05,tracking,1.5506520442523362,0
458,4.579999999999947,2.554433822631836,1.8685250282287598,-0.0014680485473945737,0.3789140284061432,0.37983830861609647,0.00023283559282112013,tracking,0.37983830861609647,0.00023283559282112013,tracking,1.5544409971890794,0
459,4.589999999999947,2.558223009109497,1.868519902229309,-0.001280897413380444,0.37892094254493713,0.37905917552027746,-0.001354787250800453,tracking,0.37905917552027746,-0.001354787250800453,tracking,1.5582301871339568,0
460,4.599999999999946,2.562012195587158,1.8685147762298584,-0.001468056347221136,0.37893766164779663,0.3792722744350033,-0.0010479248135952888,tracking,0.3792722744350033,-0.0010479248135952888,tracking,1.5620193770788342,0
461,4.609999999999946,2.5658018589019775,1.8685086965560913,-0.0016552237793803215,0.378972589969635,0.37967211987796856,-0.0004721473757252938,tracking,0.37967211987796856,-0.0004721473757252938,tracking,1.565809045270394,0
462,4.619999999999946,2.569591522216797,1.8685026168823242,-0.0014680435415357351,0.3789767622947693,0.37906022317649435,0.0013532786258481201,tracking,0.37906022317649435,0.0013532786258481201,tracking,1.569598713461954,0
463,4.629999999999946,2.5733814239501953,1.8684974908828735,-0.0012808580650016665,0.3790040612220764,0.37955111451981827,0.0006463950914617159,tracking,0.37955111451981827,0.0006463950914617159,tracking,1.5733886186619144,0
464,4.6399999999999455,2.577171564102173,1.8684923648834229,-0.0014680573949590325,0.3790188729763031,0.3793155774773959,-0.0009855684325499013,tracking,0.3793155774773959,-0.0009855684325499013,tracking,1.5771787622802358,0
465,4.649999999999945,2.5809619426727295,1.8684862852096558,-0.001655264408327639,0.3790507912635803,0.37969016547354484,-0.00044616171809542735,tracking,0.37969016547354484,-0.00044616171809542735,tracking,1.5809691457266126,0
466,4.659999999999945,2.584751844406128,1.8684802055358887,-0.001468079979531467,0.37895044684410095,0.3785232974280253,0.002126451703643531,tracking,0.3785232974280253,0.002126451703643531,tracking,1.5847590523364448,0
467,4.669999999999945,2.5885415077209473,1.868475079536438,-0.0012809039326384664,0.3789995014667511,0.3799819816065774,-2.594648652848308e-05,tracking,0.3799819816065774,-2.594648652848308e-05,tracking,1.588548719118044,0
468,4.679999999999945,2.592331647872925,1.8684699535369873,-0.0014680989552289248,0.37900805473327637,0.37917960024574976,-0.0011813756461203301,tracking,0.37917960024574976,-0.0011813756461203301,tracking,1.5923388627363655,0
469,4.689999999999944,2.5961220264434814,1.8684638738632202,-0.0016553027089685202,0.3790527582168579,0.37994791084168633,-7.500838797169524e-05,tracking,0.37994791084168633,-7.500838797169524e-05,tracking,1.5961292461827423,0
470,4.699999999999944,2.599912643432617,1.868457317352295,-0.0018425273010507226,0.37907108664512634,0.37943826482871035,-0.0008088986466571035,tracking,0.37943826482871035,-0.0008088986466571035,tracking,1.5999198688421692,0
471,4.709999999999944,2.6037025451660156,1.8684498071670532,-0.002029731869697571,0.37893083691596985,0.3783337372505013,0.002399418359278185,tracking,0.3783337372505013,0.002399418359278185,tracking,1.6037097780167668,0
472,4.719999999999944,2.6074917316436768,1.8684422969818115,-0.0018425879534333944,0.3788873255252838,0.37870205167150955,0.0018690455930262207,tracking,0.37870205167150955,0.0018690455930262207,tracking,1.6074989719370316,0
473,4.729999999999944,2.611280679702759,1.8684357404708862,-0.0016554479952901602,0.37890660762786865,0.37929302975581924,0.001018037151620326,tracking,0.37929302975581924,0.001018037151620326,tracking,1.6112879256689023,0
474,4.739999999999943,2.61506986618042,1.86842942237854,-0.0016554479952901602,0.3789554834365845,0.3799346558887876,9.40955201458437e-05,tracking,0.3799346558887876,9.40955201458437e-05,tracking,1.6150771174139558,0
475,4.749999999999943,2.6188595294952393,1.868423342704773,-0.0014682721812278032,0.37897181510925293,0.379299161002735,0.0010092081560616334,tracking,0.379299161002735,0.0010092081560616334,tracking,1.6188667856055157,0
476,4.759999999999943,2.6226491928100586,1.8684182167053223,-0.0012810933403670788,0.3789742588996887,0.3790234382509425,-0.0014062489186428238,tracking,0.3790234382509425,-0.0014062489186428238,tracking,1.622656452387115,0
477,4.769999999999943,2.626438856124878,1.8684130907058716,-0.0014682674081996083,0.37895697355270386,0.3788834439571833,-0.0016078407016560277,tracking,0.3788834439571833,-0.0016078407016560277,tracking,1.6264461191687143,0
478,4.7799999999999425,2.6302285194396973,1.8684070110321045,-0.0016554449684917927,0.3789956271648407,0.37977019837698206,-0.0003309143371458701,tracking,0.37977019837698206,-0.0003309143371458701,tracking,1.6302357873602742,0
479,4.789999999999942,2.6340181827545166,1.8684009313583374,-0.0014682748587802052,0.37893444299697876,0.3786739777639778,0.0019094720198719372,tracking,0.3786739777639778,0.0019094720198719372,tracking,1.634025455551834,0
480,4.799999999999942,2.637807846069336,1.8683958053588867,-0.0012811075430363417,0.378978431224823,0.3798594962197175,-0.00020232544360683676,tracking,0.3798594962197175,-0.00020232544360683676,tracking,1.6378151223334334,0
481,4.809999999999942,2.6415975093841553,1.868390679359436,-0.0014682766050100327,0.37893977761268616,0.3787752568588052,-0.0017636301233205209,tracking,0.3787752568588052,-0.0017636301233205209,tracking,1.6416047891150327,0
482,4.819999999999942,2.6453871726989746,1.868384599685669,-0.0016554457833990455,0.3789791762828827,0.3797685920457508,-0.0003332274541188321,tracking,0.3797685920457508,-0.0003332274541188321,tracking,1.6453944573065926,0
483,4.8299999999999415,2.649176836013794,1.8683785200119019,-0.0014682738110423088,0.378948450088501,0.378817575852568,0.001702690772302104,tracking,0.378817575852568,0.001702690772302104,tracking,1.6491841254981525,0
484,4.839999999999941,2.6529664993286133,1.8683733940124512,-0.0012811018386855721,0.3789786994457245,0.379584569439508,0.0005982200071084735,tracking,0.379584569439508,0.0005982200071084735,tracking,1.6529737922797518,0
485,4.849999999999941,2.6567556858062744,1.8683682680130005,-0.001468245405703783,0.37886226177215576,0.3783665404348231,-0.0023521817738547703,tracking,0.3783665404348231,-0.0023521817738547703,tracking,1.6567629822246293,0
486,4.859999999999941,2.6605443954467773,1.8683621883392334,-0.001655372092500329,0.3788762390613556,0.3791562327454411,-0.0012150248465648402,tracking,0.3791562327454411,-0.0012150248465648402,tracking,1.6605516967431002,0
487,4.869999999999941,2.6643331050872803,1.8683561086654663,-0.001468247384764254,0.3788563311100006,0.3787715528732239,0.0017689638625576131,tracking,0.3787715528732239,0.0017689638625576131,tracking,1.6643404112615712,0
488,4.87999999999994,2.668121814727783,1.8683509826660156,-0.0012811190681532025,0.37889835238456726,0.37973996931669957,0.00037444418395260557,tracking,0.37973996931669957,0.00037444418395260557,tracking,1.6681291243697267,0
489,4.88999999999994,2.6719110012054443,1.868345856666565,-0.0014682679902762175,0.3789184093475342,0.37932020250748083,-0.0009789083892276125,tracking,0.37932020250748083,-0.0009789083892276125,tracking,1.6719183143146041,0
490,4.89999999999994,2.6757001876831055,1.8683397769927979,-0.001655422616750002,0.37893345952033997,0.37923468895067364,-0.0011020479110299816,tracking,0.37923468895067364,-0.0011020479110299816,tracking,1.6757075056696196,0
491,4.90999999999994,2.6794896125793457,1.8683336973190308,-0.0014682603068649769,0.37894171476364136,0.3791069403158112,0.0012860059452318795,tracking,0.3791069403158112,0.0012860059452318795,tracking,1.6794969354429072,0
492,4.9199999999999395,2.683279275894165,1.86832857131958,-0.0012810901971533895,0.37898117303848267,0.37977171795400333,-0.000328726146235238,tracking,0.37977171795400333,-0.000328726146235238,tracking,1.6832866022245065,0
493,4.929999999999939,2.6870691776275635,1.8683234453201294,-0.0014682825421914458,0.37900906801223755,0.37956765334231823,-0.0006225791870617271,tracking,0.37956765334231823,-0.0006225791870617271,tracking,1.687076507424467,0
494,4.939999999999939,2.690859317779541,1.8683173656463623,-0.001655479776673019,0.3790108561515808,0.37904676042048735,-0.0013726649944982051,tracking,0.37904676042048735,-0.0013726649944982051,tracking,1.6908666524525715,0
495,4.949999999999939,2.6946492195129395,1.8683112859725952,-0.0014682943001389503,0.3789735436439514,0.37881476549201987,0.001706737691491404,tracking,0.37881476549201987,0.001706737691491404,tracking,1.6946565590624036,0
496,4.959999999999939,2.698439121246338,1.8683061599731445,-0.0012811111519113183,0.37899643182754517,0.37945501545206506,0.000784777749026311,tracking,0.37945501545206506,0.000784777749026311,tracking,1.698446464262364,0
497,4.9699999999999385,2.7022292613983154,1.868301510810852,-0.0010939069325104356,0.3790377974510193,0.37986648506778165,0.00019226150239442727,tracking,0.37986648506778165,0.00019226150239442727,tracking,1.70223660726578,0
498,4.979999999999938,2.706019401550293,1.868297815322876,-0.0009067070204764605,0.37896984815597534,0.37868060044270974,-0.0018999353624979745,tracking,0.37868060044270974,-0.0018999353624979745,tracking,1.7060267492193568,0
499,4.989999999999938,2.7098090648651123,1.8682941198349,-0.0010938881896436214,0.3789807856082916,0.3791998739654685,-0.0011521814897254012,tracking,0.3791998739654685,-0.0011521814897254012,tracking,1.7098164143360022,0
500,4.999999999999938,2.7135980129241943,1.8682894706726074,-0.0012810413027182221,0.37879952788352966,0.37802780216916504,-0.002839964876402352,tracking,0.37802780216916504,-0.002839964876402352,tracking,1.7136053652474197,0
501,5.009999999999938,2.71738600730896,1.868284821510315,-0.0010939465137198567,0.37880370020866394,0.3788871579400636,0.001602492566308374,tracking,0.3788871579400636,0.001602492566308374,tracking,1.7173933624852389,0
502,5.019999999999937,2.7211742401123047,1.8682811260223389,-0.0009068443323485553,0.37884432077407837,0.3796582932277705,0.000492057752010471,tracking,0.3796582932277705,0.000492057752010471,tracking,1.72118159709109,0
503,5.029999999999937,2.7249627113342285,1.8682774305343628,-0.00109396711923182,0.3788660764694214,0.3793020478039685,-0.0010050511622854107,tracking,0.3793020478039685,-0.0010050511622854107,tracking,1.724970070115407,0
504,5.039999999999937,2.7287516593933105,1.8682727813720703,-0.0012811002088710666,0.3789072632789612,0.3797322682759266,-0.0003855336826656709,tracking,0.3797322682759266,-0.0003855336826656709,tracking,1.7287590210268244,0
505,5.049999999999937,2.7325408458709717,1.8682676553726196,-0.00146825413685292,0.37892946600914,0.37937395224788306,-0.0009015087630483603,tracking,0.37937395224788306,-0.0009015087630483603,tracking,1.7325482109717019,0
506,5.0599999999999365,2.736330270767212,1.8682615756988525,-0.0016554169123992324,0.3789609372615814,0.3795912605826381,0.000588584761001155,tracking,0.3795912605826381,0.000588584761001155,tracking,1.7363376407449895,0
507,5.069999999999936,2.7401199340820312,1.8682554960250854,-0.0014682401670143008,0.37897181510925293,0.37918939907664895,0.0011672653296255454,tracking,0.37918939907664895,0.0011672653296255454,tracking,1.7401273089365494,0
508,5.079999999999936,2.743908643722534,1.8682503700256348,-0.0012810962507501245,0.3787619173526764,0.37786825019153125,0.003069719724195022,tracking,0.37786825019153125,0.003069719724195022,tracking,1.743916022044705,0
509,5.089999999999936,2.7476961612701416,1.868245244026184,-0.0014681629836559296,0.3787371814250946,0.37863181763367876,-0.001970182607502601,tracking,0.37863181763367876,-0.001970182607502601,tracking,1.7477035430610566,0
510,5.099999999999936,2.751483678817749,1.868239164352417,-0.0016552285524085164,0.37875470519065857,0.3791056318442219,0.0012878901443204704,tracking,0.3791056318442219,0.0012878901443204704,tracking,1.7514910654881675,0
511,5.1099999999999355,2.7552714347839355,1.86823308467865,-0.0014681455213576555,0.3787902295589447,0.3795019840395533,0.000717142983043235,tracking,0.3795019840395533,0.000717142983043235,tracking,1.7552788263335501,0
512,5.119999999999935,2.759059429168701,1.8682279586791992,-0.0012810518965125084,0.3788192570209503,0.3794004311611508,-0.0008633791279428742,tracking,0.3794004311611508,-0.0008633791279428742,tracking,1.7590668241866232,0
513,5.129999999999935,2.762847661972046,1.8682233095169067,-0.0010939415078610182,0.3788414001464844,0.3792852156894398,0.0010292894072067363,tracking,0.3792852156894398,0.0010292894072067363,tracking,1.7628550598428419,0
514,5.139999999999935,2.7666351795196533,1.8682196140289307,-0.0009068547515198588,0.37867555022239685,0.3779694811112812,-0.002923947199755108,tracking,0.3779694811112812,-0.002923947199755108,tracking,1.766642579193296,0
515,5.149999999999935,2.7704222202301025,1.8682163953781128,-0.0007198054227046669,0.3787277340888977,0.3797729802204049,0.00032690848261694803,tracking,0.3797729802204049,0.00032690848261694803,tracking,1.7704296212715298,0
516,5.159999999999934,2.77420973777771,1.8682141304016113,-0.0005327422986738384,0.3787592351436615,0.37939037424559446,-0.0008778610863439508,tracking,0.37939037424559446,-0.0008778610863439508,tracking,1.7742171394963775,0
517,5.169999999999934,2.7779972553253174,1.8682118654251099,-0.000719816773198545,0.37876203656196594,0.3788179609330915,-0.0017021362563482646,tracking,0.3788179609330915,-0.0017021362563482646,tracking,1.7780046577212252,0
518,5.179999999999934,2.781785011291504,1.868208646774292,-0.000906895031221211,0.3787824213504791,0.3791905546568993,-0.0011656012940649578,tracking,0.3791905546568993,-0.0011656012940649578,tracking,1.781792415054938,0
519,5.189999999999934,2.7855730056762695,1.8682054281234741,-0.0007197967497631907,0.3788228929042816,0.37963375889108947,0.0005273871968311892,tracking,0.37963375889108947,0.0005273871968311892,tracking,1.7855804108071438,0
520,5.199999999999934,2.7893612384796143,1.8682031631469727,-0.0005326944519765675,0.3788067698478699,0.378738042862932,-0.0018172182773778921,tracking,0.378738042862932,-0.0018172182773778921,tracking,1.789368644287601,0
521,5.209999999999933,2.793149471282959,1.8682008981704712,-0.0007197976810857654,0.3788255751132965,0.37920225658482537,-0.0011487505178514826,tracking,0.37920225658482537,-0.0011487505178514826,tracking,1.793156877768058,0
522,5.219999999999933,2.7969377040863037,1.8681976795196533,-0.0009069053921848536,0.378834068775177,0.37900444464630506,-0.0014335997093207096,tracking,0.37900444464630506,-0.0014335997093207096,tracking,1.7969451119387567,0
523,5.229999999999933,2.8007261753082275,1.8681939840316772,-0.0010940305655822158,0.37887856364250183,0.3797699718574818,-0.00033124052522623404,tracking,0.3797699718574818,-0.00033124052522623404,tracking,1.8007335849630737,0
524,5.239999999999933,2.8045151233673096,1.8681893348693848,-0.0012811652850359678,0.3788925111293793,0.3791716443621253,-0.0011928321185395328,tracking,0.3791716443621253,-0.0011928321185395328,tracking,1.8045225358744912,0
525,5.2499999999999325,2.8083040714263916,1.8681846857070923,-0.001094016944989562,0.3789198398590088,0.3794675547398876,0.0007667211745619219,tracking,0.3794675547398876,0.0007667211745619219,tracking,1.8083114867859087,0
526,5.259999999999932,2.812093496322632,1.8681809902191162,-0.000906859990209341,0.37894493341445923,0.37944750662347876,0.0007955904621906309,tracking,0.37944750662347876,0.0007955904621906309,tracking,1.8121009134840884,0
527,5.269999999999932,2.815882682800293,1.8681772947311401,-0.0010940009960904717,0.37887105345726013,0.3785565466781314,-0.00012840358404948501,tracking,0.3785565466781314,-0.00012840358404948501,tracking,1.8158901017638023,0
528,5.279999999999932,2.8196699619293213,1.8681726455688477,-0.0012810810003429651,0.3785748779773712,0.37731395503771054,-0.0004906173623422105,tracking,0.37731395503771054,-0.0004906173623422105,tracking,1.819677383746423,0
529,5.289999999999932,2.823453187942505,1.8681679964065552,-0.0010942622320726514,0.3780777156352997,0.3759609229074152,0.0007278401583928123,tracking,0.3759609229074152,0.0007278401583928123,tracking,1.8234606126162562,0
530,5.299999999999931,2.8272314071655273,1.868164300918579,-0.0009076074929907918,0.37757858633995056,0.3754534427720971,0.0003849390584311826,tracking,0.3754534427720971,0.0003849390584311826,tracking,1.8272388336465624,0
531,5.309999999999931,2.8310022354125977,1.868160605430603,-0.001093776896595955,0.37660372257232666,0.372453142744244,-0.0003460805420355253,tracking,0.372453142744244,-0.0003460805420355253,tracking,1.8310096637044588,0
532,5.319999999999931,2.8347628116607666,1.8681560754776,-0.0012796090450137854,0.3755302429199219,0.37095973815659655,-0.00022708408012037194,tracking,0.37095973815659655,-0.00022708408012037194,tracking,1.834770242680995,0
533,5.329999999999931,2.838512897491455,1.8681515455245972,-0.0010944722453132272,0.37449201941490173,0.37007172186642867,0.0022088443938834664,tracking,0.37007172186642867,0.0022088443938834664,tracking,1.8385203312476832,0
534,5.339999999999931,2.842252492904663,1.8681479692459106,-0.000909678521566093,0.3734464645385742,0.3689948822673158,-8.238280831488441e-05,tracking,0.3689948822673158,-8.238280831488441e-05,tracking,1.842259928370938,0
535,5.34999999999993,2.8459815979003906,1.8681443929672241,-0.0010937739862129092,0.3723713457584381,0.3677938538507582,-0.0023550213780336024,tracking,0.3677938538507582,-0.0023550213780336024,tracking,1.845989035081523,0
536,5.35999999999993,2.8496992588043213,1.8681398630142212,-0.0012774902861565351,0.3711433410644531,0.3659149689859129,-0.00010578641684307489,tracking,0.3659149689859129,-0.00010578641684307489,tracking,1.8497066987453161,0
537,5.36999999999993,2.8534042835235596,1.86813485622406,-0.0014603877207264304,0.3698843717575073,0.3645241464253386,-0.00018196516669364074,tracking,0.3645241464253386,-0.00018196516669364074,tracking,1.8534117268475192,0
538,5.37999999999993,2.8570969104766846,1.868129014968872,-0.0016428758390247822,0.3686572015285492,0.3634323586076699,0.0016754240572566925,tracking,0.3634323586076699,0.0016754240572566925,tracking,1.857104358420694,0
539,5.3899999999999295,2.8607771396636963,1.868123173713684,-0.0014612015802413225,0.36741283535957336,0.36211476489016875,0.002212384144255213,tracking,0.36211476489016875,0.002212384144255213,tracking,1.8607845922433195,0
540,5.399999999999929,2.8644447326660156,1.8681182861328125,-0.001279949676245451,0.3660920262336731,0.3604684562543095,0.0011551154126602384,tracking,0.3604684562543095,0.0011551154126602384,tracking,1.8644521885023302,0
541,5.409999999999929,2.86810040473938,1.8681138753890991,-0.0010994767071679235,0.36504700779914856,0.3605977678633781,0.0003520930373541306,tracking,0.3605977678633781,0.0003520930373541306,tracking,1.8681078632365804,0
542,5.419999999999929,2.871744155883789,1.8681102991104126,-0.000919393147341907,0.3637271225452423,0.3581075963183576,-0.0005924020032422178,tracking,0.3581075963183576,-0.0005924020032422178,tracking,1.871751616136017,0
543,5.429999999999929,2.8753750324249268,1.868106722831726,-0.0010986170964315534,0.36243635416030884,0.3569407436132894,-0.001734313766707075,tracking,0.3569407436132894,-0.001734313766707075,tracking,1.8753824944384052,0
544,5.4399999999999284,2.8789925575256348,1.8681023120880127,-0.0012774027418345213,0.36106452345848083,0.35522373793114775,-0.00038264294955482094,tracking,0.35522373793114775,-0.00038264294955482094,tracking,1.8790000222280583,0
545,5.449999999999928,2.8825974464416504,1.8680975437164307,-0.001455355784855783,0.359907865524292,0.35498326305774375,-0.0004448369315057975,tracking,0.35498326305774375,-0.0004448369315057975,tracking,1.8826049142977574,0
546,5.459999999999928,2.8861896991729736,1.8680919408798218,-0.00163289497140795,0.3585505187511444,0.352771409271429,0.0014230219078284964,tracking,0.352771409271429,0.0014230219078284964,tracking,1.8861971713984502,0
547,5.469999999999928,2.889767646789551,1.868086338043213,-0.0014562996802851558,0.357041597366333,0.35061711267086526,0.005080319956469155,tracking,0.35061711267086526,0.005080319956469155,tracking,1.8897751234018663,0
548,5.479999999999928,2.8933322429656982,1.8680815696716309,-0.0012801464181393385,0.35586538910865784,0.3508575745588406,0.0016889404732546185,tracking,0.3508575745588406,0.0016889404732546185,tracking,1.8933397227673452,0
549,5.489999999999927,2.8968851566314697,1.8680768013000488,-0.0014555401867255569,0.3547349274158478,0.3499219178933475,-0.0003036727583418629,tracking,0.3499219178933475,-0.0003036727583418629,tracking,1.896892639632935,0
550,5.499999999999927,2.900425672531128,1.86807119846344,-0.0016305199824273586,0.3533509075641632,0.34745820681022804,0.0039051241546432932,tracking,0.34745820681022804,0.0039051241546432932,tracking,1.9004331599658113,0
551,5.509999999999927,2.9039533138275146,1.868065595626831,-0.0014563824515789747,0.3521771728992462,0.3471798372006701,0.0046620145242027705,tracking,0.3471798372006701,0.0046620145242027705,tracking,1.9039608057115958,0
552,5.519999999999927,2.9074690341949463,1.868060827255249,-0.0012826347956433892,0.35098275542259216,0.3458974171809,0.004306701372251038,tracking,0.3458974171809,0.004306701372251038,tracking,1.9074765293126972,0
553,5.5299999999999265,2.9109716415405273,1.8680565357208252,-0.0011097521055489779,0.34955015778541565,0.3434506738456129,0.005275394002803704,tracking,0.3434506738456129,0.005275394002803704,tracking,1.910979139287357,0
554,5.539999999999926,2.914461135864258,1.8680530786514282,-0.0009372996864840388,0.34836941957473755,0.34334225765870985,0.0012857015104287307,tracking,0.34334225765870985,0.0012857015104287307,tracking,1.9144686353235598,0
555,5.549999999999926,2.917938470840454,1.8680499792099,-0.000765657052397728,0.3470909595489502,0.34164770087481544,0.002545501395490977,tracking,0.34164770087481544,0.002545501395490977,tracking,1.9179459716810634,0
556,5.559999999999926,2.921403169631958,1.8680477142333984,-0.0005944314179942012,0.34583649039268494,0.34049541614126966,-9.174355442754037e-06,tracking,0.34049541614126966,-9.174355442754037e-06,tracking,1.9214106712129084,0
557,5.569999999999926,2.9248557090759277,1.8680458068847656,-0.0004239956906531006,0.34469205141067505,0.33981950211848394,0.002426352080440508,tracking,0.33981950211848394,0.002426352080440508,tracking,1.9248632111837336,0
558,5.5799999999999255,2.928295850753784,1.8680447340011597,-0.00025396866840310395,0.34335383772850037,0.337656285559896,0.0018476529416535659,tracking,0.337656285559896,0.0018476529416535659,tracking,1.928303353028891,0
559,5.589999999999925,2.931722402572632,1.8680440187454224,-8.485009311698377e-05,0.3419331908226013,0.3358846510616945,0.0023362396479814935,tracking,0.3358846510616945,0.0023362396479814935,tracking,1.9317299049223897,0
560,5.599999999999925,2.9351353645324707,1.868044137954712,8.382852684007958e-05,0.3406813442707062,0.33535148436659706,0.001256698592324048,tracking,0.33535148436659706,0.001256698592324048,tracking,1.9351428668843105,0
561,5.609999999999925,2.938535451889038,1.8680446147918701,0.0002516554086469114,0.3393465578556061,0.33366357579416067,0.0012331503008373,tracking,0.33366357579416067,0.0012331503008373,tracking,1.9385429542743142,0
562,5.619999999999925,2.941922664642334,1.8680458068847656,0.00041905578109435737,0.3380906283855438,0.3327434059349802,0.000607904515536788,tracking,0.3327434059349802,0.000607904515536788,tracking,1.9419301672373823,0
563,5.629999999999924,2.9452974796295166,1.8680472373962402,0.0004190557519905269,0.3368836045265198,0.33174459818406216,8.144287799949704e-05,tracking,0.33174459818406216,8.144287799949704e-05,tracking,1.9453049825277464,0
564,5.639999999999924,2.948659658432007,1.8680487871170044,0.000585005444008857,0.3355444669723511,0.329842932982648,0.0002510207229613603,tracking,0.329842932982648,0.0002510207229613603,tracking,1.9486671616873912,0
565,5.649999999999924,2.9520084857940674,1.8680511713027954,0.0007505171815864742,0.3342231512069702,0.3285975001749555,-0.0010053514759824946,tracking,0.3285975001749555,-0.0010053514759824946,tracking,1.952015989898158,0
566,5.659999999999924,2.9553451538085938,1.8680534362792969,0.0005858071381226182,0.3331097662448883,0.3283694691341237,-0.0028446290834449614,tracking,0.3283694691341237,-0.0028446290834449614,tracking,1.955352658681433,0
567,5.6699999999999235,2.958670139312744,1.868054986000061,0.0004214824002701789,0.33188265562057495,0.3266580948378438,-0.0008046878767239835,tracking,0.3266580948378438,-0.0008046878767239835,tracking,1.9586776445467329,0
568,5.679999999999923,2.9619832038879395,1.8680561780929565,0.0002579476567916572,0.3307107090950012,0.3257209385767917,-0.00047925161944384776,tracking,0.3257209385767917,-0.00047925161944384776,tracking,1.961990709336395,0
569,5.689999999999923,2.9652843475341797,1.8680566549301147,9.480521839577705e-05,0.3294995427131653,0.3243428102519177,0.0013948476245615564,tracking,0.3243428102519177,0.0013948476245615564,tracking,1.965291853017074,0
570,5.699999999999923,2.9685726165771484,1.868057131767273,0.0002571122022345662,0.3281736671924591,0.32252852317053593,0.0051946830024693705,tracking,0.32252852317053593,0.0051946830024693705,tracking,1.9685801220946162,0
571,5.709999999999923,2.971848249435425,1.8680583238601685,0.00041900353971868753,0.3269748091697693,0.3218704515997121,0.0025876061481100963,tracking,0.3218704515997121,0.0025876061481100963,tracking,1.9718557551698102,0
572,5.7199999999999225,2.975112199783325,1.8680598735809326,0.0005801120423711836,0.3257962465286255,0.3207783570571714,0.0004728624769632997,tracking,0.3207783570571714,0.0004728624769632997,tracking,1.9751197058856136,0
573,5.729999999999922,2.9783639907836914,1.868062138557434,0.0007408222300000489,0.3245554268360138,0.31927243094636826,-0.0013566942699467892,tracking,0.31927243094636826,-0.0013566942699467892,tracking,1.978371497674794,0
574,5.739999999999922,2.9816038608551025,1.8680644035339355,0.0005808964488096535,0.3234138488769531,0.31855346708542975,-0.002310663771942307,tracking,0.31855346708542975,-0.002310663771942307,tracking,1.9816113685379217,0
575,5.749999999999922,2.9848320484161377,1.8680659532546997,0.0004213533247821033,0.322231262922287,0.31719624044312233,-0.0019233350951480396,tracking,0.31719624044312233,-0.0019233350951480396,tracking,1.9848395564709356,0
576,5.759999999999922,2.9880480766296387,1.8680675029754639,0.0005800888175144792,0.32096120715141296,0.31555379932782956,0.0029189642291489806,tracking,0.31555379932782956,0.0029189642291489806,tracking,1.9880555850578217,0
577,5.769999999999921,2.9912519454956055,1.8680696487426758,0.000738428090699017,0.3198246657848358,0.3149857538419433,-0.0004643545919249051,tracking,0.3149857538419433,-0.0004643545919249051,tracking,1.991259454642344,0
578,5.779999999999921,2.9944441318511963,1.8680717945098877,0.000580857798922807,0.3186257481575012,0.3135211578829662,-0.0008122832123806985,tracking,0.3135211578829662,-0.0008122832123806985,tracking,1.9944516417191203,0
579,5.789999999999921,2.9976234436035156,1.8680733442306519,0.00042371443123556674,0.31723129749298096,0.3112941880250858,0.0018057808470355423,tracking,0.3112941880250858,0.0018057808470355423,tracking,1.9976309538491368,0
580,5.799999999999921,3.0007903575897217,1.868074893951416,0.0005800427752546966,0.31615063548088074,0.3115496362610888,0.0015342479004741708,tracking,0.3115496362610888,0.0015342479004741708,tracking,2.000797868214519,0
581,5.809999999999921,3.00394606590271,1.868077039718628,0.0007360026938840747,0.3149937391281128,0.3100680941184596,-0.0008387296461914466,tracking,0.3100680941184596,-0.0008387296461914466,tracking,2.003953577257029,0
582,5.81999999999992,3.0070903301239014,1.8680791854858398,0.0005808015703223646,0.31384602189064026,0.3089595408128288,-0.0024857433702197822,tracking,0.3089595408128288,-0.0024857433702197822,tracking,2.0070978422103973,0
583,5.82999999999992,3.010222911834717,1.868080735206604,0.0004259843844920397,0.31266167759895325,0.3076191893528062,-0.0018057914674856346,tracking,0.3076191893528062,-0.0018057914674856346,tracking,2.0102304243045443,0
584,5.83999999999992,3.0133438110351562,1.8680821657180786,0.0005800379440188408,0.3115270733833313,0.30669637462125415,0.002047643401509193,tracking,0.30669637462125415,0.002047643401509193,tracking,2.013351323832832,0
585,5.84999999999992,3.0164530277252197,1.8680843114852905,0.0007337052375078201,0.3103152811527252,0.305155996366395,0.0037005884152269027,tracking,0.305155996366395,0.0037005884152269027,tracking,2.016460541263326,0
586,5.8599999999999195,3.0195505619049072,1.8680864572525024,0.0005808036075904965,0.30920183658599854,0.3044611763499704,-0.00015713233745109044,tracking,0.3044611763499704,-0.00015713233745109044,tracking,2.0195580761862364,0
587,5.869999999999919,3.022636651992798,1.868087887763977,0.0004282785812392831,0.30802759528160095,0.3030281279110173,-0.0013300105294797044,tracking,0.3030281279110173,-0.0013300105294797044,tracking,2.0226441666056734,0
588,5.879999999999919,3.0257108211517334,1.8680893182754517,0.0005800201906822622,0.30682268738746643,0.30169264886805747,0.0013476737512941178,tracking,0.30169264886805747,0.0013476737512941178,tracking,2.025718336097441,0
589,5.889999999999919,3.028773546218872,1.868091344833374,0.0007313822279684246,0.30572211742401123,0.3010363336760189,-0.0010913399915293345,tracking,0.3010363336760189,-0.0010913399915293345,tracking,2.0287810618350504,0
590,5.899999999999919,3.031825065612793,1.8680933713912964,0.000580752152018249,0.3045997619628906,0.29982114239628144,-0.00014546503276074464,tracking,0.29982114239628144,-0.00014546503276074464,tracking,2.0318325819019045,0
591,5.909999999999918,3.034865617752075,1.868094801902771,0.00043048971565440297,0.3034887909889221,0.2987587431572344,0.0028345349549177374,tracking,0.2987587431572344,0.0028345349549177374,tracking,2.0348731343776985,0
592,5.919999999999918,3.0378947257995605,1.8680962324142456,0.0005800116923637688,0.30235111713409424,0.2975073217403934,0.0038046838611997943,tracking,0.2975073217403934,0.0038046838611997943,tracking,2.037902242762967,0
593,5.929999999999918,3.0409128665924072,1.868098258972168,0.0007291705696843565,0.30128321051597595,0.29673647529203034,-0.0017753533454934259,tracking,0.29673647529203034,-0.0017753533454934259,tracking,2.040920384236189,0
594,5.939999999999918,3.0439205169677734,1.8681002855300903,0.0005806987173855305,0.3002645671367645,0.29592765431323614,-0.000741961952340435,tracking,0.29592765431323614,-0.000741961952340435,tracking,2.0439280352943037,0
595,5.949999999999918,3.046917676925659,1.868101716041565,0.0004325733461882919,0.2991788387298584,0.2945561471096143,-0.0013063617101236758,tracking,0.2945561471096143,-0.0013063617101236758,tracking,2.046925195593573,0
596,5.959999999999917,3.0499038696289062,1.8681031465530396,0.0005799661157652736,0.29803967475891113,0.29318962679653326,0.0013174951282068107,tracking,0.29318962679653326,0.0013174951282068107,tracking,2.0499113886394578,0
597,5.969999999999917,3.0528788566589355,1.868105173110962,0.000726990052498877,0.29693877696990967,0.29225148389005023,-0.0005121916263710804,tracking,0.29225148389005023,-0.0005121916263710804,tracking,2.0528863763597314,0
598,5.979999999999917,3.055842399597168,1.8681074380874634,0.0008732742862775922,0.2957932949066162,0.29091624479833067,0.0008228627763930442,tracking,0.29091624479833067,0.0008228627763930442,tracking,2.0558499201635017,0
599,5.989999999999917,3.0587947368621826,1.8681102991104126,0.0010191831970587373,0.2946590483188629,0.28982988211074007,-0.0016847199413900487,tracking,0.28982988211074007,-0.0016847199413900487,tracking,2.0588022588147825,0
600,5.9999999999999165,3.0617361068725586,1.868113398551941,0.001164378598332405,0.29362642765045166,0.2892299767872547,0.002734735345262255,tracking,0.2892299767872547,0.002734735345262255,tracking,2.061743630458162,0
601,6.009999999999916,3.064666986465454,1.868117094039917,0.001309228129684925,0.29255813360214233,0.2880096653255562,-0.0019842393856259466,tracking,0.2880096653255562,-0.0019842393856259466,tracking,2.0646745123808405,0
602,6.019999999999916,3.06758713722229,1.868120789527893,0.0011650831438601017,0.2914867103099823,0.286924964913976,-0.0008813655083094087,tracking,0.286924964913976,-0.0008813655083094087,tracking,2.067594665476019,0
603,6.029999999999916,3.070496082305908,1.8681238889694214,0.0010213106870651245,0.2902953326702118,0.28522286162449395,-0.0024952326983044715,tracking,0.28522286162449395,-0.0024952326983044715,tracking,2.070503612210843,0
604,6.039999999999916,3.073394298553467,1.8681269884109497,0.0011643763864412904,0.2893402874469757,0.28527411162119987,0.0001947889245937067,tracking,0.28527411162119987,0.0001947889245937067,tracking,2.07340183011572,0
605,6.0499999999999154,3.0762827396392822,1.8681306838989258,0.0013071198482066393,0.2883381247520447,0.28407124594404937,-0.0016931825934048874,tracking,0.28407124594404937,-0.0016931825934048874,tracking,2.076290273565549,0
606,6.059999999999915,3.0791611671447754,1.8681342601776123,0.0011650372762233019,0.28733301162719727,0.2830536604521484,-0.0012858683033284586,tracking,0.2830536604521484,-0.0012858683033284586,tracking,2.0791687032927006,0
607,6.069999999999915,3.0820298194885254,1.8681373596191406,0.0010232767090201378,0.28638213872909546,0.2823336489613547,0.002403128607302893,tracking,0.2823336489613547,0.002403128607302893,tracking,2.082037357310849,0
608,6.079999999999915,3.084888219833374,1.8681401014328003,0.0008821797091513872,0.28531792759895325,0.28078696731268826,-0.0015920833617741482,tracking,0.28078696731268826,-0.0015920833617741482,tracking,2.0848957589706885,0
609,6.089999999999915,3.087735176086426,1.8681423664093018,0.0007414663559757173,0.2840518355369568,0.2786612301893601,-0.0017938108185958264,tracking,0.2786612301893601,-0.0017938108185958264,tracking,2.087742716124723,0
610,6.099999999999914,3.090569019317627,1.8681446313858032,0.0008813308668322861,0.28274011611938477,0.27715536676004315,0.0002033165826785194,tracking,0.27715536676004315,0.0002033165826785194,tracking,2.090576560261076,0
611,6.109999999999914,3.0933902263641357,1.868147373199463,0.0010207771556451917,0.2815112769603729,0.27627935692451977,-3.960720643207509e-05,tracking,0.27627935692451977,-3.960720643207509e-05,tracking,2.093397768639912,0
612,6.119999999999914,3.0961999893188477,1.8681501150131226,0.0008820868679322302,0.2804441452026367,0.2759007084935019,-0.001893955797452088,tracking,0.2759007084935019,-0.001893955797452088,tracking,2.0962075329323775,0
613,6.129999999999914,3.0990002155303955,1.868152379989624,0.0007437071762979031,0.2796246111392975,0.27613525892730817,8.938591814039963e-05,tracking,0.27613525892730817,8.938591814039963e-05,tracking,2.0990077600599437,0
614,6.1399999999999135,3.1017918586730957,1.868154525756836,0.000881513231433928,0.2787022292613983,0.2747749990369459,0.002396712208106543,tracking,0.2747749990369459,0.002396712208106543,tracking,2.1017994040273047,0
615,6.149999999999913,3.104574680328369,1.8681572675704956,0.0010190267348662019,0.277847558259964,0.2742087351572489,0.0030859234011666008,tracking,0.2742087351572489,0.0030859234011666008,tracking,2.1045822270332826,0
616,6.159999999999913,3.1073484420776367,1.8681600093841553,0.0008821124793030322,0.27688220143318176,0.27277214144699014,-0.0027738976955014854,tracking,0.27277214144699014,-0.0027738976955014854,tracking,2.1073559901376666,0
617,6.169999999999913,3.110111951828003,1.8681621551513672,0.0007455343147739768,0.2758060693740845,0.27122436694561924,-0.003372096104115669,tracking,0.27122436694561924,-0.003372096104115669,tracking,2.1101195007210887,0
618,6.179999999999913,3.1128652095794678,1.868164300918579,0.0008814342436380684,0.27482253313064575,0.2706350434805723,0.0013372998347200814,tracking,0.2706350434805723,0.0013372998347200814,tracking,2.1128727593087113,0
619,6.1899999999999125,3.1156084537506104,1.8681669235229492,0.001017006579786539,0.27381640672683716,0.2695326729358991,-0.0015999232835818018,tracking,0.2695326729358991,-0.0015999232835818018,tracking,2.1156160047334884,0
620,6.199999999999912,3.1183414459228516,1.8681697845458984,0.00115190667565912,0.2727809250354767,0.2683721858429901,0.00036999018958477903,tracking,0.2683721858429901,0.00036999018958477903,tracking,2.118348998403255,0
621,6.209999999999912,3.1210641860961914,1.8681731224060059,0.0012864723103120923,0.2717847228050232,0.2675432172739419,-0.0004589267413869693,tracking,0.2675432172739419,-0.0004589267413869693,tracking,2.121071740622568,0
622,6.219999999999912,3.123776435852051,1.8681764602661133,0.0011525999289005995,0.2706756591796875,0.2659536480741383,-0.0016429792552638076,tracking,0.2659536480741383,-0.0016429792552638076,tracking,2.1237839924323136,0
623,6.229999999999912,3.1264777183532715,1.8681793212890625,0.001019092625938356,0.26956677436828613,0.2648454906089296,0.0011201254641103348,tracking,0.2648454906089296,0.0011201254641103348,tracking,2.126485276448639,0
624,6.239999999999911,3.1291680335998535,1.8681819438934326,0.000886295922100544,0.26851770281791687,0.2640510948580297,-0.0006146759474594601,tracking,0.2640510948580297,-0.0006146759474594601,tracking,2.129175592973519,0
625,6.249999999999911,3.131848096847534,1.8681840896606445,0.0007538380450569093,0.267508864402771,0.26321367185863676,-0.0030632463580660954,tracking,0.26321367185863676,-0.0030632463580660954,tracking,2.1318556570801936,0
626,6.259999999999911,3.1345179080963135,1.8681859970092773,0.000622060033492744,0.2664530277252197,0.2619577203704679,-0.002203859889562014,tracking,0.2619577203704679,-0.002203859889562014,tracking,2.1345254690102906,0
627,6.269999999999911,3.1371781826019287,1.868187427520752,0.000490598613396287,0.2655855119228363,0.26189197903904865,0.0006475938771696903,tracking,0.26189197903904865,0.0006475938771696903,tracking,2.137185743900521,0
628,6.2799999999999105,3.139829397201538,1.8681888580322266,0.000621466722805053,0.2646512985229492,0.26067378714485473,0.001760395232202892,tracking,0.26067378714485473,0.001760395232202892,tracking,2.1398369588860597,0
629,6.28999999999991,3.1424715518951416,1.8681907653808594,0.0007520343060605228,0.2637602686882019,0.2599665588429338,-3.7679407521267264e-05,tracking,0.2599665588429338,-3.7679407521267264e-05,tracking,2.1424791142681125,0
630,6.29999999999991,3.14510440826416,1.8681926727294922,0.0006220781360752881,0.26279425621032715,0.2586813398414988,-0.00013930304191947344,tracking,0.2586813398414988,-0.00013930304191947344,tracking,2.145111971328012,0
631,6.30999999999991,3.1477267742156982,1.8681941032409668,0.0004924664390273392,0.26166796684265137,0.25687267305567024,0.0020594611668961708,tracking,0.25687267305567024,0.0020594611668961708,tracking,2.147734337669725,0
632,6.31999999999991,3.1503381729125977,1.8681955337524414,0.0006213571759872139,0.2606047987937927,0.25607814033979037,0.002065184128455055,tracking,0.25607814033979037,0.002065184128455055,tracking,2.150345736758438,0
633,6.3299999999999095,3.1529393196105957,1.8681973218917847,0.0007499116472899914,0.2596256136894226,0.25545660262718906,-0.0015772492342827878,tracking,0.25545660262718906,-0.0015772492342827878,tracking,2.1529468840710577,0
634,6.339999999999909,3.1555306911468506,1.868199348449707,0.0008778194896876812,0.2586410343647003,0.25444903831183674,0.001603741833948567,tracking,0.25444903831183674,0.001603741833948567,tracking,2.155538256399738,0
635,6.349999999999909,3.158112049102783,1.8682018518447876,0.00100539845880121,0.257627934217453,0.2533145770667736,-0.005538520127307988,tracking,0.2533145770667736,-0.005538520127307988,tracking,2.1581196155695634,0
636,6.359999999999909,3.1606838703155518,1.8682043552398682,0.0008784396341070533,0.25675761699676514,0.2530520906457961,-0.0027705422875522624,tracking,0.2530520906457961,-0.0027705422875522624,tracking,2.1606914380007263,0
637,6.369999999999909,3.1632468700408936,1.8682063817977905,0.0007517772610299289,0.25582730770111084,0.25186635537010593,-0.00031586950402481134,tracking,0.25186635537010593,-0.00031586950402481134,tracking,2.1632544385272654,0
638,6.379999999999908,3.1658012866973877,1.868208408355713,0.0008778760675340891,0.25504615902900696,0.2517203451604782,0.001359551768154988,tracking,0.2517203451604782,0.001359551768154988,tracking,2.165808855987649,0
639,6.389999999999908,3.1683459281921387,1.8682109117507935,0.0010036579333245754,0.25390222668647766,0.249031863083171,6.404843691652784e-05,tracking,0.249031863083171,6.404843691652784e-05,tracking,2.1683534987138082,0
640,6.399999999999908,3.17087984085083,1.868213415145874,0.0010036579333245754,0.25286293029785156,0.24843803451268726,-3.2165285891385884e-05,tracking,0.24843803451268726,-3.2165285891385884e-05,tracking,2.170887412609122,0
641,6.409999999999908,3.173403739929199,1.868215799331665,0.0008790726424194872,0.2519317865371704,0.24796729543264345,-0.0030840085032092287,tracking,0.24796729543264345,-0.0030840085032092287,tracking,2.1734113128135943,0
642,6.419999999999908,3.1759185791015625,1.8682178258895874,0.0007547896821051836,0.25102633237838745,0.24717127194799415,-0.004795976255085992,tracking,0.24717127194799415,-0.004795976255085992,tracking,2.1759261528024982,0
643,6.429999999999907,3.178424835205078,1.8682196140289307,0.0006310651660896838,0.25023582577705383,0.24687019997651838,-0.002116204684823375,tracking,0.24687019997651838,-0.002116204684823375,tracking,2.178432409543906,0
644,6.439999999999907,3.180921792984009,1.8682209253311157,0.0005076454835943878,0.24917492270469666,0.24465801115511898,0.0006623135997239661,tracking,0.24465801115511898,0.0006623135997239661,tracking,2.180929367667158,0
645,6.449999999999907,3.1834094524383545,1.8682222366333008,0.0006304510752670467,0.24837082624435425,0.244947310323951,0.001597742402794632,tracking,0.244947310323951,0.001597742402794632,tracking,2.1834170274671125,0
646,6.459999999999907,3.1858887672424316,1.868224024772644,0.0007529812282882631,0.24750186502933502,0.24380215703677915,0.0026370284600472464,tracking,0.24380215703677915,0.0026370284600472464,tracking,2.1858963429160134,0
647,6.4699999999999065,3.188359022140503,1.8682259321212769,0.0008749086409807205,0.24654047191143036,0.2424472100841939,0.000614896394215499,tracking,0.2424472100841939,0.000614896394215499,tracking,2.1883665985504415,0
648,6.479999999999906,3.19081974029541,1.8682283163070679,0.0009965262142941356,0.24561966955661774,0.2416992277394153,-0.0001690417953655876,tracking,0.2416992277394153,-0.0001690417953655876,tracking,2.190827317860365,0
649,6.489999999999906,3.1932718753814697,1.8682307004928589,0.0008754718583077192,0.244829922914505,0.24146745410073386,-0.0001512588324898579,tracking,0.24146745410073386,-0.0001512588324898579,tracking,2.1932794541054843,0
650,6.499999999999906,3.19571590423584,1.8682326078414917,0.0007546912529505789,0.2439570128917694,0.24024052793143014,-0.002922672838972233,tracking,0.24024052793143014,-0.002922672838972233,tracking,2.195723483704113,0
651,6.509999999999906,3.198150873184204,1.868234395980835,0.0006345061701722443,0.2430214136838913,0.23903795262274666,-0.0015567241611537889,tracking,0.23903795262274666,-0.0015567241611537889,tracking,2.1981584533090444,0
652,6.519999999999905,3.2005767822265625,1.86823570728302,0.0005146156763657928,0.24216759204864502,0.2385323293327944,-0.00023590036285369657,tracking,0.2385323293327944,-0.00023590036285369657,tracking,2.2005843627058086,0
653,6.529999999999905,3.202993869781494,1.8682368993759155,0.0005146156763657928,0.24125678837299347,0.23737891626139135,-3.749024314661856e-05,tracking,0.23737891626139135,-3.749024314661856e-05,tracking,2.203001450554707,0
654,6.539999999999905,3.20540189743042,1.8682382106781006,0.0006334806093946099,0.24036219716072083,0.23655339147621052,0.005096045701037118,tracking,0.23655339147621052,0.005096045701037118,tracking,2.20540947856067,0
655,6.549999999999905,3.20780086517334,1.8682398796081543,0.0007520453655160964,0.2394334226846695,0.23547906286953685,-0.0002748358160283206,tracking,0.23547906286953685,-0.0002748358160283206,tracking,2.2078084468841164,0
656,6.559999999999905,3.2101902961730957,1.868241786956787,0.0008699746103957295,0.2384323626756668,0.23417023374569973,0.003092444404584317,tracking,0.23417023374569973,0.003092444404584317,tracking,2.2101978786451366,0
657,6.569999999999904,3.2125704288482666,1.8682440519332886,0.0009875991381704807,0.23758262395858765,0.23396473914036836,0.0013976967544114729,tracking,0.23396473914036836,0.0013976967544114729,tracking,2.2125780123980032,0
658,6.579999999999904,3.214942455291748,1.8682464361190796,0.0011046860599890351,0.2367994636297226,0.23346509258308343,0.0002451484507368859,tracking,0.23346509258308343,0.0002451484507368859,tracking,2.214950040039688,0
659,6.589999999999904,3.21730637550354,1.8682491779327393,0.0012215133756399155,0.23600594699382782,0.2326274147698828,-0.004250681610667277,tracking,0.2326274147698828,-0.004250681610667277,tracking,2.217313961841538,0
660,6.599999999999904,3.2196621894836426,1.868251919746399,0.0011052319314330816,0.2351415753364563,0.23146137249271215,-0.0050165130406478724,tracking,0.23146137249271215,-0.0050165130406478724,tracking,2.2196697774171694,0
661,6.6099999999999035,3.2220094203948975,1.86825430393219,0.000989232794381678,0.23429130017757416,0.23067117347076593,0.0012302348788776531,tracking,0.23067117347076593,0.0012302348788776531,tracking,2.222017009539285,0
662,6.619999999999903,3.224348306655884,1.8682565689086914,0.0008737861062400043,0.23346386849880219,0.22994097225647217,-0.002812674269514681,tracking,0.22994097225647217,-0.002812674269514681,tracking,2.2243558968969723,0
663,6.629999999999903,3.226679801940918,1.8682584762573242,0.0007585813291370869,0.23282167315483093,0.23008743811377905,0.0011414415632111981,tracking,0.23008743811377905,0.0011414415632111981,tracking,2.2266873929621878,0
664,6.639999999999903,3.2290029525756836,1.868260145187378,0.0006439202115871012,0.23181292414665222,0.22751803489101594,-0.001410256623196781,tracking,0.22751803489101594,-0.001410256623196781,tracking,2.2290105441964254,0
665,6.649999999999903,3.231316089630127,1.868261456489563,0.0005295869195833802,0.2308303713798523,0.2266470289512358,0.004829813547175023,tracking,0.2266470289512358,0.004829813547175023,tracking,2.2313236816225532,0
666,6.659999999999902,3.2336204051971436,1.868262767791748,0.0006433372618630528,0.23004263639450073,0.22668877352301003,0.006537155438502107,tracking,0.22668877352301003,0.006537155438502107,tracking,2.233627997562677,0
667,6.669999999999902,3.2359161376953125,1.8682644367218018,0.0007568048313260078,0.22911272943019867,0.22515353990935583,0.0047179262438977795,tracking,0.22515353990935583,0.0047179262438977795,tracking,2.2359237306674777,0
668,6.679999999999902,3.2382028102874756,1.8682661056518555,0.0006439329008571804,0.22823351621627808,0.22449013247252597,-0.00046339948439685225,tracking,0.22449013247252597,-0.00046339948439685225,tracking,2.238210403868676,0
669,6.689999999999902,3.2404801845550537,1.8682674169540405,0.000531371624674648,0.22722573578357697,0.22293499413367926,-0.0010889901674645376,tracking,0.22293499413367926,-0.0010889901674645376,tracking,2.240487778513775,0
670,6.699999999999902,3.242748975753784,1.8682684898376465,0.00041937074274756014,0.2265317291021347,0.2235769123545005,-0.002485017190520737,tracking,0.2235769123545005,-0.002485017190520737,tracking,2.2427565699661822,0
671,6.709999999999901,3.2450106143951416,1.8682693243026733,0.00030760414665564895,0.22580263018608093,0.2226984193673043,-0.0013970888417530478,tracking,0.2226984193673043,-0.0013970888417530478,tracking,2.2450182087614836,0
672,6.719999999999901,3.2472643852233887,1.8682701587677002,0.00041884538950398564,0.2249363511800766,0.22124805651588908,0.001485070397447023,tracking,0.22124805651588908,0.001485070397447023,tracking,2.247271979744212,0
673,6.729999999999901,3.249508857727051,1.8682712316513062,0.0005297843599691987,0.22396664321422577,0.21983795688795119,0.003629035944421163,tracking,0.21983795688795119,0.003629035944421163,tracking,2.249516452504299,0
674,6.739999999999901,3.2517447471618652,1.8682725429534912,0.0006401474820449948,0.22318756580352783,0.2198705841885863,0.0006584798586074438,tracking,0.2198705841885863,0.0006584798586074438,tracking,2.2517523423236394,0
675,6.7499999999999005,3.2539725303649902,1.8682740926742554,0.0007502460503019392,0.22235938906669617,0.21883330680456037,0.0022807374964798482,tracking,0.21883330680456037,0.0022807374964798482,tracking,2.253980126065783,0
676,6.7599999999999,3.256192445755005,1.8682756423950195,0.000640669371932745,0.22160270810127258,0.21838102119272343,-0.0006846847078586359,tracking,0.21838102119272343,-0.0006846847078586359,tracking,2.2562000419967267,0
677,6.7699999999999,3.258404016494751,1.8682769536972046,0.0005313654546625912,0.22070252895355225,0.21686989550232313,0.0021989078433940976,tracking,0.21686989550232313,0.0021989078433940976,tracking,2.2584116131252268,0
678,6.7799999999999,3.2606070041656494,1.8682781457901,0.0006401108694262803,0.21990661323070526,0.2165179314798957,0.0031121678458157134,tracking,0.2165179314798957,0.0031121678458157134,tracking,2.260614601118661,0
679,6.7899999999999,3.2628021240234375,1.8682796955108643,0.0007485965616069734,0.21912507712841034,0.215797571760414,-0.0023985922099856605,tracking,0.215797571760414,-0.0023985922099856605,tracking,2.2628097215234884,0
680,6.7999999999998995,3.2649893760681152,1.8682812452316284,0.000640636426396668,0.21831031143665314,0.21484135683222128,-0.0009348942870449455,tracking,0.21484135683222128,-0.0009348942870449455,tracking,2.264996974117173,0
681,6.809999999999899,3.2671680450439453,1.868282437324524,0.0005329526029527187,0.21744674444198608,0.21377001133058066,7.197114813484867e-05,tracking,0.21377001133058066,7.197114813484867e-05,tracking,2.2671756434191392,0
682,6.819999999999899,3.2693376541137695,1.8682835102081299,0.000425877224188298,0.21646259725093842,0.21227248601984813,-0.0013921811661975403,tracking,0.21227248601984813,-0.0013921811661975403,tracking,2.269345252754237,0
683,6.829999999999899,3.271498203277588,1.8682842254638672,0.0003190995194017887,0.21563847362995148,0.21212968981338393,-0.0009787420958240296,tracking,0.21212968981338393,-0.0009787420958240296,tracking,2.271505802036449,0
684,6.839999999999899,3.2736504077911377,1.8682849407196045,0.0004253334482200444,0.2148112952709198,0.21128949310321743,0.005952875887470208,tracking,0.21128949310321743,0.005952875887470208,tracking,2.273658006668852,0
685,6.849999999999898,3.2757949829101562,1.8682860136032104,0.0005313119618222117,0.21408693492412567,0.21100290226233803,0.002793183682546392,tracking,0.21100290226233803,0.002793183682546392,tracking,2.27580258205624,0
686,6.859999999999898,3.2779312133789062,1.868287205696106,0.0006367524620145559,0.21317750215530396,0.20930546292061802,0.0002919559728658174,tracking,0.20930546292061802,0.0002919559728658174,tracking,2.2779388128576055,0
687,6.869999999999898,3.280059337615967,1.8682887554168701,0.0007419224129989743,0.2124433070421219,0.2093174228572403,0.005107537134220823,tracking,0.2093174228572403,0.005107537134220823,tracking,2.2800669376589267,0
688,6.879999999999898,3.2821805477142334,1.8682904243469238,0.0008466393337585032,0.2118016928434372,0.20906991707260084,0.00045690145487000365,tracking,0.20906991707260084,0.00045690145487000365,tracking,2.282188148413735,0
689,6.8899999999998975,3.284294605255127,1.8682923316955566,0.0009511184180155396,0.2109987586736679,0.2075801854355646,-0.0024011441747401763,tracking,0.2075801854355646,-0.0024011441747401763,tracking,2.2843022068150542,0
690,6.899999999999897,3.2864010334014893,1.8682942390441895,0.0008471417822875082,0.21027573943138123,0.20719741042598375,-0.006343696703334593,tracking,0.20719741042598375,-0.006343696703334593,tracking,2.2864086358249587,0
691,6.909999999999897,3.288499355316162,1.8682959079742432,0.0007434306899085641,0.20938560366630554,0.20559578065682746,-0.006064682611895291,tracking,0.20559578065682746,-0.006064682611895291,tracking,2.288506958403335,0
692,6.919999999999897,3.2905890941619873,1.8682973384857178,0.0006402876460924745,0.20855067670345306,0.20499585175940035,-0.001431371104802041,tracking,0.20499585175940035,-0.001431371104802041,tracking,2.2905966977387817,0
693,6.929999999999897,3.2926700115203857,1.8682985305786133,0.000537431740667671,0.2076413333415985,0.20376969955476734,-0.0033415600697578197,tracking,0.20376969955476734,-0.0033415600697578197,tracking,2.292677615438637,0
694,6.9399999999998965,3.294743061065674,1.8682997226715088,0.000639759236946702,0.20694603025913239,0.2039856597924971,0.0022219041512443654,tracking,0.2039856597924971,0.0022219041512443654,tracking,2.2947506653266774,0
695,6.949999999999896,3.296808958053589,1.8683011531829834,0.0007418558234348893,0.2062389999628067,0.2032287276845871,-0.0013043811042933529,tracking,0.2032287276845871,-0.0013043811042933529,tracking,2.2968165628098647,0
696,6.959999999999896,3.298867702484131,1.8683027029037476,0.0008434840710833669,0.20552372932434082,0.20247839480786353,0.004302911667482296,tracking,0.20247839480786353,0.004302911667482296,tracking,2.298875307823683,0
697,6.969999999999896,3.3009192943573,1.8683046102523804,0.0009448763448745012,0.20480568706989288,0.2017485706776462,0.00235753323441692,tracking,0.2017485706776462,0.00235753323441692,tracking,2.3009269005834754,0
698,6.979999999999896,3.3029634952545166,1.8683066368103027,0.0010457771131768823,0.2040310800075531,0.20073312536065205,0.003498443630720799,tracking,0.20073312536065205,0.003498443630720799,tracking,2.3029711024852255,0
699,6.989999999999895,3.305000066757202,1.8683089017868042,0.0011464307317510247,0.203304260969162,0.20020973096857775,-0.0003685313268743714,tracking,0.20020973096857775,-0.0003685313268743714,tracking,2.3050076752474093,0
700,6.999999999999895,3.30702805519104,1.8683111667633057,0.0010463519720360637,0.2022852897644043,0.19794692776619383,-0.002297909493304915,tracking,0.19794692776619383,-0.002297909493304915,tracking,2.3070356649460764,0
701,7.009999999999895,3.309047222137451,1.868313193321228,0.000946565589401871,0.20152801275253296,0.19830382462067242,-0.004304193548574479,tracking,0.19830382462067242,-0.004304193548574479,tracking,2.3090548329094753,0
702,7.019999999999895,3.3110592365264893,1.8683149814605713,0.0008472424815408885,0.20087848603725433,0.19811308191574728,-0.006514813992233564,tracking,0.19811308191574728,-0.006514813992233564,tracking,2.3110668480931005,0
703,7.0299999999998946,3.3130643367767334,1.8683165311813354,0.0007481450447812676,0.2001570761203766,0.1970855799429954,-0.0026609038555839622,tracking,0.1970855799429954,-0.0026609038555839622,tracking,2.313071948942226,0
704,7.039999999999894,3.3150625228881836,1.86831796169281,0.00064950215164572,0.19949811697006226,0.19669250549504963,-0.005992673031895538,tracking,0.19669250549504963,-0.005992673031895538,tracking,2.3150701355657315,0
705,7.049999999999894,3.317054271697998,1.8683191537857056,0.0005510742194019258,0.19885146617889404,0.19609828287007675,0.002255253748913743,tracking,0.19609828287007675,0.002255253748913743,tracking,2.317061884732289,0
706,7.059999999999894,3.3190391063690186,1.8683202266693115,0.0004530985897872597,0.19812443852424622,0.19502899749353775,-0.00026901474353746915,tracking,0.19502899749353775,-0.00026901474353746915,tracking,2.319046719693278,0
707,7.069999999999894,3.321016311645508,1.8683209419250488,0.0003553753485903144,0.19731834530830383,0.19388630346154753,-0.0014694404110152312,tracking,0.19388630346154753,-0.0014694404110152312,tracking,2.3210239250991394,0
708,7.0799999999998935,3.322985887527466,1.8683216571807861,0.0004525891272351146,0.1965773105621338,0.1934222826386331,0.0023688132238631025,tracking,0.1934222826386331,0.0023688132238631025,tracking,2.322993501110971,0
709,7.089999999999893,3.3249475955963135,1.868322730064392,0.0005495487712323666,0.19577457010746002,0.1923568413672045,0.004899694829200175,tracking,0.1923568413672045,0.004899694829200175,tracking,2.3249552094732056,0
710,7.099999999999893,3.326901912689209,1.8683239221572876,0.0006460162112489343,0.19508257508277893,0.19213629588696163,0.005662184674129674,tracking,0.19213629588696163,0.005662184674129674,tracking,2.326909526929677,0
711,7.109999999999893,3.3288488388061523,1.8683253526687622,0.000742243486456573,0.19431567192077637,0.19105048375330133,0.003183072628385051,tracking,0.19105048375330133,0.003183072628385051,tracking,2.328856453572157,0
712,7.119999999999893,3.3307883739471436,1.8683267831802368,0.0006464996840804815,0.19361424446105957,0.19062782542588988,-0.00020688859823499856,tracking,0.19062782542588988,-0.00020688859823499856,tracking,2.3307959892406878,0
713,7.129999999999892,3.3327205181121826,1.8683278560638428,0.0005510000046342611,0.19283296167850494,0.18950654094408623,-0.0018531163446161387,tracking,0.18950654094408623,-0.0018531163446161387,tracking,2.3327281337036028,0
714,7.139999999999892,3.3346452713012695,1.8683288097381592,0.00045598793076351285,0.19213345646858215,0.18915518912476026,-0.0029561817644327268,tracking,0.18915518912476026,-0.0029561817644327268,tracking,2.3346528871289522,0
715,7.149999999999892,3.3365626335144043,1.8683295249938965,0.0003612183500081301,0.19135993719100952,0.18806661416568335,-0.003659588699006437,tracking,0.18806661416568335,-0.003659588699006437,tracking,2.336570249475497,0
716,7.159999999999892,3.338473081588745,1.8683301210403442,0.0002669042150955647,0.19075030088424683,0.18815467572587521,-0.00700599828329961,tracking,0.18815467572587521,-0.00700599828329961,tracking,2.338480697642819,0
717,7.169999999999892,3.340376615524292,1.868330478668213,0.00017281845794059336,0.18997271358966827,0.186662052347557,-0.005296341472994327,tracking,0.186662052347557,-0.005296341472994327,tracking,2.340384231611961,0
718,7.179999999999891,3.342273235321045,1.8683308362960815,0.00026644711033441126,0.18936215341091156,0.18676261151650925,0.005521594059364882,tracking,0.18676261151650925,0.005521594059364882,tracking,2.3422808514424314,0
719,7.189999999999891,3.344163656234741,1.8683314323425293,0.00035986604052595794,0.18869885802268982,0.18587476723451185,0.0005633868689422714,tracking,0.18587476723451185,0.0005633868689422714,tracking,2.344171272450094,0
720,7.199999999999891,3.3460476398468018,1.868332028388977,0.00026686800993047655,0.18808382749557495,0.18546524012451684,-0.0021924141683551755,tracking,0.18546524012451684,-0.0021924141683551755,tracking,2.3460552561564416,0
721,7.209999999999891,3.3479247093200684,1.8683323860168457,0.00017409370047971606,0.18734000623226166,0.18417307688319315,-0.005101794780110145,tracking,0.18417307688319315,-0.005101794780110145,tracking,2.3479323256637765,0
722,7.2199999999998905,3.349794387817383,1.8683327436447144,0.0002663832565303892,0.18661168217658997,0.1835107303220837,0.006565348310751477,tracking,0.1835107303220837,0.006565348310751477,tracking,2.3498020041952943,0
723,7.22999999999989,3.3516576290130615,1.868333339691162,0.00035846035461872816,0.18604958057403564,0.18365634130565375,0.006082537337046046,tracking,0.18365634130565375,0.006082537337046046,tracking,2.35166524548631,0
724,7.23999999999989,3.3535141944885254,1.8683340549468994,0.00045010034227743745,0.18528425693511963,0.18202578785953175,0.002378728057498598,tracking,0.18202578785953175,0.002378728057498598,tracking,2.3535218110995526,0
725,7.24999999999989,3.355363130569458,1.8683350086212158,0.0005414879415184259,0.18451642990112305,0.18124732858435627,0.000183673531071021,tracking,0.18124732858435627,0.000183673531071021,tracking,2.355370747426436,0
726,7.25999999999989,3.357203960418701,1.8683359622955322,0.0004506348632276058,0.18366087973117828,0.18001822919909607,-0.0058239587238609145,tracking,0.18001822919909607,-0.0058239587238609145,tracking,2.357211577522713,0
727,7.269999999999889,3.3590219020843506,1.8683366775512695,0.000360537669621408,0.1799248456954956,0.0,0.0,front_clearance_stop,0.1640182291990961,0.0,front_clearance_stop,2.3590295193290687,0
728,7.279999999999889,3.360790729522705,1.8683372735977173,0.000360537669621408,0.1738562136888504,0.0,0.0,recovery_gate,0.14801822919909607,0.0,recovery_gate,2.360798346867849,0
729,7.289999999999889,3.3624894618988037,1.868337869644165,0.000360537669621408,0.1658986210823059,0.0,0.0,front_clearance_stop,0.13201822919909606,0.0,front_clearance_stop,2.3624970793485174,0
730,7.299999999999889,3.364100933074951,1.8683384656906128,0.000360537669621408,0.15641136467456818,0.0,0.0,front_clearance_stop,0.11601822919909606,0.0,front_clearance_stop,2.3641085506348967,0
731,7.309999999999889,3.3656113147735596,1.8683390617370605,0.000360537669621408,0.14568538963794708,0.0,0.0,front_clearance_stop,0.10001822919909606,0.0,front_clearance_stop,2.365618932451115,0
732,7.319999999999888,3.3670096397399902,1.8683395385742188,0.000360537669621408,0.13395629823207855,0.0,0.0,front_clearance_stop,0.08401822919909606,0.0,front_clearance_stop,2.3670172574988477,0
733,7.329999999999888,3.368286609649658,1.868340015411377,0.000360537669621408,0.12141487747430801,0.0,0.0,front_clearance_stop,0.06801822919909606,0.0,front_clearance_stop,2.3682942274975445,0
734,7.339999999999888,3.3694348335266113,1.8683403730392456,0.000360537669621408,0.10821563750505447,0.0,0.0,front_clearance_stop,0.05201822919909606,0.0,front_clearance_stop,2.3694424514301913,0
735,7.349999999999888,3.370448350906372,1.8683407306671143,0.000360537669621408,0.09448368847370148,0.0,0.0,front_clearance_stop,0.03601822919909606,0.0,front_clearance_stop,2.3704559688730478,0
736,7.3599999999998875,3.3713223934173584,1.868341088294983,0.000360537669621408,0.08032035827636719,0.0,0.0,front_clearance_stop,0.020018229199096058,0.0,front_clearance_stop,2.3713300114571987,0
737,7.369999999999887,3.3720531463623047,1.868341326713562,0.000360537669621408,0.06580769270658493,0.0,0.0,front_clearance_stop,0.004018229199096057,0.0,front_clearance_stop,2.3720607644410387,0
738,7.379999999999887,3.3726487159729004,1.8683415651321411,0.000360537669621408,0.053291067481040955,0.0,0.0,front_clearance_stop,0.0,0.0,front_clearance_stop,2.3726563340993563,0
739,7.389999999999887,3.373131036758423,1.8683416843414307,0.000360537669621408,0.04315510764718056,0.0,0.0,front_clearance_stop,0.0,0.0,front_clearance_stop,2.3731386548996105,0
740,7.399999999999887,3.373521566390991,1.8683418035507202,0.000360537669621408,0.03494700789451599,0.0,0.0,front_clearance_stop,0.0,0.0,front_clearance_stop,2.373529184550373,0
741,7.4099999999998865,3.37383770942688,1.8683419227600098,0.000360537669621408,0.0283000860363245,0.0,0.0,front_clearance_stop,0.0,0.0,front_clearance_stop,2.3738453276087372,0
742,7.419999999999886,3.374093770980835,1.8683420419692993,0.000360537669621408,0.022917410358786583,0.0,0.0,front_clearance_stop,0.0,0.0,front_clearance_stop,2.3741013891904412,0
743,7.429999999999886,3.3743011951446533,1.8683421611785889,0.000360537669621408,0.018558518961071968,0.0,0.0,front_clearance_stop,0.0,0.0,front_clearance_stop,2.3743088133885153,0
