step,sim_time_s,x_m,y_m,yaw_rad,actual_speed_mps,requested_speed_mps,requested_steering_rad,request_reason,applied_speed_mps,applied_steering_rad,applied_reason,distance_travelled_m,collision,scan_event,request_published
1,0.01,1.0,1.8730000257492065,0.0,0.0,0.0,0.0,wall_lost,0.0,0.0,wall_lost,0.0,0,1,1
2,0.02,1.0,1.8730000257492065,0.0,0.0,0.0,0.0,wall_lost,0.0,0.0,wall_lost,0.0,0,0,0
3,0.03,1.0,1.8730000257492065,0.0,0.0,0.0,0.0,wall_lost,0.0,0.0,wall_lost,0.0,0,0,0
4,0.04,1.0,1.8730000257492065,0.0,0.0,0.0,0.0,wall_lost,0.0,0.0,wall_lost,0.0,0,0,0
5,0.05,1.0,1.8730000257492065,0.0,0.0,0.0,0.0,wall_lost,0.0,0.0,wall_lost,0.0,0,0,0
6,0.060000000000000005,1.0,1.8730000257492065,0.0,0.0,0.0,0.0,recovery_gate,0.0,0.0,recovery_gate,0.0,0,1,1
7,0.07,1.0,1.8730000257492065,0.0,0.0,0.0,0.0,recovery_gate,0.0,0.0,recovery_gate,0.0,0,0,0
8,0.08,1.0,1.8730000257492065,0.0,0.0,0.0,0.0,recovery_gate,0.0,0.0,recovery_gate,0.0,0,0,0
9,0.09,1.0,1.8730000257492065,0.0,0.0,0.0,0.0,recovery_gate,0.0,0.0,recovery_gate,0.0,0,0,0
10,0.09999999999999999,1.0,1.8730000257492065,0.0,0.0,0.0,0.0,recovery_gate,0.0,0.0,recovery_gate,0.0,0,0,0
11,0.10999999999999999,1.0,1.8730000257492065,0.0,0.0,0.0,0.0,recovery_gate,0.0,0.0,recovery_gate,0.0,0,1,1
12,0.11999999999999998,1.0,1.8730000257492065,0.0,0.0,0.0,0.0,recovery_gate,0.0,0.0,recovery_gate,0.0,0,0,0
13,0.12999999999999998,1.0,1.8730000257492065,0.0,0.0,0.0,0.0,recovery_gate,0.0,0.0,recovery_gate,0.0,0,0,0
14,0.13999999999999999,1.0,1.8730000257492065,0.0,0.0,0.0,0.0,recovery_gate,0.0,0.0,recovery_gate,0.0,0,0,0
15,0.15,1.0,1.8730000257492065,0.0,0.0,0.0,0.0,recovery_gate,0.0,0.0,recovery_gate,0.0,0,0,0
16,0.16,1.0,1.8730000257492065,0.0,0.0,0.0,0.0,recovery_gate,0.0,0.0,recovery_gate,0.0,0,1,1
17,0.17,1.0,1.8730000257492065,0.0,0.0,0.0,0.0,recovery_gate,0.0,0.0,recovery_gate,0.0,0,0,0
18,0.18000000000000002,1.0,1.8730000257492065,0.0,0.0,0.0,0.0,recovery_gate,0.0,0.0,recovery_gate,0.0,0,0,0
19,0.19000000000000003,1.0,1.8730000257492065,0.0,0.0,0.0,0.0,recovery_gate,0.0,0.0,recovery_gate,0.0,0,0,0
20,0.20000000000000004,1.0,1.8730000257492065,0.0,0.0,0.0,0.0,recovery_gate,0.0,0.0,recovery_gate,0.0,0,0,0
21,0.21000000000000005,1.0000003576278687,1.8730000257492065,-2.505225893401075e-08,7.608000305481255e-05,0.040000000000000015,-0.021136545993984148,tracking,0.008,-0.021136545993984148,tracking,3.5762786865234375e-07,0,1,1
22,0.22000000000000006,1.0000048875808716,1.8730000257492065,-1.8727878625668382e-07,0.0008332624565809965,0.040000000000000015,-0.021136545993984148,tracking,0.016,-0.021136545993984148,tracking,4.887580871582031e-06,0,0,0
23,0.23000000000000007,1.0000187158584595,1.8730000257492065,-9.61573618951661e-07,0.0019348408095538616,0.040000000000000015,-0.021136545993984148,tracking,0.024,-0.021136545993984148,tracking,1.8715858459472656e-05,0,0,0
24,0.24000000000000007,1.0000451803207397,1.8730000257492065,-2.1525586362258764e-06,0.003364439122378826,0.040000000000000015,-0.021136545993984148,tracking,0.032,-0.021136545993984148,tracking,4.5180320739746094e-05,0,0,0
25,0.25000000000000006,1.0000874996185303,1.8730000257492065,-4.387920853332616e-06,0.005106459837406874,0.040000000000000015,-0.021136545993984148,tracking,0.04,-0.021136545993984148,tracking,8.749961853027344e-05,0,0,0
26,0.26000000000000006,1.0001487731933594,1.8730000257492065,-7.2458233262295835e-06,0.007146047428250313,0.08000000000000002,-0.017680909763050822,tracking,0.048,-0.017680909763050822,tracking,0.000148773193359375,0,1,1
27,0.2700000000000001,1.0002318620681763,1.8730000257492065,-1.15402772280504e-05,0.009469052776694298,0.08000000000000002,-0.017680909763050822,tracking,0.056,-0.017680909763050822,tracking,0.00023186206817626953,0,0,0
28,0.2800000000000001,1.0003395080566406,1.8730000257492065,-1.6644009519950487e-05,0.012061999179422855,0.08000000000000002,-0.017680909763050822,tracking,0.064,-0.017680909763050822,tracking,0.000339508056640625,0,0,0
29,0.2900000000000001,1.0004743337631226,1.8730000257492065,-2.3540058464277536e-05,0.014912051148712635,0.08000000000000002,-0.017680909763050822,tracking,0.07200000000000001,-0.017680909763050822,tracking,0.0004743337631225586,0,0,0
30,0.3000000000000001,1.0006389617919922,1.8730000257492065,-3.141479101032019e-05,0.018006982281804085,0.08000000000000002,-0.017680909763050822,tracking,0.08000000000000002,-0.017680909763050822,tracking,0.0006389617919921875,0,0,0
31,0.3100000000000001,1.000835657119751,1.8730000257492065,-4.1404575313208625e-05,0.02133515104651451,0.12000000000000001,-0.015510648563754021,tracking,0.08800000000000002,-0.015510648563754021,tracking,0.0008356571197509766,0,1,1
32,0.3200000000000001,1.00106680393219,1.8730000257492065,-5.252671689959243e-05,0.02488546445965767,0.12000000000000001,-0.015510648563754021,tracking,0.09600000000000003,-0.015510648563754021,tracking,0.0010668039321899414,0,0,0
33,0.3300000000000001,1.0013344287872314,1.8730000257492065,-6.605668022530153e-05,0.02864736132323742,0.12000000000000001,-0.015510648563754021,tracking,0.10400000000000004,-0.015510648563754021,tracking,0.0013344287872314453,0,0,0
34,0.34000000000000014,1.0016406774520874,1.8730000257492065,-8.085840818239376e-05,0.032610777765512466,0.12000000000000001,-0.015510648563754021,tracking,0.11200000000000004,-0.015510648563754021,tracking,0.0016406774520874023,0,0,0
35,0.35000000000000014,1.0019875764846802,1.8730000257492065,-9.833355579758063e-05,0.036766134202480316,0.12000000000000001,-0.015510648563754021,tracking,0.12000000000000001,-0.015510648563754021,tracking,0.0019875764846801758,0,0,0
36,0.36000000000000015,1.002376914024353,1.8730000257492065,-0.00011720693873940036,0.041104305535554886,0.16000000000000003,-0.01363926321243076,tracking,0.128,-0.01363926321243076,tracking,0.0023769140243530273,0,1,1
37,0.37000000000000016,1.0028104782104492,1.8730000257492065,-0.00013899467012379318,0.045616596937179565,0.16000000000000003,-0.01363926321243076,tracking,0.136,-0.01363926321243076,tracking,0.0028104782104492188,0,0,0
38,0.38000000000000017,1.003290057182312,1.872999906539917,-0.0001622953568585217,0.050294727087020874,0.16000000000000003,-0.01363926321243076,tracking,0.14400000000000002,-0.01363926321243076,tracking,0.003290057197127981,0,0,0
39,0.3900000000000002,1.0038172006607056,1.8729997873306274,-0.000188728969078511,0.055130813270807266,0.16000000000000003,-0.01363926321243076,tracking,0.15200000000000002,-0.01363926321243076,tracking,0.00381720068900065,0,0,0
40,0.4000000000000002,1.004393458366394,1.872999668121338,-0.00021677960467059165,0.060117341578006744,0.16000000000000003,-0.01363926321243076,tracking,0.16000000000000003,-0.01363926321243076,tracking,0.004393458407019421,0,0,0
41,0.4100000000000002,1.005020260810852,1.8729995489120483,-0.0002481614355929196,0.06524716317653656,0.2,-0.011838332128632806,tracking,0.16800000000000004,-0.011838332128632806,tracking,0.005020260862813421,0,1,1
42,0.4200000000000002,1.0056990385055542,1.8729993104934692,-0.0002812547027133405,0.07051345705986023,0.2,-0.011838332128632806,tracking,0.17600000000000005,-0.011838332128632806,tracking,0.005699038599387465,0,0,0
43,0.4300000000000002,1.0064311027526855,1.8729990720748901,-0.0003178590559400618,0.07590974122285843,0.2,-0.011838332128632806,tracking,0.18400000000000005,-0.011838332128632806,tracking,0.0064311028853428764,0,0,0
44,0.4400000000000002,1.0072177648544312,1.872998833656311,-0.00035626048338599503,0.08142983168363571,0.2,-0.011838332128632806,tracking,0.19200000000000006,-0.011838332128632806,tracking,0.007217765023217982,0,0,0
45,0.45000000000000023,1.0080602169036865,1.8729984760284424,-0.00039833615301176906,0.08706784248352051,0.2,-0.011838332128632806,tracking,0.2,-0.011838332128632806,tracking,0.008060217148381345,0,0,0
46,0.46000000000000024,1.0089596509933472,1.8729981184005737,-0.0004422866040840745,0.09281816333532333,0.24,-0.011167516544980353,tracking,0.20800000000000002,-0.011167516544980353,tracking,0.008959651309140967,0,1,1
47,0.47000000000000025,1.009917140007019,1.8729976415634155,-0.0004900593194179237,0.09867545962333679,0.24,-0.011167516544980353,tracking,0.21600000000000003,-0.011167516544980353,tracking,0.009917140441547187,0,0,0
48,0.48000000000000026,1.0109336376190186,1.8729971647262573,-0.00053977727657184,0.10463464260101318,0.24,-0.011167516544980353,tracking,0.22400000000000003,-0.011167516544980353,tracking,0.01093363816538841,0,0,0
49,0.49000000000000027,1.0120102167129517,1.8729965686798096,-0.0005934517830610275,0.11069086194038391,0.24,-0.011167516544980353,tracking,0.23200000000000004,-0.011167516544980353,tracking,0.012010217424321627,0,0,0
50,0.5000000000000002,1.0131478309631348,1.8729958534240723,-0.0006491355015896261,0.11683951318264008,0.24,-0.011167516544980353,tracking,0.24,-0.011167516544980353,tracking,0.01314783189935719,0,0,0
51,0.5100000000000002,1.0143474340438843,1.8729950189590454,-0.0007088975398801267,0.1230761930346489,0.27999999999999997,-0.008958637027715906,tracking,0.248,-0.008958637027715906,tracking,0.01434743527034095,0,1,1
52,0.5200000000000002,1.0156097412109375,1.872994065284729,-0.0007707267650403082,0.1293967217206955,0.27999999999999997,-0.008958637027715906,tracking,0.256,-0.008958637027715906,tracking,0.015609742797645067,0,0,0
53,0.5300000000000002,1.0169357061386108,1.872992992401123,-0.0008367448463104665,0.13579711318016052,0.27999999999999997,-0.008958637027715906,tracking,0.264,-0.008958637027715906,tracking,0.01693570815937176,0,0,0
54,0.5400000000000003,1.0183260440826416,1.8729918003082275,-0.0009048827923834324,0.14227356016635895,0.27999999999999997,-0.008958637027715906,tracking,0.272,-0.008958637027715906,tracking,0.018326046614460002,0,0,0
55,0.5500000000000003,1.019781470298767,1.8729904890060425,-0.000977309769950807,0.14882245659828186,0.27999999999999997,-0.008958637027715906,tracking,0.27999999999999997,-0.008958637027715906,tracking,0.01978147342131041,0,0,0
56,0.5600000000000003,1.0213028192520142,1.8729889392852783,-0.0010519044008105993,0.1554403454065323,0.32,-0.008113756015154058,tracking,0.288,-0.008113756015154058,tracking,0.02130282316386812,0,1,1
57,0.5700000000000003,1.0228906869888306,1.8729872703552246,-0.0011308790417388082,0.16212396323680878,0.32,-0.008113756015154058,tracking,0.296,-0.008113756015154058,tracking,0.022890691777749626,0,0,0
58,0.5800000000000003,1.024545669555664,1.8729853630065918,-0.0012120645260438323,0.16887016594409943,0.32,-0.008113756015154058,tracking,0.304,-0.008113756015154058,tracking,0.024545675443681587,0,0,0
59,0.5900000000000003,1.0262683629989624,1.8729832172393799,-0.0012977125588804483,0.17567598819732666,0.32,-0.008113756015154058,tracking,0.312,-0.008113756015154058,tracking,0.026268370223350934,0,0,0
60,0.6000000000000003,1.028059482574463,1.8729808330535889,-0.0013856106670573354,0.18253859877586365,0.32,-0.008113756015154058,tracking,0.32,-0.008113756015154058,tracking,0.028059491385663226,0,0,0
61,0.6100000000000003,1.0299195051193237,1.8729782104492188,-0.001478046178817749,0.1894552856683731,0.36,-0.007404592526953229,tracking,0.328,-0.007404592526953229,tracking,0.0299195157794399,0,1,1
62,0.6200000000000003,1.0318489074707031,1.87297523021698,-0.0015727675054222345,0.1964234858751297,0.36,-0.007404592526953229,tracking,0.336,-0.007404592526953229,tracking,0.03184892043251103,0,0,0
63,0.6300000000000003,1.0338482856750488,1.872972011566162,-0.00167209398932755,0.20344075560569763,0.36,-0.007404592526953229,tracking,0.34400000000000003,-0.007404592526953229,tracking,0.03384830122758878,0,0,0
64,0.6400000000000003,1.0359179973602295,1.8729684352874756,-0.001773738651536405,0.21050474047660828,0.36,-0.007404592526953229,tracking,0.35200000000000004,-0.007404592526953229,tracking,0.03591801600251373,0,0,0
65,0.6500000000000004,1.0380586385726929,1.87296462059021,-0.0018800500547513366,0.21761323511600494,0.36,-0.007404592526953229,tracking,0.36,-0.007404592526953229,tracking,0.03805866061393617,0,0,0
66,0.6600000000000004,1.0402705669403076,1.8729603290557861,-0.001988708972930908,0.2247641235589981,0.37574228791378755,-0.006131105404145928,tracking,0.368,-0.006131105404145928,tracking,0.04027059314471701,0,1,1
67,0.6700000000000004,1.0425541400909424,1.8729556798934937,-0.002102086553350091,0.23194313049316406,0.37574228791378755,-0.006131105404145928,tracking,0.37574228791378755,-0.006131105404145928,tracking,0.04255417102799798,0,0,0
68,0.6800000000000004,1.044907808303833,1.872950553894043,-0.0022177714854478836,0.23878078162670135,0.37574228791378755,-0.006131105404145928,tracking,0.37574228791378755,-0.006131105404145928,tracking,0.04490784482277969,0,0,0
69,0.6900000000000004,1.0473281145095825,1.8729450702667236,-0.002337852492928505,0.24529330432415009,0.37574228791378755,-0.006131105404145928,tracking,0.37574228791378755,-0.006131105404145928,tracking,0.047328157240579954,0,0,0
70,0.7000000000000004,1.0498120784759521,1.872939109802246,-0.0024600268807262182,0.25149616599082947,0.37574228791378755,-0.006131105404145928,tracking,0.37574228791378755,-0.006131105404145928,tracking,0.049812128358238034,0,0,0
71,0.7100000000000004,1.0523568391799927,1.8729327917099,-0.002586209448054433,0.25746580958366394,0.37704057318670897,-0.004261574611139084,tracking,0.37704057318670897,-0.004261574611139084,tracking,0.05235689690549724,0,1,1
72,0.7200000000000004,1.0549598932266235,1.872925877571106,-0.002714310772716999,0.2631515860557556,0.37704057318670897,-0.004261574611139084,tracking,0.37704057318670897,-0.004261574611139084,tracking,0.054959960134655636,0,0,0
73,0.7300000000000004,1.057618498802185,1.8729184865951538,-0.002846067538484931,0.2685669958591461,0.37704057318670897,-0.004261574611139084,tracking,0.37704057318670897,-0.004261574611139084,tracking,0.05761857598372679,0,0,0
74,0.7400000000000004,1.0603299140930176,1.872910499572754,-0.0029795649461448193,0.27372491359710693,0.37704057318670897,-0.004261574611139084,tracking,0.37704057318670897,-0.004261574611139084,tracking,0.06033000303822913,0,0,0
75,0.7500000000000004,1.06309175491333,1.8729021549224854,-0.0031163785606622696,0.278637558221817,0.37704057318670897,-0.004261574611139084,tracking,0.37704057318670897,-0.004261574611139084,tracking,0.0630918564648129,0,0,0
76,0.7600000000000005,1.065901756286621,1.8728930950164795,-0.0032547800801694393,0.2833702862262726,0.37816948170112075,-0.002635946350386116,tracking,0.37816948170112075,-0.002635946350386116,tracking,0.06590187244337854,0,1,1
77,0.7700000000000005,1.0687580108642578,1.872883677482605,-0.003396224230527878,0.28787797689437866,0.37816948170112075,-0.002635946350386116,tracking,0.37816948170112075,-0.002635946350386116,tracking,0.06875814254654018,0,0,0
78,0.7800000000000005,1.0716582536697388,1.8728735446929932,-0.0035391172859817743,0.29217132925987244,0.37816948170112075,-0.002635946350386116,tracking,0.37816948170112075,-0.002635946350386116,tracking,0.07165840305279982,0,0,0
79,0.7900000000000005,1.074600338935852,1.8728629350662231,-0.0036847705487161875,0.2962605357170105,0.37816948170112075,-0.002635946350386116,tracking,0.37816948170112075,-0.002635946350386116,tracking,0.07460050744885055,0,0,0
80,0.8000000000000005,1.0775823593139648,1.8728516101837158,-0.0038317381404340267,0.30015531182289124,0.37816948170112075,-0.002635946350386116,tracking,0.37816948170112075,-0.002635946350386116,tracking,0.07758254933125995,0,0,0
81,0.8100000000000005,1.0806026458740234,1.8728399276733398,-0.003981224726885557,0.3039103150367737,0.37912463138439995,-0.0012605308064641135,tracking,0.37912463138439995,-0.0012605308064641135,tracking,0.08060285848529025,0,1,1
82,0.8200000000000005,1.0836596488952637,1.872827410697937,-0.004131918307393789,0.30748674273490906,0.37912463138439995,-0.0012605308064641135,tracking,0.37912463138439995,-0.0012605308064641135,tracking,0.08365988713195766,0,0,0
83,0.8300000000000005,1.0867515802383423,1.8728145360946655,-0.004284911323338747,0.31089311838150024,0.37912463138439995,-0.0012605308064641135,tracking,0.37912463138439995,-0.0012605308064641135,tracking,0.08675184527943011,0,0,0
84,0.8400000000000005,1.089876651763916,1.8728008270263672,-0.004438999108970165,0.3141375184059143,0.37912463138439995,-0.0012605308064641135,tracking,0.37912463138439995,-0.0012605308064641135,tracking,0.08987694687433952,0,0,0
85,0.8500000000000005,1.0930334329605103,1.8727866411209106,-0.004595172591507435,0.31722766160964966,0.37912463138439995,-0.0012605308064641135,tracking,0.37912463138439995,-0.0012605308064641135,tracking,0.09303375994499868,0,0,0
86,0.8600000000000005,1.0962204933166504,1.8727716207504272,-0.004752343520522118,0.3201940655708313,0.37961273577682586,0.0005576604813707729,tracking,0.37961273577682586,0.0005576604813707729,tracking,0.09622085569586805,0,1,1
87,0.8700000000000006,1.0994365215301514,1.8727564811706543,-0.00459326570853591,0.323019415140152,0.37961273577682586,0.0005576604813707729,tracking,0.37961273577682586,0.0005576604813707729,tracking,0.09943691954425632,0,0,0
88,0.8800000000000006,1.1026800870895386,1.872741937637329,-0.004433279857039452,0.3257104158401489,0.37961273577682586,0.0005576604813707729,tracking,0.37961273577682586,0.0005576604813707729,tracking,0.10268051770870339,0,0,0
89,0.8900000000000006,1.1059499979019165,1.872727632522583,-0.004271563608199358,0.3282734751701355,0.37961273577682586,0.0005576604813707729,tracking,0.37961273577682586,0.0005576604813707729,tracking,0.10595045981174038,0,0,0
90,0.9000000000000006,1.1092449426651,1.8727139234542847,-0.004109023604542017,0.3307146430015564,0.37961273577682586,0.0005576604813707729,tracking,0.37961273577682586,0.0005576604813707729,tracking,0.10924543309402729,0,0,0
91,0.9100000000000006,1.1125637292861938,1.8727000951766968,-0.004273132421076298,0.3330375552177429,0.3795665879267902,-0.0006241133854221412,tracking,0.3795665879267902,-0.0006241133854221412,tracking,0.11256424852390765,0,1,1
92,0.9200000000000006,1.1159051656723022,1.872685432434082,-0.004437987692654133,0.33525002002716064,0.3795665879267902,-0.0006241133854221412,tracking,0.3795665879267902,-0.0006241133854221412,tracking,0.11590571708105885,0,0,0
93,0.9300000000000006,1.1192681789398193,1.872670292854309,-0.004604265559464693,0.3373572826385498,0.3795665879267902,-0.0006241133854221412,tracking,0.3795665879267902,-0.0006241133854221412,tracking,0.11926876442600831,0,0,0
94,0.9400000000000006,1.1226516962051392,1.8726543188095093,-0.004771220497786999,0.33936432003974915,0.3795665879267902,-0.0006241133854221412,tracking,0.3795665879267902,-0.0006241133854221412,tracking,0.12265231939893613,0,0,0
95,0.9500000000000006,1.1260548830032349,1.8726378679275513,-0.004939465783536434,0.3412759304046631,0.3795665879267902,-0.0006241133854221412,tracking,0.3795665879267902,-0.0006241133854221412,tracking,0.12605554595828392,0,0,0
96,0.9600000000000006,1.1294766664505005,1.8726205825805664,-0.005108323879539967,0.3430863618850708,0.37935021389174894,0.0009356919958815463,tracking,0.37935021389174894,0.0009356919958815463,tracking,0.12947737306426127,0,1,1
97,0.9700000000000006,1.1329160928726196,1.872603178024292,-0.004938301630318165,0.34481069445610046,0.37935021389174894,0.0009356919958815463,tracking,0.37935021389174894,0.0009356919958815463,tracking,0.13291684352230426,0,0,0
98,0.9800000000000006,1.1363723278045654,1.8725864887237549,-0.004767725244164467,0.3464530408382416,0.37935021389174894,0.0009356919958815463,tracking,0.37935021389174894,0.0009356919958815463,tracking,0.1363731187482599,0,0,0
99,0.9900000000000007,1.1398446559906006,1.8725701570510864,-0.004596093203872442,0.34801730513572693,0.37935021389174894,0.0009356919958815463,tracking,0.37935021389174894,0.0009356919958815463,tracking,0.1398454853410992,0,0,0
100,1.0000000000000007,1.1433322429656982,1.8725545406341553,-0.004423958249390125,0.3495071828365326,0.37935021389174894,0.0009356919958815463,tracking,0.37935021389174894,0.0009356919958815463,tracking,0.14333310727894574,0,0,0
101,1.0100000000000007,1.1468344926834106,1.8725388050079346,-0.0045970589853823185,0.35094955563545227,0.3798412678500878,-0.00022857429587356745,tracking,0.3798412678500878,-0.00022857429587356745,tracking,0.14683539234660503,0,1,1
102,1.0200000000000007,1.15035080909729,1.872522234916687,-0.004770623054355383,0.35232335329055786,0.3798412678500878,-0.00022857429587356745,tracking,0.3798412678500878,-0.00022857429587356745,tracking,0.15035174780224964,0,0,0
103,1.0300000000000007,1.1538805961608887,1.8725051879882812,-0.00494507048279047,0.3536318242549896,0.3798412678500878,-0.00022857429587356745,tracking,0.3798412678500878,-0.00022857429587356745,tracking,0.15388157602924826,0,0,0
104,1.0400000000000007,1.1574231386184692,1.8724873065948486,-0.005119938403367996,0.35487809777259827,0.3798412678500878,-0.00022857429587356745,tracking,0.3798412678500878,-0.00022857429587356745,tracking,0.15742416361574377,0,0,0
105,1.0500000000000007,1.160977840423584,1.8724689483642578,-0.005295607727020979,0.3560650944709778,0.3798412678500878,-0.00022857429587356745,tracking,0.3798412678500878,-0.00022857429587356745,tracking,0.16097891282601395,0,0,0
106,1.0600000000000007,1.164543867111206,1.8724496364593506,-0.005471651908010244,0.3571566343307495,0.3790207243354825,0.0014101569569051845,tracking,0.3790207243354825,0.0014101569569051845,tracking,0.16454499180529975,0,1,1
107,1.0700000000000007,1.1681206226348877,1.8724303245544434,-0.005294905975461006,0.3581962585449219,0.3790207243354825,0.0014101569569051845,tracking,0.3790207243354825,0.0014101569569051845,tracking,0.16812179946379333,0,0,0
108,1.0800000000000007,1.1717075109481812,1.8724117279052734,-0.005117825698107481,0.35918647050857544,0.3790207243354825,0.0014101569569051845,tracking,0.3790207243354825,0.0014101569569051845,tracking,0.1717087359850328,0,0,0
109,1.0900000000000007,1.1753040552139282,1.8723934888839722,-0.004940108861774206,0.36012959480285645,0.3790207243354825,0.0014101569569051845,tracking,0.3790207243354825,0.0014101569569051845,tracking,0.17530532649791805,0,0,0
110,1.1000000000000008,1.1789097785949707,1.8723760843276978,-0.004762088879942894,0.36102786660194397,0.3790207243354825,0.0014101569569051845,tracking,0.3790207243354825,0.0014101569569051845,tracking,0.17891109188395962,0,0,0
111,1.1100000000000008,1.1825244426727295,1.8723586797714233,-0.004940700251609087,0.36192506551742554,0.37989626686729,-0.000149375711102415,tracking,0.37989626686729,-0.000149375711102415,tracking,0.1825257978628214,0,1,1
112,1.1200000000000008,1.186147928237915,1.8723403215408325,-0.0051195998676121235,0.3627795875072479,0.37989626686729,-0.000149375711102415,tracking,0.37989626686729,-0.000149375711102415,tracking,0.1861493299332933,0,0,0
113,1.1300000000000008,1.1897797584533691,1.8723214864730835,-0.005299048963934183,0.3635934889316559,0.37989626686729,-0.000149375711102415,tracking,0.37989626686729,-0.000149375711102415,tracking,0.18978120898877718,0,0,0
114,1.1400000000000008,1.1934194564819336,1.8723018169403076,-0.00547875976189971,0.3643686771392822,0.37989626686729,-0.000149375711102415,tracking,0.37989626686729,-0.000149375711102415,tracking,0.1934209601656649,0,0,0
115,1.1500000000000008,1.1970667839050293,1.8722816705703735,-0.0056589688174426556,0.365106999874115,0.37989626686729,-0.000149375711102415,tracking,0.37989626686729,-0.000149375711102415,tracking,0.1970683432285591,0,0,0
116,1.1600000000000008,1.200721025466919,1.872260570526123,-0.005839404184371233,0.3657432496547699,0.37848755269550927,0.002177924118466677,tracking,0.37848755269550927,0.002177924118466677,tracking,0.20072264570707796,0,1,1
117,1.1700000000000008,1.2043814659118652,1.8722394704818726,-0.005658559966832399,0.3663492500782013,0.37848755269550927,0.002177924118466677,tracking,0.37848755269550927,0.002177924118466677,tracking,0.20438314696549406,0,0,0
118,1.1800000000000008,1.2080477476119995,1.872219204902649,-0.005477521102875471,0.3669264316558838,0.37848755269550927,0.002177924118466677,tracking,0.37848755269550927,0.002177924118466677,tracking,0.20804948467476755,0,0,0
119,1.1900000000000008,1.2117197513580322,1.872199296951294,-0.005296111106872559,0.3674761652946472,0.37848755269550927,0.002177924118466677,tracking,0.37848755269550927,0.002177924118466677,tracking,0.21172154238637905,0,0,0
120,1.2000000000000008,1.2153971195220947,1.8721802234649658,-0.005114524159580469,0.36799976229667664,0.37848755269550927,0.002177924118466677,tracking,0.37848755269550927,0.002177924118466677,tracking,0.2153989600145444,0,0,0
121,1.2100000000000009,1.2190797328948975,1.872161626815796,-0.004932592622935772,0.3685232102870941,0.37900840933057217,0.0014278905639760787,tracking,0.37900840933057217,0.0014278905639760787,tracking,0.21908162034220235,0,1,1
122,1.2200000000000009,1.2227674722671509,1.8721438646316528,-0.004750492516905069,0.36902177333831787,0.37900840933057217,0.0014278905639760787,tracking,0.37900840933057217,0.0014278905639760787,tracking,0.22276940249043908,0,0,0
123,1.2300000000000009,1.2264599800109863,1.872126579284668,-0.004568072035908699,0.3694966435432434,0.37900840933057217,0.0014278905639760787,tracking,0.37900840933057217,0.0014278905639760787,tracking,0.2264619506920886,0,0,0
124,1.2400000000000009,1.2301571369171143,1.87211012840271,-0.004385498818010092,0.3699489235877991,0.37900840933057217,0.0014278905639760787,tracking,0.37900840933057217,0.0014278905639760787,tracking,0.23015914419798555,0,0,0
125,1.2500000000000009,1.2338587045669556,1.8720941543579102,-0.0042026350274682045,0.3703797161579132,0.37900840933057217,0.0014278905639760787,tracking,0.37900840933057217,0.0014278905639760787,tracking,0.23386074631550965,0,0,0
126,1.260000000000001,1.2375646829605103,1.8720790147781372,-0.004019627347588539,0.3708215355873108,0.37967120612935,-0.0004734631737360086,tracking,0.37967120612935,-0.0004734631737360086,tracking,0.2375667556328711,0,1,1
127,1.270000000000001,1.2412749528884888,1.8720638751983643,-0.004202919080853462,0.37124234437942505,0.37967120612935,-0.0004734631737360086,tracking,0.37967120612935,-0.0004734631737360086,tracking,0.24127705644888825,0,0,0
128,1.280000000000001,1.2449893951416016,1.872047781944275,-0.0043863458558917046,0.3716431260108948,0.37967120612935,-0.0004734631737360086,tracking,0.37967120612935,-0.0004734631737360086,tracking,0.24499153356478717,0,0,0
129,1.290000000000001,1.24870765209198,1.8720312118530273,-0.004570030141621828,0.37202486395835876,0.37967120612935,-0.0004734631737360086,tracking,0.37967120612935,-0.0004734631737360086,tracking,0.2487098274365732,0,0,0
130,1.300000000000001,1.252429723739624,1.8720136880874634,-0.004753837361931801,0.37238845229148865,0.37967120612935,-0.0004734631737360086,tracking,0.37967120612935,-0.0004734631737360086,tracking,0.2524319403355266,0,0,0
131,1.310000000000001,1.256155252456665,1.8719961643218994,-0.004569797310978174,0.3727324604988098,0.37962320211370637,0.000542588956262826,tracking,0.37962320211370637,0.000542588956262826,tracking,0.2561575102655986,0,1,1
132,1.320000000000001,1.2598841190338135,1.8719795942306519,-0.004385646432638168,0.37306010723114014,0.37962320211370637,0.000542588956262826,tracking,0.37962320211370637,0.000542588956262826,tracking,0.2598864136591043,0,0,0
133,1.330000000000001,1.2636162042617798,1.8719635009765625,-0.004201285075396299,0.3733721971511841,0.37962320211370637,0.000542588956262826,tracking,0.37962320211370637,0.000542588956262826,tracking,0.2636185335850487,0,0,0
134,1.340000000000001,1.2673513889312744,1.8719482421875,-0.004016823135316372,0.37366944551467896,0.37962320211370637,0.000542588956262826,tracking,0.37962320211370637,0.000542588956262826,tracking,0.2673537494216332,0,0,0
135,1.350000000000001,1.2710894346237183,1.8719334602355957,-0.0038321702741086483,0.3739525377750397,0.37962320211370637,0.000542588956262826,tracking,0.37962320211370637,0.000542588956262826,tracking,0.27109182434128104,0,0,0
136,1.360000000000001,1.2748302221298218,1.8719196319580078,-0.003647427074611187,0.37421897053718567,0.3795554525621376,-0.0006401483105218774,tracking,0.3795554525621376,-0.0006401483105218774,tracking,0.2748326374062552,0,1,1
137,1.370000000000001,1.2785736322402954,1.87190580368042,-0.0038323416374623775,0.3744727075099945,0.3795554525621376,-0.0006401483105218774,tracking,0.3795554525621376,-0.0006401483105218774,tracking,0.2785760730576932,0,0,0
138,1.380000000000001,1.2823195457458496,1.8718910217285156,-0.004017337691038847,0.3747144043445587,0.3795554525621376,-0.0006401483105218774,tracking,0.3795554525621376,-0.0006401483105218774,tracking,0.28232201572906385,0,0,0
139,1.390000000000001,1.2860678434371948,1.8718757629394531,-0.004202489275485277,0.3749445974826813,0.3795554525621376,-0.0006401483105218774,tracking,0.3795554525621376,-0.0006401483105218774,tracking,0.286070344478465,0,0,0
140,1.400000000000001,1.2898184061050415,1.8718595504760742,-0.004387714900076389,0.37516385316848755,0.3795554525621376,-0.0006401483105218774,tracking,0.3795554525621376,-0.0006401483105218774,tracking,0.28982094218675286,0,0,0
141,1.410000000000001,1.2935709953308105,1.8718433380126953,-0.004202356096357107,0.37534984946250916,0.3790754087859582,0.0013314113482202523,tracking,0.3790754087859582,0.0013314113482202523,tracking,0.2935735664340399,0,1,1
142,1.420000000000001,1.2973253726959229,1.8718280792236328,-0.004016937222331762,0.3755269944667816,0.3790754087859582,0.0013314113482202523,tracking,0.3790754087859582,0.0013314113482202523,tracking,0.2973279748069146,0,0,0
143,1.430000000000001,1.3010814189910889,1.871813178062439,-0.0038314044941216707,0.37569573521614075,0.3790754087859582,0.0013314113482202523,tracking,0.3790754087859582,0.0013314113482202523,tracking,0.30108405066025345,0,0,0
144,1.440000000000001,1.3048391342163086,1.8717992305755615,-0.0036458177492022514,0.3758564293384552,0.3790754087859582,0.0013314113482202523,tracking,0.3790754087859582,0.0013314113482202523,tracking,0.30484179176978166,0,0,0
145,1.450000000000001,1.3085983991622925,1.8717857599258423,-0.00346012762747705,0.3760094940662384,0.3790754087859582,0.0013314113482202523,tracking,0.3790754087859582,0.0013314113482202523,tracking,0.30860108085051313,0,0,0
146,1.460000000000001,1.3123592138290405,1.8717732429504395,-0.003274389309808612,0.37614941596984863,0.3789522207026296,-0.001508802188213353,tracking,0.3789522207026296,-0.001508802188213353,tracking,0.3123619163470884,0,1,1
147,1.470000000000001,1.3161213397979736,1.8717607259750366,-0.003460217732936144,0.3762826919555664,0.3789522207026296,-0.001508802188213353,tracking,0.3789522207026296,-0.001508802188213353,tracking,0.31612406313858843,0,0,0
148,1.480000000000001,1.3198847770690918,1.8717472553253174,-0.003646088996902108,0.3764096200466156,0.3789522207026296,-0.001508802188213353,tracking,0.3789522207026296,-0.001508802188213353,tracking,0.3198875245176975,0,0,0
149,1.490000000000001,1.3236494064331055,1.87173330783844,-0.0038320417515933514,0.3765305280685425,0.3789522207026296,-0.001508802188213353,tracking,0.3789522207026296,-0.001508802188213353,tracking,0.3236521797184807,0,0,0
150,1.500000000000001,1.3274152278900146,1.871718406677246,-0.004018033389002085,0.37664568424224854,0.3789522207026296,-0.001508802188213353,tracking,0.3789522207026296,-0.001508802188213353,tracking,0.32741803065683744,0,0,0
151,1.5100000000000011,1.3311824798583984,1.8717032670974731,-0.004018033389002085,0.37680381536483765,0.3799714763094988,4.107411432177632e-05,tracking,0.3799714763094988,4.107411432177632e-05,tracking,0.33118531304606275,0,1,1
152,1.5200000000000011,1.3349512815475464,1.8716881275177002,-0.004018033389002085,0.37695443630218506,0.3799714763094988,4.107411432177632e-05,tracking,0.3799714763094988,4.107411432177632e-05,tracking,0.3349541451435434,0,0,0
153,1.5300000000000011,1.338721513748169,1.8716729879379272,-0.004018033389002085,0.3770979046821594,0.3799714763094988,4.107411432177632e-05,tracking,0.3799714763094988,4.107411432177632e-05,tracking,0.3387244077409611,0,0,0
154,1.5400000000000011,1.3424931764602661,1.8716578483581543,-0.004018033389002085,0.377234548330307,0.3799714763094988,4.107411432177632e-05,tracking,0.3799714763094988,4.107411432177632e-05,tracking,0.3424961008383246,0,0,0
155,1.5500000000000012,1.3462661504745483,1.8716427087783813,-0.004018033389002085,0.3773646950721741,0.3799714763094988,4.107411432177632e-05,tracking,0.3799714763094988,4.107411432177632e-05,tracking,0.34626910522731286,0,0,0
156,1.5600000000000012,1.350040316581726,1.8716278076171875,-0.00383161217905581,0.37747520208358765,0.3796886188949765,0.00044838879123382074,tracking,0.3796886188949765,0.00044838879123382074,tracking,0.35004330075075546,0,1,1
157,1.5700000000000012,1.3538155555725098,1.87161386013031,-0.0036451555788517,0.377580463886261,0.3796886188949765,0.00044838879123382074,tracking,0.3796886188949765,0.00044838879123382074,tracking,0.3538185655056996,0,0,0
158,1.5800000000000012,1.3575918674468994,1.8716002702713013,-0.0034586312249302864,0.3776807188987732,0.3796886188949765,0.00044838879123382074,tracking,0.3796886188949765,0.00044838879123382074,tracking,0.35759490183300474,0,0,0
159,1.5900000000000012,1.3613691329956055,1.8715876340866089,-0.0032720747403800488,0.37777620553970337,0.3796886188949765,0.00044838879123382074,tracking,0.3796886188949765,0.00044838879123382074,tracking,0.36137218851773034,0,0,0
160,1.6000000000000012,1.365147352218628,1.8715754747390747,-0.0030854567885398865,0.3778671324253082,0.3796886188949765,0.00044838879123382074,tracking,0.3796886188949765,0.00044838879123382074,tracking,0.3651504273067627,0,0,0
161,1.6100000000000012,1.3689261674880981,1.871564269065857,-0.0028988176491111517,0.37790462374687195,0.378655788331742,-0.0019356648022915068,tracking,0.378655788331742,-0.0019356648022915068,tracking,0.36892925919081015,0,1,1
162,1.6200000000000012,1.372705340385437,1.8715530633926392,-0.003085480770096183,0.3779403269290924,0.378655788331742,-0.0019356648022915068,tracking,0.378655788331742,-0.0019356648022915068,tracking,0.372708448701154,0,0,0
163,1.6300000000000012,1.3764848709106445,1.871540904045105,-0.0032721555326133966,0.37797436118125916,0.378655788331742,-0.0019356648022915068,tracking,0.378655788331742,-0.0019356648022915068,tracking,0.3764879987855831,0,0,0
164,1.6400000000000012,1.3802647590637207,1.8715282678604126,-0.003458852181211114,0.3780067563056946,0.378655788331742,-0.0019356648022915068,tracking,0.378655788331742,-0.0019356648022915068,tracking,0.38026790806001404,0,0,0
165,1.6500000000000012,1.3840450048446655,1.8715146780014038,-0.003645559074357152,0.37803763151168823,0.378655788331742,-0.0019356648022915068,tracking,0.378655788331742,-0.0019356648022915068,tracking,0.3840481782684276,0,0,0
166,1.6600000000000013,1.3878257274627686,1.8715006113052368,-0.003832304384559393,0.3781234622001648,0.3798427184694661,-0.00022648540396878226,tracking,0.3798427184694661,-0.00022648540396878226,tracking,0.3878289270549746,0,1,1
167,1.6700000000000013,1.3916072845458984,1.8714855909347534,-0.004019077401608229,0.37820520997047424,0.3798427184694661,-0.00022648540396878226,tracking,0.3798427184694661,-0.00022648540396878226,tracking,0.3916105139684938,0,0,0
168,1.6800000000000013,1.3953896760940552,1.8714702129364014,-0.00420590303838253,0.3782830834388733,0.3798427184694661,-0.00022648540396878226,tracking,0.3798427184694661,-0.00022648540396878226,tracking,0.395392936777541,0,0,0
169,1.6900000000000013,1.3991727828979492,1.871453881263733,-0.004392753820866346,0.3783572316169739,0.3798427184694661,-0.00022648540396878226,tracking,0.3798427184694661,-0.00022648540396878226,tracking,0.39917607883318756,0,0,0
170,1.7000000000000013,1.4029567241668701,1.8714370727539062,-0.004579652100801468,0.3784278631210327,0.3798427184694661,-0.00022648540396878226,tracking,0.3798427184694661,-0.00022648540396878226,tracking,0.4029600574341637,0,0,0
171,1.7100000000000013,1.4067410230636597,1.8714193105697632,-0.004766562953591347,0.3784347474575043,0.37857250145342564,0.0020555979070670596,tracking,0.37857250145342564,0.0020555979070670596,tracking,0.40674439801548407,0,1,1
172,1.7200000000000013,1.4105253219604492,1.8714015483856201,-0.004579647444188595,0.37844130396842957,0.37857250145342564,0.0020555979070670596,tracking,0.37857250145342564,0.0020555979070670596,tracking,0.41052873859680444,0,0,0
173,1.7300000000000013,1.4143097400665283,1.8713847398757935,-0.004392730072140694,0.3784475326538086,0.37857250145342564,0.0020555979070670596,tracking,0.37857250145342564,0.0020555979070670596,tracking,0.414313194030235,0,0,0
174,1.7400000000000013,1.4180941581726074,1.871368408203125,-0.004205808509141207,0.37845346331596375,0.37857250145342564,0.0020555979070670596,tracking,0.37857250145342564,0.0020555979070670596,tracking,0.4180976473758519,0,0,0
175,1.7500000000000013,1.421878695487976,1.8713529109954834,-0.004018885083496571,0.3784591257572174,0.37857250145342564,0.0020555979070670596,tracking,0.37857250145342564,0.0020555979070670596,tracking,0.42188221642065243,0,0,0
176,1.7600000000000013,1.4256633520126343,1.871337890625,-0.003831951878964901,0.3784833550453186,0.37896862404006826,0.0014851813823016785,tracking,0.37896862404006826,0.0014851813823016785,tracking,0.4256669027512705,0,1,1
177,1.7700000000000014,1.4294482469558716,1.871323823928833,-0.003645010758191347,0.3785064220428467,0.37896862404006826,0.0014851813823016785,tracking,0.37896862404006826,0.0014851813823016785,tracking,0.4294518238341049,0,0,0
178,1.7800000000000014,1.433233380317688,1.8713102340698242,-0.003458054969087243,0.3785283863544464,0.37896862404006826,0.0014851813823016785,tracking,0.37896862404006826,0.0014851813823016785,tracking,0.4332369815918481,0,0,0
179,1.7900000000000014,1.4370187520980835,1.8712975978851318,-0.0032710919622331858,0.3785493075847626,0.37896862404006826,0.0014851813823016785,tracking,0.37896862404006826,0.0014851813823016785,tracking,0.4370223744630014,0,0,0
180,1.8000000000000014,1.440804362297058,1.8712854385375977,-0.00308411568403244,0.37856924533843994,0.37896862404006826,0.0014851813823016785,tracking,0.37896862404006826,0.0014851813823016785,tracking,0.4408080041897857,0,0,0
181,1.8100000000000014,1.4445903301239014,1.8712742328643799,-0.0028971282299607992,0.3786167502403259,0.37956834460476624,-0.0006215837691366018,tracking,0.37956834460476624,-0.0006215837691366018,tracking,0.44459398859981764,0,1,1
182,1.8200000000000014,1.4483766555786133,1.871263027191162,-0.0030841464176774025,0.37866199016571045,0.37956834460476624,-0.0006215837691366018,tracking,0.37956834460476624,-0.0006215837691366018,tracking,0.44838033063615185,0,0,0
183,1.8300000000000014,1.4521634578704834,1.871250867843628,-0.0032711790408939123,0.37870508432388306,0.37956834460476624,-0.0006215837691366018,tracking,0.37956834460476624,-0.0006215837691366018,tracking,0.4521671524496843,0,0,0
184,1.8400000000000014,1.4559507369995117,1.8712382316589355,-0.003458239370957017,0.3787461221218109,0.37956834460476624,-0.0006215837691366018,tracking,0.37956834460476624,-0.0006215837691366018,tracking,0.45595445265884876,0,0,0
185,1.8500000000000014,1.4597383737564087,1.8712246417999268,-0.00364531297236681,0.37878522276878357,0.37956834460476624,-0.0006215837691366018,tracking,0.37956834460476624,-0.0006215837691366018,tracking,0.4597421137955484,0,0,0
186,1.8600000000000014,1.4635263681411743,1.871211051940918,-0.0034582181833684444,0.37881070375442505,0.3793213843210744,0.0009772065776529233,tracking,0.3793213843210744,0.0009772065776529233,tracking,0.463530132557815,0,1,1
187,1.8700000000000014,1.467314600944519,1.8711984157562256,-0.003271115245297551,0.378834992647171,0.3793213843210744,0.0009772065776529233,tracking,0.3793213843210744,0.0009772065776529233,tracking,0.46731838643598905,0,0,0
188,1.8800000000000014,1.4711030721664429,1.8711862564086914,-0.003083996707573533,0.37885811924934387,0.3793213843210744,0.0009772065776529233,tracking,0.3793213843210744,0.0009772065776529233,tracking,0.47110687717097544,0,0,0
189,1.8900000000000015,1.4748917818069458,1.8711750507354736,-0.002896870719268918,0.3788801431655884,0.3793213843210744,0.0009772065776529233,tracking,0.3793213843210744,0.0009772065776529233,tracking,0.4748956033826661,0,0,0
190,1.9000000000000015,1.4786807298660278,1.871164321899414,-0.00270973052829504,0.3789011240005493,0.3793213843210744,0.0009772065776529233,tracking,0.3793213843210744,0.0009772065776529233,tracking,0.47868456663167563,0,0,0
191,1.9100000000000015,1.4824692010879517,1.871154546737671,-0.0025226036086678505,0.37880006432533264,0.37836971128709407,-0.002347615746584578,tracking,0.37836971128709407,-0.002347615746584578,tracking,0.48247305046470595,0,1,1
192,1.9200000000000015,1.4862568378448486,1.8711447715759277,-0.0027096704579889774,0.37871822714805603,0.37836971128709407,-0.002347615746584578,tracking,0.37836971128709407,-0.002347615746584578,tracking,0.4862606998354878,0,0,0
193,1.9300000000000015,1.4900436401367188,1.8711340427398682,-0.0028967128600925207,0.3786519467830658,0.37836971128709407,-0.002347615746584578,tracking,0.37836971128709407,-0.002347615746584578,tracking,0.49004751732589263,0,0,0
194,1.9400000000000015,1.4938298463821411,1.8711228370666504,-0.003083715680986643,0.37859827280044556,0.37836971128709407,-0.002347615746584578,tracking,0.37836971128709407,-0.002347615746584578,tracking,0.4938337401534594,0,0,0
195,1.9500000000000015,1.4976155757904053,1.8711106777191162,-0.0032707026693969965,0.3785547912120819,0.37836971128709407,-0.002347615746584578,tracking,0.37836971128709407,-0.002347615746584578,tracking,0.49761948908891834,0,0,0
196,1.9600000000000015,1.501401424407959,1.871098518371582,-0.0030837117228657007,0.3786104619503021,0.37972540338422184,0.0003954191267205448,tracking,0.37972540338422184,0.0003954191267205448,tracking,0.501405357233052,0,1,1
197,1.9700000000000015,1.505187749862671,1.8710873126983643,-0.0028967030812054873,0.37866348028182983,0.37972540338422184,0.0003954191267205448,tracking,0.37972540338422184,0.0003954191267205448,tracking,0.5051916992693862,0,0,0
198,1.9800000000000015,1.5089746713638306,1.8710765838623047,-0.0027096602134406567,0.3787139654159546,0.37972540338422184,0.0003954191267205448,tracking,0.37972540338422184,0.0003954191267205448,tracking,0.5089786359686022,0,0,0
199,1.9900000000000015,1.5127620697021484,1.8710668087005615,-0.0025226010475307703,0.37876206636428833,0.37972540338422184,0.0003954191267205448,tracking,0.37972540338422184,0.0003954191267205448,tracking,0.512766046921599,0,0,0
200,2.0000000000000013,1.5165499448776245,1.8710575103759766,-0.0023355111479759216,0.3788078725337982,0.37972540338422184,0.0003954191267205448,tracking,0.37972540338422184,0.0003954191267205448,tracking,0.5165539335096356,0,0,0
201,2.010000000000001,1.520337462425232,1.871049165725708,-0.002148430561646819,0.37870490550994873,0.378266529895024,-0.0024961969511654563,tracking,0.378266529895024,-0.0024961969511654563,tracking,0.5203414602496894,0,1,1
202,2.020000000000001,1.524124026298523,1.8710408210754395,-0.0023354499135166407,0.37862151861190796,0.378266529895024,-0.0024961969511654563,tracking,0.378266529895024,-0.0024961969511654563,tracking,0.5241280333177419,0,0,0
203,2.0300000000000007,1.5279098749160767,1.8710315227508545,-0.0025224443525075912,0.37855401635169983,0.378266529895024,-0.0024961969511654563,tracking,0.378266529895024,-0.0024961969511654563,tracking,0.5279138933539653,0,0,0
204,2.0400000000000005,1.5316951274871826,1.8710217475891113,-0.0027093985117971897,0.3784993290901184,0.378266529895024,-0.0024961969511654563,tracking,0.378266529895024,-0.0024961969511654563,tracking,0.5316991585469011,0,0,0
205,2.0500000000000003,1.5354799032211304,1.8710110187530518,-0.0028963363729417324,0.3784550428390503,0.378266529895024,-0.0024961969511654563,tracking,0.378266529895024,-0.0024961969511654563,tracking,0.5354839494875215,0,0,0
206,2.06,1.5392646789550781,1.870999813079834,-0.003083276329562068,0.3785058856010437,0.3795242358611359,-0.0006851003599643371,tracking,0.3795242358611359,-0.0006851003599643371,tracking,0.5392687418098812,0,1,1
207,2.07,1.543049931526184,1.8709876537322998,-0.003270232817158103,0.3785543143749237,0.3795242358611359,-0.0006851003599643371,tracking,0.3795242358611359,-0.0006851003599643371,tracking,0.5430540139106418,0,0,0
208,2.0799999999999996,1.5468356609344482,1.8709750175476074,-0.003457220271229744,0.37860044836997986,0.3795242358611359,-0.0006851003599643371,tracking,0.3795242358611359,-0.0006851003599643371,tracking,0.5468397644076713,0,0,0
209,2.0899999999999994,1.5506218671798706,1.8709614276885986,-0.0036442226264625788,0.3786443769931793,0.3795242358611359,-0.0006851003599643371,tracking,0.3795242358611359,-0.0006851003599643371,tracking,0.5506259950421075,0,0,0
210,2.099999999999999,1.5544085502624512,1.8709473609924316,-0.0038312531542032957,0.37868621945381165,0.3795242358611359,-0.0006851003599643371,tracking,0.3795242358611359,-0.0006851003599643371,tracking,0.5544127042519417,0,0,0
211,2.109999999999999,1.5581954717636108,1.8709323406219482,-0.004018292762339115,0.37869781255722046,0.3789297462533005,0.001541165395247292,tracking,0.3789297462533005,0.001541165395247292,tracking,0.5581996555412343,0,1,1
212,2.1199999999999988,1.56198251247406,1.8709173202514648,-0.0038312459364533424,0.3787088394165039,0.3789297462533005,0.001541165395247292,tracking,0.3789297462533005,0.001541165395247292,tracking,0.5619867260388788,0,0,0
213,2.1299999999999986,1.5657696723937988,1.8709032535552979,-0.003644195618107915,0.3787193298339844,0.3789297462533005,0.001541165395247292,tracking,0.3789297462533005,0.001541165395247292,tracking,0.5657739120825815,0,0,0
214,2.1399999999999983,1.5695568323135376,1.870889663696289,-0.0034571385476738214,0.37872934341430664,0.3789297462533005,0.001541165395247292,tracking,0.3789297462533005,0.001541165395247292,tracking,0.5695610963851926,0,0,0
215,2.149999999999998,1.573344111442566,1.8708770275115967,-0.003270078217610717,0.3787388801574707,0.3789297462533005,0.001541165395247292,tracking,0.3789297462533005,0.001541165395247292,tracking,0.573348396594357,0,0,0
216,2.159999999999998,1.577131748199463,1.8708643913269043,-0.0034571578726172447,0.37878817319869995,0.37977548105818487,-0.0003233072762137863,tracking,0.37977548105818487,-0.0003233072762137863,tracking,0.5771360544293997,0,1,1
217,2.1699999999999977,1.580919861793518,1.8708508014678955,-0.003644253360107541,0.37883511185646057,0.37977548105818487,-0.0003233072762137863,tracking,0.37977548105818487,-0.0003233072762137863,tracking,0.5809241924001888,0,0,0
218,2.1799999999999975,1.5847084522247314,1.8708367347717285,-0.0038313791155815125,0.3788798153400421,0.37977548105818487,-0.0003233072762137863,tracking,0.37977548105818487,-0.0003233072762137863,tracking,0.5847128089455021,0,0,0
219,2.1899999999999973,1.5884974002838135,1.8708217144012451,-0.004018519073724747,0.37892240285873413,0.37977548105818487,-0.0003233072762137863,tracking,0.37977548105818487,-0.0003233072762137863,tracking,0.5885017867767848,0,0,0
220,2.199999999999997,1.5922868251800537,1.8708062171936035,-0.004205686505883932,0.3789629638195038,0.37977548105818487,-0.0003233072762137863,tracking,0.37977548105818487,-0.0003233072762137863,tracking,0.5922912433615328,0,0,0
221,2.209999999999997,1.5960760116577148,1.8707897663116455,-0.004392848815768957,0.3788915276527405,0.37858745053995946,0.002034071222458385,tracking,0.37858745053995946,0.002034071222458385,tracking,0.5960804655500574,0,1,1
222,2.2199999999999966,1.5998646020889282,1.8707733154296875,-0.004205728881061077,0.37883368134498596,0.37858745053995946,0.002034071222458385,tracking,0.37858745053995946,0.002034071222458385,tracking,0.5998690916977525,0,0,0
223,2.2299999999999964,1.6036527156829834,1.870757818222046,-0.0040186261758208275,0.3787868618965149,0.37858745053995946,0.002034071222458385,tracking,0.37858745053995946,0.002034071222458385,tracking,0.6036572369912847,0,0,0
224,2.239999999999996,1.6074403524398804,1.8707427978515625,-0.0038315514102578163,0.37874892354011536,0.37858745053995946,0.002034071222458385,tracking,0.37858745053995946,0.002034071222458385,tracking,0.6074449035306895,0,0,0
225,2.249999999999996,1.6112276315689087,1.8707287311553955,-0.003644488053396344,0.37871819734573364,0.37858745053995946,0.002034071222458385,tracking,0.37858745053995946,0.002034071222458385,tracking,0.6112322087828594,0,0,0
226,2.259999999999996,1.6150145530700684,1.8707151412963867,-0.003457450307905674,0.3786713182926178,0.3784717178622379,0.00220072627837746,tracking,0.3784717178622379,0.00220072627837746,tracking,0.6150191546684265,0,1,1
227,2.2699999999999956,1.6188009977340698,1.8707025051116943,-0.003270426532253623,0.3786333501338959,0.3784717178622379,0.00220072627837746,tracking,0.3784717178622379,0.00220072627837746,tracking,0.6188056204172098,0,0,0
228,2.2799999999999954,1.6225872039794922,1.8706903457641602,-0.0030834253411740065,0.37860262393951416,0.3784717178622379,0.00220072627837746,tracking,0.3784717178622379,0.00220072627837746,tracking,0.6225918461873676,0,0,0
229,2.289999999999995,1.626373052597046,1.8706791400909424,-0.0028964332304894924,0.37857773900032043,0.3784717178622379,0.00220072627837746,tracking,0.3784717178622379,0.00220072627837746,tracking,0.6263777113886322,0,0,0
230,2.299999999999995,1.6301586627960205,1.8706684112548828,-0.0027094560209661722,0.37855756282806396,0.3784717178622379,0.00220072627837746,tracking,0.3784717178622379,0.00220072627837746,tracking,0.6301633367909275,0,0,0
231,2.3099999999999947,1.6339443922042847,1.8706586360931396,-0.002522478112950921,0.3785820007324219,0.3790715597437229,-0.0013369539690389915,tracking,0.3790715597437229,-0.0013369539690389915,tracking,0.6339490788194317,0,1,1
232,2.3199999999999945,1.637730360031128,1.8706488609313965,-0.0027094718534499407,0.37860527634620667,0.3790715597437229,-0.0013369539690389915,tracking,0.3790715597437229,-0.0013369539690389915,tracking,0.6377350592657203,0,0,0
233,2.3299999999999943,1.6415165662765503,1.870638132095337,-0.0028964730445295572,0.3786274492740631,0.3790715597437229,-0.0013369539690389915,tracking,0.3790715597437229,-0.0013369539690389915,tracking,0.6415212807120699,0,0,0
234,2.339999999999994,1.6453028917312622,1.8706269264221191,-0.0030834884382784367,0.378648579120636,0.3790715597437229,-0.0013369539690389915,tracking,0.3790715597437229,-0.0013369539690389915,tracking,0.6453076227484041,0,0,0
235,2.349999999999994,1.6490894556045532,1.870614767074585,-0.003270510584115982,0.3786686956882477,0.3790715597437229,-0.0013369539690389915,tracking,0.3790715597437229,-0.0013369539690389915,tracking,0.6490942061445867,0,0,0
236,2.3599999999999937,1.6528761386871338,1.8706026077270508,-0.0030834772624075413,0.37868252396583557,0.37895974872167765,0.0014979618407841653,tracking,0.37895974872167765,0.0014979618407841653,tracking,0.6528809087494442,0,1,1
237,2.3699999999999934,1.6566630601882935,1.870591402053833,-0.002896439516916871,0.37869569659233093,0.37895974872167765,0.0014979618407841653,tracking,0.37895974872167765,0.0014979618407841653,tracking,0.6566678468296163,0,0,0
238,2.3799999999999932,1.6604501008987427,1.8705806732177734,-0.0027093931566923857,0.37870824337005615,0.37895974872167765,0.0014979618407841653,tracking,0.37895974872167765,0.0014979618407841653,tracking,0.6604549027376434,0,0,0
239,2.389999999999993,1.6642372608184814,1.8705708980560303,-0.002522342838346958,0.3787201941013336,0.37895974872167765,0.0014979618407841653,tracking,0.37895974872167765,0.0014979618407841653,tracking,0.6642420752728553,0,0,0
240,2.399999999999993,1.6680245399475098,1.8705615997314453,-0.00233528483659029,0.3787315785884857,0.37895974872167765,0.0014979618407841653,tracking,0.37895974872167765,0.0014979618407841653,tracking,0.6680293658162403,0,0,0
241,2.4099999999999926,1.671811819076538,1.8705532550811768,-0.0021482252050191164,0.37873053550720215,0.3787260296766414,-0.0018345172656364277,tracking,0.3787260296766414,-0.0018345172656364277,tracking,0.6718166541382936,0,1,1
242,2.4199999999999924,1.6755990982055664,1.8705449104309082,-0.0023352843709290028,0.3787296712398529,0.3787260296766414,-0.0018345172656364277,tracking,0.3787260296766414,-0.0018345172656364277,tracking,0.6756039424603469,0,0,0
243,2.429999999999992,1.6793863773345947,1.8705356121063232,-0.0025223433040082455,0.378728985786438,0.3787260296766414,-0.0018345172656364277,tracking,0.3787260296766414,-0.0018345172656364277,tracking,0.6793912330037319,0,0,0
244,2.439999999999992,1.683173656463623,1.87052583694458,-0.002709401771426201,0.3787284195423126,0.3787260296766414,-0.0018345172656364277,tracking,0.3787260296766414,-0.0018345172656364277,tracking,0.6831785247478362,0,0,0
245,2.4499999999999917,1.6869609355926514,1.8705151081085205,-0.0028964600060135126,0.3787279725074768,0.3787260296766414,-0.0018345172656364277,tracking,0.3787260296766414,-0.0018345172656364277,tracking,0.6869658190734858,0,0,0
246,2.4599999999999915,1.6907484531402588,1.870504379272461,-0.0027093852404505014,0.3787789046764374,0.37979907977404426,0.0002893251253763048,tracking,0.37979907977404426,0.0002893251253763048,tracking,0.6907533518167577,0,1,1
247,2.4699999999999913,1.6945364475250244,1.8704946041107178,-0.002522293943911791,0.37882742285728455,0.37979907977404426,0.0002893251253763048,tracking,0.37979907977404426,0.0002893251253763048,tracking,0.6945413588142173,0,0,0
248,2.479999999999991,1.6983249187469482,1.8704853057861328,-0.0023351714480668306,0.3788736164569855,0.37979907977404426,0.0002893251253763048,tracking,0.37979907977404426,0.0002893251253763048,tracking,0.6983298414469061,0,0,0
249,2.489999999999991,1.7021138668060303,1.8704769611358643,-0.0021480342838913202,0.3789176344871521,0.37979907977404426,0.0002893251253763048,tracking,0.37979907977404426,0.0002893251253763048,tracking,0.702118798694964,0,0,0
250,2.4999999999999907,1.7059032917022705,1.870469093322754,-0.001960868714377284,0.3789595365524292,0.37979907977404426,0.0002893251253763048,tracking,0.37979907977404426,0.0002893251253763048,tracking,0.7059082317589893,0,0,0
251,2.5099999999999905,1.7096930742263794,1.87046217918396,-0.0017736897571012378,0.3789994418621063,0.37979907977404426,0.0002893251253763048,tracking,0.37979907977404426,0.0002893251253763048,tracking,0.7096980205902247,0,1,0
252,2.5199999999999902,1.713483214378357,1.8704557418823242,-0.0015864850720390677,0.379037469625473,0.37979907977404426,0.0002893251253763048,tracking,0.37979907977404426,0.0002893251253763048,tracking,0.7134881662088632,0,0,0
253,2.52999999999999,1.7172737121582031,1.8704502582550049,-0.0013992681633681059,0.3790736794471741,0.37979907977404426,0.0002893251253763048,tracking,0.37979907977404426,0.0002893251253763048,tracking,0.7172786679552271,0,0,0
254,2.53999999999999,1.721064567565918,1.8704451322555542,-0.0012120279716327786,0.37910816073417664,0.37979907977404426,0.0002893251253763048,tracking,0.37979907977404426,0.0002893251253763048,tracking,0.7210695268286318,0,0,0
255,2.5499999999999896,1.7248557806015015,1.87044095993042,-0.0010247767204418778,0.3791410028934479,0.37979907977404426,0.0002893251253763048,tracking,0.37979907977404426,0.0002893251253763048,tracking,0.7248607421600889,0,0,0
256,2.5599999999999894,1.7286473512649536,1.8704372644424438,-0.0008375043398700655,0.37917229533195496,0.37979907977404426,0.0002893251253763048,tracking,0.37979907977404426,0.0002893251253763048,tracking,0.7286523146244607,0,1,0
257,2.569999999999989,1.7324392795562744,1.8704345226287842,-0.0006502219475805759,0.37920209765434265,0.37979907977404426,0.0002893251253763048,tracking,0.37979907977404426,0.0002893251253763048,tracking,0.7324442439070372,0,0,0
258,2.579999999999989,1.7362314462661743,1.8704322576522827,-0.00046292037586681545,0.37923046946525574,0.37979907977404426,0.0002893251253763048,tracking,0.37979907977404426,0.0002893251253763048,tracking,0.736236411293347,0,0,0
259,2.5899999999999888,1.7400238513946533,1.8704309463500977,-0.00027560966555029154,0.3792575001716614,0.37979907977404426,0.0002893251253763048,tracking,0.37979907977404426,0.0002893251253763048,tracking,0.7400288166485309,0,0,0
260,2.5999999999999885,1.743816614151001,1.8704301118850708,-8.828158752294257e-05,0.37928324937820435,0.37979907977404426,0.0002893251253763048,tracking,0.37979907977404426,0.0002893251253763048,tracking,0.743821579496676,0,0,0
261,2.6099999999999883,1.7476096153259277,1.8704302310943604,9.905476326821372e-05,0.3793077766895294,0.37979907977404426,0.0002893251253763048,tracking,0.37979907977404426,0.0002893251253763048,tracking,0.7476145806734761,0,1,0
262,2.619999999999988,1.7514028549194336,1.870430827140808,0.0002864068956114352,0.37933114171028137,0.37979907977404426,0.0002893251253763048,tracking,0.37979907977404426,0.0002893251253763048,tracking,0.7514078203138115,0,0,0
263,2.629999999999988,1.7551963329315186,1.8704323768615723,0.00047376652946695685,0.379353404045105,0.37979907977404426,0.0002893251253763048,tracking,0.37979907977404426,0.0002893251253763048,tracking,0.7552012986424442,0,0,0
264,2.6399999999999877,1.758989930152893,1.8704344034194946,0.0006611404824070632,0.37937459349632263,0.37979907977404426,0.0002893251253763048,tracking,0.37979907977404426,0.0002893251253763048,tracking,0.7589948964051172,0,0,0
265,2.6499999999999875,1.7627837657928467,1.8704373836517334,0.0008485212456434965,0.3793947696685791,0.37979907977404426,0.0002893251253763048,tracking,0.37979907977404426,0.0002893251253763048,tracking,0.7627887332156253,0,0,0
266,2.6599999999999873,1.7665778398513794,1.8704408407211304,0.0010359149891883135,0.37941399216651917,0.37979907977404426,0.0002893251253763048,tracking,0.37979907977404426,0.0002893251253763048,tracking,0.7665828088491572,0,1,0
267,2.669999999999987,1.7703571319580078,1.8704452514648438,0.0012228229315951467,0.3764440417289734,0.37979907977404426,0.0002893251253763048,tracking,0.36379907977404424,0.0,request_watchdog_timeout,0.7703621035296345,0,0,0
268,2.679999999999987,1.7740943431854248,1.8704497814178467,0.0012228229315951467,0.37099575996398926,0.37979907977404426,0.0002893251253763048,tracking,0.34779907977404423,0.0,request_watchdog_timeout,0.7740993175024766,0,0,0
269,2.6899999999999866,1.7777670621871948,1.8704543113708496,0.0012228229315951467,0.36354056000709534,0.37979907977404426,0.0002893251253763048,tracking,0.3317990797740442,0.0,request_watchdog_timeout,0.7777720392978807,0,0,0
270,2.6999999999999864,1.7813570499420166,1.870458722114563,0.0012228229315951467,0.35446012020111084,0.37979907977404426,0.0002893251253763048,tracking,0.3157990797740442,0.0,request_watchdog_timeout,0.7813620297622734,0,0,0
271,2.709999999999986,1.7848496437072754,1.8704630136489868,0.0012228229315951467,0.34406358003616333,0.37979907977404426,0.0002893251253763048,tracking,0.2997990797740442,0.0,request_watchdog_timeout,0.7848546261641487,0,1,0
272,2.719999999999986,1.7882329225540161,1.870467185974121,0.0012228229315951467,0.33260127902030945,0.37979907977404426,0.0002893251253763048,tracking,0.28379907977404417,0.0,request_watchdog_timeout,0.7882379075835846,0,0,0
273,2.7299999999999858,1.7914973497390747,1.8704711198806763,0.0012228229315951467,0.3202759027481079,0.37979907977404426,0.0002893251253763048,tracking,0.26779907977404416,0.0,request_watchdog_timeout,0.7915023371389848,0,0,0
274,2.7399999999999856,1.7946349382400513,1.870474934577942,0.0012228229315951467,0.30725160241127014,0.37979907977404426,0.0002893251253763048,tracking,0.25179907977404414,0.0,request_watchdog_timeout,0.7946399279589254,0,0,0
275,2.7499999999999853,1.7976394891738892,1.870478630065918,0.0012228229315951467,0.29366132616996765,0.37979907977404426,0.0002893251253763048,tracking,0.23579907977404413,0.0,request_watchdog_timeout,0.7976444811654201,0,0,0
276,2.759999999999985,1.8005058765411377,1.870482087135315,0.0012228229315951467,0.2796127200126648,0.37979907977404426,0.0002893251253763048,tracking,0.21979907977404411,0.0,request_watchdog_timeout,0.8005108706174051,0,1,0
277,2.769999999999985,1.8032299280166626,1.8704854249954224,0.0012228229315951467,0.2651929557323456,0.37979907977404426,0.0002893251253763048,tracking,0.2037990797740441,0.0,request_watchdog_timeout,0.8032349241379182,0,0,0
278,2.7799999999999847,1.8058083057403564,1.8704885244369507,0.0012228229315951467,0.25047263503074646,0.37979907977404426,0.0002893251253763048,tracking,0.1877990797740441,0.0,request_watchdog_timeout,0.8058133037245149,0,0,0
279,2.7899999999999845,1.8082382678985596,1.8704915046691895,0.0012228229315951467,0.23550891876220703,0.37979907977404426,0.0002893251253763048,tracking,0.17179907977404407,0.0,request_watchdog_timeout,0.8082432677102734,0,0,0
280,2.7999999999999843,1.8105175495147705,1.8704942464828491,0.0012228229315951467,0.22034810483455658,0.37979907977404426,0.0002893251253763048,tracking,0.15579907977404406,0.0,request_watchdog_timeout,0.8105225509755872,0,0,0
281,2.809999999999984,1.8126444816589355,1.8704968690872192,0.0012228229315951467,0.20502768456935883,0.37979907977404426,0.0002893251253763048,tracking,0.13979907977404404,0.0,request_watchdog_timeout,0.8126494847366471,0,1,0
282,2.819999999999984,1.8146175146102905,1.8704992532730103,0.0012228229315951467,0.18957799673080444,0.37979907977404426,0.0002893251253763048,tracking,0.12379907977404404,0.0,request_watchdog_timeout,0.8146225191285101,0,0,0
283,2.8299999999999836,1.8164355754852295,1.8705015182495117,0.0012228229315951467,0.17402364313602448,0.37979907977404426,0.0002893251253763048,tracking,0.10779907977404404,0.0,request_watchdog_timeout,0.816440581414325,0,0,0
284,2.8399999999999834,1.8180975914001465,1.870503544807434,0.0012228229315951467,0.1583845317363739,0.37979907977404426,0.0002893251253763048,tracking,0.09179907977404404,0.0,request_watchdog_timeout,0.8181025985647703,0,0,0
285,2.849999999999983,1.8196028470993042,1.8705053329467773,0.0012228229315951467,0.14267677068710327,0.37979907977404426,0.0002893251253763048,tracking,0.07579907977404404,0.0,request_watchdog_timeout,0.8196078553260204,0,0,0
286,2.859999999999983,1.8209507465362549,1.870507001876831,0.0012228229315951467,0.1269134283065796,0.37979907977404426,0.0002893251253763048,tracking,0.05979907977404404,0.0,request_watchdog_timeout,0.8209557557961812,0,1,0
287,2.869999999999983,1.8221408128738403,1.8705084323883057,0.0012228229315951467,0.11110507696866989,0.37979907977404426,0.0002893251253763048,tracking,0.04379907977404404,0.0,request_watchdog_timeout,0.8221458229935348,0,0,0
288,2.8799999999999826,1.823172688484192,1.8705097436904907,0.0012228229315951467,0.09526027739048004,0.37979907977404426,0.0002893251253763048,tracking,0.02779907977404404,0.0,request_watchdog_timeout,0.8231776994370841,0,0,0
289,2.8899999999999824,1.8240458965301514,1.8705108165740967,0.0012228229315951467,0.07938595861196518,0.37979907977404426,0.0002893251253763048,tracking,0.011799079774044041,0.0,request_watchdog_timeout,0.8240509081421526,0,0,0
290,2.899999999999982,1.8247642517089844,1.8705116510391235,0.0012228229315951467,0.0642867460846901,0.37979907977404426,0.0002893251253763048,tracking,0.0,0.0,request_watchdog_timeout,0.8247692638056565,0,0,0
291,2.909999999999982,1.8253459930419922,1.8705123662948608,0.0012228229315951467,0.05205940827727318,0.37979907977404426,0.0002893251253763048,tracking,0.0,0.0,request_watchdog_timeout,0.8253510055783706,0,1,0
292,2.9199999999999817,1.8258171081542969,1.8705129623413086,0.0012228229315951467,0.04215770959854126,0.37979907977404426,0.0002893251253763048,tracking,0.0,0.0,request_watchdog_timeout,0.8258221210677288,0,0,0
293,2.9299999999999815,1.8261985778808594,1.8705134391784668,0.0012228229315951467,0.03413931280374527,0.37979907977404426,0.0002893251253763048,tracking,0.0,0.0,request_watchdog_timeout,0.8262035910923144,0,0,0
294,2.9399999999999813,1.8265074491500854,1.8705137968063354,0.0012228229315951467,0.0276460163295269,0.37979907977404426,0.0002893251253763048,tracking,0.0,0.0,request_watchdog_timeout,0.8265124625685809,0,0,0
295,2.949999999999981,1.8267576694488525,1.870514154434204,0.0012228229315951467,0.02238774485886097,0.37979907977404426,0.0002893251253763048,tracking,0.0,0.0,request_watchdog_timeout,0.826762683122918,0,0,0
296,2.959999999999981,1.8269602060317993,1.8705143928527832,0.0012228229315951467,0.01812959648668766,0.37979907977404426,0.0002893251253763048,tracking,0.0,0.0,request_watchdog_timeout,0.8269652198461935,0,1,0
297,2.9699999999999807,1.8271242380142212,1.8705146312713623,0.0012228229315951467,0.014681346714496613,0.37979907977404426,0.0002893251253763048,tracking,0.0,0.0,request_watchdog_timeout,0.8271292520018846,0,0,0
298,2.9799999999999804,1.8272570371627808,1.8705147504806519,0.0012228229315951467,0.011888954788446426,0.37979907977404426,0.0002893251253763048,tracking,0.0,0.0,request_watchdog_timeout,0.8272620512039492,0,0,0
299,2.9899999999999802,1.8273645639419556,1.8705148696899414,0.0012228229315951467,0.009627675637602806,0.37979907977404426,0.0002893251253763048,tracking,0.0,0.0,request_watchdog_timeout,0.8273695780492045,0,0,0
300,2.99999999999998,1.8274517059326172,1.870514988899231,0.0012228229315951467,0.007796491961926222,0.37979907977404426,0.0002893251253763048,tracking,0.0,0.0,request_watchdog_timeout,0.8274567201214046,0,0,0
301,3.00999999999998,1.8275222778320312,1.8705151081085205,0.0012228229315951467,0.006313599180430174,0.37979907977404426,0.0002893251253763048,tracking,0.0,0.0,request_watchdog_timeout,0.8275272921215021,0,1,0
302,3.0199999999999796,1.827579379081726,1.87051522731781,0.0012228229315951467,0.0051127527840435505,0.37979907977404426,0.0002893251253763048,tracking,0.0,0.0,request_watchdog_timeout,0.8275843934956324,0,0,0
303,3.0299999999999794,1.8276256322860718,1.87051522731781,0.0012228229315951467,0.004140307195484638,0.37979907977404426,0.0002893251253763048,tracking,0.0,0.0,request_watchdog_timeout,0.8276306466999781,0,0,0
304,3.039999999999979,1.8276630640029907,1.87051522731781,0.0012228229315951467,0.003352820873260498,0.37979907977404426,0.0002893251253763048,tracking,0.0,0.0,request_watchdog_timeout,0.827668078416897,0,0,0
305,3.049999999999979,1.8276934623718262,1.87051522731781,0.0012228229315951467,0.0027151142712682486,0.37979907977404426,0.0002893251253763048,tracking,0.0,0.0,request_watchdog_timeout,0.8276984767857325,0,0,0
306,3.0599999999999787,1.8277180194854736,1.87051522731781,0.0012228229315951467,0.002198699628934264,0.37979907977404426,0.0002893251253763048,tracking,0.0,0.0,request_watchdog_timeout,0.82772303389938,0,1,0
307,3.0699999999999785,1.8277379274368286,1.87051522731781,0.0012228229315951467,0.0017805069219321012,0.37979907977404426,0.0002893251253763048,tracking,0.0,0.0,request_watchdog_timeout,0.8277429418507349,0,0,0
308,3.0799999999999783,1.827754020690918,1.87051522731781,0.0012228229315951467,0.0014418545179069042,0.37979907977404426,0.0002893251253763048,tracking,0.0,0.0,request_watchdog_timeout,0.8277590351048243,0,0,0
309,3.089999999999978,1.827767014503479,1.87051522731781,0.0012228229315951467,0.0011676137801259756,0.37979907977404426,0.0002893251253763048,tracking,0.0,0.0,request_watchdog_timeout,0.8277720289173853,0,0,0
310,3.099999999999978,1.827777624130249,1.87051522731781,0.0012228229315951467,0.0009455336257815361,0.37979907977404426,0.0002893251253763048,tracking,0.0,0.0,request_watchdog_timeout,0.8277826385441553,0,0,0
311,3.1099999999999777,1.8277887105941772,1.87051522731781,0.001222245511598885,0.0012809735490009189,0.37350525441558846,-0.009352433641552645,tracking,0.008,-0.009352433641552645,tracking,0.8277937250080836,0,1,1
312,3.1199999999999775,1.8278050422668457,1.87051522731781,0.0012214976595714688,0.0019808632787317038,0.37350525441558846,-0.009352433641552645,tracking,0.016,-0.009352433641552645,tracking,0.827810056680752,0,0,0
313,3.1299999999999772,1.8278300762176514,1.87051522731781,0.0012201744830235839,0.003027873346582055,0.37350525441558846,-0.009352433641552645,tracking,0.024,-0.009352433641552645,tracking,0.8278350906315577,0,0,0
314,3.139999999999977,1.8278672695159912,1.87051522731781,0.0012184522347524762,0.004405498038977385,0.37350525441558846,-0.009352433641552645,tracking,0.032,-0.009352433641552645,tracking,0.8278722839298975,0,0,0
315,3.149999999999977,1.827919840812683,1.8705153465270996,0.0012157190358266234,0.006098016630858183,0.37350525441558846,-0.009352433641552645,tracking,0.04,-0.009352433641552645,tracking,0.8279248553617472,0,0,0
316,3.1599999999999766,1.8279907703399658,1.8705154657363892,0.0012123791966587305,0.008090456016361713,0.3732703439386902,-0.00969070472828612,tracking,0.048,-0.00969070472828612,tracking,0.8279957849892057,0,1,1
317,3.1699999999999764,1.8280830383300781,1.8705155849456787,0.0012076330604031682,0.01036855485290289,0.3732703439386902,-0.00969070472828612,tracking,0.056,-0.00969070472828612,tracking,0.8280880530563265,0,0,0
318,3.179999999999976,1.8281995058059692,1.8705157041549683,0.0012020920403301716,0.012918730266392231,0.3732703439386902,-0.00969070472828612,tracking,0.064,-0.00969070472828612,tracking,0.8282045205932254,0,0,0
319,3.189999999999976,1.8283427953720093,1.8705158233642578,0.0011947862803936005,0.015728045254945755,0.3732703439386902,-0.00969070472828612,tracking,0.07200000000000001,-0.00969070472828612,tracking,0.8283478102088533,0,0,0
320,3.1999999999999758,1.8285154104232788,1.870516061782837,0.001186514855362475,0.01878417655825615,0.3732703439386902,-0.00969070472828612,tracking,0.08000000000000002,-0.00969070472828612,tracking,0.8285204254247764,0,0,0
321,3.2099999999999755,1.8287197351455688,1.870516300201416,0.0011761534260585904,0.022075388580560684,0.37365354330732903,-0.009138897637446197,tracking,0.08800000000000002,-0.009138897637446197,tracking,0.8287247502861671,0,1,1
322,3.2199999999999753,1.8289580345153809,1.8705165386199951,0.0011646714992821217,0.025590503588318825,0.37365354330732903,-0.009138897637446197,tracking,0.09600000000000003,-0.009138897637446197,tracking,0.828963049775248,0,0,0
323,3.229999999999975,1.8292325735092163,1.8705168962478638,0.0011508043389767408,0.029318874701857567,0.37365354330732903,-0.009138897637446197,tracking,0.10400000000000004,-0.009138897637446197,tracking,0.8292375890020152,0,0,0
324,3.239999999999975,1.8295453786849976,1.8705172538757324,0.0011356761679053307,0.0332503616809845,0.37365354330732903,-0.009138897637446197,tracking,0.11200000000000004,-0.009138897637446197,tracking,0.829550394382233,0,0,0
325,3.2499999999999747,1.829898476600647,1.870517611503601,0.0011178951244801283,0.037375308573246,0.37365354330732903,-0.009138897637446197,tracking,0.12000000000000005,-0.009138897637446197,tracking,0.8299034924789903,0,0,0
326,3.2599999999999745,1.8302937746047974,1.8705180883407593,0.001098725595511496,0.04168451204895973,0.37390292942272996,-0.00877978163126885,tracking,0.12800000000000006,-0.00877978163126885,tracking,0.8302987907707384,0,1,1
327,3.2699999999999743,1.830733060836792,1.8705185651779175,0.0010766603518277407,0.046169213950634,0.37390292942272996,-0.00877978163126885,tracking,0.13600000000000007,-0.00877978163126885,tracking,0.8307380772615319,0,0,0
328,3.279999999999974,1.8312180042266846,1.8705190420150757,0.0010530910221859813,0.05082106590270996,0.37390292942272996,-0.00877978163126885,tracking,0.14400000000000007,-0.00877978163126885,tracking,0.8312230208858576,0,0,0
329,3.289999999999974,1.8317502737045288,1.8705196380615234,0.0010264057200402021,0.055632125586271286,0.37390292942272996,-0.00877978163126885,tracking,0.15200000000000008,-0.00877978163126885,tracking,0.8317552906974344,0,0,0
330,3.2999999999999736,1.8323314189910889,1.8705202341079712,0.000998111441731453,0.060594815760850906,0.37390292942272996,-0.00877978163126885,tracking,0.1600000000000001,-0.00877978163126885,tracking,0.8323364362896591,0,0,0
331,3.3099999999999734,1.8329628705978394,1.870520830154419,0.0009665012476034462,0.0657019317150116,0.37390197581303575,-0.008781154829228551,tracking,0.1680000000000001,-0.008781154829228551,tracking,0.8329678881777228,0,1,1
332,3.319999999999973,1.8336460590362549,1.8705214262008667,0.000933186907786876,0.070946604013443,0.37390197581303575,-0.008781154829228551,tracking,0.1760000000000001,-0.008781154829228551,tracking,0.8336510768761481,0,0,0
333,3.329999999999973,1.83438241481781,1.870522141456604,0.0008963753934949636,0.0763222947716713,0.37390197581303575,-0.008781154829228551,tracking,0.1840000000000001,-0.008781154829228551,tracking,0.8343874330050834,0,0,0
334,3.3399999999999728,1.8351731300354004,1.8705228567123413,0.0008577734115533531,0.08182276785373688,0.37390197581303575,-0.008781154829228551,tracking,0.19200000000000012,-0.008781154829228551,tracking,0.8351781485461724,0,0,0
335,3.3499999999999726,1.8360193967819214,1.8705235719680786,0.0008155098184943199,0.08744209259748459,0.37390197581303575,-0.008781154829228551,tracking,0.20000000000000012,-0.008781154829228551,tracking,0.8360244155949567,0,0,0
336,3.3599999999999723,1.836922526359558,1.870524287223816,0.0007713774684816599,0.09317462146282196,0.37434544860528085,-0.008142554008395546,tracking,0.20800000000000013,-0.008142554008395546,tracking,0.8369275454558256,0,1,1
337,3.369999999999972,1.837883472442627,1.8705250024795532,0.0007234343211166561,0.09901496767997742,0.37434544860528085,-0.008142554008395546,tracking,0.21600000000000014,-0.008142554008395546,tracking,0.8378884918050856,0,0,0
338,3.379999999999972,1.8389033079147339,1.8705257177352905,0.00067355134524405,0.10495800524950027,0.37434544860528085,-0.008142554008395546,tracking,0.22400000000000014,-0.008142554008395546,tracking,0.8389083275280128,0,0,0
339,3.3899999999999717,1.8399831056594849,1.8705264329910278,0.0006197221809998155,0.11099885404109955,0.37434544860528085,-0.008142554008395546,tracking,0.23200000000000015,-0.008142554008395546,tracking,0.8399881255096557,0,0,0
340,3.3999999999999715,1.8411238193511963,1.8705271482467651,0.0005638887523673475,0.11713285744190216,0.37434544860528085,-0.008142554008395546,tracking,0.24000000000000016,-0.008142554008395546,tracking,0.8411288394256087,0,0,0
341,3.4099999999999713,1.842326283454895,1.870527744293213,0.0005039864336140454,0.12335558980703354,0.3747779923490407,-0.007519691017381389,tracking,0.24800000000000016,-0.007519691017381389,tracking,0.8423313036770338,0,1,1
342,3.419999999999971,1.843591332435608,1.8705283403396606,0.0004420213808771223,0.12966282665729523,0.3747779923490407,-0.007519691017381389,tracking,0.25600000000000017,-0.007519691017381389,tracking,0.8435963527981647,0,0,0
343,3.429999999999971,1.8449199199676514,1.8705289363861084,0.00037587599945254624,0.13605055212974548,0.3747779923490407,-0.007519691017381389,tracking,0.2640000000000002,-0.007519691017381389,tracking,0.8449249404639108,0,0,0
344,3.4399999999999706,1.8463127613067627,1.8705294132232666,0.0003076148859690875,0.14251494407653809,0.3747779923490407,-0.007519691017381389,tracking,0.2720000000000002,-0.007519691017381389,tracking,0.8463177818846443,0,0,0
345,3.4499999999999704,1.8477705717086792,1.8705297708511353,0.00023507242440246046,0.14905235171318054,0.3747779923490407,-0.007519691017381389,tracking,0.2800000000000002,-0.007519691017381389,tracking,0.8477755923304272,0,0,0
346,3.45999999999997,1.8492941856384277,1.8705300092697144,0.00016036609304137528,0.15565931797027588,0.3753478905278823,-0.006699037639849467,tracking,0.2880000000000002,-0.006699037639849467,tracking,0.8492992062788299,0,1,1
347,3.46999999999997,1.850884199142456,1.8705302476882935,8.128675835905597e-05,0.16233251988887787,0.3753478905278823,-0.006699037639849467,tracking,0.2960000000000002,-0.006699037639849467,tracking,0.8508892198007334,0,0,0
348,3.47999999999997,1.852541208267212,1.8705302476882935,-8.683231911277289e-11,0.1690688133239746,0.3753478905278823,-0.006699037639849467,tracking,0.3040000000000002,-0.006699037639849467,tracking,0.8525462289254893,0,0,0
349,3.4899999999999696,1.8542659282684326,1.8705302476882935,-8.574308594688773e-05,0.17586518824100494,0.3753478905278823,-0.006699037639849467,tracking,0.3120000000000002,-0.006699037639849467,tracking,0.85427094892671,0,0,0
350,3.4999999999999694,1.8560588359832764,1.8705300092697144,-0.0001737331913318485,0.18271879851818085,0.3753478905278823,-0.006699037639849467,tracking,0.32000000000000023,-0.006699037639849467,tracking,0.856063856657406,0,0,0
351,3.509999999999969,1.857920527458191,1.8705296516418457,-0.00026625487953424454,0.18962691724300385,0.376293584141757,-0.005337238835869943,tracking,0.32800000000000024,-0.005337238835869943,tracking,0.8579255481666704,0,1,1
352,3.519999999999969,1.859851598739624,1.870529055595398,-0.0003610595886129886,0.1965869516134262,0.376293584141757,-0.005337238835869943,tracking,0.33600000000000024,-0.005337238835869943,tracking,0.8598566195400917,0,0,0
353,3.5299999999999687,1.8618525266647339,1.870528221130371,-0.0004604643036145717,0.20359644293785095,0.376293584141757,-0.005337238835869943,tracking,0.34400000000000025,-0.005337238835869943,tracking,0.8618575476392039,0,0,0
354,3.5399999999999685,1.8639237880706787,1.8705271482467651,-0.0005621846066787839,0.21065303683280945,0.376293584141757,-0.005337238835869943,tracking,0.35200000000000026,-0.005337238835869943,tracking,0.8639288093230177,0,0,0
355,3.5499999999999683,1.8660658597946167,1.87052583694458,-0.0006685669650323689,0.21775448322296143,0.376293584141757,-0.005337238835869943,tracking,0.36000000000000026,-0.005337238835869943,tracking,0.8660708814483226,0,0,0
356,3.559999999999968,1.8682790994644165,1.8705241680145264,-0.0007772945100441575,0.22489865124225616,0.3760895986046655,-0.005630978009281658,tracking,0.36800000000000027,-0.005630978009281658,tracking,0.8682841217473645,0,1,1
357,3.569999999999968,1.8705639839172363,1.8705222606658936,-0.0008907404262572527,0.2320835143327713,0.3760895986046655,-0.005630978009281658,tracking,0.3760000000000003,-0.005630978009281658,tracking,0.870569006996281,0,0,0
358,3.5799999999999677,1.8729190826416016,1.870519995689392,-0.0010064963717013597,0.23893100023269653,0.3760895986046655,-0.005630978009281658,tracking,0.3760895986046655,-0.005630978009281658,tracking,0.8729241068097975,0,0,0
359,3.5899999999999674,1.8753410577774048,1.8705174922943115,-0.0011266546789556742,0.2454528957605362,0.3760895986046655,-0.005630978009281658,tracking,0.3760895986046655,-0.005630978009281658,tracking,0.8753460832393765,0,0,0
360,3.5999999999999672,1.8778266906738281,1.8705145120620728,-0.0012489092769101262,0.2516646683216095,0.3760895986046655,-0.005630978009281658,tracking,0.3760895986046655,-0.005630978009281658,tracking,0.8778317179224234,0,0,0
361,3.609999999999967,1.880373239517212,1.8705111742019653,-0.0013751804362982512,0.2576504349708557,0.3775482885034745,-0.0035304645549967713,tracking,0.3775482885034745,-0.0035304645549967713,tracking,0.8803782689533375,0,1,1
362,3.619999999999967,1.8829782009124756,1.8705073595046997,-0.001503375475294888,0.26335158944129944,0.3775482885034745,-0.0035304645549967713,tracking,0.3775482885034745,-0.0035304645549967713,tracking,0.882983233141715,0,0,0
363,3.6299999999999666,1.8856388330459595,1.8705031871795654,-0.001635235850699246,0.2687816321849823,0.3775482885034745,-0.0035304645549967713,tracking,0.3775482885034745,-0.0035304645549967713,tracking,0.8856438685466558,0,0,0
364,3.6399999999999664,1.8883525133132935,1.870498538017273,-0.001768841641023755,0.27395349740982056,0.3775482885034745,-0.0035304645549967713,tracking,0.3775482885034745,-0.0035304645549967713,tracking,0.8883575527965323,0,0,0
365,3.649999999999966,1.8911166191101074,1.8704935312271118,-0.0019057724857702851,0.27887943387031555,0.3775482885034745,-0.0035304645549967713,tracking,0.3775482885034745,-0.0035304645549967713,tracking,0.8911216631278918,0,0,0
366,3.659999999999966,1.8939288854599,1.870487928390503,-0.002044288208708167,0.28358155488967896,0.37776722321375644,-0.003215198572190752,tracking,0.37776722321375644,-0.003215198572190752,tracking,0.893933935058903,0,1,1
367,3.6699999999999657,1.8967870473861694,1.8704819679260254,-0.0021858271211385727,0.2880600690841675,0.37776722321375644,-0.003215198572190752,tracking,0.37776722321375644,-0.003215198572190752,tracking,0.896792103200198,0,0,0
368,3.6799999999999655,1.899688959121704,1.8704752922058105,-0.00232880562543869,0.2923256456851959,0.37776722321375644,-0.003215198572190752,tracking,0.37776722321375644,-0.003215198572190752,tracking,0.8996940226143227,0,0,0
369,3.6899999999999653,1.902632474899292,1.870468258857727,-0.002474526409059763,0.2963883876800537,0.37776722321375644,-0.003215198572190752,tracking,0.37776722321375644,-0.003215198572190752,tracking,0.9026375467947728,0,0,0
370,3.699999999999965,1.9056156873703003,1.8704606294631958,-0.0026215531397610903,0.30025795102119446,0.37776722321375644,-0.003215198572190752,tracking,0.37776722321375644,-0.003215198572190752,tracking,0.9056207690216342,0,0,0
371,3.709999999999965,1.9086370468139648,1.8704525232315063,-0.002771090716123581,0.304013729095459,0.37924363956772894,-0.001089159022470359,tracking,0.37924363956772894,-0.001089159022470359,tracking,0.9086421393396875,0,1,1
372,3.7199999999999647,1.9116950035095215,1.8704437017440796,-0.002921835519373417,0.30759090185165405,0.37924363956772894,-0.001089159022470359,tracking,0.37924363956772894,-0.001089159022470359,tracking,0.9117001087591782,0,0,0
373,3.7299999999999645,1.9147878885269165,1.8704345226287842,-0.003074880223721266,0.31099799275398254,0.37924363956772894,-0.001089159022470359,tracking,0.37924363956772894,-0.001089159022470359,tracking,0.9147930073975082,0,0,0
374,3.7399999999999642,1.9179140329360962,1.8704246282577515,-0.003229019930586219,0.3142430782318115,0.37924363956772894,-0.001089159022470359,tracking,0.37924363956772894,-0.001089159022470359,tracking,0.917919167464687,0,0,0
375,3.749999999999964,1.9210718870162964,1.8704142570495605,-0.003385246032848954,0.317333847284317,0.37924363956772894,-0.001089159022470359,tracking,0.37924363956772894,-0.001089159022470359,tracking,0.9210770385757041,0,0,0
376,3.759999999999964,1.924259901046753,1.8704031705856323,-0.0035424642264842987,0.3202700912952423,0.3790843475813795,0.0013185394828135084,tracking,0.3790843475813795,0.0013185394828135084,tracking,0.9242650718829439,0,1,1
377,3.7699999999999636,1.9274765253067017,1.8703919649124146,-0.0033833582419902086,0.32306671142578125,0.3790843475813795,0.0013185394828135084,tracking,0.3790843475813795,0.0013185394828135084,tracking,0.9274817156612948,0,0,0
378,3.7799999999999634,1.9307204484939575,1.8703813552856445,-0.0032233535312116146,0.3257303535938263,0.3790843475813795,0.0013185394828135084,tracking,0.3790843475813795,0.0013185394828135084,tracking,0.9307256561985112,0,0,0
379,3.789999999999963,1.933990478515625,1.8703709840774536,-0.0030616361182183027,0.32826733589172363,0.3790843475813795,0.0013185394828135084,tracking,0.3790843475813795,0.0013185394828135084,tracking,0.9339957026667691,0,0,0
380,3.799999999999963,1.9372851848602295,1.8703612089157104,-0.002899103332310915,0.3306836783885956,0.3790843475813795,0.0013185394828135084,tracking,0.3790843475813795,0.0013185394828135084,tracking,0.9372904235124501,0,0,0
381,3.8099999999999627,1.9406036138534546,1.8703514337539673,-0.003063195152208209,0.3330017626285553,0.3794340821710328,-0.000814921673712745,tracking,0.3794340821710328,-0.000814921673712745,tracking,0.9406088669030873,0,1,1
382,3.8199999999999625,1.9439446926116943,1.8703408241271973,-0.0032280320301651955,0.33520960807800293,0.3794340821710328,-0.000814921673712745,tracking,0.3794340821710328,-0.000814921673712745,tracking,0.943949962506769,0,0,0
383,3.8299999999999623,1.9473072290420532,1.870329737663269,-0.0033942884765565395,0.3373124897480011,0.3794340821710328,-0.000814921673712745,tracking,0.3794340821710328,-0.000814921673712745,tracking,0.9473125172134129,0,0,0
384,3.839999999999962,1.9506903886795044,1.8703179359436035,-0.003561220830306411,0.33931538462638855,0.3794340821710328,-0.000814921673712745,tracking,0.3794340821710328,-0.000814921673712745,tracking,0.9506956974351962,0,0,0
385,3.849999999999962,1.954093098640442,1.8703056573867798,-0.003729440737515688,0.3412230312824249,0.3794340821710328,-0.000814921673712745,tracking,0.3794340821710328,-0.000814921673712745,tracking,0.9540984295494275,0,0,0
386,3.8599999999999617,1.9575144052505493,1.8702925443649292,-0.0038982739206403494,0.343039870262146,0.37943214249734936,0.0008177148038169338,tracking,0.37943214249734936,0.0008177148038169338,tracking,0.957519761288927,0,1,1
387,3.8699999999999615,1.9609534740447998,1.870279312133789,-0.00372827285900712,0.34477031230926514,0.37943214249734936,0.0008177148038169338,tracking,0.37943214249734936,0.0008177148038169338,tracking,0.9609588555393843,0,0,0
388,3.8799999999999613,1.964409351348877,1.8702667951583862,-0.0035577155649662018,0.34641847014427185,0.37943214249734936,0.0008177148038169338,tracking,0.37943214249734936,0.0008177148038169338,tracking,0.9644147555112453,0,0,0
389,3.889999999999961,1.9678813219070435,1.870254635810852,-0.0033860986586660147,0.3479882776737213,0.37943214249734936,0.0008177148038169338,tracking,0.37943214249734936,0.0008177148038169338,tracking,0.9678867473612512,0,0,0
390,3.899999999999961,1.971368670463562,1.8702431917190552,-0.0032139772083610296,0.3494834303855896,0.37943214249734936,0.0008177148038169338,tracking,0.37943214249734936,0.0008177148038169338,tracking,0.9713741146951994,0,0,0
391,3.9099999999999606,1.9748706817626953,1.8702317476272583,-0.0033870642073452473,0.35091984272003174,0.37969172495759773,-0.00044391606105929557,tracking,0.37969172495759773,-0.00044391606105929557,tracking,0.9748761446931427,0,1,1
392,3.9199999999999604,1.978386640548706,1.8702194690704346,-0.003560612676665187,0.3522879481315613,0.37969172495759773,-0.00044391606105929557,tracking,0.37969172495759773,-0.00044391606105929557,tracking,0.9783921249188954,0,0,0
393,3.92999999999996,1.981916069984436,1.8702067136764526,-0.003735040780156851,0.3535909950733185,0.37969172495759773,-0.00044391606105929557,tracking,0.37969172495759773,-0.00044391606105929557,tracking,0.9819215774036121,0,0,0
394,3.93999999999996,1.9854581356048584,1.8701931238174438,-0.003909887745976448,0.35483208298683167,0.37969172495759773,-0.00044391606105929557,tracking,0.37969172495759773,-0.00044391606105929557,tracking,0.9854636690940749,0,0,0
395,3.9499999999999598,1.989012360572815,1.8701790571212769,-0.004085532855242491,0.3560141623020172,0.37969172495759773,-0.00044391606105929557,tracking,0.37969172495759773,-0.00044391606105929557,tracking,0.9890179218980812,0,0,0
396,3.9599999999999596,1.9925779104232788,1.8701640367507935,-0.004261550959199667,0.35709813237190247,0.37881077634970317,0.0017124820564274508,tracking,0.37881077634970317,0.0017124820564274508,tracking,0.9925835033860958,0,1,1
397,3.9699999999999593,1.9961540699005127,1.87014901638031,-0.004084836225956678,0.3581305742263794,0.37881077634970317,0.0017124820564274508,tracking,0.37881077634970317,0.0017124820564274508,tracking,0.99615969440702,0,0,0
398,3.979999999999959,1.9997402429580688,1.8701348304748535,-0.003907789476215839,0.3591139316558838,0.37881077634970317,0.0017124820564274508,tracking,0.37881077634970317,0.0017124820564274508,tracking,0.9997458955222192,0,0,0
399,3.989999999999959,2.003335952758789,1.8701210021972656,-0.00373011059127748,0.3600505292415619,0.37881077634970317,0.0017124820564274508,tracking,0.37881077634970317,0.0017124820564274508,tracking,1.0033416319130377,0,0,0
400,3.9999999999999587,2.0069408416748047,1.8701080083847046,-0.0035521306563168764,0.3609425723552704,0.37881077634970317,0.0017124820564274508,tracking,0.37881077634970317,0.0017124820564274508,tracking,1.0069465442470589,0,0,0
401,4.009999999999959,2.010554552078247,1.8700953722000122,-0.003373568644747138,0.3618186414241791,0.37936664105766255,0.0009120368769659545,tracking,0.37936664105766255,0.0009120368769659545,tracking,1.0105602767431232,0,1,1
402,4.019999999999959,2.014176845550537,1.8700835704803467,-0.0031947249080985785,0.36265304684638977,0.37936664105766255,0.0009120368769659545,tracking,0.37936664105766255,0.0009120368769659545,tracking,1.014182589440832,0,0,0
403,4.0299999999999585,2.0178072452545166,1.8700722455978394,-0.0030153447296470404,0.36344778537750244,0.37936664105766255,0.0009120368769659545,tracking,0.37936664105766255,0.0009120368769659545,tracking,1.0178130068085212,0,0,0
404,4.039999999999958,2.0214455127716064,1.8700617551803589,-0.002835709135979414,0.3642047345638275,0.37936664105766255,0.0009120368769659545,tracking,0.37936664105766255,0.0009120368769659545,tracking,1.0214512894493792,0,0,0
405,4.049999999999958,2.0250911712646484,1.870051622390747,-0.002655586926266551,0.36492568254470825,0.37936664105766255,0.0009120368769659545,tracking,0.37936664105766255,0.0009120368769659545,tracking,1.0250969620239962,0,0,0
406,4.059999999999958,2.0287437438964844,1.870042324066162,-0.0024752377066761255,0.365582674741745,0.3787424980848929,-0.0018108027577542363,tracking,0.3787424980848929,-0.0018108027577542363,tracking,1.0287495464911478,0,1,1
407,4.069999999999958,2.032402753829956,1.8700330257415771,-0.002656009281054139,0.36620843410491943,0.3787424980848929,-0.0018108027577542363,tracking,0.3787424980848929,-0.0018108027577542363,tracking,1.0324085682391133,0,0,0
408,4.079999999999957,2.0360677242279053,1.8700228929519653,-0.0028369820211082697,0.36680442094802856,0.3787424980848929,-0.0018108027577542363,tracking,0.3787424980848929,-0.0018108027577542363,tracking,1.0360735526444376,0,0,0
409,4.089999999999957,2.039738655090332,1.8700122833251953,-0.003018337767571211,0.367372065782547,0.3787424980848929,-0.0018108027577542363,tracking,0.3787424980848929,-0.0018108027577542363,tracking,1.0397444988386628,0,0,0
410,4.099999999999957,2.043415069580078,1.8700007200241089,-0.0031998760532587767,0.36791273951530457,0.3787424980848929,-0.0018108027577542363,tracking,0.3787424980848929,-0.0018108027577542363,tracking,1.0434209315131922,0,0,0
411,4.109999999999957,2.0470969676971436,1.8699886798858643,-0.0033817789517343044,0.3684794306755066,0.37983051371165577,-0.00024406025521573303,tracking,0.37983051371165577,-0.00024406025521573303,tracking,1.0471028493163728,0,1,1
412,4.119999999999957,2.0507843494415283,1.8699758052825928,-0.0035638639237731695,0.36901918053627014,0.37983051371165577,-0.00024406025521573303,tracking,0.37983051371165577,-0.00024406025521573303,tracking,1.0507902535367195,0,0,0
413,4.129999999999956,2.0544769763946533,1.869962453842163,-0.0037462960463017225,0.3695332705974579,0.37983051371165577,-0.00024406025521573303,tracking,0.37983051371165577,-0.00024406025521573303,tracking,1.0544829046271837,0,0,0
414,4.139999999999956,2.0581748485565186,1.869948148727417,-0.003928893245756626,0.37002289295196533,0.37983051371165577,-0.00024406025521573303,tracking,0.37983051371165577,-0.00024406025521573303,tracking,1.0581808044584131,0,0,0
415,4.149999999999956,2.061877489089966,1.8699333667755127,-0.004111805465072393,0.370489239692688,0.37983051371165577,-0.00024406025521573303,tracking,0.37983051371165577,-0.00024406025521573303,tracking,1.0618834744985366,0,0,0
416,4.159999999999956,2.065584182739258,1.869917631149292,-0.004294857382774353,0.37087252736091614,0.3785496616221106,0.00208848726416069,tracking,0.3785496616221106,0.00208848726416069,tracking,1.0655902015480554,0,1,1
417,4.1699999999999555,2.0692946910858154,1.8699018955230713,-0.004111559130251408,0.371237576007843,0.3785496616221106,0.00208848726416069,tracking,0.3785496616221106,0.00208848726416069,tracking,1.069300743260502,0,0,0
418,4.179999999999955,2.0730087757110596,1.869887113571167,-0.003928143531084061,0.37158527970314026,0.3785496616221106,0.00208848726416069,tracking,0.3785496616221106,0.00208848726416069,tracking,1.073014857301505,0,0,0
419,4.189999999999955,2.076726198196411,1.8698726892471313,-0.0037445041816681623,0.37191644310951233,0.3785496616221106,0.00208848726416069,tracking,0.3785496616221106,0.00208848726416069,tracking,1.076732307771346,0,0,0
420,4.199999999999955,2.08044695854187,1.869859218597412,-0.003560758428648114,0.3722318410873413,0.3785496616221106,0.00208848726416069,tracking,0.3785496616221106,0.00208848726416069,tracking,1.0804530925013114,0,0,0
421,4.209999999999955,2.0841710567474365,1.869846224784851,-0.0033767889253795147,0.3725963830947876,0.3798982109811758,0.0001465761871068446,tracking,0.3798982109811758,0.0001465761871068446,tracking,1.0841772133752718,0,1,1
422,4.2199999999999545,2.0878987312316895,1.869834065437317,-0.0031927020754665136,0.37294358015060425,0.3798982109811758,0.0001465761871068446,tracking,0.3798982109811758,0.0001465761871068446,tracking,1.0879049076908351,0,0,0
423,4.229999999999954,2.09162974357605,1.869822382926941,-0.003008392173796892,0.3732742667198181,0.3798982109811758,0.0001465761871068446,tracking,0.3798982109811758,0.0001465761871068446,tracking,1.0916359383252334,0,0,0
424,4.239999999999954,2.0953640937805176,1.8698116540908813,-0.002823975868523121,0.37358924746513367,0.3798982109811758,0.0001465761871068446,tracking,0.3798982109811758,0.0001465761871068446,tracking,1.0953703039417113,0,0,0
425,4.249999999999954,2.0991015434265137,1.8698012828826904,-0.0026393570005893707,0.3738892376422882,0.3798982109811758,0.0001465761871068446,tracking,0.3798982109811758,0.0001465761871068446,tracking,1.0991077679774333,0,0,0
426,4.259999999999954,2.10284161567688,1.869791865348816,-0.0024546519853174686,0.3741134703159332,0.3786047625286125,-0.0020091419587979853,tracking,0.3786047625286125,-0.0020091419587979853,tracking,1.102847852084496,0,1,1
427,4.269999999999953,2.106583833694458,1.8697824478149414,-0.002639501355588436,0.37432703375816345,0.3786047625286125,-0.0020091419587979853,tracking,0.3786047625286125,-0.0020091419587979853,tracking,1.106590081951972,0,0,0
428,4.279999999999953,2.110328197479248,1.8697720766067505,-0.002824419178068638,0.3745304346084595,0.3786047625286125,-0.0020091419587979853,tracking,0.3786047625286125,-0.0020091419587979853,tracking,1.1103344600999168,0,0,0
429,4.289999999999953,2.114074468612671,1.8697612285614014,-0.003009467851370573,0.3747241795063019,0.3786047625286125,-0.0020091419587979853,tracking,0.3786047625286125,-0.0020091419587979853,tracking,1.1140807469396028,0,0,0
430,4.299999999999953,2.1178226470947266,1.8697494268417358,-0.0031945789232850075,0.3749087154865265,0.3786047625286125,-0.0020091419587979853,tracking,0.3786047625286125,-0.0020091419587979853,tracking,1.1178289440013822,0,0,0
431,4.3099999999999525,2.121572732925415,1.8697372674942017,-0.003379825269803405,0.37513500452041626,0.3796675676529334,-0.0004787025797758984,tracking,0.3796675676529334,-0.0004787025797758984,tracking,1.1215790495448654,0,1,1
432,4.319999999999952,2.1253252029418945,1.869724154472351,-0.003565144259482622,0.3753505349159241,0.3796675676529334,-0.0004787025797758984,tracking,0.3796675676529334,-0.0004787025797758984,tracking,1.1253315424730292,0,0,0
433,4.329999999999952,2.129079818725586,1.8697105646133423,-0.0037506017833948135,0.3755558133125305,0.3796675676529334,-0.0004787025797758984,tracking,0.3796675676529334,-0.0004787025797758984,tracking,1.1290861828509366,0,0,0
434,4.339999999999952,2.13283634185791,1.869696021080017,-0.003936125431209803,0.3757513165473938,0.3796675676529334,-0.0004787025797758984,tracking,0.3796675676529334,-0.0004787025797758984,tracking,1.1328427341360983,0,0,0
435,4.349999999999952,2.136594772338867,1.8696810007095337,-0.004121774807572365,0.3759375214576721,0.3796675676529334,-0.0004787025797758984,tracking,0.3796675676529334,-0.0004787025797758984,tracking,1.1366011946309973,0,0,0
436,4.3599999999999515,2.140354871749878,1.8696650266647339,-0.004307480063289404,0.37609317898750305,0.3792110286280443,0.0011361187756162659,tracking,0.3792110286280443,0.0011361187756162659,tracking,1.140361327973153,0,1,1
437,4.369999999999951,2.1441164016723633,1.869649052619934,-0.004121674690395594,0.37624144554138184,0.3792110286280443,0.0011361187756162659,tracking,0.3792110286280443,0.0011361187756162659,tracking,1.1441228918138793,0,0,0
438,4.379999999999951,2.1478796005249023,1.8696340322494507,-0.003935821354389191,0.37638264894485474,0.3792110286280443,0.0011361187756162659,tracking,0.3792110286280443,0.0011361187756162659,tracking,1.1478861206423296,0,0,0
439,4.389999999999951,2.151643991470337,1.8696194887161255,-0.0037498774472624063,0.3765171468257904,0.3792110286280443,0.0011361187756162659,tracking,0.3792110286280443,0.0011361187756162659,tracking,1.1516505396817607,0,0,0
440,4.399999999999951,2.155409812927246,1.8696057796478271,-0.0035638902336359024,0.3766452372074127,0.3792110286280443,0.0011361187756162659,tracking,0.3792110286280443,0.0011361187756162659,tracking,1.155416386091782,0,0,0
441,4.40999999999995,2.15917706489563,1.8695920705795288,-0.0037499668542295694,0.3767886161804199,0.37966088397920644,-0.0004883270699426968,tracking,0.37966088397920644,-0.0004883270699426968,tracking,1.1591836630038028,0,1,1
442,4.41999999999995,2.162945508956909,1.8695775270462036,-0.00393608957529068,0.37692520022392273,0.37966088397920644,-0.0004883270699426968,tracking,0.37966088397920644,-0.0004883270699426968,tracking,1.1629521351288625,0,0,0
443,4.42999999999995,2.166715383529663,1.8695625066757202,-0.004122300073504448,0.377055287361145,0.37966088397920644,-0.0004883270699426968,tracking,0.37966088397920644,-0.0004883270699426968,tracking,1.1667220396244466,0,0,0
444,4.43999999999995,2.1704864501953125,1.8695465326309204,-0.004308552481234074,0.37717917561531067,0.37966088397920644,-0.0004883270699426968,tracking,0.37966088397920644,-0.0004883270699426968,tracking,1.1704931401225611,0,0,0
445,4.4499999999999496,2.1742587089538574,1.8695300817489624,-0.004494884517043829,0.37729719281196594,0.37966088397920644,-0.0004883270699426968,tracking,0.37966088397920644,-0.0004883270699426968,tracking,1.1742654347522177,0,0,0
446,4.459999999999949,2.1780319213867188,1.869512677192688,-0.004681243561208248,0.3773423433303833,0.3782465866461859,0.002524915229492372,tracking,0.3782465866461859,0.002524915229492372,tracking,1.1780386873255393,0,1,1
447,4.469999999999949,2.1818056106567383,1.8694952726364136,-0.004494855646044016,0.37738534808158875,0.3782465866461859,0.002524915229492372,tracking,0.3782465866461859,0.002524915229492372,tracking,1.1818124167309472,0,0,0
448,4.479999999999949,2.185579538345337,1.8694788217544556,-0.004308453761041164,0.37742629647254944,0.3782465866461859,0.002524915229492372,tracking,0.3782465866461859,0.002524915229492372,tracking,1.1855863802747946,0,0,0
449,4.489999999999949,2.1893539428710938,1.8694628477096558,-0.004122025799006224,0.37746530771255493,0.3782465866461859,0.002524915229492372,tracking,0.3782465866461859,0.002524915229492372,tracking,1.1893608186030973,0,0,0
450,4.4999999999999485,2.193128824234009,1.8694477081298828,-0.003935585264116526,0.3775024712085724,0.3782465866461859,0.002524915229492372,tracking,0.3782465866461859,0.002524915229492372,tracking,1.193135730325371,0,0,0
451,4.509999999999948,2.196904420852661,1.869432806968689,-0.003935585264116526,0.3776208460330963,0.379991913580517,-1.1644444055566514e-05,tracking,0.379991913580517,-1.1644444055566514e-05,tracking,1.196911356349143,0,1,1
452,4.519999999999948,2.200681209564209,1.8694179058074951,-0.003935585264116526,0.37773358821868896,0.379991913580517,-1.1644444055566514e-05,tracking,0.379991913580517,-1.1644444055566514e-05,tracking,1.2006881744565292,0,0,0
453,4.529999999999948,2.2044589519500732,1.8694030046463013,-0.003935585264116526,0.37784096598625183,0.379991913580517,-1.1644444055566514e-05,tracking,0.379991913580517,-1.1644444055566514e-05,tracking,1.204465946230811,0,0,0
454,4.539999999999948,2.208237886428833,1.8693881034851074,-0.003935585264116526,0.3779432475566864,0.379991913580517,-1.1644444055566514e-05,tracking,0.379991913580517,-1.1644444055566514e-05,tracking,1.2082449100887176,0,0,0
455,4.549999999999947,2.212017774581909,1.8693732023239136,-0.003935585264116526,0.3780406713485718,0.379991913580517,-1.1644444055566514e-05,tracking,0.379991913580517,-1.1644444055566514e-05,tracking,1.2120248276135281,0,0,0
456,4.559999999999947,2.2157986164093018,1.8693585395812988,-0.0037488413508981466,0.3781174421310425,0.37965512328067963,0.0004966224758213202,tracking,0.37965512328067963,0.0004966224758213202,tracking,1.2158056978731089,0,1,1
457,4.569999999999947,2.2195801734924316,1.8693448305130005,-0.0035620727576315403,0.3781905472278595,0.37965512328067963,0.0004966224758213202,tracking,0.37965512328067963,0.0004966224758213202,tracking,1.219587279805518,0,0,0
458,4.579999999999947,2.223362445831299,1.8693315982818604,-0.003375257132574916,0.37826019525527954,0.37965512328067963,0.0004966224758213202,tracking,0.37965512328067963,0.0004966224758213202,tracking,1.2233695752907097,0,0,0
459,4.589999999999947,2.2271454334259033,1.8693193197250366,-0.0031884191557765007,0.37832653522491455,0.37965512328067963,0.0004966224758213202,tracking,0.37965512328067963,0.0004966224758213202,tracking,1.2271525828117027,0,0,0
460,4.599999999999946,2.230928897857666,1.869307518005371,-0.003001538570970297,0.37838971614837646,0.37965512328067963,0.0004966224758213202,tracking,0.37965512328067963,0.0004966224758213202,tracking,1.2309360656499089,0,0,0
461,4.609999999999946,2.234712600708008,1.869296669960022,-0.0028146514669060707,0.37836551666259766,0.3782625043846767,-0.0025019936860656263,tracking,0.3782625043846767,-0.0025019936860656263,tracking,1.2347197840511344,0,1,1
462,4.619999999999946,2.2384960651397705,1.8692858219146729,-0.0030015241354703903,0.37834590673446655,0.3782625043846767,-0.0025019936860656263,tracking,0.3782625043846767,-0.0025019936860656263,tracking,1.2385032640347606,0,0,0
463,4.629999999999946,2.242279529571533,1.8692740201950073,-0.0031883909832686186,0.3783300518989563,0.3782625043846767,-0.0025019936860656263,tracking,0.3782625043846767,-0.0025019936860656263,tracking,1.2422867468729668,0,0,0
464,4.6399999999999455,2.246062755584717,1.8692617416381836,-0.003375248285010457,0.3783172070980072,0.3782625043846767,-0.0025019936860656263,tracking,0.3782625043846767,-0.0025019936860656263,tracking,1.246069992811283,0,0,0
465,4.649999999999945,2.2498457431793213,1.8692485094070435,-0.003562101861461997,0.3783068060874939,0.3782625043846767,-0.0025019936860656263,tracking,0.3782625043846767,-0.0025019936860656263,tracking,1.2498530035478357,0,0,0
466,4.659999999999945,2.253628969192505,1.8692348003387451,-0.003748967545107007,0.3783545196056366,0.37931035608281144,-0.0009930872407515204,tracking,0.37931035608281144,-0.0009930872407515204,tracking,1.2536362543993367,0,1,1
467,4.669999999999945,2.2574126720428467,1.8692201375961304,-0.003935848828405142,0.37839996814727783,0.37931035608281144,-0.0009930872407515204,tracking,0.37931035608281144,-0.0009930872407515204,tracking,1.257419985660368,0,0,0
468,4.679999999999945,2.2611968517303467,1.8692049980163574,-0.004122759215533733,0.37844327092170715,0.37931035608281144,-0.0009930872407515204,tracking,0.37931035608281144,-0.0009930872407515204,tracking,1.2612041956326296,0,0,0
469,4.689999999999944,2.264981508255005,1.869188904762268,-0.004309683572500944,0.37848448753356934,0.37931035608281144,-0.0009930872407515204,tracking,0.37931035608281144,-0.0009930872407515204,tracking,1.2649888863732932,0,0,0
470,4.699999999999944,2.268766403198242,1.8691723346710205,-0.0044966344721615314,0.3785237669944763,0.37931035608281144,-0.0009930872407515204,tracking,0.37931035608281144,-0.0009930872407515204,tracking,1.268773817587895,0,0,0
471,4.709999999999944,2.2725515365600586,1.8691548109054565,-0.004683589097112417,0.37850692868232727,0.3784353257432921,0.0022531309296593928,tracking,0.3784353257432921,0.0022531309296593928,tracking,1.2725589915137663,0,1,1
472,4.719999999999944,2.276336431503296,1.8691372871398926,-0.004496644716709852,0.3784933090209961,0.3784353257432921,0.0022531309296593928,tracking,0.3784353257432921,0.0022531309296593928,tracking,1.2763439270236137,0,0,0
473,4.729999999999944,2.280121326446533,1.869120717048645,-0.004309704527258873,0.37848228216171265,0.3784353257432921,0.0022531309296593928,tracking,0.3784353257432921,0.0022531309296593928,tracking,1.2801288582382155,0,0,0
474,4.739999999999943,2.2839059829711914,1.8691046237945557,-0.004122770857065916,0.37847334146499634,0.3784353257432921,0.0022531309296593928,tracking,0.3784353257432921,0.0022531309296593928,tracking,1.283913548978879,0,0,0
475,4.749999999999943,2.2876906394958496,1.8690894842147827,-0.003935839980840683,0.37846609950065613,0.3784353257432921,0.0022531309296593928,tracking,0.3784353257432921,0.0022531309296593928,tracking,1.2876982357844833,0,0,0
476,4.759999999999943,2.291475534439087,1.869074821472168,-0.00374889955855906,0.37850141525268555,0.37920874409689287,0.0011394085004742954,tracking,0.37920874409689287,0.0011394085004742954,tracking,1.291483159129462,0,1,1
477,4.769999999999943,2.2952606678009033,1.8690611124038696,-0.003561947960406542,0.37853506207466125,0.37920874409689287,0.0011394085004742954,tracking,0.37920874409689287,0.0011394085004742954,tracking,1.2952683173170796,0,0,0
478,4.7799999999999425,2.299046039581299,1.8690478801727295,-0.0033749747090041637,0.378567099571228,0.37920874409689287,0.0011394085004742954,tracking,0.37920874409689287,0.0011394085004742954,tracking,1.2990537122248476,0,0,0
479,4.789999999999942,2.3028318881988525,1.8690356016159058,-0.0031879909802228212,0.378597617149353,0.37920874409689287,0.0011394085004742954,tracking,0.37920874409689287,0.0011394085004742954,tracking,1.3028395807537312,0,0,0
480,4.799999999999942,2.3066179752349854,1.8690237998962402,-0.003000987693667412,0.37862667441368103,0.37920874409689287,0.0011394085004742954,tracking,0.37920874409689287,0.0011394085004742954,tracking,1.3066256861835575,0,0,0
481,4.809999999999942,2.31040358543396,1.8690129518508911,-0.0028140032663941383,0.3784831464290619,0.377872111871955,-0.0030641589043847884,tracking,0.377872111871955,-0.0030641589043847884,tracking,1.3104113119255807,0,1,1
482,4.819999999999942,2.31418776512146,1.869002103805542,-0.003000902244821191,0.3783669173717499,0.377872111871955,-0.0030641589043847884,tracking,0.377872111871955,-0.0030641589043847884,tracking,1.3141955071620048,0,0,0
483,4.8299999999999415,2.3179709911346436,1.8689903020858765,-0.003187766531482339,0.37827280163764954,0.377872111871955,-0.0030641589043847884,tracking,0.377872111871955,-0.0030641589043847884,tracking,1.3179787515827919,0,0,0
484,4.839999999999941,2.3217532634735107,1.8689780235290527,-0.0033745747059583664,0.3781965970993042,0.377872111871955,-0.0030641589043847884,tracking,0.377872111871955,-0.0030641589043847884,tracking,1.3217610438518157,0,0,0
485,4.849999999999941,2.3255348205566406,1.8689647912979126,-0.0035613602958619595,0.3781348764896393,0.377872111871955,-0.0030641589043847884,tracking,0.377872111871955,-0.0030641589043847884,tracking,1.325542624085648,0,0,0
486,4.859999999999941,2.3293163776397705,1.8689510822296143,-0.0037481412291526794,0.37818285822868347,0.37914392615293485,-0.0012327463397738443,tracking,0.37914392615293485,-0.0012327463397738443,tracking,1.3293242060180572,0,1,1
487,4.869999999999941,2.3330984115600586,1.8689364194869995,-0.003934937529265881,0.3782285451889038,0.37914392615293485,-0.0012327463397738443,tracking,0.37914392615293485,-0.0012327463397738443,tracking,1.3331062683615718,0,0,0
488,4.87999999999994,2.336880922317505,1.8689212799072266,-0.004121763166040182,0.37827205657958984,0.37914392615293485,-0.0012327463397738443,tracking,0.37914392615293485,-0.0012327463397738443,tracking,1.3368888094171418,0,0,0
489,4.88999999999994,2.3406639099121094,1.8689051866531372,-0.004308602772653103,0.37831351161003113,0.37914392615293485,-0.0012327463397738443,tracking,0.37914392615293485,-0.0012327463397738443,tracking,1.3406718312428465,0,0,0
490,4.89999999999994,2.344447135925293,1.8688886165618896,-0.0044954693876206875,0.3783529996871948,0.37914392615293485,-0.0012327463397738443,tracking,0.37914392615293485,-0.0012327463397738443,tracking,1.3444550935433952,0,0,0
491,4.90999999999994,2.3482308387756348,1.8688710927963257,-0.004682352300733328,0.37841445207595825,0.37964512747567464,-0.0005110164350285683,tracking,0.37964512747567464,-0.0005110164350285683,tracking,1.3482388369731277,0,1,1
492,4.9199999999999395,2.352015256881714,1.8688530921936035,-0.004869274795055389,0.3784729838371277,0.37964512747567464,-0.0005110164350285683,tracking,0.37964512747567464,-0.0005110164350285683,tracking,1.352023297888941,0,0,0
493,4.929999999999939,2.355800151824951,1.868834137916565,-0.005056215915828943,0.3785287141799927,0.37964512747567464,-0.0005110164350285683,tracking,0.37964512747567464,-0.0005110164350285683,tracking,1.3558082402921965,0,0,0
494,4.939999999999939,2.359585762023926,1.8688147068023682,-0.00524319289252162,0.37858179211616516,0.37964512747567464,-0.0005110164350285683,tracking,0.37964512747567464,-0.0005110164350285683,tracking,1.3595939003597117,0,0,0
495,4.949999999999939,2.3633718490600586,1.8687944412231445,-0.005430187098681927,0.3786323666572571,0.37964512747567464,-0.0005110164350285683,tracking,0.37964512747567464,-0.0005110164350285683,tracking,1.36338004163268,0,0,0
496,4.959999999999939,2.367156744003296,1.868774175643921,-0.005243259482085705,0.37837910652160645,0.3773007606753163,0.003886904627544533,tracking,0.3773007606753163,0.003886904627544533,tracking,1.3671649908298351,0,1,1
497,4.9699999999999385,2.3709394931793213,1.8687548637390137,-0.005056407302618027,0.3781740069389343,0.3773007606753163,0.003886904627544533,tracking,0.3773007606753163,0.003886904627544533,tracking,1.3709477893016535,0,0,0
498,4.979999999999938,2.374720335006714,1.8687360286712646,-0.004869677592068911,0.3780079185962677,0.3773007606753163,0.003886904627544533,tracking,0.3773007606753163,0.003886904627544533,tracking,1.3747286780442032,0,0,0
499,4.989999999999938,2.378499746322632,1.868718147277832,-0.004682997241616249,0.37787342071533203,0.3773007606753163,0.003886904627544533,tracking,0.3773007606753163,0.003886904627544533,tracking,1.3785081316606826,0,0,0
500,4.999999999999938,2.3822779655456543,1.8687007427215576,-0.0044963969849050045,0.377764493227005,0.3773007606753163,0.003886904627544533,tracking,0.3773007606753163,0.003886904627544533,tracking,1.382286390970973,0,0,0
501,5.009999999999938,2.3860559463500977,1.86868417263031,-0.00430980185046792,0.37784436345100403,0.37944449735349267,-0.0007999238109705539,tracking,0.37944449735349267,-0.0007999238109705539,tracking,1.386064408113161,0,1,1
502,5.019999999999937,2.3898346424102783,1.8686676025390625,-0.004496448673307896,0.3779204487800598,0.37944449735349267,-0.0007999238109705539,tracking,0.37944449735349267,-0.0007999238109705539,tracking,1.3898431405042082,0,0,0
503,5.029999999999937,2.3936140537261963,1.8686500787734985,-0.004683119710534811,0.3779929280281067,0.37944449735349267,-0.0007999238109705539,tracking,0.37944449735349267,-0.0007999238109705539,tracking,1.3936225924455945,0,0,0
504,5.039999999999937,2.3973941802978516,1.868632197380066,-0.004869837313890457,0.3780619502067566,0.37944449735349267,-0.0007999238109705539,tracking,0.37944449735349267,-0.0007999238109705539,tracking,1.3974027613098075,0,0,0
505,5.049999999999937,2.401175022125244,1.868613362312317,-0.005056577268987894,0.37812769412994385,0.37944449735349267,-0.0007999238109705539,tracking,0.37944449735349267,-0.0007999238109705539,tracking,1.4011836500523571,0,0,0
506,5.0599999999999365,2.404956340789795,1.8685940504074097,-0.005243346560746431,0.378151535987854,0.37862896266713847,-0.0019742937593206196,tracking,0.37862896266713847,-0.0019742937593206196,tracking,1.4049650180313498,0,1,1
507,5.069999999999936,2.408737897872925,1.868573784828186,-0.005430123768746853,0.3781742453575134,0.37862896266713847,-0.0019742937593206196,tracking,0.37862896266713847,-0.0019742937593206196,tracking,1.408746629416285,0,0,0
508,5.079999999999936,2.412519693374634,1.8685530424118042,-0.005616915412247181,0.3781958818435669,0.37862896266713847,-0.0019742937593206196,tracking,0.37862896266713847,-0.0019742937593206196,tracking,1.4125284818016357,0,0,0
509,5.089999999999936,2.416301727294922,1.868531346321106,-0.005803714040666819,0.3782164752483368,0.37862896266713847,-0.0019742937593206196,tracking,0.37862896266713847,-0.0019742937593206196,tracking,1.4163105779525236,0,0,0
510,5.099999999999936,2.420083999633789,1.8685091733932495,-0.005990526173263788,0.3782360851764679,0.37862896266713847,-0.0019742937593206196,tracking,0.37862896266713847,-0.0019742937593206196,tracking,1.4200929152833404,0,0,0
511,5.1099999999999355,2.4238667488098145,1.8684860467910767,-0.006177353207021952,0.378309041261673,0.379770349081843,-0.00033069732214613835,tracking,0.379770349081843,-0.00033069732214613835,tracking,1.4238757351532851,0,1,1
512,5.119999999999935,2.427650213241577,1.8684624433517456,-0.006364227272570133,0.3783785402774811,0.379770349081843,-0.00033069732214613835,tracking,0.379770349081843,-0.00033069732214613835,tracking,1.4276592732102844,0,0,0
513,5.129999999999935,2.431434154510498,1.8684378862380981,-0.0065511236898601055,0.37844473123550415,0.379770349081843,-0.00033069732214613835,tracking,0.379770349081843,-0.00033069732214613835,tracking,1.4314432941640416,0,0,0
514,5.139999999999935,2.4352188110351562,1.8684128522872925,-0.006738062482327223,0.3785077631473541,0.379770349081843,-0.00033069732214613835,tracking,0.379770349081843,-0.00033069732214613835,tracking,1.4352280334824532,0,0,0
515,5.149999999999935,2.4390041828155518,1.8683868646621704,-0.006925021763890982,0.37856778502464294,0.379770349081843,-0.00033069732214613835,tracking,0.379770349081843,-0.00033069732214613835,tracking,1.4390134944679178,0,0,0
516,5.159999999999934,2.4427897930145264,1.8683608770370483,-0.006738044787198305,0.3785615563392639,0.3785349755270803,0.0021096352410043765,tracking,0.3785349755270803,0.0021096352410043765,tracking,1.4427991938663434,0,1,1
517,5.169999999999934,2.446575403213501,1.8683358430862427,-0.006551069673150778,0.378556489944458,0.3785349755270803,0.0021096352410043765,tracking,0.3785349755270803,0.0021096352410043765,tracking,1.4465848868382143,0,0,0
518,5.179999999999934,2.4503607749938965,1.8683112859725952,-0.006364097818732262,0.3785524070262909,0.3785349755270803,0.0021096352410043765,tracking,0.3785349755270803,0.0021096352410043765,tracking,1.4503703382733335,0,0,0
519,5.189999999999934,2.454146146774292,1.8682876825332642,-0.00617712689563632,0.37854909896850586,0.3785349755270803,0.0021096352410043765,tracking,0.3785349755270803,0.0021096352410043765,tracking,1.4541557836418684,0,0,0
520,5.199999999999934,2.4579315185546875,1.8682645559310913,-0.005990158300846815,0.37854641675949097,0.3785349755270803,0.0021096352410043765,tracking,0.3785349755270803,0.0021096352410043765,tracking,1.4579412260672056,0,0,0
521,5.209999999999933,2.461717128753662,1.8682423830032349,-0.005803185515105724,0.37857186794281006,0.37908146262198145,-0.0013226938243467616,tracking,0.37908146262198145,-0.0013226938243467616,tracking,1.4617269012008258,0,1,1
522,5.219999999999933,2.465502977371216,1.8682202100753784,-0.005990174598991871,0.37859609723091125,0.37908146262198145,-0.0013226938243467616,tracking,0.37908146262198145,-0.0013226938243467616,tracking,1.4655128147489358,0,0,0
523,5.229999999999933,2.4692890644073486,1.8681970834732056,-0.006177171133458614,0.37861916422843933,0.37908146262198145,-0.0013226938243467616,tracking,0.37908146262198145,-0.0013226938243467616,tracking,1.4692989724166645,0,0,0
524,5.239999999999933,2.4730753898620605,1.8681734800338745,-0.006364182569086552,0.37864115834236145,0.37908146262198145,-0.0013226938243467616,tracking,0.37908146262198145,-0.0013226938243467616,tracking,1.4730853714409813,0,0,0
525,5.2499999999999325,2.4768617153167725,1.868148922920227,-0.006551201455295086,0.378662109375,0.37908146262198145,-0.0013226938243467616,tracking,0.37908146262198145,-0.0013226938243467616,tracking,1.4768717765303543,0,0,0
526,5.259999999999932,2.4806485176086426,1.8681243658065796,-0.006364164873957634,0.37869516015052795,0.3793569429972804,0.000926002083916265,tracking,0.3793569429972804,0.000926002083916265,tracking,1.4806586584468582,0,1,1
527,5.269999999999932,2.484435558319092,1.8681007623672485,-0.006177118048071861,0.37872663140296936,0.3793569429972804,0.000926002083916265,tracking,0.3793569429972804,0.000926002083916265,tracking,1.4844457727130176,0,0,0
528,5.279999999999932,2.48822283744812,1.8680776357650757,-0.005990050733089447,0.3787566125392914,0.3793569429972804,0.000926002083916265,tracking,0.3793569429972804,0.000926002083916265,tracking,1.48823312245141,0,0,0
529,5.289999999999932,2.4920105934143066,1.8680554628372192,-0.005802973639219999,0.3787851631641388,0.3793569429972804,0.000926002083916265,tracking,0.3793569429972804,0.000926002083916265,tracking,1.4920209433154572,0,0,0
530,5.299999999999931,2.4957985877990723,1.868033766746521,-0.005615878384560347,0.37881234288215637,0.3793569429972804,0.000926002083916265,tracking,0.3793569429972804,0.000926002083916265,tracking,1.4958089998329036,0,0,0
531,5.309999999999931,2.4995858669281006,1.8680130243301392,-0.005428807809948921,0.3786359429359436,0.37788492136535984,-0.00304571323388181,tracking,0.37788492136535984,-0.00304571323388181,tracking,1.4995963357632127,0,1,1
532,5.319999999999931,2.503371477127075,1.8679922819137573,-0.005615773610770702,0.3784931004047394,0.37788492136535984,-0.00304571323388181,tracking,0.37788492136535984,-0.00304571323388181,tracking,1.5033820027885092,0,0,0
533,5.329999999999931,2.507155656814575,1.867970585823059,-0.005802696570754051,0.37837743759155273,0.37788492136535984,-0.00304571323388181,tracking,0.37788492136535984,-0.00304571323388181,tracking,1.5071662446713225,0,0,0
534,5.339999999999931,2.510938882827759,1.8679484128952026,-0.0059895506128668785,0.3782837688922882,0.37788492136535984,-0.00304571323388181,tracking,0.37788492136535984,-0.00304571323388181,tracking,1.5109495356600728,0,0,0
535,5.34999999999993,2.514721155166626,1.8679252862930298,-0.006176376715302467,0.3782079219818115,0.37788492136535984,-0.00304571323388181,tracking,0.37788492136535984,-0.00304571323388181,tracking,1.5147318787017716,0,0,0
536,5.35999999999993,2.5185022354125977,1.8679016828536987,-0.006363122258335352,0.37803927063941956,0.37732118538237575,-0.0038574930493789432,tracking,0.37732118538237575,-0.0038574930493789432,tracking,1.5185130326194038,0,1,1
537,5.36999999999993,2.5222818851470947,1.8678771257400513,-0.006549817509949207,0.37790268659591675,0.37732118538237575,-0.0038574930493789432,tracking,0.37732118538237575,-0.0038574930493789432,tracking,1.522292762129212,0,0,0
538,5.37999999999993,2.5260603427886963,1.8678520917892456,-0.006736431736499071,0.377792090177536,0.37732118538237575,-0.0038574930493789432,tracking,0.37732118538237575,-0.0038574930493789432,tracking,1.5260713027003943,0,0,0
539,5.3899999999999295,2.5298376083374023,1.867826223373413,-0.006923012901097536,0.377702534198761,0.37732118538237575,-0.0038574930493789432,tracking,0.37732118538237575,-0.0038574930493789432,tracking,1.5298486568273433,0,0,0
540,5.399999999999929,2.533614158630371,1.8677998781204224,-0.007109540514647961,0.37762999534606934,0.37732118538237575,-0.0038574930493789432,tracking,0.37732118538237575,-0.0038574930493789432,tracking,1.5336252990115695,0,0,0
541,5.409999999999929,2.5373878479003906,1.8677725791931152,-0.007295975461602211,0.37713974714279175,0.3750524824242217,-0.007124425309120818,tracking,0.3750524824242217,-0.007124425309120818,tracking,1.5373990870207312,0,1,1
542,5.419999999999929,2.5411572456359863,1.86774480342865,-0.007482118438929319,0.37674275040626526,0.3750524824242217,-0.007124425309120818,tracking,0.3750524824242217,-0.007124425309120818,tracking,1.541168587091325,0,0,0
543,5.429999999999929,2.5449230670928955,1.8677161931991577,-0.007668143138289452,0.3764212727546692,0.3750524824242217,-0.007124425309120818,tracking,0.3750524824242217,-0.007124425309120818,tracking,1.5449345172274997,0,0,0
544,5.4399999999999284,2.5486857891082764,1.8676871061325073,-0.0078539764508605,0.3761609196662903,0.3750524824242217,-0.007124425309120818,tracking,0.3750524824242217,-0.007124425309120818,tracking,1.5486973516674503,0,0,0
545,5.449999999999928,2.552446126937866,1.8676570653915405,-0.008039731532335281,0.3759500980377197,0.3750524824242217,-0.007124425309120818,tracking,0.3750524824242217,-0.007124425309120818,tracking,1.5524578094904768,0,0,0
546,5.459999999999928,2.5562055110931396,1.8676265478134155,-0.008225424215197563,0.37597087025642395,0.3763868616155312,-0.005202919273635079,tracking,0.3763868616155312,-0.005202919273635079,tracking,1.5562173175100846,0,1,1
547,5.469999999999928,2.559965133666992,1.8675951957702637,-0.008411123417317867,0.3759906589984894,0.3763868616155312,-0.005202919273635079,tracking,0.3763868616155312,-0.005202919273635079,tracking,1.5599770708063039,0,0,0
548,5.479999999999928,2.563724994659424,1.8675633668899536,-0.008596835657954216,0.3760094940662384,0.3763868616155312,-0.005202919273635079,tracking,0.3763868616155312,-0.005202919273635079,tracking,1.5637370665190715,0,0,0
549,5.489999999999927,2.5674850940704346,1.8675305843353271,-0.008782554417848587,0.3760274350643158,0.3763868616155312,-0.005202919273635079,tracking,0.3763868616155312,-0.005202919273635079,tracking,1.5674973088352755,0,0,0
550,5.499999999999927,2.5712451934814453,1.8674973249435425,-0.008968284353613853,0.37604451179504395,0.3763868616155312,-0.005202919273635079,tracking,0.3763868616155312,-0.005202919273635079,tracking,1.5712575553388741,0,0,0
551,5.509999999999927,2.5750036239624023,1.8674631118774414,-0.009153957478702068,0.37568503618240356,0.37415447779037214,-0.008417551981864158,tracking,0.37415447779037214,-0.008417551981864158,tracking,1.57501614153771,0,1,1
552,5.519999999999927,2.578758955001831,1.8674285411834717,-0.009339416399598122,0.37539392709732056,0.37415447779037214,-0.008417551981864158,tracking,0.37415447779037214,-0.008417551981864158,tracking,1.578771631698605,0,0,0
553,5.5299999999999265,2.5825116634368896,1.8673930168151855,-0.009524788707494736,0.3751581907272339,0.37415447779037214,-0.008417551981864158,tracking,0.37415447779037214,-0.008417551981864158,tracking,1.5825245082725548,0,0,0
554,5.539999999999926,2.5862622261047363,1.8673570156097412,-0.009710020385682583,0.3749672770500183,0.37415447779037214,-0.008417551981864158,tracking,0.37415447779037214,-0.008417551981864158,tracking,1.5862752437220684,0,0,0
555,5.549999999999926,2.59001088142395,1.86732017993927,-0.009895195253193378,0.37481269240379333,0.37415447779037214,-0.008417551981864158,tracking,0.37415447779037214,-0.008417551981864158,tracking,1.5900240800173593,0,0,0
556,5.559999999999926,2.593759298324585,1.8672828674316406,-0.010080354288220406,0.3749191462993622,0.37705125810937246,-0.004246188322503701,tracking,0.37705125810937246,-0.004246188322503701,tracking,1.593772682621556,0,1,1
557,5.569999999999926,2.5975089073181152,1.8672446012496948,-0.010265547782182693,0.3750205338001251,0.37705125810937246,-0.004246188322503701,tracking,0.37705125810937246,-0.004246188322503701,tracking,1.5975224868704527,0,0,0
558,5.5799999999999255,2.601259469985962,1.8672058582305908,-0.010450806468725204,0.37511709332466125,0.37705125810937246,-0.004246188322503701,tracking,0.37705125810937246,-0.004246188322503701,tracking,1.6012732496391404,0,0,0
559,5.589999999999925,2.605010986328125,1.8671661615371704,-0.010636095888912678,0.3752090632915497,0.37705125810937246,-0.004246188322503701,tracking,0.37705125810937246,-0.004246188322503701,tracking,1.6050249760008284,0,0,0
560,5.599999999999925,2.6087632179260254,1.8671259880065918,-0.010821444913744926,0.3752966523170471,0.37705125810937246,-0.004246188322503701,tracking,0.37705125810937246,-0.004246188322503701,tracking,1.6087774226529263,0,0,0
561,5.609999999999925,2.6125099658966064,1.8670849800109863,-0.011006612330675125,0.37410876154899597,0.3663510775528844,-0.01965444832384653,tracking,0.36905125810937245,-0.01965444832384653,tracking,1.6125243950321622,0,1,1
562,5.619999999999925,2.616243362426758,1.8670436143875122,-0.01119090337306261,0.3726332485675812,0.3663510775528844,-0.01965444832384653,tracking,0.3663510775528844,-0.01965444832384653,tracking,1.6162580207185628,0,0,0
563,5.629999999999924,2.6199634075164795,1.8670015335083008,-0.011374754831194878,0.3714383840560913,0.3663510775528844,-0.01965444832384653,tracking,0.3663510775528844,-0.01965444832384653,tracking,1.619978303808592,0,0,0
564,5.639999999999924,2.6236727237701416,1.8669590950012207,-0.011557893827557564,0.3704707622528076,0.3663510775528844,-0.01965444832384653,tracking,0.3663510775528844,-0.01965444832384653,tracking,1.6236878628250473,0,0,0
565,5.649999999999924,2.627373218536377,1.8669158220291138,-0.011740745045244694,0.36968719959259033,0.3663510775528844,-0.01965444832384653,tracking,0.3663510775528844,-0.01965444832384653,tracking,1.6273886105961133,0,0,0
566,5.659999999999924,2.631059169769287,1.8668723106384277,-0.011922627687454224,0.36753106117248535,0.3545212800711007,-0.03668935669761503,tracking,0.35835107755288437,-0.03668935669761503,tracking,1.6310748186386024,0,1,1
567,5.6699999999999235,2.6347217559814453,1.8668277263641357,-0.01246554497629404,0.3650566041469574,0.3545212800711007,-0.03668935669761503,tracking,0.3545212800711007,-0.03668935669761503,tracking,1.6347376762005348,0,0,0
568,5.679999999999923,2.638361930847168,1.866781234741211,-0.013005511835217476,0.3630527853965759,0.3545212800711007,-0.03668935669761503,tracking,0.3545212800711007,-0.03668935669761503,tracking,1.6383781479452462,0,0,0
569,5.689999999999923,2.641983985900879,1.8667333126068115,-0.01354249007999897,0.3614300787448883,0.3545212800711007,-0.03668935669761503,tracking,0.3545212800711007,-0.03668935669761503,tracking,1.6420005200055237,0,0,0
570,5.699999999999923,2.6455912590026855,1.8666833639144897,-0.014077533967792988,0.36011603474617004,0.3545212800711007,-0.03668935669761503,tracking,0.3545212800711007,-0.03668935669761503,tracking,1.6456081389020927,0,0,0
571,5.709999999999923,2.649179697036743,1.8666319847106934,-0.014609464444220066,0.3576509654521942,0.3471555579633423,-0.04729599653278713,tracking,0.3471555579633423,-0.04729599653278713,tracking,1.6491969447406487,0,1,1
572,5.7199999999999225,2.6527457237243652,1.8665788173675537,-0.015138454735279083,0.3556547462940216,0.3471555579633423,-0.04729599653278713,tracking,0.3471555579633423,-0.04729599653278713,tracking,1.6527633677530253,0,0,0
573,5.729999999999922,2.6562938690185547,1.8665242195129395,-0.015664469450712204,0.35403820872306824,0.3471555579633423,-0.04729599653278713,tracking,0.3471555579633423,-0.04729599653278713,tracking,1.6563119330905114,0,0,0
574,5.739999999999922,2.65982723236084,1.866467833518982,-0.01618855632841587,0.3527291417121887,0.3471555579633423,-0.04729599653278713,tracking,0.3471555579633423,-0.04729599653278713,tracking,1.659845746312644,0,0,0
575,5.749999999999922,2.66334867477417,1.8664100170135498,-0.016710691154003143,0.351669043302536,0.3471555579633423,-0.04729599653278713,tracking,0.3471555579633423,-0.04729599653278713,tracking,1.6633676633217032,0,0,0
576,5.759999999999922,2.6668529510498047,1.8663504123687744,-0.017230559140443802,0.3492889702320099,0.30715555796334243,0.0,opening_bridge,0.3391555579633423,-0.025295996532787125,opening_bridge,1.6668724464718645,0,1,1
577,5.769999999999921,2.670328140258789,1.8662900924682617,-0.017402509227395058,0.3458400070667267,0.30715555796334243,0.0,opening_bridge,0.3311555579633423,-0.0032959965327871224,opening_bridge,1.6703481591367204,0,0,0
578,5.779999999999921,2.67376446723938,1.8662302494049072,-0.017402509227395058,0.34152543544769287,0.30715555796334243,0.0,opening_bridge,0.3231555579633423,0.0,opening_bridge,1.6737850071563116,0,0,0
579,5.789999999999921,2.677154064178467,1.8661712408065796,-0.017402509227395058,0.3365098834037781,0.30715555796334243,0.0,opening_bridge,0.31515555796334227,0.0,opening_bridge,1.6771751176890441,0,0,0
580,5.799999999999921,2.680490732192993,1.8661131858825684,-0.017402509227395058,0.33092668652534485,0.30715555796334243,0.0,opening_bridge,0.30715555796334243,0.0,opening_bridge,1.6805122907162282,0,0,0
581,5.809999999999921,2.6837692260742188,1.8660560846328735,-0.017402509227395058,0.3248838186264038,0.26715555796334256,0.0,opening_bridge,0.2991555579633424,0.0,opening_bridge,1.6837912818235583,0,1,1
582,5.81999999999992,2.686985492706299,1.8660000562667847,-0.017402509227395058,0.31846868991851807,0.26715555796334256,0.0,opening_bridge,0.2911555579633424,0.0,opening_bridge,1.6870080364344104,0,0,0
583,5.82999999999992,2.690136194229126,1.8659452199935913,-0.017402509227395058,0.3117521405220032,0.26715555796334256,0.0,opening_bridge,0.2831555579633424,0.0,opening_bridge,1.6901592151190938,0,0,0
584,5.83999999999992,2.693218469619751,1.8658915758132935,-0.017402509227395058,0.30479148030281067,0.26715555796334256,0.0,opening_bridge,0.2751555579633424,0.0,opening_bridge,1.6932419572882886,0,0,0
585,5.84999999999992,2.696230173110962,1.8658391237258911,-0.017402509227395058,0.2976331412792206,0.26715555796334256,0.0,opening_bridge,0.26715555796334256,0.0,opening_bridge,1.696254117499905,0,0,0
586,5.8599999999999195,2.699169397354126,1.8657879829406738,-0.017402509227395058,0.2903147041797638,0.227155557963342,0.0,opening_bridge,0.25915555796334255,0.0,opening_bridge,1.6991937866192985,0,1,1
587,5.869999999999919,2.7020349502563477,1.8657381534576416,-0.017402509227395058,0.28286662697792053,0.227155557963342,0.0,opening_bridge,0.25115555796334255,0.0,opening_bridge,1.7020597727345494,0,0,0
588,5.879999999999919,2.7048254013061523,1.8656896352767944,-0.017402509227395058,0.2753135859966278,0.227155557963342,0.0,opening_bridge,0.24315555796334254,0.0,opening_bridge,1.7048506455505748,0,0,0
589,5.889999999999919,2.7075400352478027,1.8656424283981323,-0.017402509227395058,0.267675518989563,0.227155557963342,0.0,opening_bridge,0.23515555796334253,0.0,opening_bridge,1.7075656899197431,0,0,0
590,5.899999999999919,2.7101778984069824,1.8655965328216553,-0.017402509227395058,0.2599686086177826,0.227155557963342,0.0,opening_bridge,0.22715555796334252,0.0,opening_bridge,1.7102039523120192,0,0,0
591,5.909999999999918,2.712738275527954,1.8655519485473633,-0.017402509227395058,0.2522059679031372,0.18715555796334213,0.0,opening_bridge,0.21915555796334252,0.0,opening_bridge,1.7127647175802758,0,1,1
592,5.919999999999918,2.7152209281921387,1.865508794784546,-0.017402509227395058,0.24439817667007446,0.18715555796334213,0.0,opening_bridge,0.2111555579633425,0.0,opening_bridge,1.715247745268045,0,0,0
593,5.929999999999918,2.717625379562378,1.8654669523239136,-0.017402509227395058,0.2365538328886032,0.18715555796334213,0.0,opening_bridge,0.2031555579633425,0.0,opening_bridge,1.717652560683697,0,0,0
594,5.939999999999918,2.7199511528015137,1.8654264211654663,-0.017402509227395058,0.22867988049983978,0.18715555796334213,0.0,opening_bridge,0.1951555579633425,0.0,opening_bridge,1.719978687063472,0,0,0
595,5.949999999999918,2.722198009490967,1.8653873205184937,-0.017402509227395058,0.22078195214271545,0.18715555796334213,0.0,opening_bridge,0.1871555579633425,0.0,opening_bridge,1.7222258839492686,0,0,0
596,5.959999999999917,2.7243666648864746,1.865349531173706,-0.017402509227395058,0.21302522718906403,0.18,0.0,opening_bridge,0.18,0.0,opening_bridge,1.7243948685640238,0,1,1
597,5.969999999999917,2.7264652252197266,1.8653130531311035,-0.017402509227395058,0.20674383640289307,0.18,0.0,opening_bridge,0.18,0.0,opening_bridge,1.7264937459115337,0,0,0
598,5.979999999999917,2.7285068035125732,1.8652775287628174,-0.017402509227395058,0.20165716111660004,0.18,0.0,opening_bridge,0.18,0.0,opening_bridge,1.7285356332508757,0,0,0
599,5.989999999999917,2.7305023670196533,1.865242838859558,-0.017402509227395058,0.19753797352313995,0.18,0.0,opening_bridge,0.18,0.0,opening_bridge,1.7305314982513649,0,0,0
600,5.9999999999999165,2.7324607372283936,1.8652087450027466,-0.017402509227395058,0.19420225918293,0.18,0.0,opening_bridge,0.18,0.0,opening_bridge,1.7324901652127327,0,0,0
601,6.009999999999916,2.734389066696167,1.8651751279830933,-0.017402509227395058,0.19150099158287048,0.18,0.0,opening_bridge,0.18,0.0,opening_bridge,1.7344187876849375,0,1,1
602,6.019999999999916,2.736292839050293,1.8651419878005981,-0.017402509227395058,0.18931350111961365,0.18,0.0,opening_bridge,0.18,0.0,opening_bridge,1.736322848463387,0,0,0
603,6.029999999999916,2.7381768226623535,1.8651092052459717,-0.017402509227395058,0.18754208087921143,0.18,0.0,opening_bridge,0.18,0.0,opening_bridge,1.7382071172728728,0,0,0
604,6.039999999999916,2.7400448322296143,1.8650766611099243,-0.017402509227395058,0.1861075758934021,0.18,0.0,opening_bridge,0.18,0.0,opening_bridge,1.7400754103077496,0,0,0
605,6.0499999999999154,2.7418997287750244,1.865044355392456,-0.017402509227395058,0.18494591116905212,0.18,0.0,opening_bridge,0.18,0.0,opening_bridge,1.741930588157325,0,0,0
606,6.059999999999915,2.743744134902954,1.865012288093567,-0.017402509227395058,0.18400520086288452,0.18,0.0,opening_bridge,0.18,0.0,opening_bridge,1.743775273029167,0,1,1
607,6.069999999999915,2.7455801963806152,1.8649803400039673,-0.017402509227395058,0.18324340879917145,0.18,0.0,opening_bridge,0.18,0.0,opening_bridge,1.7456116124395646,0,0,0
608,6.079999999999915,2.7474093437194824,1.8649485111236572,-0.017402509227395058,0.18262651562690735,0.18,0.0,opening_bridge,0.18,0.0,opening_bridge,1.7474410366836663,0,0,0
609,6.089999999999915,2.749232769012451,1.8649168014526367,-0.017402509227395058,0.1821269541978836,0.18,0.0,opening_bridge,0.18,0.0,opening_bridge,1.7492647376740358,0,0,0
610,6.099999999999914,2.751051664352417,1.8648850917816162,-0.017402509227395058,0.18172240257263184,0.18,0.0,opening_bridge,0.18,0.0,opening_bridge,1.7510839093979216,0,0,0
611,6.109999999999914,2.7528669834136963,1.8648535013198853,-0.017402509227395058,0.1813948005437851,0.18,0.0,opening_bridge,0.18,0.0,opening_bridge,1.7528995033094328,0,1,1
612,6.119999999999914,2.7546794414520264,1.8648219108581543,-0.017402509227395058,0.18112951517105103,0.18,0.0,opening_bridge,0.18,0.0,opening_bridge,1.7547122366317887,0,0,0
613,6.129999999999914,2.7564892768859863,1.864790439605713,-0.017402509227395058,0.18091468513011932,0.18,0.0,opening_bridge,0.18,0.0,opening_bridge,1.7565223456720809,0,0,0
614,6.1399999999999135,2.7582972049713135,1.8647589683532715,-0.017402509227395058,0.18074071407318115,0.18,0.0,opening_bridge,0.18,0.0,opening_bridge,1.7583305476523488,0,0,0
615,6.149999999999913,2.760103702545166,1.86472749710083,-0.017402509227395058,0.18059983849525452,0.18,0.0,opening_bridge,0.18,0.0,opening_bridge,1.7601373193379983,0,0,0
616,6.159999999999913,2.761908769607544,1.8646960258483887,-0.017402509227395058,0.18048575520515442,0.18,0.0,opening_bridge,0.18,0.0,opening_bridge,1.7619426607293733,0,1,1
617,6.169999999999913,2.7637128829956055,1.8646646738052368,-0.017402509227395058,0.18039336800575256,0.18,0.0,opening_bridge,0.18,0.0,opening_bridge,1.7637470465161698,0,0,0
618,6.179999999999913,2.7655162811279297,1.864633321762085,-0.017402509227395058,0.18031854927539825,0.18,0.0,opening_bridge,0.18,0.0,opening_bridge,1.76555071715525,0,0,0
619,6.1899999999999125,2.7673189640045166,1.864601969718933,-0.017402509227395058,0.18025796115398407,0.18,0.0,opening_bridge,0.18,0.0,opening_bridge,1.7673536726467,0,0,0
620,6.199999999999912,2.769120931625366,1.8645706176757812,-0.017402509227395058,0.18020889163017273,0.18,0.0,opening_bridge,0.18,0.0,opening_bridge,1.7691559129906054,0,0,0
621,6.209999999999912,2.7709226608276367,1.8645392656326294,-0.017402509227395058,0.18016916513442993,0.18,0.0,opening_bridge,0.18,0.0,opening_bridge,1.770957914952015,0,1,1
622,6.219999999999912,2.772723913192749,1.8645079135894775,-0.017402509227395058,0.18013699352741241,0.18,0.0,opening_bridge,0.18,0.0,opening_bridge,1.7727594401484617,0,0,0
623,6.229999999999912,2.7745249271392822,1.8644765615463257,-0.017402509227395058,0.18011093139648438,0.18,0.0,opening_bridge,0.18,0.0,opening_bridge,1.7745607269624413,0,0,0
624,6.239999999999911,2.7763257026672363,1.8644452095031738,-0.017402509227395058,0.1800898313522339,0.18,0.0,opening_bridge,0.18,0.0,opening_bridge,1.7763617753939633,0,0,0
625,6.249999999999911,2.7781262397766113,1.864413857460022,-0.017402509227395058,0.18007273972034454,0.18,0.0,opening_bridge,0.18,0.0,opening_bridge,1.7781625854430374,0,0,0
626,6.259999999999911,2.7799265384674072,1.8643825054168701,-0.017402509227395058,0.18005891144275665,0.18,0.0,opening_bridge,0.18,0.0,opening_bridge,1.779963157109673,0,1,1
627,6.269999999999911,2.781726837158203,1.8643511533737183,-0.017402509227395058,0.18004770576953888,0.18,0.0,opening_bridge,0.18,0.0,opening_bridge,1.7817637287763086,0,0,0
628,6.2799999999999105,2.78352689743042,1.8643198013305664,-0.017402509227395058,0.18003863096237183,0.18,0.0,opening_bridge,0.18,0.0,opening_bridge,1.7835640620605155,0,0,0
629,6.28999999999991,2.7853269577026367,1.8642884492874146,-0.017402509227395058,0.18003128468990326,0.18,0.0,opening_bridge,0.18,0.0,opening_bridge,1.7853643953447225,0,0,0
630,6.29999999999991,2.7871270179748535,1.8642570972442627,-0.017402509227395058,0.18002533912658691,0.18,0.0,opening_bridge,0.18,0.0,opening_bridge,1.7871647286289294,0,0,0
631,6.30999999999991,2.7889270782470703,1.8642257452011108,-0.017402509227395058,0.1800205260515213,0.18,0.0,opening_bridge,0.18,0.0,opening_bridge,1.7889650619131363,0,1,1
632,6.31999999999991,2.790726900100708,1.864194393157959,-0.017402509227395058,0.1800166219472885,0.18,0.0,opening_bridge,0.18,0.0,opening_bridge,1.7907651568149239,0,0,0
633,6.3299999999999095,2.7925267219543457,1.8641630411148071,-0.017402509227395058,0.18001346290111542,0.18,0.0,opening_bridge,0.18,0.0,opening_bridge,1.7925652517167114,0,0,0
634,6.339999999999909,2.7943265438079834,1.8641316890716553,-0.017402509227395058,0.18001089990139008,0.18,0.0,opening_bridge,0.18,0.0,opening_bridge,1.794365346618499,0,0,0
635,6.349999999999909,2.796126365661621,1.8641003370285034,-0.017402509227395058,0.18000882863998413,0.18,0.0,opening_bridge,0.18,0.0,opening_bridge,1.7961654415202866,0,0,0
636,6.359999999999909,2.797926187515259,1.8640689849853516,-0.017402509227395058,0.18000714480876923,0.18,0.0,opening_bridge,0.18,0.0,opening_bridge,1.7979655364220741,0,1,1
637,6.369999999999909,2.7997260093688965,1.8640376329421997,-0.017402509227395058,0.18000578880310059,0.18,0.0,opening_bridge,0.18,0.0,opening_bridge,1.7997656313238617,0,0,0
638,6.379999999999908,2.801525831222534,1.8640062808990479,-0.017402509227395058,0.18000468611717224,0.18,0.0,opening_bridge,0.18,0.0,opening_bridge,1.8015657262256493,0,0,0
639,6.389999999999908,2.803325653076172,1.863974928855896,-0.017402509227395058,0.1800037920475006,0.18,0.0,opening_bridge,0.18,0.0,opening_bridge,1.8033658211274368,0,0,0
640,6.399999999999908,2.8051254749298096,1.8639435768127441,-0.017402509227395058,0.1800030767917633,0.18,0.0,opening_bridge,0.18,0.0,opening_bridge,1.8051659160292244,0,0,0
641,6.409999999999908,2.8069252967834473,1.8639122247695923,-0.017402509227395058,0.18000249564647675,0.18,0.0,opening_bridge,0.18,0.0,opening_bridge,1.806966010931012,0,1,1
642,6.419999999999908,2.808725118637085,1.8638808727264404,-0.017402509227395058,0.18000201880931854,0.18,0.0,opening_bridge,0.18,0.0,opening_bridge,1.8087661058327995,0,0,0
643,6.429999999999907,2.8105249404907227,1.8638495206832886,-0.017402509227395058,0.1800016313791275,0.18,0.0,opening_bridge,0.18,0.0,opening_bridge,1.810566200734587,0,0,0
644,6.439999999999907,2.8123247623443604,1.8638181686401367,-0.017402509227395058,0.18000131845474243,0.18,0.0,opening_bridge,0.18,0.0,opening_bridge,1.8123662956363746,0,0,0
645,6.449999999999907,2.814124584197998,1.8637868165969849,-0.017402509227395058,0.18000106513500214,0.18,0.0,opening_bridge,0.18,0.0,opening_bridge,1.8141663905381622,0,0,0
646,6.459999999999907,2.8159244060516357,1.863755464553833,-0.017402509227395058,0.18000085651874542,0.18,0.0,opening_bridge,0.18,0.0,opening_bridge,1.8159664854399498,0,1,1
647,6.4699999999999065,2.8177242279052734,1.8637241125106812,-0.017402509227395058,0.1800006926059723,0.18,0.0,opening_bridge,0.18,0.0,opening_bridge,1.8177665803417373,0,0,0
648,6.479999999999906,2.819524049758911,1.8636927604675293,-0.017402509227395058,0.18000055849552155,0.18,0.0,opening_bridge,0.18,0.0,opening_bridge,1.819566675243525,0,0,0
649,6.489999999999906,2.821323871612549,1.8636614084243774,-0.017402509227395058,0.1800004541873932,0.18,0.0,opening_bridge,0.18,0.0,opening_bridge,1.8213667701453125,0,0,0
650,6.499999999999906,2.8231236934661865,1.8636300563812256,-0.017402509227395058,0.18000036478042603,0.18,0.0,opening_bridge,0.18,0.0,opening_bridge,1.8231668650471,0,0,0
651,6.509999999999906,2.824923515319824,1.8635987043380737,-0.017402509227395058,0.18000029027462006,0.18,0.0,opening_bridge,0.18,0.0,opening_bridge,1.8249669599488876,0,1,1
652,6.519999999999905,2.826723337173462,1.8635673522949219,-0.017402509227395058,0.18000023066997528,0.18,0.0,opening_bridge,0.18,0.0,opening_bridge,1.8267670548506751,0,0,0
653,6.529999999999905,2.8285231590270996,1.86353600025177,-0.017402509227395058,0.1800001859664917,0.18,0.0,opening_bridge,0.18,0.0,opening_bridge,1.8285671497524627,0,0,0
654,6.539999999999905,2.8303229808807373,1.8635046482086182,-0.017402509227395058,0.1800001561641693,0.18,0.0,opening_bridge,0.18,0.0,opening_bridge,1.8303672446542503,0,0,0
655,6.549999999999905,2.832122802734375,1.8634732961654663,-0.017402509227395058,0.18000012636184692,0.18,0.0,opening_bridge,0.18,0.0,opening_bridge,1.8321673395560378,0,0,0
656,6.559999999999905,2.8339226245880127,1.8634419441223145,-0.017402509227395058,0.18000009655952454,0.18,0.0,opening_bridge,0.18,0.0,opening_bridge,1.8339674344578254,0,1,1
657,6.569999999999904,2.8357224464416504,1.8634105920791626,-0.017402509227395058,0.18000008165836334,0.18,0.0,opening_bridge,0.18,0.0,opening_bridge,1.835767529359613,0,0,0
658,6.579999999999904,2.837522268295288,1.8633792400360107,-0.017402509227395058,0.18000006675720215,0.18,0.0,opening_bridge,0.18,0.0,opening_bridge,1.8375676242614005,0,0,0
659,6.589999999999904,2.839322090148926,1.8633478879928589,-0.017402509227395058,0.18000005185604095,0.18,0.0,opening_bridge,0.18,0.0,opening_bridge,1.839367719163188,0,0,0
660,6.599999999999904,2.8411219120025635,1.863316535949707,-0.017402509227395058,0.18000003695487976,0.18,0.0,opening_bridge,0.18,0.0,opening_bridge,1.8411678140649756,0,0,0
661,6.6099999999999035,2.842921733856201,1.8632851839065552,-0.017402509227395058,0.18000003695487976,0.18,0.0,opening_bridge,0.18,0.0,opening_bridge,1.8429679089667632,0,1,1
662,6.619999999999903,2.844721555709839,1.8632538318634033,-0.017402509227395058,0.18000003695487976,0.18,0.0,opening_bridge,0.18,0.0,opening_bridge,1.8447680038685508,0,0,0
663,6.629999999999903,2.8465213775634766,1.8632224798202515,-0.017402509227395058,0.18000003695487976,0.18,0.0,opening_bridge,0.18,0.0,opening_bridge,1.8465680987703383,0,0,0
664,6.639999999999903,2.8483211994171143,1.8631911277770996,-0.017402509227395058,0.18000003695487976,0.18,0.0,opening_bridge,0.18,0.0,opening_bridge,1.848368193672126,0,0,0
665,6.649999999999903,2.850121021270752,1.8631597757339478,-0.017402509227395058,0.18000003695487976,0.18,0.0,opening_bridge,0.18,0.0,opening_bridge,1.8501682885739135,0,0,0
666,6.659999999999902,2.8519208431243896,1.863128423690796,-0.017402509227395058,0.18000003695487976,0.18,0.0,opening_bridge,0.18,0.0,opening_bridge,1.851968383475701,0,1,1
667,6.669999999999902,2.8537206649780273,1.863097071647644,-0.017402509227395058,0.18000003695487976,0.18,0.0,opening_bridge,0.18,0.0,opening_bridge,1.8537684783774886,0,0,0
668,6.679999999999902,2.855520486831665,1.8630657196044922,-0.017402509227395058,0.18000003695487976,0.18,0.0,opening_bridge,0.18,0.0,opening_bridge,1.8555685732792762,0,0,0
669,6.689999999999902,2.8573203086853027,1.8630343675613403,-0.017402509227395058,0.18000003695487976,0.18,0.0,opening_bridge,0.18,0.0,opening_bridge,1.8573686681810637,0,0,0
670,6.699999999999902,2.8591201305389404,1.8630030155181885,-0.017402509227395058,0.18000003695487976,0.18,0.0,opening_bridge,0.18,0.0,opening_bridge,1.8591687630828513,0,0,0
671,6.709999999999901,2.860919952392578,1.8629716634750366,-0.017402509227395058,0.18000003695487976,0.18,0.0,opening_bridge,0.18,0.0,opening_bridge,1.8609688579846388,0,1,1
672,6.719999999999901,2.862719774246216,1.8629403114318848,-0.017402509227395058,0.18000003695487976,0.18,0.0,opening_bridge,0.18,0.0,opening_bridge,1.8627689528864264,0,0,0
673,6.729999999999901,2.8645195960998535,1.862908959388733,-0.017402509227395058,0.18000003695487976,0.18,0.0,opening_bridge,0.18,0.0,opening_bridge,1.864569047788214,0,0,0
674,6.739999999999901,2.866319417953491,1.862877607345581,-0.017402509227395058,0.18000003695487976,0.18,0.0,opening_bridge,0.18,0.0,opening_bridge,1.8663691426900015,0,0,0
675,6.7499999999999005,2.868119239807129,1.8628462553024292,-0.017402509227395058,0.18000003695487976,0.18,0.0,opening_bridge,0.18,0.0,opening_bridge,1.868169237591789,0,0,0
676,6.7599999999999,2.8699190616607666,1.8628149032592773,-0.017402509227395058,0.18000003695487976,0.18,0.0,opening_bridge,0.18,0.0,opening_bridge,1.8699693324935767,0,1,1
677,6.7699999999999,2.8717188835144043,1.8627835512161255,-0.017402509227395058,0.18000003695487976,0.18,0.0,opening_bridge,0.18,0.0,opening_bridge,1.8717694273953642,0,0,0
678,6.7799999999999,2.873518705368042,1.8627521991729736,-0.017402509227395058,0.18000003695487976,0.18,0.0,opening_bridge,0.18,0.0,opening_bridge,1.8735695222971518,0,0,0
679,6.7899999999999,2.8753185272216797,1.8627208471298218,-0.017402509227395058,0.18000003695487976,0.18,0.0,opening_bridge,0.18,0.0,opening_bridge,1.8753696171989394,0,0,0
680,6.7999999999998995,2.8771183490753174,1.86268949508667,-0.017402509227395058,0.18000003695487976,0.18,0.0,opening_bridge,0.18,0.0,opening_bridge,1.877169712100727,0,0,0
681,6.809999999999899,2.878918170928955,1.862658143043518,-0.017402509227395058,0.18000003695487976,0.18,0.0,opening_bridge,0.18,0.0,opening_bridge,1.8789698070025145,0,1,1
682,6.819999999999899,2.8807179927825928,1.8626267910003662,-0.017402509227395058,0.18000003695487976,0.18,0.0,opening_bridge,0.18,0.0,opening_bridge,1.880769901904302,0,0,0
683,6.829999999999899,2.8825178146362305,1.8625954389572144,-0.017402509227395058,0.18000003695487976,0.18,0.0,opening_bridge,0.18,0.0,opening_bridge,1.8825699968060896,0,0,0
684,6.839999999999899,2.884317636489868,1.8625640869140625,-0.017402509227395058,0.18000003695487976,0.18,0.0,opening_bridge,0.18,0.0,opening_bridge,1.8843700917078772,0,0,0
685,6.849999999999898,2.886117458343506,1.8625327348709106,-0.017402509227395058,0.18000003695487976,0.18,0.0,opening_bridge,0.18,0.0,opening_bridge,1.8861701866096647,0,0,0
686,6.859999999999898,2.8879172801971436,1.8625013828277588,-0.017402509227395058,0.18000003695487976,0.18,0.0,opening_bridge,0.18,0.0,opening_bridge,1.8879702815114523,0,1,1
687,6.869999999999898,2.8897171020507812,1.862470030784607,-0.017402509227395058,0.18000003695487976,0.18,0.0,opening_bridge,0.18,0.0,opening_bridge,1.8897703764132399,0,0,0
688,6.879999999999898,2.891516923904419,1.862438678741455,-0.017402509227395058,0.18000003695487976,0.18,0.0,opening_bridge,0.18,0.0,opening_bridge,1.8915704713150274,0,0,0
689,6.8899999999998975,2.8933167457580566,1.8624073266983032,-0.017402509227395058,0.18000003695487976,0.18,0.0,opening_bridge,0.18,0.0,opening_bridge,1.893370566216815,0,0,0
690,6.899999999999897,2.8951165676116943,1.8623759746551514,-0.017402509227395058,0.18000003695487976,0.18,0.0,opening_bridge,0.18,0.0,opening_bridge,1.8951706611186026,0,0,0
691,6.909999999999897,2.896916389465332,1.8623446226119995,-0.017402509227395058,0.18000003695487976,0.18,0.0,opening_bridge,0.18,0.0,opening_bridge,1.8969707560203901,0,1,1
692,6.919999999999897,2.8987162113189697,1.8623132705688477,-0.017402509227395058,0.18000003695487976,0.18,0.0,opening_bridge,0.18,0.0,opening_bridge,1.8987708509221777,0,0,0
693,6.929999999999897,2.9005160331726074,1.8622819185256958,-0.017402509227395058,0.18000003695487976,0.18,0.0,opening_bridge,0.18,0.0,opening_bridge,1.9005709458239652,0,0,0
694,6.9399999999998965,2.902315855026245,1.862250566482544,-0.017402509227395058,0.18000003695487976,0.18,0.0,opening_bridge,0.18,0.0,opening_bridge,1.9023710407257528,0,0,0
695,6.949999999999896,2.904115676879883,1.862219214439392,-0.017402509227395058,0.18000003695487976,0.18,0.0,opening_bridge,0.18,0.0,opening_bridge,1.9041711356275404,0,0,0
696,6.959999999999896,2.9059154987335205,1.8621878623962402,-0.017402509227395058,0.18000003695487976,0.18,0.0,opening_bridge,0.18,0.0,opening_bridge,1.905971230529328,0,1,1
697,6.969999999999896,2.907715320587158,1.8621565103530884,-0.017402509227395058,0.18000003695487976,0.18,0.0,opening_bridge,0.18,0.0,opening_bridge,1.9077713254311155,0,0,0
698,6.979999999999896,2.909515142440796,1.8621251583099365,-0.017402509227395058,0.18000003695487976,0.18,0.0,opening_bridge,0.18,0.0,opening_bridge,1.909571420332903,0,0,0
699,6.989999999999895,2.9113149642944336,1.8620938062667847,-0.017402509227395058,0.18000003695487976,0.18,0.0,opening_bridge,0.18,0.0,opening_bridge,1.9113715152346906,0,0,0
700,6.999999999999895,2.9131147861480713,1.8620624542236328,-0.017402509227395058,0.18000003695487976,0.18,0.0,opening_bridge,0.18,0.0,opening_bridge,1.9131716101364782,0,0,0
701,7.009999999999895,2.914914608001709,1.862031102180481,-0.017402509227395058,0.18000003695487976,0.18,0.0,opening_bridge,0.18,0.0,opening_bridge,1.9149717050382657,0,1,1
702,7.019999999999895,2.9167144298553467,1.861999750137329,-0.017402509227395058,0.18000003695487976,0.18,0.0,opening_bridge,0.18,0.0,opening_bridge,1.9167717999400533,0,0,0
703,7.0299999999998946,2.9185142517089844,1.8619683980941772,-0.017402509227395058,0.18000003695487976,0.18,0.0,opening_bridge,0.18,0.0,opening_bridge,1.9185718948418409,0,0,0
704,7.039999999999894,2.920314073562622,1.8619370460510254,-0.017402509227395058,0.18000003695487976,0.18,0.0,opening_bridge,0.18,0.0,opening_bridge,1.9203719897436284,0,0,0
705,7.049999999999894,2.9221138954162598,1.8619056940078735,-0.017402509227395058,0.18000003695487976,0.18,0.0,opening_bridge,0.18,0.0,opening_bridge,1.922172084645416,0,0,0
706,7.059999999999894,2.9239137172698975,1.8618743419647217,-0.017402509227395058,0.18000003695487976,0.18,0.0,opening_bridge,0.18,0.0,opening_bridge,1.9239721795472036,0,1,1
707,7.069999999999894,2.925713539123535,1.8618429899215698,-0.017402509227395058,0.18000003695487976,0.18,0.0,opening_bridge,0.18,0.0,opening_bridge,1.9257722744489911,0,0,0
708,7.0799999999998935,2.927513360977173,1.861811637878418,-0.017402509227395058,0.18000003695487976,0.18,0.0,opening_bridge,0.18,0.0,opening_bridge,1.9275723693507787,0,0,0
709,7.089999999999893,2.9293131828308105,1.8617802858352661,-0.017402509227395058,0.18000003695487976,0.18,0.0,opening_bridge,0.18,0.0,opening_bridge,1.9293724642525663,0,0,0
710,7.099999999999893,2.9311130046844482,1.8617489337921143,-0.017402509227395058,0.18000003695487976,0.18,0.0,opening_bridge,0.18,0.0,opening_bridge,1.9311725591543538,0,0,0
711,7.109999999999893,2.932912826538086,1.8617175817489624,-0.017402509227395058,0.18000003695487976,0.18,0.0,opening_bridge,0.18,0.0,opening_bridge,1.9329726540561414,0,1,1
712,7.119999999999893,2.9347126483917236,1.8616862297058105,-0.017402509227395058,0.18000003695487976,0.18,0.0,opening_bridge,0.18,0.0,opening_bridge,1.934772748957929,0,0,0
713,7.129999999999892,2.9365124702453613,1.8616548776626587,-0.017402509227395058,0.18000003695487976,0.18,0.0,opening_bridge,0.18,0.0,opening_bridge,1.9365728438597165,0,0,0
714,7.139999999999892,2.938312292098999,1.8616235256195068,-0.017402509227395058,0.18000003695487976,0.18,0.0,opening_bridge,0.18,0.0,opening_bridge,1.938372938761504,0,0,0
715,7.149999999999892,2.9401121139526367,1.861592173576355,-0.017402509227395058,0.18000003695487976,0.18,0.0,opening_bridge,0.18,0.0,opening_bridge,1.9401730336632916,0,0,0
716,7.159999999999892,2.9419119358062744,1.8615608215332031,-0.017402509227395058,0.18000003695487976,0.18,0.0,opening_bridge,0.18,0.0,opening_bridge,1.9419731285650792,0,1,1
717,7.169999999999892,2.943711757659912,1.8615294694900513,-0.017402509227395058,0.18000003695487976,0.18,0.0,opening_bridge,0.18,0.0,opening_bridge,1.9437732234668668,0,0,0
718,7.179999999999891,2.94551157951355,1.8614981174468994,-0.017402509227395058,0.18000003695487976,0.18,0.0,opening_bridge,0.18,0.0,opening_bridge,1.9455733183686543,0,0,0
719,7.189999999999891,2.9473114013671875,1.8614667654037476,-0.017402509227395058,0.18000003695487976,0.18,0.0,opening_bridge,0.18,0.0,opening_bridge,1.9473734132704419,0,0,0
720,7.199999999999891,2.949111223220825,1.8614354133605957,-0.017402509227395058,0.18000003695487976,0.18,0.0,opening_bridge,0.18,0.0,opening_bridge,1.9491735081722295,0,0,0
721,7.209999999999891,2.950911045074463,1.8614040613174438,-0.017402509227395058,0.18000003695487976,0.18,0.0,opening_bridge,0.18,0.0,opening_bridge,1.950973603074017,0,1,1
722,7.2199999999998905,2.9527108669281006,1.861372709274292,-0.017402509227395058,0.18000003695487976,0.18,0.0,opening_bridge,0.18,0.0,opening_bridge,1.9527736979758046,0,0,0
723,7.22999999999989,2.9545106887817383,1.8613413572311401,-0.017402509227395058,0.18000003695487976,0.18,0.0,opening_bridge,0.18,0.0,opening_bridge,1.9545737928775921,0,0,0
724,7.23999999999989,2.956310510635376,1.8613100051879883,-0.017402509227395058,0.18000003695487976,0.18,0.0,opening_bridge,0.18,0.0,opening_bridge,1.9563738877793797,0,0,0
725,7.24999999999989,2.9581103324890137,1.8612786531448364,-0.017402509227395058,0.18000003695487976,0.18,0.0,opening_bridge,0.18,0.0,opening_bridge,1.9581739826811673,0,0,0
726,7.25999999999989,2.9599101543426514,1.8612473011016846,-0.017402509227395058,0.18000003695487976,0.18,0.0,opening_bridge,0.18,0.0,opening_bridge,1.9599740775829548,0,1,1
727,7.269999999999889,2.961709976196289,1.8612159490585327,-0.017402509227395058,0.18000003695487976,0.18,0.0,opening_bridge,0.18,0.0,opening_bridge,1.9617741724847424,0,0,0
728,7.279999999999889,2.9635097980499268,1.8611845970153809,-0.017402509227395058,0.18000003695487976,0.18,0.0,opening_bridge,0.18,0.0,opening_bridge,1.96357426738653,0,0,0
729,7.289999999999889,2.9653096199035645,1.861153244972229,-0.017402509227395058,0.18000003695487976,0.18,0.0,opening_bridge,0.18,0.0,opening_bridge,1.9653743622883175,0,0,0
730,7.299999999999889,2.967109441757202,1.8611218929290771,-0.017402509227395058,0.18000003695487976,0.18,0.0,opening_bridge,0.18,0.0,opening_bridge,1.967174457190105,0,0,0
731,7.309999999999889,2.96890926361084,1.8610905408859253,-0.017402509227395058,0.18000003695487976,0.18,0.0,opening_bridge,0.18,0.0,opening_bridge,1.9689745520918926,0,1,1
732,7.319999999999888,2.9707090854644775,1.8610591888427734,-0.017402509227395058,0.18000003695487976,0.18,0.0,opening_bridge,0.18,0.0,opening_bridge,1.9707746469936802,0,0,0
733,7.329999999999888,2.9725089073181152,1.8610278367996216,-0.017402509227395058,0.18000003695487976,0.18,0.0,opening_bridge,0.18,0.0,opening_bridge,1.9725747418954678,0,0,0
734,7.339999999999888,2.974308729171753,1.8609964847564697,-0.017402509227395058,0.18000003695487976,0.18,0.0,opening_bridge,0.18,0.0,opening_bridge,1.9743748367972553,0,0,0
735,7.349999999999888,2.9761085510253906,1.8609651327133179,-0.017402509227395058,0.18000003695487976,0.18,0.0,opening_bridge,0.18,0.0,opening_bridge,1.976174931699043,0,0,0
736,7.3599999999998875,2.9779083728790283,1.860933780670166,-0.017402509227395058,0.18000003695487976,0.18,0.0,opening_bridge,0.18,0.0,opening_bridge,1.9779750266008305,0,1,1
737,7.369999999999887,2.979708194732666,1.8609024286270142,-0.017402509227395058,0.18000003695487976,0.18,0.0,opening_bridge,0.18,0.0,opening_bridge,1.979775121502618,0,0,0
738,7.379999999999887,2.9815080165863037,1.8608710765838623,-0.017402509227395058,0.18000003695487976,0.18,0.0,opening_bridge,0.18,0.0,opening_bridge,1.9815752164044056,0,0,0
739,7.389999999999887,2.9833078384399414,1.8608397245407104,-0.017402509227395058,0.18000003695487976,0.18,0.0,opening_bridge,0.18,0.0,opening_bridge,1.9833753113061932,0,0,0
740,7.399999999999887,2.985107660293579,1.8608083724975586,-0.017402509227395058,0.18000003695487976,0.18,0.0,opening_bridge,0.18,0.0,opening_bridge,1.9851754062079807,0,0,0
741,7.4099999999998865,2.986907482147217,1.8607770204544067,-0.017402509227395058,0.18000003695487976,0.18,0.0,opening_bridge,0.18,0.0,opening_bridge,1.9869755011097683,0,1,1
742,7.419999999999886,2.9887073040008545,1.8607456684112549,-0.017402509227395058,0.18000003695487976,0.18,0.0,opening_bridge,0.18,0.0,opening_bridge,1.9887755960115558,0,0,0
743,7.429999999999886,2.990507125854492,1.860714316368103,-0.017402509227395058,0.18000003695487976,0.18,0.0,opening_bridge,0.18,0.0,opening_bridge,1.9905756909133434,0,0,0
744,7.439999999999886,2.99230694770813,1.8606829643249512,-0.017402509227395058,0.18000003695487976,0.18,0.0,opening_bridge,0.18,0.0,opening_bridge,1.992375785815131,0,0,0
745,7.449999999999886,2.9941067695617676,1.8606516122817993,-0.017402509227395058,0.18000003695487976,0.18,0.0,opening_bridge,0.18,0.0,opening_bridge,1.9941758807169185,0,0,0
746,7.459999999999885,2.9959065914154053,1.8606202602386475,-0.017402509227395058,0.18000003695487976,0.18,0.0,opening_bridge,0.18,0.0,opening_bridge,1.995975975618706,0,1,1
747,7.469999999999885,2.997706413269043,1.8605889081954956,-0.017402509227395058,0.18000003695487976,0.18,0.0,opening_bridge,0.18,0.0,opening_bridge,1.9977760705204937,0,0,0
748,7.479999999999885,2.9995062351226807,1.8605575561523438,-0.017402509227395058,0.18000003695487976,0.18,0.0,opening_bridge,0.18,0.0,opening_bridge,1.9995761654222812,0,0,0
749,7.489999999999885,3.0013060569763184,1.860526204109192,-0.017402509227395058,0.18000003695487976,0.18,0.0,opening_bridge,0.18,0.0,opening_bridge,2.001376260324069,0,0,0
750,7.4999999999998845,3.003105878829956,1.86049485206604,-0.017402509227395058,0.18000003695487976,0.18,0.0,opening_bridge,0.18,0.0,opening_bridge,2.0031763552258566,0,0,0
751,7.509999999999884,3.0049057006835938,1.8604635000228882,-0.017402509227395058,0.18000003695487976,0.18,0.0,opening_bridge,0.18,0.0,opening_bridge,2.004976450127644,0,1,1
752,7.519999999999884,3.0067055225372314,1.8604321479797363,-0.017402509227395058,0.18000003695487976,0.18,0.0,opening_bridge,0.18,0.0,opening_bridge,2.0067765450294317,0,0,0
753,7.529999999999884,3.008505344390869,1.8604007959365845,-0.017402509227395058,0.18000003695487976,0.18,0.0,opening_bridge,0.18,0.0,opening_bridge,2.0085766399312193,0,0,0
754,7.539999999999884,3.010305166244507,1.8603694438934326,-0.017402509227395058,0.18000003695487976,0.18,0.0,opening_bridge,0.18,0.0,opening_bridge,2.010376734833007,0,0,0
755,7.5499999999998835,3.0121049880981445,1.8603380918502808,-0.017402509227395058,0.18000003695487976,0.18,0.0,opening_bridge,0.18,0.0,opening_bridge,2.0121768297347944,0,0,0
756,7.559999999999883,3.0139048099517822,1.860306739807129,-0.017402509227395058,0.18000003695487976,0.18,0.0,opening_bridge,0.18,0.0,opening_bridge,2.013976924636582,0,1,1
757,7.569999999999883,3.01570463180542,1.860275387763977,-0.017402509227395058,0.18000003695487976,0.18,0.0,opening_bridge,0.18,0.0,opening_bridge,2.0157770195383695,0,0,0
758,7.579999999999883,3.0175044536590576,1.8602440357208252,-0.017402509227395058,0.18000003695487976,0.18,0.0,opening_bridge,0.18,0.0,opening_bridge,2.017577114440157,0,0,0
759,7.589999999999883,3.0193042755126953,1.8602126836776733,-0.017402509227395058,0.18000003695487976,0.18,0.0,opening_bridge,0.18,0.0,opening_bridge,2.0193772093419446,0,0,0
760,7.599999999999882,3.021104097366333,1.8601813316345215,-0.017402509227395058,0.18000003695487976,0.18,0.0,opening_bridge,0.18,0.0,opening_bridge,2.021177304243732,0,0,0
761,7.609999999999882,3.0229039192199707,1.8601499795913696,-0.017402509227395058,0.18000003695487976,0.18,0.0,opening_bridge,0.18,0.0,opening_bridge,2.0229773991455198,0,1,1
762,7.619999999999882,3.0247037410736084,1.8601186275482178,-0.017402509227395058,0.18000003695487976,0.18,0.0,opening_bridge,0.18,0.0,opening_bridge,2.0247774940473073,0,0,0
763,7.629999999999882,3.026503562927246,1.860087275505066,-0.017402509227395058,0.18000003695487976,0.18,0.0,opening_bridge,0.18,0.0,opening_bridge,2.026577588949095,0,0,0
764,7.6399999999998816,3.028303384780884,1.860055923461914,-0.017402509227395058,0.18000003695487976,0.18,0.0,opening_bridge,0.18,0.0,opening_bridge,2.0283776838508825,0,0,0
765,7.649999999999881,3.0301032066345215,1.8600245714187622,-0.017402509227395058,0.18000003695487976,0.18,0.0,opening_bridge,0.18,0.0,opening_bridge,2.03017777875267,0,0,0
766,7.659999999999881,3.031903028488159,1.8599932193756104,-0.017402509227395058,0.18000003695487976,0.18,0.0,opening_bridge,0.18,0.0,opening_bridge,2.0319778736544576,0,1,1
767,7.669999999999881,3.033702850341797,1.8599618673324585,-0.017402509227395058,0.18000003695487976,0.18,0.0,opening_bridge,0.18,0.0,opening_bridge,2.033777968556245,0,0,0
768,7.679999999999881,3.0355026721954346,1.8599305152893066,-0.017402509227395058,0.18000003695487976,0.18,0.0,opening_bridge,0.18,0.0,opening_bridge,2.0355780634580327,0,0,0
769,7.6899999999998805,3.0373024940490723,1.8598991632461548,-0.017402509227395058,0.18000003695487976,0.18,0.0,opening_bridge,0.18,0.0,opening_bridge,2.0373781583598203,0,0,0
770,7.69999999999988,3.03910231590271,1.859867811203003,-0.017402509227395058,0.18000003695487976,0.18,0.0,opening_bridge,0.18,0.0,opening_bridge,2.039178253261608,0,0,0
771,7.70999999999988,3.0409021377563477,1.859836459159851,-0.017402509227395058,0.18000003695487976,0.18,0.0,opening_bridge,0.18,0.0,opening_bridge,2.0409783481633954,0,1,1
772,7.71999999999988,3.0427019596099854,1.8598051071166992,-0.017402509227395058,0.18000003695487976,0.18,0.0,opening_bridge,0.18,0.0,opening_bridge,2.042778443065183,0,0,0
773,7.72999999999988,3.044501781463623,1.8597737550735474,-0.017402509227395058,0.18000003695487976,0.18,0.0,opening_bridge,0.18,0.0,opening_bridge,2.0445785379669705,0,0,0
774,7.739999999999879,3.0463016033172607,1.8597424030303955,-0.017402509227395058,0.18000003695487976,0.18,0.0,opening_bridge,0.18,0.0,opening_bridge,2.046378632868758,0,0,0
775,7.749999999999879,3.0481014251708984,1.8597110509872437,-0.017402509227395058,0.18000003695487976,0.18,0.0,opening_bridge,0.18,0.0,opening_bridge,2.0481787277705457,0,0,0
776,7.759999999999879,3.049901247024536,1.8596796989440918,-0.017402509227395058,0.18000003695487976,0.18,0.0,opening_bridge,0.18,0.0,opening_bridge,2.0499788226723332,0,1,1
777,7.769999999999879,3.051701068878174,1.85964834690094,-0.017402509227395058,0.18000003695487976,0.18,0.0,opening_bridge,0.18,0.0,opening_bridge,2.051778917574121,0,0,0
778,7.779999999999879,3.0535008907318115,1.859616994857788,-0.017402509227395058,0.18000003695487976,0.18,0.0,opening_bridge,0.18,0.0,opening_bridge,2.0535790124759083,0,0,0
779,7.789999999999878,3.055300712585449,1.8595856428146362,-0.017402509227395058,0.18000003695487976,0.18,0.0,opening_bridge,0.18,0.0,opening_bridge,2.055379107377696,0,0,0
780,7.799999999999878,3.057100534439087,1.8595542907714844,-0.017402509227395058,0.18000003695487976,0.18,0.0,opening_bridge,0.18,0.0,opening_bridge,2.0571792022794835,0,0,0
781,7.809999999999878,3.0589003562927246,1.8595229387283325,-0.017402509227395058,0.18000003695487976,0.18,0.0,opening_bridge,0.18,0.0,opening_bridge,2.058979297181271,0,1,1
782,7.819999999999878,3.0607001781463623,1.8594915866851807,-0.017402509227395058,0.18000003695487976,0.18,0.0,opening_bridge,0.18,0.0,opening_bridge,2.0607793920830586,0,0,0
783,7.8299999999998775,3.0625,1.8594602346420288,-0.017402509227395058,0.18000003695487976,0.18,0.0,opening_bridge,0.18,0.0,opening_bridge,2.062579486984846,0,0,0
784,7.839999999999877,3.0642998218536377,1.859428882598877,-0.017402509227395058,0.18000003695487976,0.18,0.0,opening_bridge,0.18,0.0,opening_bridge,2.0643795818866337,0,0,0
785,7.849999999999877,3.0660996437072754,1.859397530555725,-0.017402509227395058,0.18000003695487976,0.18,0.0,opening_bridge,0.18,0.0,opening_bridge,2.0661796767884213,0,0,0
786,7.859999999999877,3.067899465560913,1.8593661785125732,-0.017402509227395058,0.18000003695487976,0.18,0.0,opening_bridge,0.18,0.0,opening_bridge,2.067979771690209,0,1,1
787,7.869999999999877,3.069699287414551,1.8593348264694214,-0.017402509227395058,0.18000003695487976,0.18,0.0,opening_bridge,0.18,0.0,opening_bridge,2.0697798665919964,0,0,0
788,7.879999999999876,3.0714991092681885,1.8593034744262695,-0.017402509227395058,0.18000003695487976,0.18,0.0,opening_bridge,0.18,0.0,opening_bridge,2.071579961493784,0,0,0
789,7.889999999999876,3.073298931121826,1.8592721223831177,-0.017402509227395058,0.18000003695487976,0.18,0.0,opening_bridge,0.18,0.0,opening_bridge,2.0733800563955715,0,0,0
790,7.899999999999876,3.075098752975464,1.8592407703399658,-0.017402509227395058,0.18000003695487976,0.18,0.0,opening_bridge,0.18,0.0,opening_bridge,2.075180151297359,0,0,0
791,7.909999999999876,3.0768985748291016,1.859209418296814,-0.017402509227395058,0.18000003695487976,0.18,0.0,opening_bridge,0.18,0.0,opening_bridge,2.0769802461991467,0,1,1
792,7.919999999999876,3.0786983966827393,1.859178066253662,-0.017402509227395058,0.18000003695487976,0.18,0.0,opening_bridge,0.18,0.0,opening_bridge,2.0787803411009342,0,0,0
793,7.929999999999875,3.080498218536377,1.8591467142105103,-0.017402509227395058,0.18000003695487976,0.18,0.0,opening_bridge,0.18,0.0,opening_bridge,2.080580436002722,0,0,0
794,7.939999999999875,3.0822980403900146,1.8591153621673584,-0.017402509227395058,0.18000003695487976,0.18,0.0,opening_bridge,0.18,0.0,opening_bridge,2.0823805309045094,0,0,0
795,7.949999999999875,3.0840978622436523,1.8590840101242065,-0.017402509227395058,0.18000003695487976,0.18,0.0,opening_bridge,0.18,0.0,opening_bridge,2.084180625806297,0,0,0
796,7.959999999999875,3.08589768409729,1.8590526580810547,-0.017402509227395058,0.18000003695487976,0.18,0.0,opening_bridge,0.18,0.0,opening_bridge,2.0859807207080845,0,1,1
797,7.9699999999998745,3.0876975059509277,1.8590213060379028,-0.017402509227395058,0.18000003695487976,0.18,0.0,opening_bridge,0.18,0.0,opening_bridge,2.087780815609872,0,0,0
798,7.979999999999874,3.0894973278045654,1.858989953994751,-0.017402509227395058,0.18000003695487976,0.18,0.0,opening_bridge,0.18,0.0,opening_bridge,2.0895809105116596,0,0,0
799,7.989999999999874,3.091297149658203,1.8589586019515991,-0.017402509227395058,0.18000003695487976,0.18,0.0,opening_bridge,0.18,0.0,opening_bridge,2.091381005413447,0,0,0
800,7.999999999999874,3.093096971511841,1.8589272499084473,-0.017402509227395058,0.18000003695487976,0.18,0.0,opening_bridge,0.18,0.0,opening_bridge,2.0931811003152347,0,0,0
801,8.009999999999874,3.0948967933654785,1.8588958978652954,-0.017402509227395058,0.18000003695487976,0.18,0.0,opening_bridge,0.18,0.0,opening_bridge,2.0949811952170223,0,1,1
802,8.019999999999873,3.096696615219116,1.8588645458221436,-0.017402509227395058,0.18000003695487976,0.18,0.0,opening_bridge,0.18,0.0,opening_bridge,2.09678129011881,0,0,0
803,8.029999999999873,3.098496437072754,1.8588331937789917,-0.017402509227395058,0.18000003695487976,0.18,0.0,opening_bridge,0.18,0.0,opening_bridge,2.0985813850205974,0,0,0
804,8.039999999999873,3.1002962589263916,1.8588018417358398,-0.017402509227395058,0.18000003695487976,0.18,0.0,opening_bridge,0.18,0.0,opening_bridge,2.100381479922385,0,0,0
805,8.049999999999873,3.1020960807800293,1.858770489692688,-0.017402509227395058,0.18000003695487976,0.18,0.0,opening_bridge,0.18,0.0,opening_bridge,2.1021815748241726,0,0,0
806,8.059999999999873,3.103895902633667,1.8587391376495361,-0.017402509227395058,0.18000003695487976,0.18,0.0,opening_bridge,0.18,0.0,opening_bridge,2.10398166972596,0,1,1
807,8.069999999999872,3.1056957244873047,1.8587077856063843,-0.017402509227395058,0.18000003695487976,0.18,0.0,opening_bridge,0.18,0.0,opening_bridge,2.1057817646277477,0,0,0
808,8.079999999999872,3.1074955463409424,1.8586764335632324,-0.017402509227395058,0.18000003695487976,0.18,0.0,opening_bridge,0.18,0.0,opening_bridge,2.1075818595295353,0,0,0
809,8.089999999999872,3.10929536819458,1.8586450815200806,-0.017402509227395058,0.18000003695487976,0.18,0.0,opening_bridge,0.18,0.0,opening_bridge,2.109381954431323,0,0,0
810,8.099999999999872,3.1110951900482178,1.8586137294769287,-0.017402509227395058,0.18000003695487976,0.18,0.0,opening_bridge,0.18,0.0,opening_bridge,2.1111820493331104,0,0,0
811,8.109999999999872,3.1128950119018555,1.8585823774337769,-0.017402509227395058,0.18000003695487976,0.18,0.0,opening_bridge,0.18,0.0,opening_bridge,2.112982144234898,0,1,1
812,8.119999999999871,3.114694833755493,1.858551025390625,-0.017402509227395058,0.18000003695487976,0.18,0.0,opening_bridge,0.18,0.0,opening_bridge,2.1147822391366855,0,0,0
813,8.129999999999871,3.116494655609131,1.8585196733474731,-0.017402509227395058,0.18000003695487976,0.18,0.0,opening_bridge,0.18,0.0,opening_bridge,2.116582334038473,0,0,0
814,8.139999999999871,3.1182944774627686,1.8584883213043213,-0.017402509227395058,0.18000003695487976,0.18,0.0,opening_bridge,0.18,0.0,opening_bridge,2.1183824289402606,0,0,0
815,8.14999999999987,3.1200942993164062,1.8584569692611694,-0.017402509227395058,0.18000003695487976,0.18,0.0,opening_bridge,0.18,0.0,opening_bridge,2.120182523842048,0,0,0
816,8.15999999999987,3.121894121170044,1.8584256172180176,-0.017402509227395058,0.18000003695487976,0.18,0.0,opening_bridge,0.18,0.0,opening_bridge,2.1219826187438358,0,1,1
817,8.16999999999987,3.1236939430236816,1.8583942651748657,-0.017402509227395058,0.18000003695487976,0.18,0.0,opening_bridge,0.18,0.0,opening_bridge,2.1237827136456233,0,0,0
818,8.17999999999987,3.1254937648773193,1.8583629131317139,-0.017402509227395058,0.18000003695487976,0.18,0.0,opening_bridge,0.18,0.0,opening_bridge,2.125582808547411,0,0,0
819,8.18999999999987,3.127293586730957,1.858331561088562,-0.017402509227395058,0.18000003695487976,0.18,0.0,opening_bridge,0.18,0.0,opening_bridge,2.1273829034491984,0,0,0
820,8.19999999999987,3.1290934085845947,1.8583002090454102,-0.017402509227395058,0.18000003695487976,0.18,0.0,opening_bridge,0.18,0.0,opening_bridge,2.129182998350986,0,0,0
821,8.20999999999987,3.1308932304382324,1.8582688570022583,-0.017402509227395058,0.18000003695487976,0.18,0.0,opening_bridge,0.18,0.0,opening_bridge,2.1309830932527736,0,1,1
822,8.21999999999987,3.13269305229187,1.8582375049591064,-0.017402509227395058,0.18000003695487976,0.18,0.0,opening_bridge,0.18,0.0,opening_bridge,2.132783188154561,0,0,0
823,8.229999999999869,3.134492874145508,1.8582061529159546,-0.017402509227395058,0.18000003695487976,0.18,0.0,opening_bridge,0.18,0.0,opening_bridge,2.1345832830563487,0,0,0
824,8.239999999999869,3.1362926959991455,1.8581748008728027,-0.017402509227395058,0.18000003695487976,0.18,0.0,opening_bridge,0.18,0.0,opening_bridge,2.1363833779581363,0,0,0
825,8.249999999999869,3.138092517852783,1.8581434488296509,-0.017402509227395058,0.18000003695487976,0.18,0.0,opening_bridge,0.18,0.0,opening_bridge,2.138183472859924,0,0,0
826,8.259999999999868,3.139892339706421,1.858112096786499,-0.017402509227395058,0.18000003695487976,0.18,0.0,opening_bridge,0.18,0.0,opening_bridge,2.1399835677617114,0,1,1
827,8.269999999999868,3.1416921615600586,1.8580807447433472,-0.017402509227395058,0.18000003695487976,0.18,0.0,opening_bridge,0.18,0.0,opening_bridge,2.141783662663499,0,0,0
828,8.279999999999868,3.1434919834136963,1.8580493927001953,-0.017402509227395058,0.18000003695487976,0.18,0.0,opening_bridge,0.18,0.0,opening_bridge,2.1435837575652865,0,0,0
829,8.289999999999868,3.145291805267334,1.8580180406570435,-0.017402509227395058,0.18000003695487976,0.18,0.0,opening_bridge,0.18,0.0,opening_bridge,2.145383852467074,0,0,0
830,8.299999999999867,3.1470916271209717,1.8579866886138916,-0.017402509227395058,0.18000003695487976,0.18,0.0,opening_bridge,0.18,0.0,opening_bridge,2.1471839473688616,0,0,0
831,8.309999999999867,3.1488914489746094,1.8579553365707397,-0.017402509227395058,0.18000003695487976,0.18,0.0,opening_bridge,0.18,0.0,opening_bridge,2.148984042270649,0,1,1
832,8.319999999999867,3.150691270828247,1.857923984527588,-0.017402509227395058,0.18000003695487976,0.18,0.0,opening_bridge,0.18,0.0,opening_bridge,2.1507841371724368,0,0,0
833,8.329999999999867,3.1524910926818848,1.857892632484436,-0.017402509227395058,0.18000003695487976,0.18,0.0,opening_bridge,0.18,0.0,opening_bridge,2.1525842320742243,0,0,0
834,8.339999999999867,3.1542909145355225,1.8578612804412842,-0.017402509227395058,0.18000003695487976,0.18,0.0,opening_bridge,0.18,0.0,opening_bridge,2.154384326976012,0,0,0
835,8.349999999999866,3.15609073638916,1.8578299283981323,-0.017402509227395058,0.18000003695487976,0.18,0.0,opening_bridge,0.18,0.0,opening_bridge,2.1561844218777995,0,0,0
836,8.359999999999866,3.157890558242798,1.8577985763549805,-0.017402509227395058,0.18000003695487976,0.18,0.0,opening_bridge,0.18,0.0,opening_bridge,2.157984516779587,0,1,1
837,8.369999999999866,3.1596903800964355,1.8577672243118286,-0.017402509227395058,0.18000003695487976,0.18,0.0,opening_bridge,0.18,0.0,opening_bridge,2.1597846116813746,0,0,0
838,8.379999999999866,3.1614902019500732,1.8577358722686768,-0.017402509227395058,0.18000003695487976,0.18,0.0,opening_bridge,0.18,0.0,opening_bridge,2.161584706583162,0,0,0
839,8.389999999999866,3.163290023803711,1.857704520225525,-0.017402509227395058,0.18000003695487976,0.18,0.0,opening_bridge,0.18,0.0,opening_bridge,2.1633848014849497,0,0,0
840,8.399999999999865,3.1650898456573486,1.857673168182373,-0.017402509227395058,0.18000003695487976,0.18,0.0,opening_bridge,0.18,0.0,opening_bridge,2.1651848963867373,0,0,0
841,8.409999999999865,3.1668896675109863,1.8576418161392212,-0.017402509227395058,0.18000003695487976,0.18,0.0,opening_bridge,0.18,0.0,opening_bridge,2.166984991288525,0,1,1
842,8.419999999999865,3.168689489364624,1.8576104640960693,-0.017402509227395058,0.18000003695487976,0.18,0.0,opening_bridge,0.18,0.0,opening_bridge,2.1687850861903124,0,0,0
843,8.429999999999865,3.1704893112182617,1.8575791120529175,-0.017402509227395058,0.18000003695487976,0.18,0.0,opening_bridge,0.18,0.0,opening_bridge,2.1705851810921,0,0,0
844,8.439999999999864,3.1722891330718994,1.8575477600097656,-0.017402509227395058,0.18000003695487976,0.18,0.0,opening_bridge,0.18,0.0,opening_bridge,2.1723852759938875,0,0,0
845,8.449999999999864,3.174088954925537,1.8575164079666138,-0.017402509227395058,0.18000003695487976,0.18,0.0,opening_bridge,0.18,0.0,opening_bridge,2.174185370895675,0,0,0
846,8.459999999999864,3.175888776779175,1.857485055923462,-0.017402509227395058,0.18000003695487976,0.18,0.0,opening_bridge,0.18,0.0,opening_bridge,2.1759854657974627,0,1,1
847,8.469999999999864,3.1776885986328125,1.85745370388031,-0.017402509227395058,0.18000003695487976,0.18,0.0,opening_bridge,0.18,0.0,opening_bridge,2.1777855606992502,0,0,0
848,8.479999999999864,3.17948842048645,1.8574223518371582,-0.017402509227395058,0.18000003695487976,0.18,0.0,opening_bridge,0.18,0.0,opening_bridge,2.179585655601038,0,0,0
849,8.489999999999863,3.181288242340088,1.8573909997940063,-0.017402509227395058,0.18000003695487976,0.18,0.0,opening_bridge,0.18,0.0,opening_bridge,2.1813857505028253,0,0,0
850,8.499999999999863,3.1830880641937256,1.8573596477508545,-0.017402509227395058,0.18000003695487976,0.18,0.0,opening_bridge,0.18,0.0,opening_bridge,2.183185845404613,0,0,0
851,8.509999999999863,3.1848878860473633,1.8573282957077026,-0.017402509227395058,0.18000003695487976,0.18,0.0,opening_bridge,0.18,0.0,opening_bridge,2.1849859403064005,0,1,1
852,8.519999999999863,3.186687707901001,1.8572969436645508,-0.017402509227395058,0.18000003695487976,0.18,0.0,opening_bridge,0.18,0.0,opening_bridge,2.186786035208188,0,0,0
853,8.529999999999863,3.1884875297546387,1.857265591621399,-0.017402509227395058,0.18000003695487976,0.18,0.0,opening_bridge,0.18,0.0,opening_bridge,2.1885861301099756,0,0,0
854,8.539999999999862,3.1902873516082764,1.857234239578247,-0.017402509227395058,0.18000003695487976,0.18,0.0,opening_bridge,0.18,0.0,opening_bridge,2.190386225011763,0,0,0
855,8.549999999999862,3.192087173461914,1.8572028875350952,-0.017402509227395058,0.18000003695487976,0.18,0.0,opening_bridge,0.18,0.0,opening_bridge,2.1921863199135507,0,0,0
856,8.559999999999862,3.1938869953155518,1.8571715354919434,-0.017402509227395058,0.18000003695487976,0.18,0.0,opening_bridge,0.18,0.0,opening_bridge,2.1939864148153383,0,1,1
857,8.569999999999862,3.1956868171691895,1.8571401834487915,-0.017402509227395058,0.18000003695487976,0.18,0.0,opening_bridge,0.18,0.0,opening_bridge,2.195786509717126,0,0,0
858,8.579999999999862,3.197486639022827,1.8571088314056396,-0.017402509227395058,0.18000003695487976,0.18,0.0,opening_bridge,0.18,0.0,opening_bridge,2.1975866046189134,0,0,0
859,8.589999999999861,3.199286460876465,1.8570774793624878,-0.017402509227395058,0.18000003695487976,0.18,0.0,opening_bridge,0.18,0.0,opening_bridge,2.199386699520701,0,0,0
860,8.599999999999861,3.2010862827301025,1.857046127319336,-0.017402509227395058,0.18000003695487976,0.18,0.0,opening_bridge,0.18,0.0,opening_bridge,2.2011867944224885,0,0,0
861,8.60999999999986,3.2028861045837402,1.857014775276184,-0.017402509227395058,0.18000003695487976,0.18,0.0,opening_bridge,0.18,0.0,opening_bridge,2.202986889324276,0,1,1
862,8.61999999999986,3.204685926437378,1.8569834232330322,-0.017402509227395058,0.18000003695487976,0.18,0.0,opening_bridge,0.18,0.0,opening_bridge,2.2047869842260637,0,0,0
863,8.62999999999986,3.2064857482910156,1.8569520711898804,-0.017402509227395058,0.18000003695487976,0.18,0.0,opening_bridge,0.18,0.0,opening_bridge,2.2065870791278512,0,0,0
864,8.63999999999986,3.2082855701446533,1.8569207191467285,-0.017402509227395058,0.18000003695487976,0.18,0.0,opening_bridge,0.18,0.0,opening_bridge,2.208387174029639,0,0,0
865,8.64999999999986,3.210085391998291,1.8568893671035767,-0.017402509227395058,0.18000003695487976,0.18,0.0,opening_bridge,0.18,0.0,opening_bridge,2.2101872689314264,0,0,0
866,8.65999999999986,3.2118852138519287,1.8568580150604248,-0.017402509227395058,0.18000003695487976,0.18,0.0,opening_bridge,0.18,0.0,opening_bridge,2.211987363833214,0,1,1
867,8.66999999999986,3.2136850357055664,1.856826663017273,-0.017402509227395058,0.18000003695487976,0.18,0.0,opening_bridge,0.18,0.0,opening_bridge,2.2137874587350015,0,0,0
868,8.67999999999986,3.215484857559204,1.856795310974121,-0.017402509227395058,0.18000003695487976,0.18,0.0,opening_bridge,0.18,0.0,opening_bridge,2.215587553636789,0,0,0
869,8.68999999999986,3.217284679412842,1.8567639589309692,-0.017402509227395058,0.18000003695487976,0.18,0.0,opening_bridge,0.18,0.0,opening_bridge,2.2173876485385766,0,0,0
870,8.699999999999859,3.2190845012664795,1.8567326068878174,-0.017402509227395058,0.18000003695487976,0.18,0.0,opening_bridge,0.18,0.0,opening_bridge,2.219187743440364,0,0,0
871,8.709999999999859,3.220884323120117,1.8567012548446655,-0.017402509227395058,0.18000003695487976,0.18,0.0,opening_bridge,0.18,0.0,opening_bridge,2.2209878383421517,0,1,1
872,8.719999999999859,3.222684144973755,1.8566699028015137,-0.017402509227395058,0.18000003695487976,0.18,0.0,opening_bridge,0.18,0.0,opening_bridge,2.2227879332439393,0,0,0
873,8.729999999999858,3.2244839668273926,1.8566385507583618,-0.017402509227395058,0.18000003695487976,0.18,0.0,opening_bridge,0.18,0.0,opening_bridge,2.224588028145727,0,0,0
874,8.739999999999858,3.2262837886810303,1.85660719871521,-0.017402509227395058,0.18000003695487976,0.18,0.0,opening_bridge,0.18,0.0,opening_bridge,2.2263881230475144,0,0,0
875,8.749999999999858,3.228083610534668,1.856575846672058,-0.017402509227395058,0.18000003695487976,0.18,0.0,opening_bridge,0.18,0.0,opening_bridge,2.228188217949302,0,0,0
876,8.759999999999858,3.2298834323883057,1.8565444946289062,-0.017402509227395058,0.18000003695487976,0.18,0.0,opening_bridge,0.18,0.0,opening_bridge,2.2299883128510896,0,1,1
877,8.769999999999857,3.2316832542419434,1.8565131425857544,-0.017402509227395058,0.18000003695487976,0.18,0.0,opening_bridge,0.18,0.0,opening_bridge,2.231788407752877,0,0,0
878,8.779999999999857,3.233483076095581,1.8564817905426025,-0.017402509227395058,0.18000003695487976,0.18,0.0,opening_bridge,0.18,0.0,opening_bridge,2.2335885026546647,0,0,0
879,8.789999999999857,3.2352828979492188,1.8564504384994507,-0.017402509227395058,0.18000003695487976,0.18,0.0,opening_bridge,0.18,0.0,opening_bridge,2.2353885975564523,0,0,0
880,8.799999999999857,3.2370827198028564,1.8564190864562988,-0.017402509227395058,0.18000003695487976,0.18,0.0,opening_bridge,0.18,0.0,opening_bridge,2.23718869245824,0,0,0
881,8.809999999999857,3.238882541656494,1.856387734413147,-0.017402509227395058,0.18000003695487976,0.18,0.0,opening_bridge,0.18,0.0,opening_bridge,2.2389887873600274,0,1,1
882,8.819999999999856,3.240682363510132,1.8563563823699951,-0.017402509227395058,0.18000003695487976,0.18,0.0,opening_bridge,0.18,0.0,opening_bridge,2.240788882261815,0,0,0
883,8.829999999999856,3.2424821853637695,1.8563250303268433,-0.017402509227395058,0.18000003695487976,0.18,0.0,opening_bridge,0.18,0.0,opening_bridge,2.2425889771636025,0,0,0
884,8.839999999999856,3.2442820072174072,1.8562936782836914,-0.017402509227395058,0.18000003695487976,0.18,0.0,opening_bridge,0.18,0.0,opening_bridge,2.24438907206539,0,0,0
885,8.849999999999856,3.246081829071045,1.8562623262405396,-0.017402509227395058,0.18000003695487976,0.18,0.0,opening_bridge,0.18,0.0,opening_bridge,2.2461891669671776,0,0,0
886,8.859999999999856,3.2478816509246826,1.8562309741973877,-0.017402509227395058,0.18000003695487976,0.18,0.0,opening_bridge,0.18,0.0,opening_bridge,2.247989261868965,0,1,1
887,8.869999999999855,3.2496814727783203,1.8561996221542358,-0.017402509227395058,0.18000003695487976,0.18,0.0,opening_bridge,0.18,0.0,opening_bridge,2.2497893567707528,0,0,0
888,8.879999999999855,3.251481294631958,1.856168270111084,-0.017402509227395058,0.18000003695487976,0.18,0.0,opening_bridge,0.18,0.0,opening_bridge,2.2515894516725403,0,0,0
889,8.889999999999855,3.2532811164855957,1.8561369180679321,-0.017402509227395058,0.18000003695487976,0.18,0.0,opening_bridge,0.18,0.0,opening_bridge,2.253389546574328,0,0,0
890,8.899999999999855,3.2550809383392334,1.8561055660247803,-0.017402509227395058,0.18000003695487976,0.18,0.0,opening_bridge,0.18,0.0,opening_bridge,2.2551896414761154,0,0,0
891,8.909999999999854,3.256880760192871,1.8560742139816284,-0.017402509227395058,0.18000003695487976,0.18,0.0,opening_bridge,0.18,0.0,opening_bridge,2.256989736377903,0,1,1
892,8.919999999999854,3.258680582046509,1.8560428619384766,-0.017402509227395058,0.18000003695487976,0.18,0.0,opening_bridge,0.18,0.0,opening_bridge,2.2587898312796906,0,0,0
893,8.929999999999854,3.2604804039001465,1.8560115098953247,-0.017402509227395058,0.18000003695487976,0.18,0.0,opening_bridge,0.18,0.0,opening_bridge,2.260589926181478,0,0,0
894,8.939999999999854,3.262280225753784,1.8559801578521729,-0.017402509227395058,0.18000003695487976,0.18,0.0,opening_bridge,0.18,0.0,opening_bridge,2.2623900210832657,0,0,0
895,8.949999999999854,3.264080047607422,1.855948805809021,-0.017402509227395058,0.18000003695487976,0.18,0.0,opening_bridge,0.18,0.0,opening_bridge,2.2641901159850533,0,0,0
896,8.959999999999853,3.2658798694610596,1.8559174537658691,-0.017402509227395058,0.18000003695487976,0.18,0.0,opening_bridge,0.18,0.0,opening_bridge,2.265990210886841,0,1,1
897,8.969999999999853,3.2676796913146973,1.8558861017227173,-0.017402509227395058,0.18000003695487976,0.18,0.0,opening_bridge,0.18,0.0,opening_bridge,2.2677903057886284,0,0,0
898,8.979999999999853,3.269479513168335,1.8558547496795654,-0.017402509227395058,0.18000003695487976,0.18,0.0,opening_bridge,0.18,0.0,opening_bridge,2.269590400690416,0,0,0
899,8.989999999999853,3.2712793350219727,1.8558233976364136,-0.017402509227395058,0.18000003695487976,0.18,0.0,opening_bridge,0.18,0.0,opening_bridge,2.2713904955922035,0,0,0
900,8.999999999999853,3.2730791568756104,1.8557920455932617,-0.017402509227395058,0.18000003695487976,0.18,0.0,opening_bridge,0.18,0.0,opening_bridge,2.273190590493991,0,0,0
901,9.009999999999852,3.274878978729248,1.8557606935501099,-0.017402509227395058,0.18000003695487976,0.18,0.0,opening_bridge,0.18,0.0,opening_bridge,2.2749906853957786,0,1,1
902,9.019999999999852,3.2766788005828857,1.855729341506958,-0.017402509227395058,0.18000003695487976,0.18,0.0,opening_bridge,0.18,0.0,opening_bridge,2.276790780297566,0,0,0
903,9.029999999999852,3.2784786224365234,1.8556979894638062,-0.017402509227395058,0.18000003695487976,0.18,0.0,opening_bridge,0.18,0.0,opening_bridge,2.2785908751993538,0,0,0
904,9.039999999999852,3.280278444290161,1.8556666374206543,-0.017402509227395058,0.18000003695487976,0.18,0.0,opening_bridge,0.18,0.0,opening_bridge,2.2803909701011413,0,0,0
905,9.049999999999851,3.282078266143799,1.8556352853775024,-0.017402509227395058,0.18000003695487976,0.18,0.0,opening_bridge,0.18,0.0,opening_bridge,2.282191065002929,0,0,0
906,9.059999999999851,3.2838780879974365,1.8556039333343506,-0.017402509227395058,0.18000003695487976,0.18,0.0,opening_bridge,0.18,0.0,opening_bridge,2.2839911599047165,0,1,1
907,9.069999999999851,3.285677909851074,1.8555725812911987,-0.017402509227395058,0.18000003695487976,0.18,0.0,opening_bridge,0.18,0.0,opening_bridge,2.285791254806504,0,0,0
908,9.07999999999985,3.287477731704712,1.8555412292480469,-0.017402509227395058,0.18000003695487976,0.18,0.0,opening_bridge,0.18,0.0,opening_bridge,2.2875913497082916,0,0,0
909,9.08999999999985,3.2892775535583496,1.855509877204895,-0.017402509227395058,0.18000003695487976,0.18,0.0,opening_bridge,0.18,0.0,opening_bridge,2.289391444610079,0,0,0
910,9.09999999999985,3.2910773754119873,1.8554785251617432,-0.017402509227395058,0.18000003695487976,0.18,0.0,opening_bridge,0.18,0.0,opening_bridge,2.2911915395118667,0,0,0
911,9.10999999999985,3.292877197265625,1.8554471731185913,-0.017402509227395058,0.18000003695487976,0.18,0.0,opening_bridge,0.18,0.0,opening_bridge,2.2929916344136543,0,1,1
912,9.11999999999985,3.2946770191192627,1.8554158210754395,-0.017402509227395058,0.18000003695487976,0.18,0.0,opening_bridge,0.18,0.0,opening_bridge,2.294791729315442,0,0,0
913,9.12999999999985,3.2964768409729004,1.8553844690322876,-0.017402509227395058,0.18000003695487976,0.18,0.0,opening_bridge,0.18,0.0,opening_bridge,2.2965918242172294,0,0,0
914,9.13999999999985,3.298276662826538,1.8553531169891357,-0.017402509227395058,0.18000003695487976,0.18,0.0,opening_bridge,0.18,0.0,opening_bridge,2.298391919119017,0,0,0
915,9.14999999999985,3.300076484680176,1.8553217649459839,-0.017402509227395058,0.18000003695487976,0.18,0.0,opening_bridge,0.18,0.0,opening_bridge,2.3001920140208045,0,0,0
916,9.15999999999985,3.3018763065338135,1.855290412902832,-0.017402509227395058,0.18000003695487976,0.18,0.0,opening_bridge,0.18,0.0,opening_bridge,2.301992108922592,0,1,1
917,9.169999999999849,3.303676128387451,1.8552590608596802,-0.017402509227395058,0.18000003695487976,0.18,0.0,opening_bridge,0.18,0.0,opening_bridge,2.3037922038243797,0,0,0
918,9.179999999999849,3.305475950241089,1.8552277088165283,-0.017402509227395058,0.18000003695487976,0.18,0.0,opening_bridge,0.18,0.0,opening_bridge,2.305592298726167,0,0,0
919,9.189999999999849,3.3072757720947266,1.8551963567733765,-0.017402509227395058,0.18000003695487976,0.18,0.0,opening_bridge,0.18,0.0,opening_bridge,2.307392393627955,0,0,0
920,9.199999999999848,3.3090755939483643,1.8551650047302246,-0.017402509227395058,0.18000003695487976,0.18,0.0,opening_bridge,0.18,0.0,opening_bridge,2.3091924885297423,0,0,0
921,9.209999999999848,3.310875415802002,1.8551336526870728,-0.017402509227395058,0.18000003695487976,0.18,0.0,opening_bridge,0.18,0.0,opening_bridge,2.31099258343153,0,1,1
922,9.219999999999848,3.3126752376556396,1.855102300643921,-0.017402509227395058,0.18000003695487976,0.18,0.0,opening_bridge,0.18,0.0,opening_bridge,2.3127926783333175,0,0,0
923,9.229999999999848,3.3144750595092773,1.855070948600769,-0.017402509227395058,0.18000003695487976,0.18,0.0,opening_bridge,0.18,0.0,opening_bridge,2.314592773235105,0,0,0
924,9.239999999999847,3.316274881362915,1.8550395965576172,-0.017402509227395058,0.18000003695487976,0.18,0.0,opening_bridge,0.18,0.0,opening_bridge,2.3163928681368926,0,0,0
925,9.249999999999847,3.3180747032165527,1.8550082445144653,-0.017402509227395058,0.18000003695487976,0.18,0.0,opening_bridge,0.18,0.0,opening_bridge,2.31819296303868,0,0,0
926,9.259999999999847,3.3198745250701904,1.8549768924713135,-0.017402509227395058,0.18000003695487976,0.18,0.0,opening_bridge,0.18,0.0,opening_bridge,2.3199930579404677,0,1,1
927,9.269999999999847,3.321674346923828,1.8549455404281616,-0.017402509227395058,0.18000003695487976,0.18,0.0,opening_bridge,0.18,0.0,opening_bridge,2.3217931528422553,0,0,0
928,9.279999999999847,3.323474168777466,1.8549141883850098,-0.017402509227395058,0.18000003695487976,0.18,0.0,opening_bridge,0.18,0.0,opening_bridge,2.323593247744043,0,0,0
929,9.289999999999846,3.3252739906311035,1.854882836341858,-0.017402509227395058,0.18000003695487976,0.18,0.0,opening_bridge,0.18,0.0,opening_bridge,2.3253933426458304,0,0,0
930,9.299999999999846,3.327073812484741,1.854851484298706,-0.017402509227395058,0.18000003695487976,0.18,0.0,opening_bridge,0.18,0.0,opening_bridge,2.327193437547618,0,0,0
931,9.309999999999846,3.328873634338379,1.8548201322555542,-0.017402509227395058,0.18000003695487976,0.18,0.0,opening_bridge,0.18,0.0,opening_bridge,2.3289935324494055,0,1,1
932,9.319999999999846,3.3306734561920166,1.8547887802124023,-0.017402509227395058,0.18000003695487976,0.18,0.0,opening_bridge,0.18,0.0,opening_bridge,2.330793627351193,0,0,0
933,9.329999999999846,3.3324732780456543,1.8547574281692505,-0.017402509227395058,0.18000003695487976,0.18,0.0,opening_bridge,0.18,0.0,opening_bridge,2.3325937222529807,0,0,0
934,9.339999999999845,3.334273099899292,1.8547260761260986,-0.017402509227395058,0.18000003695487976,0.18,0.0,opening_bridge,0.18,0.0,opening_bridge,2.3343938171547682,0,0,0
935,9.349999999999845,3.3360729217529297,1.8546947240829468,-0.017402509227395058,0.18000003695487976,0.18,0.0,opening_bridge,0.18,0.0,opening_bridge,2.336193912056556,0,0,0
936,9.359999999999845,3.3378727436065674,1.854663372039795,-0.017402509227395058,0.18000003695487976,0.18,0.0,opening_bridge,0.18,0.0,opening_bridge,2.3379940069583434,0,1,1
937,9.369999999999845,3.339672565460205,1.854632019996643,-0.017402509227395058,0.18000003695487976,0.18,0.0,opening_bridge,0.18,0.0,opening_bridge,2.339794101860131,0,0,0
938,9.379999999999844,3.3414723873138428,1.8546006679534912,-0.017402509227395058,0.18000003695487976,0.18,0.0,opening_bridge,0.18,0.0,opening_bridge,2.3415941967619185,0,0,0
939,9.389999999999844,3.3432722091674805,1.8545693159103394,-0.017402509227395058,0.18000003695487976,0.18,0.0,opening_bridge,0.18,0.0,opening_bridge,2.343394291663706,0,0,0
940,9.399999999999844,3.345072031021118,1.8545379638671875,-0.017402509227395058,0.18000003695487976,0.18,0.0,opening_bridge,0.18,0.0,opening_bridge,2.3451943865654936,0,0,0
941,9.409999999999844,3.346871852874756,1.8545066118240356,-0.017402509227395058,0.18000003695487976,0.18,0.0,opening_bridge,0.18,0.0,opening_bridge,2.346994481467281,0,1,1
942,9.419999999999844,3.3486716747283936,1.8544752597808838,-0.017402509227395058,0.18000003695487976,0.18,0.0,opening_bridge,0.18,0.0,opening_bridge,2.3487945763690687,0,0,0
943,9.429999999999843,3.3504714965820312,1.854443907737732,-0.017402509227395058,0.18000003695487976,0.18,0.0,opening_bridge,0.18,0.0,opening_bridge,2.3505946712708563,0,0,0
944,9.439999999999843,3.352271318435669,1.85441255569458,-0.017402509227395058,0.18000003695487976,0.18,0.0,opening_bridge,0.18,0.0,opening_bridge,2.352394766172644,0,0,0
945,9.449999999999843,3.3540711402893066,1.8543812036514282,-0.017402509227395058,0.18000003695487976,0.18,0.0,opening_bridge,0.18,0.0,opening_bridge,2.3541948610744314,0,0,0
946,9.459999999999843,3.3558709621429443,1.8543498516082764,-0.017402509227395058,0.18000003695487976,0.18,0.0,opening_bridge,0.18,0.0,opening_bridge,2.355994955976219,0,1,1
947,9.469999999999843,3.357670783996582,1.8543184995651245,-0.017402509227395058,0.18000003695487976,0.18,0.0,opening_bridge,0.18,0.0,opening_bridge,2.3577950508780066,0,0,0
948,9.479999999999842,3.3594706058502197,1.8542871475219727,-0.017402509227395058,0.18000003695487976,0.18,0.0,opening_bridge,0.18,0.0,opening_bridge,2.359595145779794,0,0,0
949,9.489999999999842,3.3612704277038574,1.8542557954788208,-0.017402509227395058,0.18000003695487976,0.18,0.0,opening_bridge,0.18,0.0,opening_bridge,2.3613952406815817,0,0,0
950,9.499999999999842,3.363070249557495,1.854224443435669,-0.017402509227395058,0.18000003695487976,0.18,0.0,opening_bridge,0.18,0.0,opening_bridge,2.3631953355833692,0,0,0
951,9.509999999999842,3.364870071411133,1.854193091392517,-0.017402509227395058,0.18000003695487976,0.18,0.0,opening_bridge,0.18,0.0,opening_bridge,2.364995430485157,0,1,1
952,9.519999999999841,3.3666698932647705,1.8541617393493652,-0.017402509227395058,0.18000003695487976,0.18,0.0,opening_bridge,0.18,0.0,opening_bridge,2.3667955253869444,0,0,0
953,9.529999999999841,3.368469715118408,1.8541303873062134,-0.017402509227395058,0.18000003695487976,0.18,0.0,opening_bridge,0.18,0.0,opening_bridge,2.368595620288732,0,0,0
954,9.539999999999841,3.370269536972046,1.8540990352630615,-0.017402509227395058,0.18000003695487976,0.18,0.0,opening_bridge,0.18,0.0,opening_bridge,2.3703957151905195,0,0,0
955,9.54999999999984,3.3720693588256836,1.8540676832199097,-0.017402509227395058,0.18000003695487976,0.18,0.0,opening_bridge,0.18,0.0,opening_bridge,2.372195810092307,0,0,0
956,9.55999999999984,3.3738691806793213,1.8540363311767578,-0.017402509227395058,0.18000003695487976,0.18,0.0,opening_bridge,0.18,0.0,opening_bridge,2.3739959049940946,0,1,1
957,9.56999999999984,3.375669002532959,1.854004979133606,-0.017402509227395058,0.18000003695487976,0.18,0.0,opening_bridge,0.18,0.0,opening_bridge,2.375795999895882,0,0,0
958,9.57999999999984,3.3774688243865967,1.853973627090454,-0.017402509227395058,0.18000003695487976,0.18,0.0,opening_bridge,0.18,0.0,opening_bridge,2.3775960947976698,0,0,0
959,9.58999999999984,3.3792686462402344,1.8539422750473022,-0.017402509227395058,0.18000003695487976,0.18,0.0,opening_bridge,0.18,0.0,opening_bridge,2.3793961896994573,0,0,0
960,9.59999999999984,3.381068468093872,1.8539109230041504,-0.017402509227395058,0.18000003695487976,0.18,0.0,opening_bridge,0.18,0.0,opening_bridge,2.381196284601245,0,0,0
961,9.60999999999984,3.3828682899475098,1.8538795709609985,-0.017402509227395058,0.18000003695487976,0.18,0.0,opening_bridge,0.18,0.0,opening_bridge,2.3829963795030324,0,1,1
962,9.61999999999984,3.3846681118011475,1.8538482189178467,-0.017402509227395058,0.18000003695487976,0.18,0.0,opening_bridge,0.18,0.0,opening_bridge,2.38479647440482,0,0,0
963,9.62999999999984,3.386467933654785,1.8538168668746948,-0.017402509227395058,0.18000003695487976,0.18,0.0,opening_bridge,0.18,0.0,opening_bridge,2.3865965693066076,0,0,0
964,9.639999999999839,3.388267755508423,1.853785514831543,-0.017402509227395058,0.18000003695487976,0.18,0.0,opening_bridge,0.18,0.0,opening_bridge,2.388396664208395,0,0,0
965,9.649999999999839,3.3900675773620605,1.8537541627883911,-0.017402509227395058,0.18000003695487976,0.18,0.0,opening_bridge,0.18,0.0,opening_bridge,2.3901967591101827,0,0,0
966,9.659999999999838,3.3918673992156982,1.8537228107452393,-0.017402509227395058,0.18000003695487976,0.18,0.0,opening_bridge,0.18,0.0,opening_bridge,2.3919968540119703,0,1,1
967,9.669999999999838,3.393667221069336,1.8536914587020874,-0.017402509227395058,0.18000003695487976,0.18,0.0,opening_bridge,0.18,0.0,opening_bridge,2.393796948913758,0,0,0
968,9.679999999999838,3.3954670429229736,1.8536601066589355,-0.017402509227395058,0.18000003695487976,0.18,0.0,opening_bridge,0.18,0.0,opening_bridge,2.3955970438155454,0,0,0
969,9.689999999999838,3.3972668647766113,1.8536287546157837,-0.017402509227395058,0.18000003695487976,0.18,0.0,opening_bridge,0.18,0.0,opening_bridge,2.397397138717333,0,0,0
970,9.699999999999838,3.399066686630249,1.8535974025726318,-0.017402509227395058,0.18000003695487976,0.18,0.0,opening_bridge,0.18,0.0,opening_bridge,2.3991972336191205,0,0,0
971,9.709999999999837,3.4008665084838867,1.85356605052948,-0.017402509227395058,0.18000003695487976,0.18,0.0,opening_bridge,0.18,0.0,opening_bridge,2.400997328520908,0,1,1
972,9.719999999999837,3.4026663303375244,1.8535346984863281,-0.017402509227395058,0.18000003695487976,0.18,0.0,opening_bridge,0.18,0.0,opening_bridge,2.4027974234226956,0,0,0
973,9.729999999999837,3.404466152191162,1.8535033464431763,-0.017402509227395058,0.18000003695487976,0.18,0.0,opening_bridge,0.18,0.0,opening_bridge,2.404597518324483,0,0,0
974,9.739999999999837,3.4062659740448,1.8534719944000244,-0.017402509227395058,0.18000003695487976,0.18,0.0,opening_bridge,0.18,0.0,opening_bridge,2.4063976132262708,0,0,0
975,9.749999999999837,3.4080657958984375,1.8534406423568726,-0.017402509227395058,0.18000003695487976,0.18,0.0,opening_bridge,0.18,0.0,opening_bridge,2.4081977081280583,0,0,0
976,9.759999999999836,3.409865617752075,1.8534092903137207,-0.017402509227395058,0.18000003695487976,0.18,0.0,opening_bridge,0.18,0.0,opening_bridge,2.409997803029846,0,1,1
977,9.769999999999836,3.411665439605713,1.8533779382705688,-0.017402509227395058,0.18000003695487976,0.18,0.0,opening_bridge,0.18,0.0,opening_bridge,2.4117978979316335,0,0,0
978,9.779999999999836,3.4134652614593506,1.853346586227417,-0.017402509227395058,0.18000003695487976,0.18,0.0,opening_bridge,0.18,0.0,opening_bridge,2.413597992833421,0,0,0
979,9.789999999999836,3.4152650833129883,1.8533152341842651,-0.017402509227395058,0.18000003695487976,0.18,0.0,opening_bridge,0.18,0.0,opening_bridge,2.4153980877352086,0,0,0
980,9.799999999999836,3.417064905166626,1.8532838821411133,-0.017402509227395058,0.18000003695487976,0.18,0.0,opening_bridge,0.18,0.0,opening_bridge,2.417198182636996,0,0,0
981,9.809999999999835,3.4188666343688965,1.8532525300979614,-0.017313480377197266,0.1803804337978363,0.22000000000000056,0.07652901061120963,tracking,0.188,0.022000000000000002,tracking,2.419000184598406,0,1,1
982,9.819999999999835,3.4206738471984863,1.8532214164733887,-0.017045410349965096,0.18112313747406006,0.22000000000000056,0.07652901061120963,tracking,0.196,0.044000000000000004,tracking,2.4208076652398147,0,0,0
983,9.829999999999835,3.422490358352661,1.8531907796859741,-0.016595762223005295,0.18221093714237213,0.22000000000000056,0.07652901061120963,tracking,0.20400000000000001,0.066,tracking,2.4226244347315182,0,0,0
984,9.839999999999835,3.424319267272949,1.8531608581542969,-0.016143223270773888,0.1836274117231369,0.22000000000000056,0.07652901061120963,tracking,0.21200000000000002,0.07652901061120963,tracking,2.4244535883983183,0,0,0
985,9.849999999999834,3.426163911819458,1.8531314134597778,-0.015686530619859695,0.18535692989826202,0.22000000000000056,0.07652901061120963,tracking,0.22000000000000003,0.07652901061120963,tracking,2.4262984679317836,0,0,0
986,9.859999999999834,3.428027391433716,1.853102684020996,-0.015225499868392944,0.18738460540771484,0.2599999999999997,0.09295249684883605,tracking,0.22800000000000004,0.09295249684883605,tracking,2.4281621689951,0,1,1
987,9.869999999999834,3.429912567138672,1.8530744314193726,-0.014758740551769733,0.1896962672472,0.2599999999999997,0.09295249684883605,tracking,0.23600000000000004,0.09295249684883605,tracking,2.4300475563950936,0,0,0
988,9.879999999999834,3.4318222999572754,1.8530467748641968,-0.014286331832408905,0.1922784149646759,0.2599999999999997,0.09295249684883605,tracking,0.24400000000000005,0.09295249684883605,tracking,2.431957489462899,0,0,0
989,9.889999999999834,3.4337589740753174,1.8530195951461792,-0.013806764967739582,0.19511817395687103,0.2599999999999997,0.09295249684883605,tracking,0.25200000000000006,0.09295249684883605,tracking,2.4338943542946736,0,0,0
990,9.899999999999833,3.435725450515747,1.8529930114746094,-0.013320358470082283,0.19820331037044525,0.2599999999999997,0.09295249684883605,tracking,0.2599999999999997,0.09295249684883605,tracking,2.4358610104116294,0,0,0
991,9.909999999999833,3.4377238750457764,1.8529669046401978,-0.012825497426092625,0.20152214169502258,0.30000000000000027,0.08432507870303785,tracking,0.2679999999999997,0.08432507870303785,tracking,2.437859605460414,0,1,1
992,9.919999999999833,3.4397566318511963,1.8529413938522339,-0.012322716414928436,0.2050635665655136,0.30000000000000027,0.08432507870303785,tracking,0.2759999999999997,0.08432507870303785,tracking,2.439892522337781,0,0,0
993,9.929999999999833,3.4418258666992188,1.8529163599014282,-0.01181030459702015,0.2088169902563095,0.30000000000000027,0.08432507870303785,tracking,0.2839999999999997,0.08432507870303785,tracking,2.441961908612734,0,0,0
994,9.939999999999833,3.4439337253570557,1.8528920412063599,-0.011288993991911411,0.21277233958244324,0.30000000000000027,0.08432507870303785,tracking,0.2919999999999997,0.08432507870303785,tracking,2.4440699075501975,0,0,0
995,9.949999999999832,3.44608211517334,1.8528683185577393,-0.01075698621571064,0.21692001819610596,0.30000000000000027,0.08432507870303785,tracking,0.2999999999999997,0.08432507870303785,tracking,2.446218428335941,0,0,0
996,9.959999999999832,3.448272943496704,1.8528454303741455,-0.010215189307928085,0.22125087678432465,0.32990004461203687,0.07214393575866689,tracking,0.3079999999999997,0.07214393575866689,tracking,2.4484093762156047,0,1,1
997,9.969999999999832,3.450507879257202,1.8528231382369995,-0.009661727584898472,0.2257561981678009,0.32990004461203687,0.07214393575866689,tracking,0.3159999999999997,0.07214393575866689,tracking,2.4506444231486535,0,0,0
998,9.979999999999832,3.4527885913848877,1.85280179977417,-0.009097671136260033,0.23042769730091095,0.32990004461203687,0.07214393575866689,tracking,0.32399999999999973,0.07214393575866689,tracking,2.4529252350960458,0,0,0
999,9.989999999999831,3.4551165103912354,1.8527812957763672,-0.008521203882992268,0.23515760898590088,0.32990004461203687,0.07214393575866689,tracking,0.32990004461203687,0.07214393575866689,tracking,2.455253244398871,0,0,0
1000,9.999999999999831,3.4574904441833496,1.8527618646621704,-0.007934074848890305,0.23966261744499207,0.32990004461203687,0.07214393575866689,tracking,0.32990004461203687,0.07214393575866689,tracking,2.4576272577133955,0,0,0
1001,10.009999999999831,3.4599103927612305,1.852743148803711,-0.007575646974146366,0.2443203628063202,0.3376173101317723,0.061031073410247855,tracking,0.3376173101317723,0.061031073410247855,tracking,2.4600472786643266,0,1,1
1002,10.01999999999983,3.4623756408691406,1.8527249097824097,-0.007209726609289646,0.24875663220882416,0.3376173101317723,0.061031073410247855,tracking,0.3376173101317723,0.061031073410247855,tracking,2.462512594241581,0,0,0
1003,10.02999999999983,3.4648842811584473,1.8527073860168457,-0.00683809956535697,0.252981960773468,0.3376173101317723,0.061031073410247855,tracking,0.3376173101317723,0.061031073410247855,tracking,2.465021295735082,0,0,0
1004,10.03999999999983,3.4674341678619385,1.85269033908844,-0.00645967572927475,0.25700637698173523,0.3376173101317723,0.061031073410247855,tracking,0.3376173101317723,0.061031073410247855,tracking,2.4675712394204226,0,0,0
1005,10.04999999999983,3.4700233936309814,1.852674126625061,-0.006076074671000242,0.26083943247795105,0.3376173101317723,0.061031073410247855,tracking,0.3376173101317723,0.061031073410247855,tracking,2.47016051594622,0,0,0
1006,10.05999999999983,3.472651243209839,1.8526586294174194,-0.005686108488589525,0.26473236083984375,0.3427094783824119,0.05369835112932687,tracking,0.3427094783824119,0.05369835112932687,tracking,2.4727884112204928,0,1,1
1007,10.06999999999983,3.4753170013427734,1.8526440858840942,-0.005291134584695101,0.2684401869773865,0.3427094783824119,0.05369835112932687,tracking,0.3427094783824119,0.05369835112932687,tracking,2.4754542090255915,0,0,0
1008,10.07999999999983,3.4780189990997314,1.8526302576065063,-0.0048901960253715515,0.2719717025756836,0.3427094783824119,0.05369835112932687,tracking,0.3427094783824119,0.05369835112932687,tracking,2.4781562421674805,0,0,0
1009,10.08999999999983,3.480755567550659,1.8526175022125244,-0.004484714474529028,0.27533528208732605,0.3427094783824119,0.05369835112932687,tracking,0.3427094783824119,0.05369835112932687,tracking,2.4808928403452715,0,0,0
1010,10.09999999999983,3.483524799346924,1.8526055812835693,-0.004073822405189276,0.27853891253471375,0.3427094783824119,0.05369835112932687,tracking,0.3427094783824119,0.05369835112932687,tracking,2.4836620977998956,0,0,0
1011,10.109999999999829,3.4863266944885254,1.8525948524475098,-0.0036586455535143614,0.28183865547180176,0.34793406340633465,0.04617494869487811,tracking,0.34793406340633465,0.04617494869487811,tracking,2.486464013482505,0,1,1
1012,10.119999999999829,3.4891607761383057,1.852584958076477,-0.0032381608616560698,0.28498148918151855,0.34793406340633465,0.04617494869487811,tracking,0.34793406340633465,0.04617494869487811,tracking,2.489298112403891,0,0,0
1013,10.129999999999828,3.49202561378479,1.8525763750076294,-0.0028136330656707287,0.28797489404678345,0.34793406340633465,0.04617494869487811,tracking,0.34793406340633465,0.04617494869487811,tracking,2.4921629629078064,0,0,0
1014,10.139999999999828,3.494919538497925,1.8525687456130981,-0.0023842903319746256,0.2908259630203247,0.34793406340633465,0.04617494869487811,tracking,0.34793406340633465,0.04617494869487811,tracking,2.4950568976777956,0,0,0
1015,10.149999999999828,3.4978413581848145,1.852562427520752,-0.001951279817149043,0.29354146122932434,0.34793406340633465,0.04617494869487811,tracking,0.34793406340633465,0.04617494869487811,tracking,2.497978724195744,0,0,0
1016,10.159999999999828,3.500790596008301,1.8525573015213013,-0.0015137469163164496,0.2963152229785919,0.3518749351991785,0.04050009331318293,tracking,0.3518749351991785,0.04050009331318293,tracking,2.5009279664739155,0,1,1
1017,10.169999999999828,3.5037670135498047,1.8525534868240356,-0.0010726457694545388,0.29895707964897156,0.3518749351991785,0.04050009331318293,tracking,0.3518749351991785,0.04050009331318293,tracking,2.5039043864599537,0,0,0
1018,10.179999999999827,3.5067691802978516,1.8525508642196655,-0.0006272949976846576,0.30147331953048706,0.3518749351991785,0.04050009331318293,tracking,0.3518749351991785,0.04050009331318293,tracking,2.5069065543535154,0,0,0
1019,10.189999999999827,3.509795904159546,1.85254967212677,-0.0001787072978913784,0.30386990308761597,0.3518749351991785,0.04050009331318293,tracking,0.3518749351991785,0.04050009331318293,tracking,2.509933278449966,0,0,0
1020,10.199999999999827,3.512845993041992,1.8525497913360596,0.0002737354952841997,0.3061525523662567,0.3518749351991785,0.04050009331318293,tracking,0.3518749351991785,0.04050009331318293,tracking,2.512983367334742,0,0,0
1021,10.209999999999827,3.5159194469451904,1.8525514602661133,0.0007292669615708292,0.3085576891899109,0.3567338340735671,0.03350327893406334,tracking,0.3567338340735671,0.03350327893406334,tracking,2.5160568216910666,0,1,1
1022,10.219999999999827,3.5190165042877197,1.8525543212890625,0.0011886672582477331,0.3108484745025635,0.3567338340735671,0.03350327893406334,tracking,0.3567338340735671,0.03350327893406334,tracking,2.519153880355084,0,0,0
1023,10.229999999999826,3.5221359729766846,1.8525588512420654,0.0016510144341737032,0.31303033232688904,0.3567338340735671,0.03350327893406334,tracking,0.3567338340735671,0.03350327893406334,tracking,2.522273352333145,0,0,0
1024,10.239999999999826,3.5252766609191895,1.8525646924972534,0.0021168712992221117,0.31510844826698303,0.3567338340735671,0.03350327893406334,tracking,0.3567338340735671,0.03350327893406334,tracking,2.5254140457076177,0,0,0
1025,10.249999999999826,3.528437614440918,1.8525722026824951,0.002585401525720954,0.31708773970603943,0.3567338340735671,0.03350327893406334,tracking,0.3567338340735671,0.03350327893406334,tracking,2.528575008151148,0,0,0
1026,10.259999999999826,3.53161883354187,1.8525807857513428,0.002742357086390257,0.31916674971580505,0.3608100535321614,0.027633522913687595,tracking,0.3608100535321614,0.027633522913687595,tracking,2.5317562388308277,0,1,1
1027,10.269999999999825,3.534820318222046,1.852589726448059,0.002900649094954133,0.3211468756198883,0.3608100535321614,0.027633522913687595,tracking,0.3608100535321614,0.027633522913687595,tracking,2.534957735995196,0,0,0
1028,10.279999999999825,3.538041114807129,1.8525993824005127,0.003059577662497759,0.32303285598754883,0.3608100535321614,0.027633522913687595,tracking,0.3608100535321614,0.027633522913687595,tracking,2.5381785470545255,0,0,0
1029,10.289999999999825,3.541280508041382,1.8526095151901245,0.003219718812033534,0.3248291611671448,0.3608100535321614,0.027633522913687595,tracking,0.3608100535321614,0.027633522913687595,tracking,2.541417956136372,0,0,0
1030,10.299999999999825,3.544537305831909,1.8526203632354736,0.003380437148734927,0.3265400528907776,0.3608100535321614,0.027633522913687595,tracking,0.3608100535321614,0.027633522913687595,tracking,2.544674771993689,0,0,0
1031,10.309999999999825,3.547811269760132,1.8526315689086914,0.0035422893706709146,0.3282722532749176,0.3629687747404871,0.02452496437369855,tracking,0.3629687747404871,0.02452496437369855,tracking,2.547948755098474,0,1,1
1032,10.319999999999824,3.5511021614074707,1.852643609046936,0.0037046982906758785,0.329922080039978,0.3629687747404871,0.02452496437369855,tracking,0.3629687747404871,0.02452496437369855,tracking,2.551239668770914,0,0,0
1033,10.329999999999824,3.5544092655181885,1.8526560068130493,0.0038681679870933294,0.33149343729019165,0.3629687747404871,0.02452496437369855,tracking,0.3629687747404871,0.02452496437369855,tracking,2.5545467961200994,0,0,0
1034,10.339999999999824,3.5577316284179688,1.8526692390441895,0.004032142926007509,0.3329900801181793,0.3629687747404871,0.02452496437369855,tracking,0.3629687747404871,0.02452496437369855,tracking,2.557869185370289,0,0,0
1035,10.349999999999824,3.561068534851074,1.8526828289031982,0.004197079688310623,0.3344155550003052,0.3629687747404871,0.02452496437369855,tracking,0.3629687747404871,0.02452496437369855,tracking,2.5612061194762563,0,0,0
1036,10.359999999999824,3.564419746398926,1.8526972532272339,0.004362482577562332,0.33581969141960144,0.3639451252718907,0.023119019608477395,tracking,0.3639451252718907,0.023119019608477395,tracking,2.5645573620666364,0,1,1
1037,10.369999999999823,3.567784547805786,1.8527121543884277,0.0045287879183888435,0.33715707063674927,0.3639451252718907,0.023119019608477395,tracking,0.3639451252718907,0.023119019608477395,tracking,2.5679221964685373,0,0,0
1038,10.379999999999823,3.571162462234497,1.8527277708053589,0.00469552306458354,0.33843085169792175,0.3639451252718907,0.023119019608477395,tracking,0.3639451252718907,0.023119019608477395,tracking,2.5713001469951395,0,0,0
1039,10.389999999999823,3.5745527744293213,1.8527438640594482,0.004863077308982611,0.33964404463768005,0.3639451252718907,0.023119019608477395,tracking,0.3639451252718907,0.023119019608477395,tracking,2.574690497385763,0,0,0
1040,10.399999999999823,3.5779550075531006,1.8527607917785645,0.005031021777540445,0.34079957008361816,0.3639451252718907,0.023119019608477395,tracking,0.3639451252718907,0.023119019608477395,tracking,2.5780927726209866,0,0,0
1041,10.409999999999823,3.5813686847686768,1.8527781963348389,0.005199727602303028,0.3419572412967682,0.3651460489343447,0.021389689534543607,tracking,0.3651460489343447,0.021389689534543607,tracking,2.581506494204643,0,1,1
1042,10.419999999999822,3.58479380607605,1.8527964353561401,0.00536880549043417,0.34305986762046814,0.3651460489343447,0.021389689534543607,tracking,0.3651460489343447,0.021389689534543607,tracking,2.5849316640737325,0,0,0
1043,10.429999999999822,3.5882296562194824,1.85281503200531,0.005538592580705881,0.34411007165908813,0.3651460489343447,0.021389689534543607,tracking,0.3651460489343447,0.021389689534543607,tracking,2.588367564544277,0,0,0
1044,10.439999999999822,3.5916757583618164,1.8528344631195068,0.005708717275410891,0.34511032700538635,0.3651460489343447,0.021389689534543607,tracking,0.3651460489343447,0.021389689534543607,tracking,2.591813721468098,0,0,0
1045,10.449999999999822,3.5951316356658936,1.8528543710708618,0.005879485048353672,0.3460630178451538,0.3651460489343447,0.021389689534543607,tracking,0.3651460489343447,0.021389689534543607,tracking,2.5952696561126425,0,0,0
1046,10.459999999999821,3.5985970497131348,1.8528751134872437,0.00605056993663311,0.3470391035079956,0.3665908898482954,0.01930911861845462,tracking,0.3665908898482954,0.01930911861845462,tracking,2.598735132236735,0,1,1
1047,10.469999999999821,3.60207200050354,1.8528963327407837,0.006222282536327839,0.34796878695487976,0.3665908898482954,0.01930911861845462,tracking,0.3665908898482954,0.01930911861845462,tracking,2.602210147812593,0,0,0
1048,10.479999999999821,3.605556011199951,1.8529183864593506,0.006394294090569019,0.34885427355766296,0.3665908898482954,0.01930911861845462,tracking,0.3665908898482954,0.01930911861845462,tracking,2.6056942283081055,0,0,0
1049,10.48999999999982,3.60904860496521,1.8529409170150757,0.00656687468290329,0.34969764947891235,0.3665908898482954,0.01930911861845462,tracking,0.3665908898482954,0.01930911861845462,tracking,2.6091868947443784,0,0,0
1050,10.49999999999982,3.6125495433807373,1.8529642820358276,0.006739726755768061,0.3505009114742279,0.3665908898482954,0.01930911861845462,tracking,0.3665908898482954,0.01930911861845462,tracking,2.6126879111273036,0,0,0
1051,10.50999999999982,3.616058588027954,1.8529881238937378,0.006913116667419672,0.3513321876525879,0.36798277482386776,0.017304804253630388,tracking,0.36798277482386776,0.017304804253630388,tracking,2.616197036769162,0,1,1
1052,10.51999999999982,3.6195757389068604,1.8530128002166748,0.007086773868650198,0.3521239161491394,0.36798277482386776,0.017304804253630388,tracking,0.36798277482386776,0.017304804253630388,tracking,2.619714274211517,0,0,0
1053,10.52999999999982,3.623100757598877,1.85303795337677,0.007260940037667751,0.35287800431251526,0.36798277482386776,0.017304804253630388,tracking,0.36798277482386776,0.017304804253630388,tracking,2.623239382643967,0,0,0
1054,10.53999999999982,3.6266329288482666,1.8530640602111816,0.007435348816215992,0.3535962402820587,0.36798277482386776,0.017304804253630388,tracking,0.36798277482386776,0.017304804253630388,tracking,2.626771650371903,0,0,0
1055,10.54999999999982,3.6301722526550293,1.853090524673462,0.007610219065099955,0.3542803227901459,0.36798277482386776,0.017304804253630388,tracking,0.36798277482386776,0.017304804253630388,tracking,2.630311073118183,0,0,0
1056,10.55999999999982,3.633718490600586,1.8531179428100586,0.0077853212133049965,0.35500332713127136,0.36948545765730567,0.01514094097347982,tracking,0.36948545765730567,0.01514094097347982,tracking,2.6338574170553555,0,1,1
1057,10.569999999999819,3.6372718811035156,1.8531458377838135,0.007960888557136059,0.35569193959236145,0.36948545765730567,0.01514094097347982,tracking,0.36948545765730567,0.01514094097347982,tracking,2.637410917047739,0,0,0
1058,10.579999999999819,3.64083194732666,1.8531745672225952,0.008136676624417305,0.35634782910346985,0.36948545765730567,0.01514094097347982,tracking,0.36948545765730567,0.01514094097347982,tracking,2.640971099191089,0,0,0
1059,10.589999999999819,3.6443984508514404,1.8532037734985352,0.008312886580824852,0.35697251558303833,0.36948545765730567,0.01514094097347982,tracking,0.36948545765730567,0.01514094097347982,tracking,2.6445377222996926,0,0,0
1060,10.599999999999818,3.6479709148406982,1.8532339334487915,0.008489297702908516,0.35756751894950867,0.36948545765730567,0.01514094097347982,tracking,0.36948545765730567,0.01514094097347982,tracking,2.6481103135969364,0,0,0
1061,10.609999999999818,3.6515495777130127,1.853264570236206,0.008666116744279861,0.3582112193107605,0.37110481397325856,0.012809067878507647,tracking,0.37110481397325856,0.012809067878507647,tracking,2.651689107606994,0,1,1
1062,10.619999999999818,3.655134677886963,1.8532960414886475,0.008843142539262772,0.35882431268692017,0.37110481397325856,0.012809067878507647,tracking,0.37110481397325856,0.012809067878507647,tracking,2.6552743459110664,0,0,0
1063,10.629999999999818,3.6587257385253906,1.853327989578247,0.009020562283694744,0.35940825939178467,0.37110481397325856,0.012809067878507647,tracking,0.37110481397325856,0.012809067878507647,tracking,2.6588655486607444,0,0,0
1064,10.639999999999818,3.662322521209717,1.853360891342163,0.009198169223964214,0.35996443033218384,0.37110481397325856,0.012809067878507647,tracking,0.37110481397325856,0.012809067878507647,tracking,2.662462481827254,0,0,0
1065,10.649999999999817,3.665924549102783,1.8533942699432373,0.009376133792102337,0.3604941666126251,0.37110481397325856,0.012809067878507647,tracking,0.37110481397325856,0.012809067878507647,tracking,2.666064664370302,0,0,0
1066,10.659999999999817,3.669532060623169,1.8534284830093384,0.009554273448884487,0.3610234260559082,0.3716248234868506,0.012060254178935133,tracking,0.3716248234868506,0.012060254178935133,tracking,2.6696723381226812,0,1,1
1067,10.669999999999817,3.673144578933716,1.8534631729125977,0.009732753038406372,0.36152753233909607,0.3716248234868506,0.012060254178935133,tracking,0.3716248234868506,0.012060254178935133,tracking,2.673285022987629,0,0,0
1068,10.679999999999817,3.676762104034424,1.8534988164901733,0.00991139467805624,0.36200764775276184,0.3716248234868506,0.012060254178935133,tracking,0.3716248234868506,0.012060254178935133,tracking,2.6769027236826664,0,0,0
1069,10.689999999999817,3.680384397506714,1.8535349369049072,0.010090344585478306,0.36246493458747864,0.3716248234868506,0.012060254178935133,tracking,0.3716248234868506,0.012060254178935133,tracking,2.6805251972414044,0,0,0
1070,10.699999999999816,3.6840109825134277,1.8535720109939575,0.01026944164186716,0.3629004955291748,0.3716248234868506,0.012060254178935133,tracking,0.3716248234868506,0.012060254178935133,tracking,2.6841519717448716,0,0,0
1071,10.709999999999816,3.6876423358917236,1.853609561920166,0.01044884417206049,0.3633933365345001,0.3732649752696727,0.009698435611671288,tracking,0.3732649752696727,0.009698435611671288,tracking,2.687783519270393,0,1,1
1072,10.719999999999816,3.6912784576416016,1.8536479473114014,0.010628405958414078,0.3638627231121063,0.3732649752696727,0.009698435611671288,tracking,0.3732649752696727,0.009698435611671288,tracking,2.6914198436258645,0,0,0
1073,10.729999999999816,3.6949191093444824,1.853686809539795,0.010808269493281841,0.36430978775024414,0.3732649752696727,0.009698435611671288,tracking,0.3732649752696727,0.009698435611671288,tracking,2.6950607027407556,0,0,0
1074,10.739999999999815,3.698564052581787,1.8537266254425049,0.010988276451826096,0.36473560333251953,0.3732649752696727,0.009698435611671288,tracking,0.3732649752696727,0.009698435611671288,tracking,2.698705863438075,0,0,0
1075,10.749999999999815,3.7022132873535156,1.853766918182373,0.011168557219207287,0.3651411831378937,0.3732649752696727,0.009698435611671288,tracking,0.3732649752696727,0.009698435611671288,tracking,2.7023553206475897,0,0,0
1076,10.759999999999815,3.705866813659668,1.8538081645965576,0.011348982341587543,0.36561310291290283,0.3750659551039867,0.007105024650259115,tracking,0.3750659551039867,0.007105024650259115,tracking,2.7060090797716194,0,1,1
1077,10.769999999999815,3.7095248699188232,1.8538498878479004,0.011529711075127125,0.36606258153915405,0.3750659551039867,0.007105024650259115,tracking,0.3750659551039867,0.007105024650259115,tracking,2.709667373967669,0,0,0
1078,10.779999999999815,3.7131874561309814,1.8538925647735596,0.011710584163665771,0.3664906919002533,0.3750659551039867,0.007105024650259115,tracking,0.3750659551039867,0.007105024650259115,tracking,2.713330208809902,0,0,0
1079,10.789999999999814,3.7168540954589844,1.853935718536377,0.01189173199236393,0.36689844727516174,0.3750659551039867,0.007105024650259115,tracking,0.3750659551039867,0.007105024650259115,tracking,2.7169971020738113,0,0,0
1080,10.799999999999814,3.720524787902832,1.8539798259735107,0.012073011137545109,0.3672868013381958,0.3750659551039867,0.007105024650259115,tracking,0.3750659551039867,0.007105024650259115,tracking,2.7206680595079598,0,0,0
1081,10.809999999999814,3.7241995334625244,1.8540244102478027,0.01225456316024065,0.3677271902561188,0.37654869386276657,0.004969880837616115,tracking,0.37654869386276657,0.004969880837616115,tracking,2.7243430755196245,0,1,1
1082,10.819999999999814,3.7278785705566406,1.8540699481964111,0.012436256743967533,0.3681466579437256,0.37654869386276657,0.004969880837616115,tracking,0.37654869386276657,0.004969880837616115,tracking,2.728022394430054,0,0,0
1083,10.829999999999814,3.7315616607666016,1.8541159629821777,0.012618220411241055,0.36854618787765503,0.37654869386276657,0.004969880837616115,tracking,0.37654869386276657,0.004969880837616115,tracking,2.7317057720722757,0,0,0
1084,10.839999999999813,3.7352488040924072,1.8541629314422607,0.012800312601029873,0.3689267039299011,0.37654869386276657,0.004969880837616115,tracking,0.37654869386276657,0.004969880837616115,tracking,2.7353932145384405,0,0,0
1085,10.849999999999813,3.7389395236968994,1.854210376739502,0.01298264879733324,0.3692891299724579,0.37654869386276657,0.004969880837616115,tracking,0.37654869386276657,0.004969880837616115,tracking,2.7390842390920316,0,0,0
1086,10.859999999999813,3.7426342964172363,1.8542587757110596,0.013165116310119629,0.36972442269325256,0.37844346522860933,0.0022414100708025506,tracking,0.37844346522860933,0.0022414100708025506,tracking,2.742779328795326,0,1,1
1087,10.869999999999813,3.746333360671997,1.8543076515197754,0.013347864151000977,0.3701390027999878,0.37844346522860933,0.0022414100708025506,tracking,0.37844346522860933,0.0022414100708025506,tracking,2.7464787159345057,0,0,0
1088,10.879999999999812,3.7500364780426025,1.8543574810028076,0.013530745171010494,0.37053388357162476,0.37844346522860933,0.0022414100708025506,tracking,0.37844346522860933,0.0022414100708025506,tracking,2.7501821685449572,0,0,0
1089,10.889999999999812,3.7537434101104736,1.8544079065322876,0.013713879510760307,0.37090998888015747,0.37844346522860933,0.0022414100708025506,tracking,0.37844346522860933,0.0022414100708025506,tracking,2.753889443567104,0,0,0
1090,10.899999999999812,3.7574539184570312,1.854459285736084,0.01389713492244482,0.37126821279525757,0.37844346522860933,0.0022414100708025506,tracking,0.37844346522860933,0.0022414100708025506,tracking,2.757600307619108,0,0,0
1091,10.909999999999812,3.7611682415008545,1.8545106649398804,0.013713626191020012,0.3716790974140167,0.37990959749653586,-0.00013017960498839208,tracking,0.37990959749653586,-0.00013017960498839208,tracking,2.7613149860030948,0,1,1
1092,10.919999999999812,3.7648866176605225,1.85456120967865,0.013529985211789608,0.37207046151161194,0.37990959749653586,-0.00013017960498839208,tracking,0.37990959749653586,-0.00013017960498839208,tracking,2.7650337056800005,0,0,0
1093,10.929999999999811,3.768608808517456,1.8546113967895508,0.013346092775464058,0.37244319915771484,0.37990959749653586,-0.00013017960498839208,tracking,0.37990959749653586,-0.00013017960498839208,tracking,2.7687562348634374,0,0,0
1094,10.939999999999811,3.772334575653076,1.8546606302261353,0.013162080198526382,0.37279823422431946,0.37990959749653586,-0.00013017960498839208,tracking,0.37990959749653586,-0.00013017960498839208,tracking,2.77248232727777,0,0,0
1095,10.949999999999811,3.776063919067383,1.854709506034851,0.012977839447557926,0.37313637137413025,0.37990959749653586,-0.00013017960498839208,tracking,0.37990959749653586,-0.00013017960498839208,tracking,2.776211990955169,0,0,0
1096,10.95999999999981,3.7797961235046387,1.8547574281692505,0.012793503701686859,0.3733779191970825,0.3782161915402818,0.0025686841819941783,tracking,0.3782161915402818,0.0025686841819941783,tracking,2.7799445030438887,0,1,1
1097,10.96999999999981,3.7835307121276855,1.8548054695129395,0.012977994978427887,0.3736079931259155,0.3782161915402818,0.0025686841819941783,tracking,0.3782161915402818,0.0025686841819941783,tracking,2.783679400653475,0,0,0
1098,10.97999999999981,3.7872676849365234,1.8548544645309448,0.01316255982965231,0.37382709980010986,0.3782161915402818,0.0025686841819941783,tracking,0.3782161915402818,0.0025686841819941783,tracking,2.787416694632517,0,0,0
1099,10.98999999999981,3.791006565093994,1.8549039363861084,0.013347266241908073,0.3740358054637909,0.3782161915402818,0.0025686841819941783,tracking,0.3782161915402818,0.0025686841819941783,tracking,2.7911559020747942,0,0,0
1100,10.99999999999981,3.7947475910186768,1.8549543619155884,0.01353203970938921,0.3742345869541168,0.3782161915402818,0.0025686841819941783,tracking,0.3782161915402818,0.0025686841819941783,tracking,2.7948972678285227,0,0,0
1101,11.00999999999981,3.7984910011291504,1.8550052642822266,0.013716966845095158,0.37450268864631653,0.3798729513762465,0.00018295001820504628,tracking,0.3798729513762465,0.00018295001820504628,tracking,2.798641024004628,0,1,1
1102,11.01999999999981,3.802237033843994,1.8550571203231812,0.01390197966247797,0.3747580349445343,0.3798729513762465,0.00018295001820504628,tracking,0.3798729513762465,0.00018295001820504628,tracking,2.8023874156218596,0,0,0
1103,11.02999999999981,3.805985450744629,1.855109453201294,0.01408715732395649,0.3750012516975403,0.3798729513762465,0.00018295001820504628,tracking,0.3798729513762465,0.00018295001820504628,tracking,2.8061361978229344,0,0,0
1104,11.039999999999809,3.8097362518310547,1.8551627397537231,0.014272413216531277,0.37523290514945984,0.3798729513762465,0.00018295001820504628,tracking,0.3798729513762465,0.00018295001820504628,tracking,2.809887377403627,0,0,0
1105,11.049999999999809,3.8134891986846924,1.8552165031433105,0.014457817189395428,0.37545353174209595,0.3798729513762465,0.00018295001820504628,tracking,0.3798729513762465,0.00018295001820504628,tracking,2.813640709335163,0,0,0
1106,11.059999999999809,3.817243814468384,1.8552712202072144,0.014643277041614056,0.3755682110786438,0.3778653367042123,-0.0030739151459343054,tracking,0.3778653367042123,-0.0030739151459343054,tracking,2.8173957238012104,0,1,1
1107,11.069999999999808,3.8209996223449707,1.8553259372711182,0.014457743614912033,0.3756774365901947,0.3778653367042123,-0.0030739151459343054,tracking,0.3778653367042123,-0.0030739151459343054,tracking,2.821151930233625,0,0,0
1108,11.079999999999808,3.824756622314453,1.8553798198699951,0.014272174797952175,0.37578147649765015,0.3778653367042123,-0.0030739151459343054,tracking,0.3778653367042123,-0.0030739151459343054,tracking,2.824909316573244,0,0,0
1109,11.089999999999808,3.828514575958252,1.8554332256317139,0.014086538925766945,0.37588056921958923,0.3778653367042123,-0.0030739151459343054,tracking,0.3778653367042123,-0.0030739151459343054,tracking,2.8286676496830583,0,0,0
1110,11.099999999999808,3.832273483276367,1.8554856777191162,0.013900871388614178,0.37597495317459106,0.3778653367042123,-0.0030739151459343054,tracking,0.3778653367042123,-0.0030739151459343054,tracking,2.8324269229436303,0,0,0
1111,11.109999999999808,3.836033582687378,1.85553777217865,0.013715128414332867,0.3761098384857178,0.37881179685911975,-0.001711012522867576,tracking,0.37881179685911975,-0.001711012522867576,tracking,2.8361873832097944,0,1,1
1112,11.119999999999807,3.839794874191284,1.8555889129638672,0.013529342599213123,0.37623831629753113,0.37881179685911975,-0.001711012522867576,tracking,0.37881179685911975,-0.001711012522867576,tracking,2.839949022368096,0,0,0
1113,11.129999999999807,3.843557596206665,1.8556395769119263,0.01334347389638424,0.376360684633255,0.37881179685911975,-0.001711012522867576,tracking,0.37881179685911975,-0.001711012522867576,tracking,2.8437120854556173,0,0,0
1114,11.139999999999807,3.8473215103149414,1.855689287185669,0.013157566078007221,0.3764772415161133,0.37881179685911975,-0.001711012522867576,tracking,0.37881179685911975,-0.001711012522867576,tracking,2.847476327813091,0,0,0
1115,11.149999999999807,3.8510866165161133,1.855738639831543,0.01297158282250166,0.37658825516700745,0.37881179685911975,-0.001711012522867576,tracking,0.37881179685911975,-0.001711012522867576,tracking,2.851241757455211,0,0,0
1116,11.159999999999807,3.8548529148101807,1.8557870388031006,0.012785561382770538,0.3767126798629761,0.379205144322674,0.0011445921753494865,tracking,0.379205144322674,0.0011445921753494865,tracking,2.855008366712931,0,1,1
1117,11.169999999999806,3.8586204051971436,1.8558354377746582,0.012971662916243076,0.37683120369911194,0.379205144322674,0.0011445921753494865,tracking,0.379205144322674,0.0011445921753494865,tracking,2.8587761679651607,0,0,0
1118,11.179999999999806,3.862388849258423,1.8558847904205322,0.013157802633941174,0.37694409489631653,0.379205144322674,0.0011445921753494865,tracking,0.379205144322674,0.0011445921753494865,tracking,2.8625449351809285,0,0,0
1119,11.189999999999806,3.8661584854125977,1.8559346199035645,0.01334401499480009,0.37705162167549133,0.379205144322674,0.0011445921753494865,tracking,0.379205144322674,0.0011445921753494865,tracking,2.8663149006598476,0,0,0
1120,11.199999999999806,3.869929075241089,1.855985403060913,0.013530261814594269,0.37715402245521545,0.379205144322674,0.0011445921753494865,tracking,0.379205144322674,0.0011445921753494865,tracking,2.8700858324523613,0,0,0
1121,11.209999999999805,3.8737006187438965,1.8560361862182617,0.013343952596187592,0.3772403299808502,0.3789690850574116,-0.0014845175173272998,tracking,0.3789690850574116,-0.0014845175173272998,tracking,2.8738577178327303,0,1,1
1122,11.219999999999805,3.8774731159210205,1.856086015701294,0.013157615438103676,0.3773225247859955,0.3789690850574116,-0.0014845175173272998,tracking,0.3789690850574116,-0.0014845175173272998,tracking,2.8776305440848637,0,0,0
1123,11.229999999999805,3.881246328353882,1.8561354875564575,0.012971226125955582,0.37740081548690796,0.3789690850574116,-0.0014845175173272998,tracking,0.3789690850574116,-0.0014845175173272998,tracking,2.8814040808248405,0,0,0
1124,11.239999999999805,3.8850204944610596,1.8561840057373047,0.012784810736775398,0.377475380897522,0.3789690850574116,-0.0014845175173272998,tracking,0.3789690850574116,-0.0014845175173272998,tracking,2.885178558777941,0,0,0
1125,11.249999999999805,3.8887953758239746,1.8562320470809937,0.01259834785014391,0.37754639983177185,0.3789690850574116,-0.0014845175173272998,tracking,0.3789690850574116,-0.0014845175173272998,tracking,2.88895374582957,0,0,0
1126,11.259999999999804,3.892570972442627,1.8562791347503662,0.01241186074912548,0.3776234984397888,0.3791675408387962,0.0011987411921334078,tracking,0.3791675408387962,0.0011987411921334078,tracking,2.8927296360657113,0,1,1
1127,11.269999999999804,3.8963472843170166,1.8563262224197388,0.012598397210240364,0.3776969313621521,0.3791675408387962,0.0011987411921334078,tracking,0.3791675408387962,0.0011987411921334078,tracking,2.896506241501981,0,0,0
1128,11.279999999999804,3.9001243114471436,1.8563742637634277,0.012784957885742188,0.37776684761047363,0.3791675408387962,0.0011987411921334078,tracking,0.3791675408387962,0.0011987411921334078,tracking,2.900283574147171,0,0,0
1129,11.289999999999804,3.903902053833008,1.856422781944275,0.012971563264727592,0.37783345580101013,0.3791675408387962,0.0011987411921334078,tracking,0.3791675408387962,0.0011987411921334078,tracking,2.904061628083767,0,0,0
1130,11.299999999999804,3.9076802730560303,1.8564722537994385,0.013158190064132214,0.37789690494537354,0.3791675408387962,0.0011987411921334078,tracking,0.3791675408387962,0.0011987411921334078,tracking,2.907840171184179,0,0,0
1131,11.309999999999803,3.91145920753479,1.856521725654602,0.01297152042388916,0.3779642581939697,0.379313429629981,-0.0009886613328273655,tracking,0.379313429629981,-0.0009886613328273655,tracking,2.911619429479032,0,1,1
1132,11.319999999999803,3.915238857269287,1.8565702438354492,0.01278482936322689,0.37802842259407043,0.379313429629981,-0.0009886613328273655,tracking,0.379313429629981,-0.0009886613328273655,tracking,2.9153993906070537,0,0,0
1133,11.329999999999803,3.9190192222595215,1.8566182851791382,0.012598096393048763,0.3780895173549652,0.379313429629981,-0.0009886613328273655,tracking,0.379313429629981,-0.0009886613328273655,tracking,2.9191800608426193,0,0,0
1134,11.339999999999803,3.922800064086914,1.8566654920578003,0.012411343865096569,0.3781477212905884,0.379313429629981,-0.0009886613328273655,tracking,0.379313429629981,-0.0009886613328273655,tracking,2.922961197366623,0,0,0
1135,11.349999999999802,3.926581621170044,1.8567122220993042,0.01222455408424139,0.3782031536102295,0.379313429629981,-0.0009886613328273655,tracking,0.379313429629981,-0.0009886613328273655,tracking,2.926743043168576,0,0,0
1136,11.359999999999802,3.930363416671753,1.8567579984664917,0.012037753127515316,0.37821295857429504,0.37840906115921813,0.0022909519307258886,tracking,0.37840906115921813,0.0022909519307258886,tracking,2.9305251157078773,0,1,1
1137,11.369999999999802,3.934145212173462,1.8568037748336792,0.012224559672176838,0.3782222867012024,0.37840906115921813,0.0022909519307258886,tracking,0.37840906115921813,0.0022909519307258886,tracking,2.9343071882471787,0,0,0
1138,11.379999999999802,3.93792724609375,1.856850504875183,0.012411369010806084,0.3782311677932739,0.37840906115921813,0.0022909519307258886,tracking,0.37840906115921813,0.0022909519307258886,tracking,2.938089510849891,0,0,0
1139,11.389999999999802,3.941709280014038,1.8568977117538452,0.012598184868693352,0.37823963165283203,0.37840906115921813,0.0022909519307258886,tracking,0.37840906115921813,0.0022909519307258886,tracking,2.9418718393739094,0,0,0
1140,11.399999999999801,3.945491313934326,1.8569458723068237,0.012785002589225769,0.3782476782798767,0.37840906115921813,0.0022909519307258886,tracking,0.37840906115921813,0.0022909519307258886,tracking,2.9456541799208553,0,0,0
1141,11.409999999999801,3.9492738246917725,1.8569945096969604,0.012971841730177402,0.37830257415771484,0.37940210416415127,0.000860970003622172,tracking,0.37940210416415127,0.000860970003622172,tracking,2.9494370033671604,0,1,1
1142,11.419999999999801,3.953056812286377,1.8570441007614136,0.013158698566257954,0.37835484743118286,0.37940210416415127,0.000860970003622172,tracking,0.37940210416415127,0.000860970003622172,tracking,2.953220315991648,0,0,0
1143,11.4299999999998,3.9568402767181396,1.857094168663025,0.013345588929951191,0.3784046471118927,0.37940210416415127,0.000860970003622172,tracking,0.37940210416415127,0.000860970003622172,tracking,2.957004111691892,0,0,0
1144,11.4399999999998,3.9606242179870605,1.8571451902389526,0.013532495126128197,0.3784520626068115,0.37940210416415127,0.000860970003622172,tracking,0.37940210416415127,0.000860970003622172,tracking,2.9607883969253086,0,0,0
1145,11.4499999999998,3.9644086360931396,1.8571966886520386,0.013719432055950165,0.37849724292755127,0.37940210416415127,0.000860970003622172,tracking,0.37940210416415127,0.000860970003622172,tracking,2.964573165410721,0,0,0
1146,11.4599999999998,3.968193292617798,1.857249140739441,0.01390637457370758,0.3784880042076111,0.37844869866773523,-0.0022338739184613148,tracking,0.37844869866773523,-0.0022338739184613148,tracking,2.968358185388358,0,1,1
1147,11.4699999999998,3.971977710723877,1.8573015928268433,0.013719437643885612,0.3784805238246918,0.37844869866773523,-0.0022338739184613148,tracking,0.37844869866773523,-0.0022338739184613148,tracking,2.972142966970311,0,0,0
1148,11.4799999999998,3.975762128829956,1.8573530912399292,0.013532502576708794,0.37847447395324707,0.37844869866773523,-0.0022338739184613148,tracking,0.37844869866773523,-0.0022338739184613148,tracking,2.9759277354557234,0,0,0
1149,11.4899999999998,3.979546546936035,1.857404112815857,0.013345571234822273,0.3784695565700531,0.37844869866773523,-0.0022338739184613148,tracking,0.37844869866773523,-0.0022338739184613148,tracking,2.9797124974829625,0,0,0
1150,11.4999999999998,3.9833309650421143,1.8574541807174683,0.013158641755580902,0.37846559286117554,0.37844869866773523,-0.0022338739184613148,tracking,0.37844869866773523,-0.0022338739184613148,tracking,2.9834972467740504,0,0,0
1151,11.509999999999799,3.9871156215667725,1.8575037717819214,0.012971698306500912,0.3785105049610138,0.3794102474097342,-0.0008492437299827248,tracking,0.3794102474097342,-0.0008492437299827248,tracking,2.9872822281852742,0,1,1
1152,11.519999999999799,3.9909005165100098,1.857552409172058,0.012784740887582302,0.3785533010959625,0.3794102474097342,-0.0008492437299827248,tracking,0.3794102474097342,-0.0008492437299827248,tracking,2.991067435620417,0,0,0
1153,11.529999999999799,3.9946858882904053,1.8576005697250366,0.012597755528986454,0.3785940408706665,0.3794102474097342,-0.0008492437299827248,tracking,0.3794102474097342,-0.0008492437299827248,tracking,2.9948531137571157,0,0,0
1154,11.539999999999798,3.998471736907959,1.8576477766036987,0.012410757131874561,0.3786328434944153,0.3794102474097342,-0.0008492437299827248,tracking,0.3794102474097342,-0.0008492437299827248,tracking,2.998639256681574,0,0,0
1155,11.549999999999798,4.002257823944092,1.8576945066452026,0.012223733589053154,0.378669798374176,0.3794102474097342,-0.0008492437299827248,tracking,0.3794102474097342,-0.0008492437299827248,tracking,3.0024256320911116,0,0,0
1156,11.559999999999798,4.006044387817383,1.8577402830123901,0.012036695145070553,0.37872445583343506,0.37981939111743657,0.00026007679089136773,tracking,0.37981939111743657,0.00026007679089136773,tracking,3.006212472653151,0,1,1
1157,11.569999999999798,4.009831428527832,1.8577860593795776,0.01222376897931099,0.37877652049064636,0.37981939111743657,0.00026007679089136773,tracking,0.37981939111743657,0.00026007679089136773,tracking,3.0099997900175124,0,0,0
1158,11.579999999999798,4.0136189460754395,1.8578327894210815,0.012410859577357769,0.3788261115550995,0.37981939111743657,0.00026007679089136773,tracking,0.37981939111743657,0.00026007679089136773,tracking,3.013787595829617,0,0,0
1159,11.589999999999797,4.017406940460205,1.8578799962997437,0.012597981840372086,0.378873348236084,0.37981939111743657,0.00026007679089136773,tracking,0.37981939111743657,0.00026007679089136773,tracking,3.0175758843545855,0,0,0
1160,11.599999999999797,4.021195411682129,1.8579281568527222,0.012785119004547596,0.378918319940567,0.37981939111743657,0.00026007679089136773,tracking,0.37981939111743657,0.00026007679089136773,tracking,3.021364661682195,0,0,0
1161,11.609999999999797,4.024984359741211,1.8579763174057007,0.012597968801856041,0.3789125382900238,0.3788878618335824,-0.0016014789596413234,tracking,0.3788878618335824,-0.0016014789596413234,tracking,3.0251539158084424,0,1,1
1162,11.619999999999797,4.028773307800293,1.8580235242843628,0.012410820461809635,0.37890785932540894,0.3788878618335824,-0.0016014789596413234,tracking,0.3788878618335824,-0.0016014789596413234,tracking,3.0289431579336985,0,0,0
1163,11.629999999999797,4.032562255859375,1.8580702543258667,0.012223674915730953,0.3789040446281433,0.3788878618335824,-0.0016014789596413234,tracking,0.3788878618335824,-0.0016014789596413234,tracking,3.0327323941484523,0,0,0
1164,11.639999999999796,4.036351203918457,1.8581161499023438,0.012036530300974846,0.3789009749889374,0.3788878618335824,-0.0016014789596413234,tracking,0.3788878618335824,-0.0016014789596413234,tracking,3.0365216201641925,0,0,0
1165,11.649999999999796,4.040140151977539,1.8581615686416626,0.011849387548863888,0.3788984715938568,0.3788878618335824,-0.0016014789596413234,tracking,0.3788878618335824,-0.0016014789596413234,tracking,3.04031084043442,0,0,0
1166,11.659999999999796,4.043929100036621,1.858206033706665,0.011662239208817482,0.3789367079734802,0.3797028389883598,-0.00042791185676185027,tracking,0.3797028389883598,-0.00042791185676185027,tracking,3.044100049393613,0,1,1
1167,11.669999999999796,4.047718524932861,1.8582500219345093,0.011475065723061562,0.378973126411438,0.3797028389883598,-0.00042791185676185027,tracking,0.3797028389883598,-0.00042791185676185027,tracking,3.047889729592315,0,0,0
1168,11.679999999999795,4.051507949829102,1.858293056488037,0.011287881061434746,0.37900781631469727,0.3797028389883598,-0.00042791185676185027,tracking,0.3797028389883598,-0.00042791185676185027,tracking,3.051679398841345,0,0,0
1169,11.689999999999795,4.0552978515625,1.8583356142044067,0.01110067404806614,0.3790408670902252,0.3797028389883598,-0.00042791185676185027,tracking,0.3797028389883598,-0.00042791185676185027,tracking,3.055469539512618,0,0,0
1170,11.699999999999795,4.059088230133057,1.85837721824646,0.010913455858826637,0.3790723383426666,0.3797028389883598,-0.00042791185676185027,tracking,0.3797028389883598,-0.00042791185676185027,tracking,3.0592601464039286,0,0,0
1171,11.709999999999795,4.062878131866455,1.8584188222885132,0.011100644245743752,0.3789529502391815,0.37844457035533463,0.002239818688318166,tracking,0.37844457035533463,0.002239818688318166,tracking,3.063050276486806,0,1,1
1172,11.719999999999795,4.066667079925537,1.8584613800048828,0.01128779724240303,0.37885627150535583,0.37844457035533463,0.002239818688318166,tracking,0.37844457035533463,0.002239818688318166,tracking,3.066839463543899,0,0,0
1173,11.729999999999794,4.070455074310303,1.8585044145584106,0.011474892497062683,0.37877798080444336,0.37844457035533463,0.002239818688318166,tracking,0.37844457035533463,0.002239818688318166,tracking,3.0706277023737267,0,0,0
1174,11.739999999999794,4.074242115020752,1.8585484027862549,0.01166196446865797,0.37871456146240234,0.37844457035533463,0.002239818688318166,tracking,0.37844457035533463,0.002239818688318166,tracking,3.0744149985473563,0,0,0
1175,11.749999999999794,4.078028678894043,1.8585927486419678,0.011848999187350273,0.37866321206092834,0.37844457035533463,0.002239818688318166,tracking,0.37844457035533463,0.002239818688318166,tracking,3.078201822087136,0,0,0
1176,11.759999999999794,4.081815242767334,1.858638048171997,0.012036029249429703,0.37868791818618774,0.37918273861508806,-0.0011768563942732013,tracking,0.37918273861508806,-0.0011768563942732013,tracking,3.0819886569150543,0,1,1
1177,11.769999999999794,4.085601806640625,1.8586833477020264,0.011848983354866505,0.37871143221855164,0.37918273861508806,-0.0011768563942732013,tracking,0.37918273861508806,-0.0011768563942732013,tracking,3.0857754917429725,0,0,0
1178,11.779999999999793,4.089388847351074,1.8587276935577393,0.01166193000972271,0.3787338435649872,0.37918273861508806,-0.0011768563942732013,tracking,0.37918273861508806,-0.0011768563942732013,tracking,3.0895627920872175,0,0,0
1179,11.789999999999793,4.093175888061523,1.8587716817855835,0.01147486176341772,0.3787551820278168,0.37918273861508806,-0.0011768563942732013,tracking,0.37918273861508806,-0.0011768563942732013,tracking,3.093350088260847,0,0,0
1180,11.799999999999793,4.096963405609131,1.8588147163391113,0.01128778699785471,0.3787755072116852,0.37918273861508806,-0.0011768563942732013,tracking,0.37918273861508806,-0.0011768563942732013,tracking,3.0971378502842892,0,0,0
1181,11.809999999999793,4.100750923156738,1.858857274055481,0.011100689880549908,0.3788231313228607,0.3797771929203467,-0.000320842194700759,tracking,0.3797771929203467,-0.000320842194700759,tracking,3.10092560692017,0,1,1
1182,11.819999999999792,4.104538917541504,1.8588988780975342,0.010913576930761337,0.3788684904575348,0.3797771929203467,-0.000320842194700759,tracking,0.3797771929203467,-0.000320842194700759,tracking,3.104713829769387,0,0,0
1183,11.829999999999792,4.108327388763428,1.8589400053024292,0.010726435109972954,0.37891170382499695,0.3797771929203467,-0.000320842194700759,tracking,0.3797771929203467,-0.000320842194700759,tracking,3.108502524220821,0,0,0
1184,11.839999999999792,4.11211633682251,1.8589801788330078,0.010539279319345951,0.37895286083221436,0.3797771929203467,-0.000320842194700759,tracking,0.3797771929203467,-0.000320842194700759,tracking,3.112291685250255,0,0,0
1185,11.849999999999792,4.11590576171875,1.8590198755264282,0.010352097451686859,0.3789920508861542,0.3797771929203467,-0.000320842194700759,tracking,0.3797771929203467,-0.000320842194700759,tracking,3.1160813180651483,0,0,0
1186,11.859999999999792,4.11969518661499,1.8590586185455322,0.010164919309318066,0.37893104553222656,0.37867139260122346,0.0019131946542382382,tracking,0.37867139260122346,0.0019131946542382382,tracking,3.119870941010215,0,1,1
1187,11.869999999999791,4.123484134674072,1.8590973615646362,0.010352061130106449,0.37888166308403015,0.37867139260122346,0.0019131946542382382,tracking,0.37867139260122346,0.0019131946542382382,tracking,3.123660087143046,0,0,0
1188,11.879999999999791,4.127272605895996,1.8591370582580566,0.010539188049733639,0.37884166836738586,0.37867139260122346,0.0019131946542382382,tracking,0.37867139260122346,0.0019131946542382382,tracking,3.1274487663359594,0,0,0
1189,11.889999999999791,4.131060600280762,1.8591772317886353,0.010726291686296463,0.37880927324295044,0.37867139260122346,0.0019131946542382382,tracking,0.37867139260122346,0.0019131946542382382,tracking,3.131236973744692,0,0,0
1190,11.89999999999979,4.134848117828369,1.8592183589935303,0.010913385078310966,0.37878304719924927,0.37867139260122346,0.0019131946542382382,tracking,0.37867139260122346,0.0019131946542382382,tracking,3.135024714578014,0,0,0
1191,11.90999999999979,4.138636112213135,1.8592599630355835,0.011100484989583492,0.37882664799690247,0.37969997632857455,0.00043203408685263227,tracking,0.37969997632857455,0.00043203408685263227,tracking,3.138812937427231,0,1,1
1192,11.91999999999979,4.142424583435059,1.8593025207519531,0.011287598870694637,0.3788681626319885,0.37969997632857455,0.00043203408685263227,tracking,0.37969997632857455,0.00043203408685263227,tracking,3.142601647677246,0,0,0
1193,11.92999999999979,4.146213054656982,1.859345555305481,0.011474738828837872,0.378907710313797,0.37969997632857455,0.00043203408685263227,tracking,0.37969997632857455,0.00043203408685263227,tracking,3.1463903633134667,0,0,0
1194,11.93999999999979,4.1500020027160645,1.8593895435333252,0.01166189182549715,0.37894538044929504,0.37969997632857455,0.00043203408685263227,tracking,0.37969997632857455,0.00043203408685263227,tracking,3.150179566707138,0,0,0
1195,11.94999999999979,4.153791427612305,1.8594340085983276,0.01184906903654337,0.37898126244544983,0.37969997632857455,0.00043203408685263227,tracking,0.37969997632857455,0.00043203408685263227,tracking,3.1539692524706613,0,0,0
1196,11.95999999999979,4.157580375671387,1.8594794273376465,0.012036235071718693,0.3788793683052063,0.3784455815989309,-0.0022383624975395432,tracking,0.3784455815989309,-0.0022383624975395432,tracking,3.157758472740889,0,1,1
1197,11.96999999999979,4.161368370056152,1.8595248460769653,0.01184912957251072,0.37879687547683716,0.3784455815989309,-0.0022383624975395432,tracking,0.3784455815989309,-0.0022383624975395432,tracking,3.1615467394053276,0,0,0
1198,11.979999999999789,4.16515588760376,1.8595693111419678,0.011662048287689686,0.37873005867004395,0.3784455815989309,-0.0022383624975395432,tracking,0.3784455815989309,-0.0022383624975395432,tracking,3.1653345179515786,0,0,0
1199,11.989999999999789,4.168942451477051,1.8596131801605225,0.01147500704973936,0.3786759674549103,0.3784455815989309,-0.0022383624975395432,tracking,0.3784455815989309,-0.0022383624975395432,tracking,3.169121335937342,0,0,0
1200,11.999999999999789,4.172728538513184,1.8596562147140503,0.011287981644272804,0.37863215804100037,0.3784455815989309,-0.0022383624975395432,tracking,0.3784455815989309,-0.0022383624975395432,tracking,3.1729076675416747,0,0,0
1201,12.009999999999788,4.176514625549316,1.85969877243042,0.011100969277322292,0.3786363899707794,0.3787208389435956,-0.001841991921222363,tracking,0.3787208389435956,-0.001841991921222363,tracking,3.1766939937564107,0,1,1
1202,12.019999999999788,4.180300712585449,1.8597403764724731,0.010913955979049206,0.37864041328430176,0.3787208389435956,-0.001841991921222363,tracking,0.3787208389435956,-0.001841991921222363,tracking,3.1804803093720837,0,0,0
1203,12.029999999999788,4.184086799621582,1.8597815036773682,0.010726939886808395,0.3786442279815674,0.3787208389435956,-0.001841991921222363,tracking,0.3787208389435956,-0.001841991921222363,tracking,3.1842666197782914,0,0,0
1204,12.039999999999788,4.187872886657715,1.8598216772079468,0.01053992286324501,0.3786478638648987,0.3787208389435956,-0.001841991921222363,tracking,0.3787208389435956,-0.001841991921222363,tracking,3.1880529199457017,0,0,0
1205,12.049999999999788,4.191658973693848,1.8598613739013672,0.010352903045713902,0.37865132093429565,0.3787208389435956,-0.001841991921222363,tracking,0.3787208389435956,-0.001841991921222363,tracking,3.191839215083781,0,0,0
1206,12.059999999999787,4.195445537567139,1.8599001169204712,0.010165874846279621,0.37869980931282043,0.37967122802353054,0.00047343164611599736,tracking,0.37967122802353054,0.00047343164611599736,tracking,3.1956259771555304,0,1,1
1207,12.069999999999787,4.199232578277588,1.8599388599395752,0.010352933779358864,0.37874600291252136,0.37967122802353054,0.00047343164611599736,tracking,0.37967122802353054,0.00047343164611599736,tracking,3.199413216039484,0,0,0
1208,12.079999999999787,4.203020095825195,1.8599785566329956,0.0105400076135993,0.3787899911403656,0.37967122802353054,0.00047343164611599736,tracking,0.37967122802353054,0.00047343164611599736,tracking,3.2032009416104437,0,0,0
1209,12.089999999999787,4.206808090209961,1.8600187301635742,0.01072711031883955,0.3788318932056427,0.37967122802353054,0.00047343164611599736,tracking,0.37967122802353054,0.00047343164611599736,tracking,3.206989149019176,0,0,0
1210,12.099999999999786,4.210596561431885,1.8600598573684692,0.010914226062595844,0.3788717985153198,0.37967122802353054,0.00047343164611599736,tracking,0.37967122802353054,0.00047343164611599736,tracking,3.2107778434706105,0,0,0
1211,12.109999999999786,4.214385032653809,1.8601009845733643,0.010727113112807274,0.37882208824157715,0.37861046822848254,-0.0020009257509851523,tracking,0.37861046822848254,-0.0020009257509851523,tracking,3.2145665379220447,0,1,1
1212,12.119999999999786,4.218173027038574,1.8601411581039429,0.010540015064179897,0.37878182530403137,0.37861046822848254,-0.0020009257509851523,tracking,0.37861046822848254,-0.0020009257509851523,tracking,3.2183547453307773,0,0,0
1213,12.129999999999786,4.221960544586182,1.8601808547973633,0.01035294122993946,0.37874922156333923,0.37861046822848254,-0.0020009257509851523,tracking,0.37861046822848254,-0.0020009257509851523,tracking,3.222142470901737,0,0,0
1214,12.139999999999786,4.225747585296631,1.8602195978164673,0.01016587670892477,0.37872281670570374,0.37861046822848254,-0.0020009257509851523,tracking,0.37861046822848254,-0.0020009257509851523,tracking,3.2259297097856905,0,0,0
1215,12.149999999999785,4.22953462600708,1.860257863998413,0.009978828020393848,0.37870144844055176,0.37861046822848254,-0.0020009257509851523,tracking,0.37861046822848254,-0.0020009257509851523,tracking,3.22971694382167,0,0,0
1216,12.159999999999785,4.233321666717529,1.8602951765060425,0.009791774675250053,0.3787538707256317,0.379803619320198,-0.0002827881789148629,tracking,0.379803619320198,-0.0002827881789148629,tracking,3.2335041683417933,0,1,1
1217,12.169999999999785,4.237109184265137,1.8603320121765137,0.009604686871170998,0.3788037896156311,0.379803619320198,-0.0002827881789148629,tracking,0.379803619320198,-0.0002827881789148629,tracking,3.2372918650086415,0,0,0
1218,12.179999999999785,4.240897178649902,1.8603678941726685,0.009417583234608173,0.3788513243198395,0.379803619320198,-0.0002827881789148629,tracking,0.379803619320198,-0.0002827881789148629,tracking,3.241080029336738,0,0,0
1219,12.189999999999785,4.244685649871826,1.860403299331665,0.009230448864400387,0.3788965940475464,0.379803619320198,-0.0002827881789148629,tracking,0.379803619320198,-0.0002827881789148629,tracking,3.244868665994512,0,0,0
1220,12.199999999999784,4.248474597930908,1.8604377508163452,0.009043300524353981,0.3789397180080414,0.379803619320198,-0.0002827881789148629,tracking,0.379803619320198,-0.0002827881789148629,tracking,3.248657770677576,0,0,0
1221,12.209999999999784,4.25226354598999,1.8604722023010254,0.009230452589690685,0.37890663743019104,0.3787658280776291,0.0017772075682141318,tracking,0.3787658280776291,0.0017772075682141318,tracking,3.2524468753606404,0,1,1
1222,12.219999999999784,4.256052494049072,1.860507607460022,0.009417594410479069,0.3788798451423645,0.3787658280776291,0.0017772075682141318,tracking,0.3787658280776291,0.0017772075682141318,tracking,3.2562359888347534,0,0,0
1223,12.229999999999784,4.259840965270996,1.8605434894561768,0.009604720398783684,0.37885814905166626,0.3787658280776291,0.0017772075682141318,tracking,0.3787658280776291,0.0017772075682141318,tracking,3.260024629978619,0,0,0
1224,12.239999999999783,4.26362943649292,1.860580325126648,0.009791839867830276,0.3788405954837799,0.3787658280776291,0.0017772075682141318,tracking,0.3787658280776291,0.0017772075682141318,tracking,3.263813280274696,0,0,0
1225,12.249999999999783,4.2674174308776855,1.8606176376342773,0.009978949092328548,0.378826379776001,0.3787658280776291,0.0017772075682141318,tracking,0.3787658280776291,0.0017772075682141318,tracking,3.267601458422862,0,0,0
1226,12.259999999999783,4.271205425262451,1.8606559038162231,0.010166057385504246,0.3788357973098755,0.37902470977794833,-0.0014044179197543797,tracking,0.37902470977794833,-0.0014044179197543797,tracking,3.2713896460844882,0,1,1
1227,12.269999999999783,4.274993419647217,1.860694169998169,0.009978942573070526,0.3788447678089142,0.37902470977794833,-0.0014044179197543797,tracking,0.37902470977794833,-0.0014044179197543797,tracking,3.2751778337461146,0,0,0
1228,12.279999999999783,4.278781890869141,1.8607314825057983,0.009791824966669083,0.37885332107543945,0.37902470977794833,-0.0014044179197543797,tracking,0.37902470977794833,-0.0014044179197543797,tracking,3.2789664887083103,0,0,0
1229,12.289999999999782,4.2825703620910645,1.8607683181762695,0.009604701772332191,0.3788614571094513,0.37902470977794833,-0.0014044179197543797,tracking,0.37902470977794833,-0.0014044179197543797,tracking,3.2827551390043874,0,0,0
1230,12.299999999999782,4.286358833312988,1.8608042001724243,0.009417576715350151,0.3788692057132721,0.37902470977794833,-0.0014044179197543797,tracking,0.37902470977794833,-0.0014044179197543797,tracking,3.286543780148253,0,0,0
1231,12.309999999999782,4.29014778137207,1.860839605331421,0.009230432100594044,0.3789190649986267,0.37991798682891054,-0.00011809896636880103,tracking,0.37991798682891054,-0.00011809896636880103,tracking,3.290332893622366,0,1,1
1232,12.319999999999782,4.2939372062683105,1.860874056816101,0.009043271653354168,0.3789665699005127,0.37991798682891054,-0.00011809896636880103,tracking,0.37991798682891054,-0.00011809896636880103,tracking,3.294122475122881,0,0,0
1233,12.329999999999782,4.297727108001709,1.8609081506729126,0.00885608047246933,0.3790118098258972,0.37991798682891054,-0.00011809896636880103,tracking,0.37991798682891054,-0.00011809896636880103,tracking,3.2979125302068986,0,0,0
1234,12.339999999999781,4.301517486572266,1.8609412908554077,0.008668875321745872,0.3790549039840698,0.37991798682891054,-0.00011809896636880103,tracking,0.37991798682891054,-0.00011809896636880103,tracking,3.3017030536509404,0,0,0
1235,12.349999999999781,4.305307865142822,1.8609739542007446,0.008481642231345177,0.3790959417819977,0.37991798682891054,-0.00011809896636880103,tracking,0.37991798682891054,-0.00011809896636880103,tracking,3.305493572956031,0,0,0
1236,12.359999999999781,4.309098243713379,1.8610056638717651,0.008294418454170227,0.3789962828159332,0.3785719404036706,0.0020564058187143345,tracking,0.3785719404036706,0.0020564058187143345,tracking,3.30928408416316,0,1,1
1237,12.36999999999978,4.312887668609619,1.8610373735427856,0.008481582626700401,0.37891557812690735,0.3785719404036706,0.0020564058187143345,tracking,0.3785719404036706,0.0020564058187143345,tracking,3.3130736417293516,0,0,0
1238,12.37999999999978,4.316676139831543,1.8610700368881226,0.008668722584843636,0.37885022163391113,0.3785719404036706,0.0020564058187143345,tracking,0.3785719404036706,0.0020564058187143345,tracking,3.316862253756661,0,0,0
1239,12.38999999999978,4.320464134216309,1.8611030578613281,0.008855823427438736,0.3787972927093506,0.3785719404036706,0.0020564058187143345,tracking,0.3785719404036706,0.0020564058187143345,tracking,3.320650392065077,0,0,0
1240,12.39999999999978,4.324251651763916,1.86113703250885,0.009042908437550068,0.3787544369697571,0.3785719404036706,0.0020564058187143345,tracking,0.3785719404036706,0.0020564058187143345,tracking,3.324438061988672,0,0,0
1241,12.40999999999978,4.328039169311523,1.8611714839935303,0.009229992516338825,0.3787938058376312,0.3795822984970163,0.0006014901642965248,tracking,0.3795822984970163,0.0006014901642965248,tracking,3.3282257362194145,0,1,1
1242,12.41999999999978,4.331827163696289,1.8612068891525269,0.009417089633643627,0.37883129715919495,0.3795822984970163,0.0006014901642965248,tracking,0.3795822984970163,0.0006014901642965248,tracking,3.3320138960608547,0,0,0
1243,12.42999999999978,4.335615634918213,1.8612427711486816,0.009604210034012794,0.3788670003414154,0.3795822984970163,0.0006014901642965248,tracking,0.3795822984970163,0.0006014901642965248,tracking,3.3358025372047204,0,0,0
1244,12.43999999999978,4.339404106140137,1.8612796068191528,0.009791342541575432,0.37890100479125977,0.3795822984970163,0.0006014901642965248,tracking,0.3795822984970163,0.0006014901642965248,tracking,3.3395911875007975,0,0,0
1245,12.449999999999779,4.343193054199219,1.8613169193267822,0.009978496469557285,0.3789333999156952,0.3795822984970163,0.0006014901642965248,tracking,0.3795822984970163,0.0006014901642965248,tracking,3.343380319277029,0,0,0
1246,12.459999999999779,4.346981525421143,1.861355185508728,0.010165630839765072,0.37878358364105225,0.37814568681875466,-0.00267021098099329,tracking,0.37814568681875466,-0.00267021098099329,tracking,3.3471689837514877,0,1,1
1247,12.469999999999779,4.350768566131592,1.8613934516906738,0.009978584945201874,0.37866225838661194,0.37814568681875466,-0.00267021098099329,tracking,0.37814568681875466,-0.00267021098099329,tracking,3.350956217787467,0,0,0
1248,12.479999999999778,4.354554653167725,1.8614307641983032,0.009791575372219086,0.3785640001296997,0.37814568681875466,-0.00267021098099329,tracking,0.37814568681875466,-0.00267021098099329,tracking,3.354742488679572,0,0,0
1249,12.489999999999778,4.358339786529541,1.8614675998687744,0.009604624472558498,0.37848442792892456,0.37814568681875466,-0.00267021098099329,tracking,0.37814568681875466,-0.00267021098099329,tracking,3.3585278012734476,0,0,0
1250,12.499999999999778,4.362123966217041,1.8615034818649292,0.009417696855962276,0.37841999530792236,0.37814568681875466,-0.00267021098099329,tracking,0.37814568681875466,-0.00267021098099329,tracking,3.3623121510755847,0,0,0
1251,12.509999999999778,4.365908145904541,1.8615388870239258,0.009230781346559525,0.3784499764442444,0.37905068981878426,-0.0013670066609507087,tracking,0.37905068981878426,-0.0013670066609507087,tracking,3.3660964963865427,0,1,1
1252,12.519999999999778,4.369692802429199,1.861573338508606,0.009043855592608452,0.3784785270690918,0.37905068981878426,-0.0013670066609507087,tracking,0.37905068981878426,-0.0013670066609507087,tracking,3.369881309712776,0,0,0
1253,12.529999999999777,4.373477458953857,1.861607313156128,0.008856912143528461,0.37850573658943176,0.37905068981878426,-0.0013670066609507087,tracking,0.37905068981878426,-0.0013670066609507087,tracking,3.3736661187286066,0,0,0
1254,12.539999999999777,4.377262592315674,1.8616403341293335,0.008669959381222725,0.37853163480758667,0.37905068981878426,-0.0013670066609507087,tracking,0.37905068981878426,-0.0013670066609507087,tracking,3.3774513961228547,0,0,0
1255,12.549999999999777,4.38104772567749,1.8616728782653809,0.008482989855110645,0.3785563111305237,0.37905068981878426,-0.0013670066609507087,tracking,0.37905068981878426,-0.0013670066609507087,tracking,3.3812366693874325,0,0,0
1256,12.559999999999777,4.384833335876465,1.8617044687271118,0.008296006359159946,0.37861984968185425,0.37989241091170584,0.0001549282871436109,tracking,0.37989241091170584,0.0001549282871436109,tracking,3.385022411393414,0,1,1
1257,12.569999999999776,4.388619899749756,1.8617360591888428,0.008483030833303928,0.37868034839630127,0.37989241091170584,0.0001549282871436109,tracking,0.37989241091170584,0.0001549282871436109,tracking,3.3888091070405166,0,0,0
1258,12.579999999999776,4.392406940460205,1.8617686033248901,0.008670074865221977,0.3787379860877991,0.37989241091170584,0.0001549282871436109,tracking,0.37989241091170584,0.0001549282871436109,tracking,3.3925962875832676,0,0,0
1259,12.589999999999776,4.3961944580078125,1.8618016242980957,0.00885715615004301,0.3787928819656372,0.37989241091170584,0.0001549282871436109,tracking,0.37989241091170584,0.0001549282871436109,tracking,3.396383949072644,0,0,0
1260,12.599999999999776,4.399982452392578,1.8618355989456177,0.009044255129992962,0.3788451552391052,0.37989241091170584,0.0001549282871436109,tracking,0.37989241091170584,0.0001549282871436109,tracking,3.400172095814217,0,0,0
1261,12.609999999999776,4.403770923614502,1.8618695735931396,0.0088571235537529,0.3788924813270569,0.37984033936478734,-0.000229911314706253,tracking,0.37984033936478734,-0.000229911314706253,tracking,3.4039607193737726,0,1,1
1262,12.619999999999775,4.407559871673584,1.8619027137756348,0.008669977076351643,0.3789375424385071,0.37984033936478734,-0.000229911314706253,tracking,0.37984033936478734,-0.000229911314706253,tracking,3.4077498123610344,0,0,0
1263,12.629999999999775,4.411349296569824,1.8619353771209717,0.008482801727950573,0.37898045778274536,0.37984033936478734,-0.000229911314706253,tracking,0.37984033936478734,-0.000229911314706253,tracking,3.4115393780272254,0,0,0
1264,12.639999999999775,4.415139198303223,1.8619670867919922,0.008295612409710884,0.3790213465690613,0.37984033936478734,-0.000229911314706253,tracking,0.37984033936478734,-0.000229911314706253,tracking,3.4153294124138838,0,0,0
1265,12.649999999999775,4.418929576873779,1.8619983196258545,0.008108396083116531,0.379060298204422,0.37984033936478734,-0.000229911314706253,tracking,0.37984033936478734,-0.000229911314706253,tracking,3.4191199196620032,0,0,0
1266,12.659999999999775,4.422720432281494,1.8620285987854004,0.007921166718006134,0.37910446524620056,0.3799893621914583,1.531844430009352e-05,tracking,0.3799893621914583,1.531844430009352e-05,tracking,3.4229108959939927,0,1,1
1267,12.669999999999774,4.426511764526367,1.8620586395263672,0.007921166718006134,0.379146546125412,0.3799893621914583,1.531844430009352e-05,tracking,0.3799893621914583,1.531844430009352e-05,tracking,3.4267023472513785,0,0,0
1268,12.679999999999774,4.43030309677124,1.862088680267334,0.007921166718006134,0.37918663024902344,0.3799893621914583,1.531844430009352e-05,tracking,0.3799893621914583,1.531844430009352e-05,tracking,3.4304937985087642,0,0,0
1269,12.689999999999774,4.4340949058532715,1.8621187210083008,0.007921166718006134,0.3792248070240021,0.3799893621914583,1.531844430009352e-05,tracking,0.3799893621914583,1.531844430009352e-05,tracking,3.4342857265883424,0,0,0
1270,12.699999999999774,4.437887191772461,1.8621487617492676,0.007921166718006134,0.37926116585731506,0.3799893621914583,1.531844430009352e-05,tracking,0.3799893621914583,1.531844430009352e-05,tracking,3.4380781314901165,0,0,0
1271,12.709999999999773,4.441679954528809,1.8621785640716553,0.007733837701380253,0.37928417325019836,0.3797452210757591,-0.0003668816509069441,tracking,0.3797452210757591,-0.0003668816509069441,tracking,3.4418710113332383,0,1,1
1272,12.719999999999773,4.445472717285156,1.8622074127197266,0.007546501234173775,0.3793061077594757,0.3797452210757591,-0.0003668816509069441,tracking,0.3797452210757591,-0.0003668816509069441,tracking,3.4456638838028097,0,0,0
1273,12.729999999999773,4.449265956878662,1.8622357845306396,0.007359150797128677,0.3793269991874695,0.3797452210757591,-0.0003668816509069441,tracking,0.3797452210757591,-0.0003668816509069441,tracking,3.4494572294993415,0,0,0
1274,12.739999999999773,4.453059196472168,1.8622632026672363,0.00717179337516427,0.3793468773365021,0.3797452210757591,-0.0003668816509069441,tracking,0.3797452210757591,-0.0003668816509069441,tracking,3.4532505681828702,0,0,0
1275,12.749999999999773,4.456852436065674,1.8622901439666748,0.006984423380345106,0.37936583161354065,0.3797452210757591,-0.0003668816509069441,tracking,0.3797452210757591,-0.0003668816509069441,tracking,3.457043903449803,0,0,0
1276,12.759999999999772,4.46064567565918,1.8623161315917969,0.006797068286687136,0.37925487756729126,0.3787825052125494,0.0017531924939288746,tracking,0.3787825052125494,0.0017531924939288746,tracking,3.4608372320633563,0,1,1
1277,12.769999999999772,4.464437484741211,1.862342119216919,0.006984356790781021,0.37916502356529236,0.3787825052125494,0.0017531924939288746,tracking,0.3787825052125494,0.0017531924939288746,tracking,3.4646291301990177,0,0,0
1278,12.779999999999772,4.468228816986084,1.8623690605163574,0.00717161875218153,0.379092276096344,0.3787825052125494,0.0017531924939288746,tracking,0.3787825052125494,0.0017531924939288746,tracking,3.468420558165448,0,0,0
1279,12.789999999999772,4.472019195556641,1.862396478652954,0.007358837407082319,0.3790333569049835,0.3787825052125494,0.0017531924939288746,tracking,0.3787825052125494,0.0017531924939288746,tracking,3.47221103590082,0,0,0
1280,12.799999999999772,4.475809097290039,1.8624248504638672,0.007546038366854191,0.3789856433868408,0.3787825052125494,0.0017531924939288746,tracking,0.3787825052125494,0.0017531924939288746,tracking,3.476001043830689,0,0,0
1281,12.809999999999771,4.4795989990234375,1.8624536991119385,0.0077332318760454655,0.37901079654693604,0.37951440155840177,0.0006992617559014619,tracking,0.37951440155840177,0.0006992617559014619,tracking,3.479791055360132,0,1,1
1282,12.819999999999771,4.483388900756836,1.8624835014343262,0.007920433767139912,0.37903472781181335,0.37951440155840177,0.0006992617559014619,tracking,0.37951440155840177,0.0006992617559014619,tracking,3.4835810742686912,0,0,0
1283,12.829999999999771,4.487179279327393,1.862513780593872,0.008107651025056839,0.37905752658843994,0.37951440155840177,0.0006992617559014619,tracking,0.37951440155840177,0.0006992617559014619,tracking,3.4873715737787343,0,0,0
1284,12.83999999999977,4.490969657897949,1.8625450134277344,0.008294875733554363,0.37907925248146057,0.37951440155840177,0.0006992617559014619,tracking,0.37951440155840177,0.0006992617559014619,tracking,3.4911620810268538,0,0,0
1285,12.84999999999977,4.494760513305664,1.8625767230987549,0.008482114411890507,0.37909993529319763,0.37951440155840177,0.0006992617559014619,tracking,0.37951440155840177,0.0006992617559014619,tracking,3.494953069054458,0,0,0
1286,12.85999999999977,4.498550891876221,1.8626093864440918,0.008669339120388031,0.3789941370487213,0.3785436731025669,-0.002097110732303644,tracking,0.3785436731025669,-0.002097110732303644,tracking,3.4987435883595484,0,1,1
1287,12.86999999999977,4.502340316772461,1.8626420497894287,0.00848217774182558,0.3789084553718567,0.3785436731025669,-0.002097110732303644,tracking,0.3785436731025669,-0.002097110732303644,tracking,3.5025331540257394,0,0,0
1288,12.87999999999977,4.506128787994385,1.8626737594604492,0.008295041508972645,0.37883907556533813,0.3785436731025669,-0.002097110732303644,tracking,0.3785436731025669,-0.002097110732303644,tracking,3.5063217579510106,0,0,0
1289,12.88999999999977,4.50991678237915,1.8627049922943115,0.008107947185635567,0.37878289818763733,0.3785436731025669,-0.002097110732303644,tracking,0.3785436731025669,-0.002097110732303644,tracking,3.5101098810943268,0,0,0
1290,12.89999999999977,4.513704299926758,1.8627352714538574,0.007920869626104832,0.3787373900413513,0.3785436731025669,-0.002097110732303644,tracking,0.3785436731025669,-0.002097110732303644,tracking,3.5138975196727733,0,0,0
1291,12.90999999999977,4.517491340637207,1.8627650737762451,0.0077338204719126225,0.3786957263946533,0.3785183086859702,-0.002133635492202945,tracking,0.3785183086859702,-0.002133635492202945,tracking,3.5176846776469035,0,1,1
1292,12.919999999999769,4.521277904510498,1.8627939224243164,0.0075467838905751705,0.37866199016571045,0.3785183086859702,-0.002133635492202945,tracking,0.3785183086859702,-0.002133635492202945,tracking,3.521471351413022,0,0,0
1293,12.929999999999769,4.525064468383789,1.8628222942352295,0.007359767332673073,0.37863466143608093,0.3785183086859702,-0.002133635492202945,tracking,0.3785183086859702,-0.002133635492202945,tracking,3.525258021576393,0,0,0
1294,12.939999999999769,4.528850555419922,1.8628497123718262,0.007172758691012859,0.3786125183105469,0.3785183086859702,-0.002133635492202945,tracking,0.3785183086859702,-0.002133635492202945,tracking,3.5290442078897417,0,0,0
1295,12.949999999999768,4.532636642456055,1.8628766536712646,0.006985763553529978,0.37859460711479187,0.3785183086859702,-0.002133635492202945,tracking,0.3785183086859702,-0.002133635492202945,tracking,3.53283039078004,0,0,0
1296,12.959999999999768,4.5364227294921875,1.8629026412963867,0.0067987628281116486,0.3786472678184509,0.3797019786987053,0.0004291506738643182,tracking,0.3797019786987053,0.0004291506738643182,tracking,3.53661656700439,0,1,1
1297,12.969999999999768,4.5402092933654785,1.8629286289215088,0.006985797546803951,0.3786974251270294,0.3797019786987053,0.0004291506738643182,tracking,0.3797019786987053,0.0004291506738643182,tracking,3.540403220054667,0,0,0
1298,12.979999999999768,4.543996334075928,1.8629555702209473,0.00717284856364131,0.3787451982498169,0.3797019786987053,0.0004291506738643182,tracking,0.3797019786987053,0.0004291506738643182,tracking,3.5441903565951436,0,0,0
1299,12.989999999999768,4.547783851623535,1.862982988357544,0.007359929848462343,0.3787907063961029,0.3797019786987053,0.0004291506738643182,tracking,0.3797019786987053,0.0004291506738643182,tracking,3.5479779733824715,0,0,0
1300,12.999999999999767,4.551571846008301,1.863011360168457,0.0075470260344445705,0.3788340389728546,0.3797019786987053,0.0004291506738643182,tracking,0.3797019786987053,0.0004291506738643182,tracking,3.551766074017179,0,0,0
1301,13.009999999999767,4.555360317230225,1.8630397319793701,0.007359915412962437,0.3788343667984009,0.37884117305087245,-0.0016687108067436947,tracking,0.37884117305087245,-0.0016687108067436947,tracking,3.5555546514756715,0,1,1
1302,13.019999999999767,4.559148788452148,1.8630671501159668,0.007172804791480303,0.37883469462394714,0.37884117305087245,-0.0016687108067436947,tracking,0.37884117305087245,-0.0016687108067436947,tracking,3.559343221912335,0,0,0
1303,13.029999999999767,4.562937259674072,1.8630940914154053,0.006985693704336882,0.378834992647171,0.37884117305087245,-0.0016687108067436947,tracking,0.37884117305087245,-0.0016687108067436947,tracking,3.5631317889281022,0,0,0
1304,13.039999999999766,4.566725730895996,1.8631200790405273,0.0067985826171934605,0.3788352906703949,0.37884117305087245,-0.0016687108067436947,tracking,0.37884117305087245,-0.0016687108067436947,tracking,3.5669203492821158,0,0,0
1305,13.049999999999766,4.57051420211792,1.8631455898284912,0.006611471530050039,0.3788355588912964,0.37884117305087245,-0.0016687108067436947,tracking,0.37884117305087245,-0.0016687108067436947,tracking,3.570708906395272,0,0,0
1306,13.059999999999766,4.574302673339844,1.8631701469421387,0.006424357648938894,0.37884998321533203,0.37913895638236494,0.0012399028093945117,tracking,0.37913895638236494,0.0012399028093945117,tracking,3.5744974572067534,0,1,1
1307,13.069999999999766,4.578091144561768,1.8631947040557861,0.006611480377614498,0.37886372208595276,0.37913895638236494,0.0012399028093945117,tracking,0.37913895638236494,0.0012399028093945117,tracking,3.578286008018235,0,0,0
1308,13.079999999999766,4.581879615783691,1.86322021484375,0.006798607762902975,0.37887680530548096,0.37913895638236494,0.0012399028093945117,tracking,0.37913895638236494,0.0012399028093945117,tracking,3.582074565131391,0,0,0
1309,13.089999999999765,4.585668563842773,1.863246202468872,0.0069857435300946236,0.378889262676239,0.37913895638236494,0.0012399028093945117,tracking,0.37913895638236494,0.0012399028093945117,tracking,3.585863602311346,0,0,0
1310,13.099999999999765,4.5894575119018555,1.8632731437683105,0.0071728830225765705,0.3789011240005493,0.37913895638236494,0.0012399028093945117,tracking,0.37913895638236494,0.0012399028093945117,tracking,3.5896526461522162,0,0,0
1311,13.109999999999765,4.5932464599609375,1.863300085067749,0.0069857374764978886,0.378906786441803,0.3790202885861311,-0.0014107844359712136,tracking,0.3790202885861311,-0.0014107844359712136,tracking,3.5934416899930866,0,1,1
1312,13.119999999999765,4.5970354080200195,1.863326072692871,0.006798590067774057,0.37891218066215515,0.3790202885861311,-0.0014107844359712136,tracking,0.3790202885861311,-0.0014107844359712136,tracking,3.5972307271730415,0,0,0
1313,13.129999999999765,4.600824356079102,1.863351583480835,0.006611439399421215,0.37891730666160583,0.3790202885861311,-0.0014107844359712136,tracking,0.3790202885861311,-0.0014107844359712136,tracking,3.6010197611125467,0,0,0
1314,13.139999999999764,4.604613304138184,1.8633761405944824,0.0064242868684232235,0.3789221942424774,0.3790202885861311,-0.0014107844359712136,tracking,0.3790202885861311,-0.0014107844359712136,tracking,3.60480878875117,0,0,0
1315,13.149999999999764,4.608402252197266,1.8634002208709717,0.006237131077796221,0.3789268434047699,0.3790202885861311,-0.0014107844359712136,tracking,0.3790202885861311,-0.0014107844359712136,tracking,3.6085978133293612,0,0,0
1316,13.159999999999764,4.612191200256348,1.8634233474731445,0.006049981340765953,0.3788859248161316,0.3787117509431835,0.0018550786418157924,tracking,0.3787117509431835,0.0018550786418157924,tracking,3.6123868319667065,0,1,1
1317,13.169999999999764,4.6159796714782715,1.8634464740753174,0.0062371063977479935,0.3788527846336365,0.3787117509431835,0.0018550786418157924,tracking,0.3787117509431835,0.0018550786418157924,tracking,3.6161753737757767,0,0,0
1318,13.179999999999763,4.619768142700195,1.8634705543518066,0.006424221675843,0.37882596254348755,0.3787117509431835,0.0018550786418157924,tracking,0.3787117509431835,0.0018550786418157924,tracking,3.6199639215264408,0,0,0
1319,13.189999999999763,4.623556137084961,1.863495111465454,0.006611321121454239,0.3788042366504669,0.3787117509431835,0.0018550786418157924,tracking,0.3787117509431835,0.0018550786418157924,tracking,3.6237519955107826,0,0,0
1320,13.199999999999763,4.627344131469727,1.863520622253418,0.006798414047807455,0.3787866532802582,0.3787117509431835,0.0018550786418157924,tracking,0.3787117509431835,0.0018550786418157924,tracking,3.6275400757975924,0,0,0
1321,13.209999999999763,4.631132125854492,1.86354660987854,0.0069855148904025555,0.37882840633392334,0.3796647714787059,0.0004827290706634613,tracking,0.3796647714787059,0.0004827290706634613,tracking,3.6313281593256677,0,1,1
1322,13.219999999999763,4.634920597076416,1.8635735511779785,0.007172629237174988,0.3788681626319885,0.3796647714787059,0.0004827290706634613,tracking,0.3796647714787059,0.0004827290706634613,tracking,3.635116726341435,0,0,0
1323,13.229999999999762,4.638709545135498,1.8636009693145752,0.007359769195318222,0.3789060413837433,0.3796647714787059,0.0004827290706634613,tracking,0.3796647714787059,0.0004827290706634613,tracking,3.6389057736027706,0,0,0
1324,13.239999999999762,4.64249849319458,1.8636293411254883,0.007546921260654926,0.3789421319961548,0.3796647714787059,0.0004827290706634613,tracking,0.3796647714787059,0.0004827290706634613,tracking,3.642694827885052,0,0,0
1325,13.249999999999762,4.64628791809082,1.8636581897735596,0.007734096143394709,0.3789764940738678,0.3796647714787059,0.0004827290706634613,tracking,0.3796647714787059,0.0004827290706634613,tracking,3.6464843625911527,0,0,0
1326,13.259999999999762,4.650076866149902,1.8636879920959473,0.007921253331005573,0.3788311183452606,0.37821216696799936,-0.0025744795660808855,tracking,0.37821216696799936,-0.0025744795660808855,tracking,3.6502734278548874,0,1,1
1327,13.269999999999762,4.65386438369751,1.863717794418335,0.007734182756394148,0.3787133991718292,0.37821216696799936,-0.0025744795660808855,tracking,0.37821216696799936,-0.0025744795660808855,tracking,3.6540610626514134,0,0,0
1328,13.279999999999761,4.657650947570801,1.8637466430664062,0.007547147572040558,0.378618061542511,0.37821216696799936,-0.0025744795660808855,tracking,0.37821216696799936,-0.0025744795660808855,tracking,3.6578477364175317,0,0,0
1329,13.289999999999761,4.661436557769775,1.8637750148773193,0.007360169198364019,0.37854084372520447,0.37821216696799936,-0.0025744795660808855,tracking,0.37821216696799936,-0.0025744795660808855,tracking,3.6616334529333625,0,0,0
1330,13.299999999999761,4.665221691131592,1.863802433013916,0.007173213642090559,0.3784783184528351,0.37821216696799936,-0.0025744795660808855,tracking,0.37821216696799936,-0.0025744795660808855,tracking,3.665418685597407,0,0,0
1331,13.30999999999976,4.66900634765625,1.8638293743133545,0.0069862729869782925,0.3784961998462677,0.3788543556096566,-0.0016497279220945467,tracking,0.3788543556096566,-0.0016497279220945467,tracking,3.6692034380124605,0,1,1
1332,13.31999999999976,4.672791481018066,1.8638553619384766,0.006799326743930578,0.3785132169723511,0.3788543556096566,-0.0016497279220945467,tracking,0.3788543556096566,-0.0016497279220945467,tracking,3.6729886605849646,0,0,0
1333,13.32999999999976,4.676576614379883,1.8638808727264404,0.006612369325011969,0.37852942943573,0.3788543556096566,-0.0016497279220945467,tracking,0.3788543556096566,-0.0016497279220945467,tracking,3.6767738799137537,0,0,0
1334,13.33999999999976,4.680361747741699,1.863905429840088,0.006425406783819199,0.3785448670387268,0.3788543556096566,-0.0016497279220945467,tracking,0.3788543556096566,-0.0016497279220945467,tracking,3.6805590929353107,0,0,0
1335,13.34999999999976,4.684147357940674,1.8639295101165771,0.006238433998078108,0.37855958938598633,0.3788543556096566,-0.0016497279220945467,tracking,0.3788543556096566,-0.0016497279220945467,tracking,3.684344779720862,0,0,0
1336,13.35999999999976,4.687932968139648,1.86395263671875,0.00605144863948226,0.378623366355896,0.3799005367524008,0.00014322707654278958,tracking,0.3799005367524008,0.00014322707654278958,tracking,3.688130460560329,0,1,1
1337,13.36999999999976,4.6917195320129395,1.8639757633209229,0.006238474976271391,0.3786841034889221,0.3799005367524008,0.00014322707654278958,tracking,0.3799005367524008,0.00014322707654278958,tracking,3.6919170950563216,0,0,0
1338,13.37999999999976,4.695506572723389,1.863999843597412,0.006425520870834589,0.37874194979667664,0.3799005367524008,0.00014322707654278958,tracking,0.3799005367524008,0.00014322707654278958,tracking,3.695704212324418,0,0,0
1339,13.389999999999759,4.699294090270996,1.8640244007110596,0.006612604018300772,0.3787970542907715,0.3799005367524008,0.00014322707654278958,tracking,0.3799005367524008,0.00014322707654278958,tracking,3.6994918094816227,0,0,0
1340,13.399999999999759,4.703082084655762,1.8640499114990234,0.006799704860895872,0.3788495361804962,0.3799005367524008,0.00014322707654278958,tracking,0.3799005367524008,0.00014322707654278958,tracking,3.7032798897684325,0,0,0
1341,13.409999999999759,4.7068705558776855,1.8640754222869873,0.006612581666558981,0.3788650333881378,0.3791752355733065,-0.001187660774438627,tracking,0.3791752355733065,-0.001187660774438627,tracking,3.7070684468815887,0,1,1
1342,13.419999999999758,4.710659027099609,1.8640999794006348,0.006425453349947929,0.3788797855377197,0.3791752355733065,-0.001187660774438627,tracking,0.3791752355733065,-0.001187660774438627,tracking,3.71085699769307,0,0,0
1343,13.429999999999758,4.714447975158691,1.864124059677124,0.006238315720111132,0.37889382243156433,0.3791752355733065,-0.001187660774438627,tracking,0.3791752355733065,-0.001187660774438627,tracking,3.7146460222712614,0,0,0
1344,13.439999999999758,4.718236923217773,1.8641471862792969,0.006051173433661461,0.3789072036743164,0.3791752355733065,-0.001187660774438627,tracking,0.3791752355733065,-0.001187660774438627,tracking,3.7184350409086067,0,0,0
1345,13.449999999999758,4.7220258712768555,1.8641698360443115,0.0058640227653086185,0.37891995906829834,0.3791752355733065,-0.001187660774438627,tracking,0.3791752355733065,-0.001187660774438627,tracking,3.7222240566655382,0,0,0
1346,13.459999999999757,4.725815296173096,1.8641915321350098,0.005676865577697754,0.378944456577301,0.37943500891216814,0.0008135871664779262,tracking,0.37943500891216814,0.0008135871664779262,tracking,3.7260135436710042,0,1,1
1347,13.469999999999757,4.729604721069336,1.864213228225708,0.0058640381321311,0.3789677917957306,0.37943500891216814,0.0008135871664779262,tracking,0.37943500891216814,0.0008135871664779262,tracking,3.7298030306764702,0,0,0
1348,13.479999999999757,4.733394622802734,1.8642358779907227,0.006051218137145042,0.3789899945259094,0.37943500891216814,0.0008135871664779262,tracking,0.37943500891216814,0.0008135871664779262,tracking,3.7335930000906834,0,0,0
1349,13.489999999999757,4.737184524536133,1.8642590045928955,0.006238412577658892,0.3790111541748047,0.37943500891216814,0.0008135871664779262,tracking,0.37943500891216814,0.0008135871664779262,tracking,3.7373829723845855,0,0,0
1350,13.499999999999757,4.740974426269531,1.8642830848693848,0.0064256140030920506,0.37903130054473877,0.37943500891216814,0.0008135871664779262,tracking,0.37943500891216814,0.0008135871664779262,tracking,3.7411729506178384,0,0,0
1351,13.509999999999756,4.744764804840088,1.864307165145874,0.006238405127078295,0.379034161567688,0.3790912992202992,-0.0013085291227691084,tracking,0.3790912992202992,-0.0013085291227691084,tracking,3.744963405678626,0,1,1
1352,13.519999999999756,4.7485551834106445,1.8643302917480469,0.006051195319741964,0.37903687357902527,0.3790912992202992,-0.0013085291227691084,tracking,0.3790912992202992,-0.0013085291227691084,tracking,3.74875385480081,0,0,0
1353,13.529999999999756,4.752345561981201,1.8643529415130615,0.005863983649760485,0.379039466381073,0.3790912992202992,-0.0013085291227691084,tracking,0.3790912992202992,-0.0013085291227691084,tracking,3.752544301043667,0,0,0
1354,13.539999999999756,4.756135940551758,1.8643746376037598,0.0056767710484564304,0.3790419399738312,0.3790912992202992,-0.0013085291227691084,tracking,0.3790912992202992,-0.0013085291227691084,tracking,3.756334741707823,0,0,0
1355,13.549999999999756,4.7599263191223145,1.8643959760665894,0.005489557050168514,0.3790442943572998,0.3790912992202992,-0.0013085291227691084,tracking,0.3790912992202992,-0.0013085291227691084,tracking,3.7601251803418245,0,0,0
1356,13.559999999999755,4.763716697692871,1.8644163608551025,0.005302341654896736,0.3790508210659027,0.37918176695066935,0.0011782555910361584,tracking,0.37918176695066935,0.0011782555910361584,tracking,3.7639156137270375,0,1,1
1357,13.569999999999755,4.767507076263428,1.8644367456436157,0.0054895612411201,0.37905704975128174,0.37918176695066935,0.0011782555910361584,tracking,0.37918176695066935,0.0011782555910361584,tracking,3.7677060471122505,0,0,0
1358,13.579999999999755,4.771297454833984,1.8644580841064453,0.005676782689988613,0.3790629804134369,0.37918176695066935,0.0011782555910361584,tracking,0.37918176695066935,0.0011782555910361584,tracking,3.771496485746252,0,0,0
1359,13.589999999999755,4.775087833404541,1.8644797801971436,0.005864007864147425,0.37906864285469055,0.37918176695066935,0.0011782555910361584,tracking,0.37918176695066935,0.0011782555910361584,tracking,3.775286926410408,0,0,0
1360,13.599999999999755,4.778878688812256,1.8645024299621582,0.0060512349009513855,0.37907400727272034,0.37918176695066935,0.0011782555910361584,tracking,0.37918176695066935,0.0011782555910361584,tracking,3.779077849481911,0,0,0
1361,13.609999999999754,4.782669544219971,1.8645250797271729,0.005864000413566828,0.3790900409221649,0.37941149138486746,-0.0008474524057908244,tracking,0.37941149138486746,-0.0008474524057908244,tracking,3.7828687725534142,0,1,1
1362,13.619999999999754,4.7864603996276855,1.8645468950271606,0.00567676080390811,0.3791053295135498,0.37941149138486746,-0.0008474524057908244,tracking,0.37941149138486746,-0.0008474524057908244,tracking,3.786659690731048,0,0,0
1363,13.629999999999754,4.7902512550354,1.8645682334899902,0.005489511415362358,0.379119873046875,0.37941149138486746,-0.0008474524057908244,tracking,0.37941149138486746,-0.0008474524057908244,tracking,3.7904506061946526,0,0,0
1364,13.639999999999754,4.794042587280273,1.8645886182785034,0.0053022573702037334,0.3791337311267853,0.37941149138486746,-0.0008474524057908244,tracking,0.37941149138486746,-0.0008474524057908244,tracking,3.794241993240394,0,0,0
1365,13.649999999999753,4.7978339195251465,1.8646085262298584,0.00511499447748065,0.379146933555603,0.37941149138486746,-0.0008474524057908244,tracking,0.37941149138486746,-0.0008474524057908244,tracking,3.7980333777523554,0,0,0
1366,13.659999999999753,4.8016252517700195,1.864627480506897,0.0049277255311608315,0.37917011976242065,0.3796342572512043,0.0005266695582658001,tracking,0.3796342572512043,0.0005266695582658001,tracking,3.8018247573766653,0,1,1
1367,13.669999999999753,4.805417060852051,1.8646464347839355,0.005115009378641844,0.37919220328330994,0.3796342572512043,0.0005266695582658001,tracking,0.3796342572512043,0.0005266695582658001,tracking,3.8056166138321754,0,0,0
1368,13.679999999999753,4.809208869934082,1.8646663427352905,0.005302300211042166,0.37921321392059326,0.3796342572512043,0.0005266695582658001,tracking,0.3796342572512043,0.0005266695582658001,tracking,3.809408475174722,0,0,0
1369,13.689999999999753,4.8130011558532715,1.8646867275238037,0.00548960454761982,0.3792332410812378,0.3796342572512043,0.0005266695582658001,tracking,0.3796342572512043,0.0005266695582658001,tracking,3.813200815880999,0,0,0
1370,13.699999999999752,4.816793441772461,1.8647080659866333,0.005676915403455496,0.3792523145675659,0.3796342572512043,0.0005266695582658001,tracking,0.3796342572512043,0.0005266695582658001,tracking,3.8169931618334245,0,0,0
1371,13.709999999999752,4.82058572769165,1.864729404449463,0.005489596165716648,0.379258930683136,0.379391403565928,-0.0008763788650637361,tracking,0.379391403565928,-0.0008763788650637361,tracking,3.82078550778585,0,1,1
1372,13.719999999999752,4.824378490447998,1.864749789237976,0.005302274599671364,0.3792652189731598,0.379391403565928,-0.0008763788650637361,tracking,0.379391403565928,-0.0008763788650637361,tracking,3.8245783253223973,0,0,0
1373,13.729999999999752,4.828171253204346,1.864769697189331,0.005114949308335781,0.3792712092399597,0.379391403565928,-0.0008763788650637361,tracking,0.379391403565928,-0.0008763788650637361,tracking,3.8283711403261202,0,0,0
1374,13.739999999999752,4.831964015960693,1.8647886514663696,0.004927621688693762,0.37927693128585815,0.379391403565928,-0.0008763788650637361,tracking,0.379391403565928,-0.0008763788650637361,tracking,3.832163950444035,0,0,0
1375,13.749999999999751,4.835756778717041,1.86480712890625,0.004740290809422731,0.3792823851108551,0.379391403565928,-0.0008763788650637361,tracking,0.379391403565928,-0.0008763788650637361,tracking,3.835956758208966,0,0,0
1376,13.759999999999751,4.839549541473389,1.864824652671814,0.004552954807877541,0.379306823015213,0.3797965036139352,0.00029303479593333656,tracking,0.3797965036139352,0.00029303479593333656,tracking,3.839749561447772,0,1,1
1377,13.76999999999975,4.8433427810668945,1.864842176437378,0.0047403066419065,0.3793300986289978,0.3797965036139352,0.00029303479593333656,tracking,0.3797965036139352,0.00029303479593333656,tracking,3.8435428415186474,0,0,0
1378,13.77999999999975,4.8471360206604,1.8648606538772583,0.004927665926516056,0.37935227155685425,0.3797965036139352,0.00029303479593333656,tracking,0.3797965036139352,0.00029303479593333656,tracking,3.847336126115079,0,0,0
1379,13.78999999999975,4.8509297370910645,1.8648796081542969,0.0051150391809642315,0.3793734014034271,0.3797965036139352,0.00029303479593333656,tracking,0.3797965036139352,0.00029303479593333656,tracking,3.8511298898954043,0,0,0
1380,13.79999999999975,4.8547234535217285,1.8648995161056519,0.0053024194203317165,0.3793935179710388,0.3797965036139352,0.00029303479593333656,tracking,0.3797965036139352,0.00029303479593333656,tracking,3.8549236585603097,0,0,0
1381,13.80999999999975,4.858517169952393,1.8649194240570068,0.005115034058690071,0.37938857078552246,0.37936745905664343,-0.0009108589584334538,tracking,0.37936745905664343,-0.0009108589584334538,tracking,3.858717427225215,0,1,1
1382,13.81999999999975,4.862310886383057,1.8649383783340454,0.004927650094032288,0.3793845474720001,0.37936745905664343,-0.0009108589584334538,tracking,0.37936745905664343,-0.0009108589584334538,tracking,3.8625111910055403,0,0,0
1383,13.82999999999975,4.866104602813721,1.8649568557739258,0.004740268923342228,0.37938129901885986,0.37936745905664343,-0.0009108589584334538,tracking,0.37936745905664343,-0.0009108589584334538,tracking,3.866304952433474,0,0,0
1384,13.83999999999975,4.869898319244385,1.8649743795394897,0.004552888683974743,0.37937867641448975,0.37936745905664343,-0.0009108589584334538,tracking,0.37936745905664343,-0.0009108589584334538,tracking,3.87009870933642,0,0,0
1385,13.84999999999975,4.873692035675049,1.8649914264678955,0.00436550984159112,0.37937653064727783,0.37936745905664343,-0.0009108589584334538,tracking,0.37936745905664343,-0.0009108589584334538,tracking,3.8738924640667705,0,0,0
1386,13.859999999999749,4.877485275268555,1.8650075197219849,0.00417814077809453,0.3793182969093323,0.3790702747932828,0.0013388042976727674,tracking,0.3790702747932828,0.0013388042976727674,tracking,3.877685737798861,0,1,1
1387,13.869999999999749,4.881278038024902,1.8650236129760742,0.004365474916994572,0.37927111983299255,0.3790702747932828,0.0013388042976727674,tracking,0.3790702747932828,0.0013388042976727674,tracking,3.8814785346980853,0,0,0
1388,13.879999999999749,4.885070323944092,1.86504065990448,0.004552795086055994,0.37923291325569153,0.3790702747932828,0.0013388042976727674,tracking,0.3790702747932828,0.0013388042976727674,tracking,3.8852708589314084,0,0,0
1389,13.889999999999748,4.888862609863281,1.865058183670044,0.004740092437714338,0.3792019784450531,0.3790702747932828,0.0013388042976727674,tracking,0.3790702747932828,0.0013388042976727674,tracking,3.8890631853381463,0,0,0
1390,13.899999999999748,4.8926544189453125,1.8650766611099243,0.004927380476146936,0.37917694449424744,0.3790702747932828,0.0013388042976727674,tracking,0.3790702747932828,0.0013388042976727674,tracking,3.892855039440081,0,0,0
1391,13.909999999999748,4.896446228027344,1.8650951385498047,0.004740091040730476,0.37920600175857544,0.37978820115051404,-0.00030499034325977867,tracking,0.37978820115051404,-0.00030499034325977867,tracking,3.8966468935420155,0,1,1
1392,13.919999999999748,4.900238513946533,1.8651126623153687,0.00455279229208827,0.3792336881160736,0.37978820115051404,-0.00030499034325977867,tracking,0.37978820115051404,-0.00030499034325977867,tracking,3.9004392199487534,0,0,0
1393,13.929999999999747,4.904030799865723,1.8651297092437744,0.004365475848317146,0.3792600631713867,0.37978820115051404,-0.00030499034325977867,tracking,0.37978820115051404,-0.00030499034325977867,tracking,3.9042315441820765,0,0,0
1394,13.939999999999747,4.90782356262207,1.8651458024978638,0.004178150556981564,0.37928518652915955,0.37978820115051404,-0.00030499034325977867,tracking,0.37978820115051404,-0.00030499034325977867,tracking,3.9080243410813007,0,0,0
1395,13.949999999999747,4.911616325378418,1.865161418914795,0.003990809433162212,0.37930911779403687,0.37978820115051404,-0.00030499034325977867,tracking,0.37978820115051404,-0.00030499034325977867,tracking,3.9118171359872265,0,0,0
1396,13.959999999999747,4.915409088134766,1.8651760816574097,0.0038034741301089525,0.3792489171028137,0.3789926517677199,0.0014505814544833722,tracking,0.3789926517677199,0.0014505814544833722,tracking,3.9156099270863987,0,1,1
1397,13.969999999999747,4.919201374053955,1.8651907444000244,0.00399077357724309,0.37920016050338745,0.3789926517677199,0.0014505814544833722,tracking,0.3789926517677199,0.0014505814544833722,tracking,3.9194022413519765,0,0,0
1398,13.979999999999746,4.922993183135986,1.8652063608169556,0.004178058356046677,0.37916070222854614,0.3789926517677199,0.0014505814544833722,tracking,0.3789926517677199,0.0014505814544833722,tracking,3.9231940825916714,0,0,0
1399,13.989999999999746,4.926784515380859,1.865222454071045,0.004365319386124611,0.37912872433662415,0.3789926517677199,0.0014505814544833722,tracking,0.3789926517677199,0.0014505814544833722,tracking,3.9269854489923035,0,0,0
1400,13.999999999999746,4.930575847625732,1.8652395009994507,0.004552571102976799,0.3791028559207916,0.3789926517677199,0.0014505814544833722,tracking,0.3789926517677199,0.0014505814544833722,tracking,3.930776819560948,0,0,0
1401,14.009999999999746,4.9343671798706055,1.8652565479278564,0.004365317989140749,0.3791321814060211,0.37971958350395923,-0.00040379975429874113,tracking,0.37971958350395923,-0.00040379975429874113,tracking,3.934568190129592,0,1,1
1402,14.019999999999746,4.9381585121154785,1.8652726411819458,0.004178055562078953,0.3791601061820984,0.37971958350395923,-0.00040379975429874113,tracking,0.37971958350395923,-0.00040379975429874113,tracking,3.9383595565302243,0,0,0
1403,14.029999999999745,4.94195032119751,1.865288257598877,0.003990775439888239,0.3791867196559906,0.37971958350395923,-0.00040379975429874113,tracking,0.37971958350395923,-0.00040379975429874113,tracking,3.942151397769919,0,0,0
1404,14.039999999999745,4.945742130279541,1.8653029203414917,0.003803486470133066,0.37921205163002014,0.37971958350395923,-0.00040379975429874113,tracking,0.37971958350395923,-0.00040379975429874113,tracking,3.9459432352019035,0,0,0
1405,14.049999999999745,4.9495344161987305,1.8653171062469482,0.0036161812022328377,0.3792361915111542,0.37971958350395923,-0.00040379975429874113,tracking,0.37971958350395923,-0.00040379975429874113,tracking,3.9497355476537983,0,0,0
1406,14.059999999999745,4.9533257484436035,1.8653303384780884,0.003428907599300146,0.37902089953422546,0.37810427986631406,0.00272983699250773,tracking,0.37810427986631406,0.00272983699250773,tracking,3.953526902989685,0,1,1
1407,14.069999999999744,4.957115173339844,1.8653435707092285,0.0036160529125481844,0.37884655594825745,0.37810427986631406,0.00272983699250773,tracking,0.37810427986631406,0.00272983699250773,tracking,3.957316350988561,0,0,0
1408,14.079999999999744,4.960902690887451,1.865357756614685,0.003803146304562688,0.37870538234710693,0.37810427986631406,0.00272983699250773,tracking,0.37810427986631406,0.00272983699250773,tracking,3.9611038951022772,0,0,0
1409,14.089999999999744,4.964689254760742,1.8653724193572998,0.003990155644714832,0.37859106063842773,0.37810427986631406,0.00272983699250773,tracking,0.37810427986631406,0.00272983699250773,tracking,3.9648904873647917,0,0,0
1410,14.099999999999744,4.968474864959717,1.865388035774231,0.00417713075876236,0.37849846482276917,0.37810427986631406,0.00272983699250773,tracking,0.37810427986631406,0.00272983699250773,tracking,3.9686761297740873,0,0,0
1411,14.109999999999744,4.972259998321533,1.8654041290283203,0.004364095162600279,0.37855854630470276,0.37976175829515674,0.00034306805497431175,tracking,0.37976175829515674,0.00034306805497431175,tracking,3.972461297347599,0,1,1
1412,14.119999999999743,4.976045608520508,1.865421175956726,0.004551079124212265,0.37861576676368713,0.37976175829515674,0.00034306805497431175,tracking,0.37976175829515674,0.00034306805497431175,tracking,3.9762469459282714,0,0,0
1413,14.129999999999743,4.979832172393799,1.86543869972229,0.0047380998730659485,0.37867024540901184,0.37976175829515674,0.00034306805497431175,tracking,0.37976175829515674,0.00034306805497431175,tracking,3.980033550350293,0,0,0
1414,14.139999999999743,4.983619213104248,1.8654570579528809,0.004925137851387262,0.3787221610546112,0.37976175829515674,0.00034306805497431175,tracking,0.37976175829515674,0.00034306805497431175,tracking,3.9838206355575774,0,0,0
1415,14.149999999999743,4.9874067306518555,1.8654758930206299,0.005112209357321262,0.3787716031074524,0.37976175829515674,0.00034306805497431175,tracking,0.37976175829515674,0.00034306805497431175,tracking,3.987608199937652,0,0,0
1416,14.159999999999743,4.991193771362305,1.8654956817626953,0.005299275740981102,0.37869036197662354,0.3783444093991334,-0.0023840504652479118,tracking,0.3783444093991334,-0.0023840504652479118,tracking,3.9913952923496367,0,1,1
1417,14.169999999999742,4.994980335235596,1.8655154705047607,0.005112257786095142,0.3786245584487915,0.3783444093991334,-0.0023840504652479118,tracking,0.3783444093991334,-0.0023840504652479118,tracking,3.995181907930974,0,0,0
1418,14.179999999999742,4.9987664222717285,1.8655343055725098,0.00492525938898325,0.3785712718963623,0.3783444093991334,-0.0023840504652479118,tracking,0.3783444093991334,-0.0023840504652479118,tracking,3.998968041817269,0,0,0
1419,14.189999999999742,5.002552032470703,1.8655526638031006,0.004738292656838894,0.3785281181335449,0.3783444093991334,-0.0023840504652479118,tracking,0.3783444093991334,-0.0023840504652479118,tracking,4.002753696529893,0,0,0
1420,14.199999999999742,5.0063371658325195,1.865570068359375,0.004551338963210583,0.37849318981170654,0.3783444093991334,-0.0023840504652479118,tracking,0.3783444093991334,-0.0023840504652479118,tracking,4.006538869905752,0,0,0
1421,14.209999999999742,5.010122299194336,1.8655871152877808,0.0043643768876791,0.37855395674705505,0.37977121756252824,-0.0003294467099593029,tracking,0.37977121756252824,-0.0003294467099593029,tracking,4.010324041654101,0,1,1
1422,14.219999999999741,5.0139079093933105,1.8656032085418701,0.00417739525437355,0.37861183285713196,0.37977121756252824,-0.0003294467099593029,tracking,0.37977121756252824,-0.0003294467099593029,tracking,4.014109686060461,0,0,0
1423,14.229999999999741,5.017694473266602,1.8656188249588013,0.003990376368165016,0.3786669671535492,0.37977121756252824,-0.0003294467099593029,tracking,0.37977121756252824,-0.0003294467099593029,tracking,4.017896282135961,0,0,0
1424,14.23999999999974,5.021481513977051,1.865633487701416,0.0038033397868275642,0.3787194788455963,0.37977121756252824,-0.0003294467099593029,tracking,0.37977121756252824,-0.0003294467099593029,tracking,4.021683351232059,0,0,0
1425,14.24999999999974,5.025269031524658,1.8656476736068726,0.0036162694450467825,0.37876948714256287,0.37977121756252824,-0.0003294467099593029,tracking,0.37977121756252824,-0.0003294467099593029,tracking,4.025470895345776,0,0,0
1426,14.25999999999974,5.029056549072266,1.8656609058380127,0.0034291893243789673,0.3787778913974762,0.37894598490956516,0.0015177817302261913,tracking,0.37894598490956516,0.0015177817302261913,tracking,4.029258436007653,0,1,1
1427,14.26999999999974,5.032844543457031,1.8656741380691528,0.003616274567320943,0.3787858784198761,0.37894598490956516,0.0015177817302261913,tracking,0.37894598490956516,0.0015177817302261913,tracking,4.033046453503779,0,0,0
1428,14.27999999999974,5.036632537841797,1.8656883239746094,0.0038033623713999987,0.37879347801208496,0.37894598490956516,0.0015177817302261913,tracking,0.37894598490956516,0.0015177817302261913,tracking,4.036834474451309,0,0,0
1429,14.28999999999974,5.0404205322265625,1.8657029867172241,0.003990455064922571,0.37880071997642517,0.37894598490956516,0.0015177817302261913,tracking,0.37894598490956516,0.0015177817302261913,tracking,4.040622497214577,0,0,0
1430,14.29999999999974,5.044208526611328,1.8657186031341553,0.004177550319582224,0.3788076341152191,0.37894598490956516,0.0015177817302261913,tracking,0.37894598490956516,0.0015177817302261913,tracking,4.044410523789391,0,0,0
1431,14.30999999999974,5.047996997833252,1.8657342195510864,0.003990436438471079,0.37885764241218567,0.37985913951844785,-0.00020283909343513052,tracking,0.37985913951844785,-0.00020283909343513052,tracking,4.0481990271973105,0,1,1
1432,14.31999999999974,5.051785945892334,1.8657488822937012,0.0038033064920455217,0.3789052665233612,0.37985913951844785,-0.00020283909343513052,tracking,0.37985913951844785,-0.00020283909343513052,tracking,4.051988003627752,0,0,0
1433,14.329999999999739,5.055575370788574,1.8657630681991577,0.0036161458119750023,0.3789506256580353,0.37985913951844785,-0.00020283909343513052,tracking,0.37985913951844785,-0.00020283909343513052,tracking,4.05577745507673,0,0,0
1434,14.339999999999739,5.059365272521973,1.8657763004302979,0.0034289706964045763,0.37899383902549744,0.37985913951844785,-0.00020283909343513052,tracking,0.37985913951844785,-0.00020283909343513052,tracking,4.059567379909858,0,0,0
1435,14.349999999999739,5.063155174255371,1.8657890558242798,0.003241767641156912,0.37903499603271484,0.37985913951844785,-0.00020283909343513052,tracking,0.37985913951844785,-0.00020283909343513052,tracking,4.063357303108142,0,0,0
1436,14.359999999999738,5.066944599151611,1.8658008575439453,0.0030545860063284636,0.3788640797138214,0.3781364394420235,0.0026835272034861405,tracking,0.3781364394420235,0.0026835272034861405,tracking,4.067146746381874,0,1,1
1437,14.369999999999738,5.070732593536377,1.8658126592636108,0.0032416656613349915,0.37872567772865295,0.3781364394420235,0.0026835272034861405,tracking,0.3781364394420235,0.0026835272034861405,tracking,4.070934759151071,0,0,0
1438,14.379999999999738,5.074519157409668,1.8658254146575928,0.0034287041053175926,0.37861359119415283,0.3781364394420235,0.0026835272034861405,tracking,0.3781364394420235,0.0026835272034861405,tracking,4.074721344508169,0,0,0
1439,14.389999999999738,5.078304767608643,1.865838646888733,0.003615675726905465,0.3785228431224823,0.3781364394420235,0.0026835272034861405,tracking,0.3781364394420235,0.0026835272034861405,tracking,4.07850697783306,0,0,0
1440,14.399999999999737,5.082089424133301,1.8658528327941895,0.0038026203401386738,0.37844935059547424,0.3781364394420235,0.0026835272034861405,tracking,0.3781364394420235,0.0026835272034861405,tracking,4.08229166094391,0,0,0
1441,14.409999999999737,5.085874080657959,1.8658674955368042,0.003989560063928366,0.37850841879844666,0.37969147156421174,0.00044428094753512634,tracking,0.37969147156421174,0.00044428094753512634,tracking,4.086076345872098,0,1,1
1442,14.419999999999737,5.089659214019775,1.8658831119537354,0.004176518879830837,0.3785646855831146,0.37969147156421174,0.00044428094753512634,tracking,0.37969147156421174,0.00044428094753512634,tracking,4.0898615114482935,0,0,0
1443,14.429999999999737,5.093445301055908,1.8658992052078247,0.004363514017313719,0.3786182701587677,0.37969147156421174,0.00044428094753512634,tracking,0.37969147156421174,0.00044428094753512634,tracking,4.093647632687504,0,0,0
1444,14.439999999999737,5.097231864929199,1.8659162521362305,0.004550526384264231,0.37866929173469543,0.37969147156421174,0.00044428094753512634,tracking,0.37969147156421174,0.00044428094753512634,tracking,4.097434234932827,0,0,0
1445,14.449999999999736,5.101018905639648,1.8659337759017944,0.004737571347504854,0.37871789932250977,0.37969147156421174,0.00044428094753512634,tracking,0.37969147156421174,0.00044428094753512634,tracking,4.1012213161869004,0,0,0
1446,14.459999999999736,5.1048054695129395,1.8659521341323853,0.004924611188471317,0.3786366581916809,0.3782908448247263,-0.0024611834523941465,tracking,0.3782908448247263,-0.0024611834523941465,tracking,4.10500792456263,0,1,1
1447,14.469999999999736,5.108591556549072,1.865970492362976,0.004737619776278734,0.37857088446617126,0.3782908448247263,-0.0024611834523941465,tracking,0.3782908448247263,-0.0024611834523941465,tracking,4.108794056106806,0,0,0
1448,14.479999999999736,5.112377166748047,1.8659878969192505,0.004550647921860218,0.37851762771606445,0.3782908448247263,-0.0024611834523941465,tracking,0.3782908448247263,-0.0024611834523941465,tracking,4.112579706314784,0,0,0
1449,14.489999999999736,5.116162300109863,1.8660049438476562,0.004363707732409239,0.37847450375556946,0.3782908448247263,-0.0024611834523941465,tracking,0.3782908448247263,-0.0024611834523941465,tracking,4.116364878063133,0,0,0
1450,14.499999999999735,5.1199469566345215,1.8660210371017456,0.004176780581474304,0.3784395754337311,0.3782908448247263,-0.0024611834523941465,tracking,0.3782908448247263,-0.0024611834523941465,tracking,4.120149568803797,0,0,0
1451,14.509999999999735,5.12373161315918,1.8660366535186768,0.003989852033555508,0.3784782588481903,0.37925286552283693,-0.0010758736471147945,tracking,0.37925286552283693,-0.0010758736471147945,tracking,4.1239342575468925,0,1,1
1452,14.519999999999735,5.127516746520996,1.8660513162612915,0.0038029111456125975,0.3785150945186615,0.37925286552283693,-0.0010758736471147945,tracking,0.37925286552283693,-0.0010758736471147945,tracking,4.1277194193086615,0,0,0
1453,14.529999999999735,5.1313018798828125,1.866065502166748,0.0036159465089440346,0.3785501718521118,0.37925286552283693,-0.0010758736471147945,tracking,0.37925286552283693,-0.0010758736471147945,tracking,4.1315045792533205,0,0,0
1454,14.539999999999734,5.135087490081787,1.8660787343978882,0.0034289706964045763,0.3785835802555084,0.37925286552283693,-0.0010758736471147945,tracking,0.37925286552283693,-0.0010758736471147945,tracking,4.135290212578211,0,0,0
1455,14.549999999999734,5.13887357711792,1.8660914897918701,0.003241973463445902,0.3786154091358185,0.37925286552283693,-0.0010758736471147945,tracking,0.37925286552283693,-0.0010758736471147945,tracking,4.139076321100857,0,0,0
1456,14.559999999999734,5.142659664154053,1.8661032915115356,0.0030549708753824234,0.3786163628101349,0.3786351809730288,0.0019653393988385334,tracking,0.3786351809730288,0.0019653393988385334,tracking,4.142862426530684,0,1,1
1457,14.569999999999734,5.1464457511901855,1.8661150932312012,0.003241974161937833,0.3786172568798065,0.3786351809730288,0.0019653393988385334,tracking,0.3786351809730288,0.0019653393988385334,tracking,4.14664853196051,0,0,0
1458,14.579999999999734,5.150231838226318,1.866127848625183,0.003428977681323886,0.37861812114715576,0.3786351809730288,0.0019653393988385334,tracking,0.3786351809730288,0.0019653393988385334,tracking,4.150434640483156,0,0,0
1459,14.589999999999733,5.154017925262451,1.8661410808563232,0.0036159816663712263,0.37861892580986023,0.3786351809730288,0.0019653393988385334,tracking,0.3786351809730288,0.0019653393988385334,tracking,4.154220750642292,0,0,0
1460,14.599999999999733,5.157804012298584,1.8661552667617798,0.0038029858842492104,0.3786197006702423,0.3786351809730288,0.0019653393988385334,tracking,0.3786351809730288,0.0019653393988385334,tracking,4.158006864254571,0,0,0
1461,14.609999999999733,5.161590576171875,1.8661694526672363,0.0036159611772745848,0.37868019938468933,0.37989190404616324,-0.0001556581735249374,tracking,0.37989190404616324,-0.0001556581735249374,tracking,4.161793454700662,0,1,1
1462,14.619999999999733,5.165377616882324,1.8661826848983765,0.003428917145356536,0.37873780727386475,0.37989190404616324,-0.0001556581735249374,tracking,0.37989190404616324,-0.0001556581735249374,tracking,4.165580518528292,0,0,0
1463,14.629999999999733,5.169165134429932,1.8661954402923584,0.003241836093366146,0.3787926733493805,0.37989190404616324,-0.0001556581735249374,tracking,0.37989190404616324,-0.0001556581735249374,tracking,4.169368057554297,0,0,0
1464,14.639999999999732,5.172953128814697,1.866207242012024,0.0030547373462468386,0.3788449466228485,0.37989190404616324,-0.0001556581735249374,tracking,0.37989190404616324,-0.0001556581735249374,tracking,4.173156070323494,0,0,0
1465,14.649999999999732,5.176741600036621,1.8662185668945312,0.002867605071514845,0.37889471650123596,0.37989190404616324,-0.0001556581735249374,tracking,0.37989190404616324,-0.0001556581735249374,tracking,4.176944558472124,0,0,0
1466,14.659999999999732,5.180530071258545,1.8662289381027222,0.0026804751250892878,0.3788304030895233,0.3785566302045958,0.002078452505382083,tracking,0.3785566302045958,0.002078452505382083,tracking,4.18073304388998,0,1,1
1467,14.669999999999732,5.1843180656433105,1.866239309310913,0.002867566654458642,0.378778338432312,0.3785566302045958,0.002078452505382083,tracking,0.3785566302045958,0.002078452505382083,tracking,4.184521052472464,0,0,0
1468,14.679999999999731,5.188105583190918,1.8662506341934204,0.0030546425841748714,0.3787361681461334,0.3785566302045958,0.002078452505382083,tracking,0.3785566302045958,0.002078452505382083,tracking,4.188308586951039,0,0,0
1469,14.689999999999731,5.191892623901367,1.866262435913086,0.0032416933681815863,0.3787020146846771,0.3785566302045958,0.002078452505382083,tracking,0.3785566302045958,0.002078452505382083,tracking,4.19209564605055,0,0,0
1470,14.699999999999731,5.195679664611816,1.8662751913070679,0.0034287339076399803,0.37867435812950134,0.3785566302045958,0.002078452505382083,tracking,0.3785566302045958,0.002078452505382083,tracking,4.1958827082421015,0,0,0
1471,14.70999999999973,5.199466705322266,1.866288423538208,0.0036157802678644657,0.37871965765953064,0.3796267381972535,0.0005374969959549703,tracking,0.3796267381972535,0.0005374969959549703,tracking,4.199669772069731,0,1,1
1472,14.71999999999973,5.203254222869873,1.8663026094436646,0.0038028412964195013,0.37876278162002563,0.3796267381972535,0.0005374969959549703,tracking,0.3796267381972535,0.0005374969959549703,tracking,4.203457316183448,0,0,0
1473,14.72999999999973,5.207042217254639,1.8663172721862793,0.003989930264651775,0.3788038492202759,0.3796267381972535,0.0005374969959549703,tracking,0.3796267381972535,0.0005374969959549703,tracking,4.2072453389467155,0,0,0
1474,14.73999999999973,5.210830211639404,1.8663328886032104,0.00417703203856945,0.3788429796695709,0.3796267381972535,0.0005374969959549703,tracking,0.3796267381972535,0.0005374969959549703,tracking,4.211033365521529,0,0,0
1475,14.74999999999973,5.214618682861328,1.8663489818572998,0.00436415895819664,0.37888026237487793,0.3796267381972535,0.0005374969959549703,tracking,0.3796267381972535,0.0005374969959549703,tracking,4.214821870925006,0,0,0
1476,14.75999999999973,5.21840763092041,1.8663660287857056,0.004551293794065714,0.3788893520832062,0.3790715271674723,-0.0013370008788399436,tracking,0.3790715271674723,-0.0013370008788399436,tracking,4.218610857331973,0,1,1
1477,14.76999999999973,5.222196578979492,1.8663830757141113,0.004364152904599905,0.378898024559021,0.3790715271674723,-0.0013370008788399436,tracking,0.3790715271674723,-0.0013370008788399436,tracking,4.222399843738941,0,0,0
1478,14.77999999999973,5.225985527038574,1.8663991689682007,0.004177009221166372,0.3789062798023224,0.3790715271674723,-0.0013370008788399436,tracking,0.3790715271674723,-0.0013370008788399436,tracking,4.2261888259752745,0,0,0
1479,14.78999999999973,5.229774475097656,1.8664147853851318,0.003989860415458679,0.37891414761543274,0.3790715271674723,-0.0013370008788399436,tracking,0.3790715271674723,-0.0013370008788399436,tracking,4.2299778062163025,0,0,0
1480,14.799999999999729,5.233563423156738,1.8664294481277466,0.003802709048613906,0.37892162799835205,0.3790715271674723,-0.0013370008788399436,tracking,0.3790715271674723,-0.0013370008788399436,tracking,4.233766782646744,0,0,0
1481,14.809999999999729,5.2373528480529785,1.8664441108703613,0.003989876713603735,0.3789635896682739,0.3798041166521834,0.00028207202085595755,tracking,0.3798041166521834,0.00028207202085595755,tracking,4.237556235910774,0,1,1
1482,14.819999999999729,5.241142749786377,1.8664597272872925,0.004177057649940252,0.3790035545825958,0.3798041166521834,0.00028207202085595755,tracking,0.3798041166521834,0.00028207202085595755,tracking,4.24134616981802,0,0,0
1483,14.829999999999728,5.244933128356934,1.8664758205413818,0.0043642641976475716,0.3790416121482849,0.3798041166521834,0.00028207202085595755,tracking,0.3798041166521834,0.00028207202085595755,tracking,4.245136582552929,0,0,0
1484,14.839999999999728,5.24872350692749,1.8664928674697876,0.004551483318209648,0.37907788157463074,0.3798041166521834,0.00028207202085595755,tracking,0.3798041166521834,0.00028207202085595755,tracking,4.2489269994568994,0,0,0
1485,14.849999999999728,5.252514362335205,1.8665103912353516,0.00473872572183609,0.3791124224662781,0.3798041166521834,0.00028207202085595755,tracking,0.3798041166521834,0.00028207202085595755,tracking,4.252717895367441,0,0,0
1486,14.859999999999728,5.2563042640686035,1.866528868675232,0.004925935063511133,0.37887755036354065,0.37787757308850484,-0.0030562947525530158,tracking,0.37787757308850484,-0.0030562947525530158,tracking,4.2565078421434,0,1,1
1487,14.869999999999727,5.260092258453369,1.8665473461151123,0.004738865420222282,0.3786873519420624,0.37787757308850484,-0.0030562947525530158,tracking,0.37787757308850484,-0.0030562947525530158,tracking,4.260295881593406,0,0,0
1488,14.879999999999727,5.263878345489502,1.8665648698806763,0.004551852587610483,0.37853333353996277,0.37787757308850484,-0.0030562947525530158,tracking,0.37787757308850484,-0.0030562947525530158,tracking,4.264082009183377,0,0,0
1489,14.889999999999727,5.26766300201416,1.866581916809082,0.0043649314902722836,0.37840861082077026,0.37787757308850484,-0.0030562947525530158,tracking,0.37787757308850484,-0.0030562947525530158,tracking,4.267866704099404,0,0,0
1490,14.899999999999727,5.271446704864502,1.8665980100631714,0.0041780476458370686,0.37830761075019836,0.37787757308850484,-0.0030562947525530158,tracking,0.37787757308850484,-0.0030562947525530158,tracking,4.271650441174375,0,0,0
1491,14.909999999999727,5.2752299308776855,1.8666136264801025,0.003991187084466219,0.37833791971206665,0.37894518399071964,-0.0015189350533637536,tracking,0.37894518399071964,-0.0015189350533637536,tracking,4.275433699418179,0,1,1
1492,14.919999999999726,5.279013633728027,1.8666282892227173,0.003804316744208336,0.3783667981624603,0.37894518399071964,-0.0015189350533637536,tracking,0.37894518399071964,-0.0015189350533637536,tracking,4.279217430679211,0,0,0
1493,14.929999999999726,5.282797336578369,1.8666424751281738,0.003617428010329604,0.37839430570602417,0.37894518399071964,-0.0015189350533637536,tracking,0.37894518399071964,-0.0015189350533637536,tracking,4.283001160122445,0,0,0
1494,14.939999999999726,5.286581516265869,1.866655707359314,0.0034305304288864136,0.37842050194740295,0.37894518399071964,-0.0015189350533637536,tracking,0.37894518399071964,-0.0015189350533637536,tracking,4.286785362944602,0,0,0
1495,14.949999999999726,5.290365695953369,1.866668462753296,0.0032436158508062363,0.37844544649124146,0.37894518399071964,-0.0015189350533637536,tracking,0.37894518399071964,-0.0015189350533637536,tracking,4.290569564129445,0,0,0
1496,14.959999999999726,5.294150352478027,1.8666802644729614,0.003056688467040658,0.378499299287796,0.37957794250761745,0.0006077627890308851,tracking,0.37957794250761745,0.0006077627890308851,tracking,4.294354239054749,0,1,1
1497,14.969999999999725,5.297935485839844,1.866692066192627,0.0032436505425721407,0.37855058908462524,0.37957794250761745,0.0006077627890308851,tracking,0.37957794250761745,0.0006077627890308851,tracking,4.298139390814893,0,0,0
1498,14.979999999999725,5.301721096038818,1.8667048215866089,0.003430628916248679,0.3785994350910187,0.37957794250761745,0.0006077627890308851,tracking,0.37957794250761745,0.0006077627890308851,tracking,4.301925022503087,0,0,0
1499,14.989999999999725,5.305507183074951,1.866718053817749,0.003617638722062111,0.37864595651626587,0.37957794250761745,0.0006077627890308851,tracking,0.37957794250761745,0.0006077627890308851,tracking,4.305711132662223,0,0,0
1500,14.999999999999725,5.309293746948242,1.8667322397232056,0.0038046634290367365,0.37869027256965637,0.37957794250761745,0.0006077627890308851,tracking,0.37957794250761745,0.0006077627890308851,tracking,4.309497723108314,0,0,0
1501,15.009999999999724,5.313080787658691,1.866746425628662,0.0036176107823848724,0.37873008847236633,0.3795276758218031,-0.0006801468166035699,tracking,0.3795276758218031,-0.0006801468166035699,tracking,4.313284790388217,0,1,1
1502,15.019999999999724,5.316868305206299,1.8667596578598022,0.0034305453300476074,0.37876802682876587,0.3795276758218031,-0.0006801468166035699,tracking,0.3795276758218031,-0.0006801468166035699,tracking,4.3170723310500945,0,0,0
1503,15.029999999999724,5.3206562995910645,1.8667724132537842,0.0032434554304927588,0.37880414724349976,0.3795276758218031,-0.0006801468166035699,tracking,0.3795276758218031,-0.0006801468166035699,tracking,4.320860346910554,0,0,0
1504,15.039999999999724,5.32444429397583,1.8667842149734497,0.0030563538894057274,0.37883853912353516,0.3795276758218031,-0.0006801468166035699,tracking,0.3795276758218031,-0.0006801468166035699,tracking,4.324648359679752,0,0,0
1505,15.049999999999724,5.328232765197754,1.866795539855957,0.002869230229407549,0.3788713216781616,0.3795276758218031,-0.0006801468166035699,tracking,0.3795276758218031,-0.0006801468166035699,tracking,4.328436847828382,0,0,0
1506,15.059999999999723,5.332021713256836,1.866805911064148,0.002682097489014268,0.37889498472213745,0.37936895438925533,0.0009087056794723361,tracking,0.37936895438925533,0.0009087056794723361,tracking,4.332225810081609,0,1,1
1507,15.069999999999723,5.335810661315918,1.8668162822723389,0.0028692453633993864,0.37891751527786255,0.37936895438925533,0.0009087056794723361,tracking,0.37936895438925533,0.0009087056794723361,tracking,4.336014772334837,0,0,0
1508,15.079999999999723,5.339600086212158,1.8668276071548462,0.003056400455534458,0.3789389729499817,0.37936895438925533,0.0009087056794723361,tracking,0.37936895438925533,0.0009087056794723361,tracking,4.339804214153523,0,0,0
1509,15.089999999999723,5.343389511108398,1.8668394088745117,0.003243569517508149,0.37895941734313965,0.37936895438925533,0.0009087056794723361,tracking,0.37936895438925533,0.0009087056794723361,tracking,4.343593657427255,0,0,0
1510,15.099999999999723,5.347179412841797,1.8668521642684937,0.0034307450987398624,0.3789788782596588,0.37936895438925533,0.0009087056794723361,tracking,0.37936895438925533,0.0009087056794723361,tracking,4.347383580625539,0,0,0
1511,15.109999999999722,5.350969314575195,1.8668649196624756,0.0032435546163469553,0.3790046274662018,0.3795202439930906,-0.0006908486499495529,tracking,0.3795202439930906,-0.0006908486499495529,tracking,4.351173503823824,0,1,1
1512,15.119999999999722,5.354759693145752,1.8668767213821411,0.0030563557520508766,0.37902915477752686,0.3795202439930906,-0.0006908486499495529,tracking,0.3795202439930906,-0.0006908486499495529,tracking,4.354963900767248,0,0,0
1513,15.129999999999722,5.358550071716309,1.8668880462646484,0.0028691410552710295,0.3790525197982788,0.3795202439930906,-0.0006908486499495529,tracking,0.3795202439930906,-0.0006908486499495529,tracking,4.358754296255993,0,0,0
1514,15.139999999999722,5.362340927124023,1.8668984174728394,0.0026819189079105854,0.37907475233078003,0.3795202439930906,-0.0006908486499495529,tracking,0.3795202439930906,-0.0006908486499495529,tracking,4.362545165850712,0,0,0
1515,15.149999999999721,5.366131782531738,1.866908311843872,0.0024946825578808784,0.3790959417819977,0.3795202439930906,-0.0006908486499495529,tracking,0.3795202439930906,-0.0006908486499495529,tracking,4.36633603417087,0,0,0
1516,15.159999999999721,5.369922637939453,1.8669172525405884,0.002307442482560873,0.3790974020957947,0.37912677801523903,0.0012574396580557724,tracking,0.37912677801523903,0.0012574396580557724,tracking,4.370126900121845,0,1,1
1517,15.169999999999721,5.373713493347168,1.8669261932373047,0.002494683489203453,0.3790988028049469,0.37912677801523903,0.0012574396580557724,tracking,0.37912677801523903,0.0012574396580557724,tracking,4.373917766072819,0,0,0
1518,15.17999999999972,5.377504348754883,1.8669360876083374,0.0026819249615073204,0.37910014390945435,0.37912677801523903,0.0012574396580557724,tracking,0.37912677801523903,0.0012574396580557724,tracking,4.377708634392977,0,0,0
1519,15.18999999999972,5.381295204162598,1.8669464588165283,0.0028691671323031187,0.379101425409317,0.37912677801523903,0.0012574396580557724,tracking,0.37912677801523903,0.0012574396580557724,tracking,4.381499503987696,0,0,0
1520,15.19999999999972,5.3850860595703125,1.8669577836990356,0.0030564097687602043,0.3791026175022125,0.37912677801523903,0.0012574396580557724,tracking,0.37912677801523903,0.0012574396580557724,tracking,4.385290376311471,0,0,0
1521,15.20999999999972,5.3888773918151855,1.866969108581543,0.00286916084587574,0.3791196346282959,0.37946026919621734,-0.000777212357447039,tracking,0.37946026919621734,-0.000777212357447039,tracking,4.389081725470277,0,1,1
1522,15.21999999999972,5.392668724060059,1.8669794797897339,0.0026819065678864717,0.3791358172893524,0.37946026919621734,-0.000777212357447039,tracking,0.37946026919621734,-0.000777212357447039,tracking,4.392873071900369,0,0,0
1523,15.22999999999972,5.396460056304932,1.8669893741607666,0.002494641812518239,0.37915125489234924,0.37946026919621734,-0.000777212357447039,tracking,0.37946026919621734,-0.000777212357447039,tracking,4.396664417056061,0,0,0
1524,15.23999999999972,5.400251865386963,1.866998314857483,0.0023073721677064896,0.3791659474372864,0.37946026919621734,-0.000777212357447039,tracking,0.37946026919621734,-0.000777212357447039,tracking,4.400456236678701,0,0,0
1525,15.24999999999972,5.404043674468994,1.867006778717041,0.0021200929768383503,0.3791799545288086,0.37946026919621734,-0.000777212357447039,tracking,0.37946026919621734,-0.000777212357447039,tracking,4.404248055206992,0,0,0
1526,15.25999999999972,5.407835483551025,1.8670142889022827,0.001932817162014544,0.37914592027664185,0.37900096781262044,0.0014386063498265432,tracking,0.37900096781262044,0.0014386063498265432,tracking,4.408039871726479,0,1,1
1527,15.269999999999719,5.411626815795898,1.8670217990875244,0.0021200724877417088,0.3791183531284332,0.37900096781262044,0.0014386063498265432,tracking,0.37900096781262044,0.0014386063498265432,tracking,4.411831211409743,0,0,0
1528,15.279999999999719,5.415417671203613,1.8670302629470825,0.002307319547981024,0.37909603118896484,0.37900096781262044,0.0014386063498265432,tracking,0.37900096781262044,0.0014386063498265432,tracking,4.415622076266095,0,0,0
1529,15.289999999999718,5.419208526611328,1.8670392036437988,0.0024945533368736506,0.3790779411792755,0.37900096781262044,0.0014386063498265432,tracking,0.37900096781262044,0.0014386063498265432,tracking,4.419412942217069,0,0,0
1530,15.299999999999718,5.422999382019043,1.8670490980148315,0.0026817817706614733,0.37906330823898315,0.37900096781262044,0.0014386063498265432,tracking,0.37900096781262044,0.0014386063498265432,tracking,4.4232038105372276,0,0,0
1531,15.309999999999718,5.426790237426758,1.8670589923858643,0.00249454565346241,0.37910082936286926,0.37985257185007276,-0.00021229653589525206,tracking,0.37985257185007276,-0.00021229653589525206,tracking,4.426994678857386,0,1,1
1532,15.319999999999718,5.430581569671631,1.8670679330825806,0.0023072974290698767,0.3791365623474121,0.37985257185007276,-0.00021229653589525206,tracking,0.37985257185007276,-0.00021229653589525206,tracking,4.4307860216441926,0,0,0
1533,15.329999999999718,5.434372901916504,1.8670763969421387,0.0021200261544436216,0.37917059659957886,0.37985257185007276,-0.00021229653589525206,tracking,0.37985257185007276,-0.00021229653589525206,tracking,4.434577363336514,0,0,0
1534,15.339999999999717,5.438164710998535,1.8670839071273804,0.0019327440531924367,0.37920302152633667,0.37985257185007276,-0.00021229653589525206,tracking,0.37985257185007276,-0.00021229653589525206,tracking,4.438369179856001,0,0,0
1535,15.349999999999717,5.441956996917725,1.8670909404754639,0.0017454411135986447,0.3792338967323303,0.37985257185007276,-0.00021229653589525206,tracking,0.37985257185007276,-0.00021229653589525206,tracking,4.442161472297371,0,0,0
1536,15.359999999999717,5.445748329162598,1.8670971393585205,0.001558159478008747,0.37907347083091736,0.3783903894400606,0.0023178392063127823,tracking,0.3783903894400606,0.0023178392063127823,tracking,4.445952809609872,0,1,1
1537,15.369999999999717,5.449538230895996,1.8671033382415771,0.001745345420204103,0.3789435625076294,0.3783903894400606,0.0023178392063127823,tracking,0.3783903894400606,0.0023178392063127823,tracking,4.449742716412811,0,0,0
1538,15.379999999999717,5.453327178955078,1.8671103715896606,0.0019324925960972905,0.37883836030960083,0.3783903894400606,0.0023178392063127823,tracking,0.3783903894400606,0.0023178392063127823,tracking,4.453531670999819,0,0,0
1539,15.389999999999716,5.457115173339844,1.8671178817749023,0.0021195770241320133,0.3787531554698944,0.3783903894400606,0.0023178392063127823,tracking,0.3783903894400606,0.0023178392063127823,tracking,4.457319672829531,0,0,0
1540,15.399999999999716,5.460902214050293,1.8671263456344604,0.0023066361900418997,0.3786841630935669,0.3783903894400606,0.0023178392063127823,tracking,0.3783903894400606,0.0023178392063127823,tracking,4.461106722998134,0,0,0
1541,15.409999999999716,5.464689254760742,1.8671348094940186,0.0021195821464061737,0.37873736023902893,0.3798026679043191,-0.00028415821778051374,tracking,0.3798026679043191,-0.00028415821778051374,tracking,4.464893773166738,0,1,1
1542,15.419999999999716,5.46847677230835,1.8671423196792603,0.0019325109897181392,0.378788024187088,0.3798026679043191,-0.00028415821778051374,tracking,0.3798026679043191,-0.00028415821778051374,tracking,4.468681298160228,0,0,0
1543,15.429999999999715,5.472264766693115,1.8671493530273438,0.001745407353155315,0.3788362741470337,0.3798026679043191,-0.00028415821778051374,tracking,0.3798026679043191,-0.00028415821778051374,tracking,4.472469299074563,0,0,0
1544,15.439999999999715,5.476053237915039,1.8671555519104004,0.0015582881169393659,0.3788822293281555,0.3798026679043191,-0.00028415821778051374,tracking,0.3798026679043191,-0.00028415821778051374,tracking,4.476257775367942,0,0,0
1545,15.449999999999715,5.479842185974121,1.8671612739562988,0.0013711394276469946,0.37892600893974304,0.3798026679043191,-0.00028415821778051374,tracking,0.3798026679043191,-0.00028415821778051374,tracking,4.4800467277477205,0,0,0
1546,15.459999999999715,5.483631134033203,1.8671660423278809,0.0011839951621368527,0.3788551986217499,0.37855374744007736,0.0020826036862886055,tracking,0.37855374744007736,0.0020826036862886055,tracking,4.483835678807287,0,1,1
1547,15.469999999999715,5.487419605255127,1.867170810699463,0.0013710971688851714,0.37879785895347595,0.37855374744007736,0.0020826036862886055,tracking,0.37855374744007736,0.0020826036862886055,tracking,4.4876241530300724,0,0,0
1548,15.479999999999714,5.491207122802734,1.8671765327453613,0.0015581820625811815,0.3787514269351959,0.37855374744007736,0.0020826036862886055,tracking,0.37855374744007736,0.0020826036862886055,tracking,4.491411674900008,0,0,0
1549,15.489999999999714,5.494994640350342,1.8671826124191284,0.0017452392494305968,0.37871381640434265,0.37855374744007736,0.0020826036862886055,tracking,0.37855374744007736,0.0020826036862886055,tracking,4.495199197327119,0,0,0
1550,15.499999999999714,5.498781681060791,1.867189645767212,0.0019322852604091167,0.3786833584308624,0.37855374744007736,0.0020826036862886055,tracking,0.37855374744007736,0.0020826036862886055,tracking,4.498986244568782,0,0,0
1551,15.509999999999714,5.50256872177124,1.8671971559524536,0.002119336975738406,0.3787309527397156,0.3796841272474384,0.0004548567636887646,tracking,0.3796841272474384,0.0004548567636887646,tracking,4.502773292726052,0,1,1
1552,15.519999999999714,5.506356239318848,1.8672056198120117,0.002306403825059533,0.37877628207206726,0.3796841272474384,0.0004548567636887646,tracking,0.3796841272474384,0.0004548567636887646,tracking,4.506560819730622,0,0,0
1553,15.529999999999713,5.510144233703613,1.867214560508728,0.0024935000110417604,0.37881943583488464,0.3796841272474384,0.0004548567636887646,tracking,0.3796841272474384,0.0004548567636887646,tracking,4.510348824666611,0,0,0
1554,15.539999999999713,5.513932704925537,1.8672244548797607,0.0026806099340319633,0.37886056303977966,0.3796841272474384,0.0004548567636887646,tracking,0.3796841272474384,0.0004548567636887646,tracking,4.514137308809104,0,0,0
1555,15.549999999999713,5.517721652984619,1.8672348260879517,0.002867746399715543,0.3788997232913971,0.3796841272474384,0.0004548567636887646,tracking,0.3796841272474384,0.0004548567636887646,tracking,4.517926271062332,0,0,0
1556,15.559999999999713,5.521510601043701,1.867246150970459,0.0030548928771167994,0.37892159819602966,0.37935981812344227,-0.0009218619022430983,tracking,0.37935981812344227,-0.0009218619022430983,tracking,4.521715236045989,0,1,1
1557,15.569999999999713,5.525300025939941,1.8672574758529663,0.00286773219704628,0.37894243001937866,0.37935981812344227,-0.0009218619022430983,tracking,0.37935981812344227,-0.0009218619022430983,tracking,4.525504677864676,0,0,0
1558,15.579999999999712,5.529089450836182,1.8672678470611572,0.0026805647648870945,0.37896227836608887,0.37935981812344227,-0.0009218619022430983,tracking,0.37935981812344227,-0.0009218619022430983,tracking,4.529294116953276,0,0,0
1559,15.589999999999712,5.53287935256958,1.86727774143219,0.0024933847598731518,0.37898117303848267,0.37935981812344227,-0.0009218619022430983,tracking,0.37935981812344227,-0.0009218619022430983,tracking,4.533084031602367,0,0,0
1560,15.599999999999712,5.5366692543029785,1.8672866821289062,0.002306198701262474,0.37899917364120483,0.37935981812344227,-0.0009218619022430983,tracking,0.37935981812344227,-0.0009218619022430983,tracking,4.536873943881678,0,0,0
1561,15.609999999999712,5.540459156036377,1.8672951459884644,0.002118996810168028,0.37902894616127014,0.37962522600685167,-0.0005396745501336018,tracking,0.37962522600685167,-0.0005396745501336018,tracking,4.54066385506609,0,1,1
1562,15.619999999999711,5.544249534606934,1.867302656173706,0.0019317853730171919,0.37905728816986084,0.37962522600685167,-0.0005396745501336018,tracking,0.37962522600685167,-0.0005396745501336018,tracking,4.5444542410769095,0,0,0
1563,15.629999999999711,5.548040390014648,1.8673096895217896,0.001744555658660829,0.3790842890739441,0.37962522600685167,-0.0005396745501336018,tracking,0.37962522600685167,-0.0005396745501336018,tracking,4.548245103009266,0,0,0
1564,15.639999999999711,5.551831245422363,1.8673158884048462,0.001557317329570651,0.3791100084781647,0.37962522600685167,-0.0005396745501336018,tracking,0.37962522600685167,-0.0005396745501336018,tracking,4.552035963485246,0,0,0
1565,15.64999999999971,5.555622577667236,1.8673216104507446,0.0013700624695047736,0.37913450598716736,0.37962522600685167,-0.0005396745501336018,tracking,0.37962522600685167,-0.0005396745501336018,tracking,4.555827300048099,0,0,0
1566,15.65999999999971,5.559413433074951,1.8673263788223267,0.0011828179704025388,0.37904661893844604,0.37867247437571816,0.001911636898965831,tracking,0.37867247437571816,0.001911636898965831,tracking,4.559618158454788,0,1,1
1567,15.66999999999971,5.56320333480835,1.8673311471939087,0.0013700099661946297,0.37897545099258423,0.37867247437571816,0.001911636898965831,tracking,0.37867247437571816,0.001911636898965831,tracking,4.563408063187916,0,0,0
1568,15.67999999999971,5.56699275970459,1.8673368692398071,0.001557180774398148,0.3789178133010864,0.37867247437571816,0.001911636898965831,tracking,0.37867247437571816,0.001911636898965831,tracking,4.5671974924043095,0,0,0
1569,15.68999999999971,5.570781707763672,1.8673429489135742,0.0017443172400817275,0.3788711428642273,0.37867247437571816,0.001911636898965831,tracking,0.37867247437571816,0.001911636898965831,tracking,4.5709864453410525,0,0,0
1570,15.69999999999971,5.574570178985596,1.8673499822616577,0.0019314397359266877,0.3788333535194397,0.37867247437571816,0.001911636898965831,tracking,0.37867247437571816,0.001911636898965831,tracking,4.574774923091724,0,0,0
1571,15.70999999999971,5.5783586502075195,1.8673574924468994,0.002118565607815981,0.37888163328170776,0.37984893031434974,0.0002175403473363602,tracking,0.37984893031434974,0.0002175403473363602,tracking,4.578563401757656,0,1,1
1572,15.71999999999971,5.582147598266602,1.8673659563064575,0.0023057071957737207,0.378927618265152,0.37984893031434974,0.0002175403473363602,tracking,0.37984893031434974,0.0002175403473363602,tracking,4.582352359270131,0,0,0
1573,15.729999999999709,5.585937023162842,1.8673748970031738,0.0024928783532232046,0.3789714276790619,0.37984893031434974,0.0002175403473363602,tracking,0.37984893031434974,0.0002175403473363602,tracking,4.586141794713611,0,0,0
1574,15.739999999999709,5.58972692489624,1.8673847913742065,0.0026800634805113077,0.37901315093040466,0.37984893031434974,0.0002175403473363602,tracking,0.37984893031434974,0.0002175403473363602,tracking,4.589931709362702,0,0,0
1575,15.749999999999709,5.593517303466797,1.8673951625823975,0.002867275383323431,0.37905287742614746,0.37984893031434974,0.0002175403473363602,tracking,0.37984893031434974,0.0002175403473363602,tracking,4.5937221021220465,0,0,0
1576,15.759999999999708,5.5973076820373535,1.8674064874649048,0.0030544947367161512,0.37905773520469666,0.37915483199095273,-0.0012170419330280718,tracking,0.37915483199095273,-0.0012170419330280718,tracking,4.597512497610792,0,1,1
1577,15.769999999999708,5.60109806060791,1.867417812347412,0.00286727212369442,0.37906235456466675,0.37915483199095273,-0.0012170419330280718,tracking,0.37915483199095273,-0.0012170419330280718,tracking,4.601302893099537,0,0,0
1578,15.779999999999708,5.604888916015625,1.867428183555603,0.0026800481136888266,0.3790667653083801,0.37915483199095273,-0.0012170419330280718,tracking,0.37915483199095273,-0.0012170419330280718,tracking,4.605093762694255,0,0,0
1579,15.789999999999708,5.60867977142334,1.8674380779266357,0.0024928213097155094,0.3790709674358368,0.37915483199095273,-0.0012170419330280718,tracking,0.37915483199095273,-0.0012170419330280718,tracking,4.608884631014414,0,0,0
1580,15.799999999999708,5.612470626831055,1.867447018623352,0.0023055931087583303,0.37907496094703674,0.37915483199095273,-0.0012170419330280718,tracking,0.37915483199095273,-0.0012170419330280718,tracking,4.612675496965388,0,0,0
1581,15.809999999999707,5.6162614822387695,1.8674557209014893,0.0023055931087583303,0.3791183531284332,0.37998744610803953,-1.8077604423070645e-05,tracking,0.37998744610803953,-1.8077604423070645e-05,tracking,4.616466362361554,0,1,1
1582,15.819999999999707,5.620052814483643,1.8674644231796265,0.0023055931087583303,0.37915968894958496,0.37998744610803953,-1.8077604423070645e-05,tracking,0.37998744610803953,-1.8077604423070645e-05,tracking,4.620257704593621,0,0,0
1583,15.829999999999707,5.623844623565674,1.8674731254577637,0.0023055931087583303,0.3791990578174591,0.37998744610803953,-1.8077604423070645e-05,tracking,0.37998744610803953,-1.8077604423070645e-05,tracking,4.624049523661591,0,0,0
1584,15.839999999999707,5.627636909484863,1.8674818277359009,0.0023055931087583303,0.3792365491390228,0.37998744610803953,-1.8077604423070645e-05,tracking,0.37998744610803953,-1.8077604423070645e-05,tracking,4.627841819565464,0,0,0
1585,15.849999999999707,5.631429672241211,1.867490530014038,0.0023055931087583303,0.3792722523212433,0.37998744610803953,-1.8077604423070645e-05,tracking,0.37998744610803953,-1.8077604423070645e-05,tracking,4.631634592305239,0,0,0
1586,15.859999999999706,5.635222434997559,1.8674989938735962,0.0021182571072131395,0.3792997896671295,0.37985130426379354,-0.00021412186013730888,tracking,0.37985130426379354,-0.00021412186013730888,tracking,4.635427364505471,0,1,1
1587,15.869999999999706,5.6390156745910645,1.867506504058838,0.0019309122581034899,0.3793260157108307,0.37985130426379354,-0.00021412186013730888,tracking,0.37985130426379354,-0.00021412186013730888,tracking,4.639220611533628,0,0,0
1588,15.879999999999706,5.64280891418457,1.8675135374069214,0.0017435505287721753,0.3793509900569916,0.37985130426379354,-0.00021412186013730888,tracking,0.37985130426379354,-0.00021412186013730888,tracking,4.6430138576476745,0,0,0
1589,15.889999999999706,5.646602630615234,1.867519736289978,0.0015561807667836547,0.37937477231025696,0.37985130426379354,-0.00021412186013730888,tracking,0.37985130426379354,-0.00021412186013730888,tracking,4.6468075791427825,0,0,0
1590,15.899999999999705,5.650396347045898,1.8675254583358765,0.0013687957543879747,0.3793974220752716,0.37985130426379354,-0.00021412186013730888,tracking,0.37985130426379354,-0.00021412186013730888,tracking,4.650601299888713,0,0,0
1591,15.909999999999705,5.6541900634765625,1.8675302267074585,0.0011814074823632836,0.3793940544128418,0.3793797888195739,0.0008931040998136201,tracking,0.3793797888195739,0.0008931040998136201,tracking,4.65439501931609,0,1,1
1592,15.919999999999705,5.657983779907227,1.8675349950790405,0.0013687936589121819,0.3793913424015045,0.3793797888195739,0.0008931040998136201,tracking,0.3793797888195739,0.0008931040998136201,tracking,4.658188738743467,0,0,0
1593,15.929999999999705,5.661777496337891,1.867540717124939,0.0015561789041385055,0.3793891370296478,0.3793797888195739,0.0008931040998136201,tracking,0.3793797888195739,0.0008931040998136201,tracking,4.661982459489398,0,0,0
1594,15.939999999999705,5.665571212768555,1.8675469160079956,0.001743562868796289,0.37938734889030457,0.3793797888195739,0.0008931040998136201,tracking,0.3793797888195739,0.0008931040998136201,tracking,4.665776180984506,0,0,0
1595,15.949999999999704,5.669364929199219,1.867553949356079,0.0019309463677927852,0.37938591837882996,0.3793797888195739,0.0008931040998136201,tracking,0.3793797888195739,0.0008931040998136201,tracking,4.669569903934891,0,0,0
1596,15.959999999999704,5.673158645629883,1.8675609827041626,0.0017435571644455194,0.37940430641174316,0.37977280937793856,-0.0003271544957684971,tracking,0.37977280937793856,-0.0003271544957684971,tracking,4.673363626885275,0,1,1
1597,15.969999999999704,5.676952838897705,1.8675671815872192,0.0015561621403321624,0.37942183017730713,0.37977280937793856,-0.0003271544957684971,tracking,0.37977280937793856,-0.0003271544957684971,tracking,4.677157825216905,0,0,0
1598,15.979999999999704,5.680747032165527,1.8675729036331177,0.001368755823932588,0.37943851947784424,0.37977280937793856,-0.0003271544957684971,tracking,0.37977280937793856,-0.0003271544957684971,tracking,4.680952022799451,0,0,0
1599,15.989999999999704,5.684541702270508,1.8675776720046997,0.0011813441524282098,0.3794544041156769,0.37977280937793856,-0.0003271544957684971,tracking,0.37977280937793856,-0.0003271544957684971,tracking,4.684746695900391,0,0,0
1600,15.999999999999703,5.688336372375488,1.8675819635391235,0.0009939222363755107,0.37946954369544983,0.37977280937793856,-0.0003271544957684971,tracking,0.37977280937793856,-0.0003271544957684971,tracking,4.688541368432099,0,0,0
1601,16.009999999999703,5.6921305656433105,1.867585301399231,0.0008065198198892176,0.3793359398841858,0.37876706753300154,0.0017754227524777863,tracking,0.37876706753300154,0.0017754227524777863,tracking,4.692335563168126,0,1,1
1602,16.019999999999705,5.695923328399658,1.8675886392593384,0.0009938424918800592,0.37922772765159607,0.37876706753300154,0.0017754227524777863,tracking,0.37876706753300154,0.0017754227524777863,tracking,4.696128327393232,0,0,0
1603,16.029999999999706,5.6997151374816895,1.8675929307937622,0.001181132858619094,0.37914010882377625,0.37876706753300154,0.0017754227524777863,tracking,0.37876706753300154,0.0017754227524777863,tracking,4.699920138903822,0,0,0
1604,16.039999999999708,5.703505992889404,1.8675976991653442,0.00136837107129395,0.37906914949417114,0.37876706753300154,0.0017754227524777863,tracking,0.37876706753300154,0.0017754227524777863,tracking,4.703710997310512,0,0,0
1605,16.04999999999971,5.707296371459961,1.8676033020019531,0.0015555880963802338,0.37901169061660767,0.37876706753300154,0.0017754227524777863,tracking,0.37876706753300154,0.0017754227524777863,tracking,4.707501380022048,0,0,0
1606,16.05999999999971,5.711086750030518,1.867608904838562,0.0013683777069672942,0.37904825806617737,0.3797807986215409,-0.0003156499849811204,tracking,0.3797807986215409,-0.0003156499849811204,tracking,4.711291762733585,0,1,1
1607,16.069999999999713,5.714877605438232,1.867613673210144,0.001181155676022172,0.3790830969810486,0.3797807986215409,-0.0003156499849811204,tracking,0.3797807986215409,-0.0003156499849811204,tracking,4.715082621140274,0,0,0
1608,16.079999999999714,5.718668460845947,1.8676179647445679,0.0009939111769199371,0.3791162669658661,0.3797807986215409,-0.0003156499849811204,tracking,0.3797807986215409,-0.0003156499849811204,tracking,4.718873478977159,0,0,0
1609,16.089999999999716,5.72245979309082,1.8676213026046753,0.0008066560258157551,0.37914785742759705,0.3797807986215409,-0.0003156499849811204,tracking,0.3797807986215409,-0.0003156499849811204,tracking,4.722664812691344,0,0,0
1610,16.099999999999717,5.726251602172852,1.8676241636276245,0.0006193805602379143,0.3791779577732086,0.3797807986215409,-0.0003156499849811204,tracking,0.3797807986215409,-0.0003156499849811204,tracking,4.726456622852735,0,0,0
1611,16.10999999999972,5.730042457580566,1.8676260709762573,0.0004321368469391018,0.3789551556110382,0.3780065062257267,0.0028706310349535997,tracking,0.3780065062257267,0.0028706310349535997,tracking,4.730247478740286,0,1,1
1612,16.11999999999972,5.73383092880249,1.8676279783248901,0.0006192476721480489,0.3787747323513031,0.3780065062257267,0.0028706310349535997,tracking,0.3780065062257267,0.0028706310349535997,tracking,4.7340359504423475,0,0,0
1613,16.129999999999722,5.7376179695129395,1.8676308393478394,0.0008063047425821424,0.37862861156463623,0.3780065062257267,0.0028706310349535997,tracking,0.3780065062257267,0.0028706310349535997,tracking,4.737822992233515,0,0,0
1614,16.139999999999723,5.741403579711914,1.8676341772079468,0.0009932747343555093,0.3785102963447571,0.3780065062257267,0.0028706310349535997,tracking,0.3780065062257267,0.0028706310349535997,tracking,4.741608603904024,0,0,0
1615,16.149999999999725,5.745188236236572,1.867638349533081,0.0011802094522863626,0.37841448187828064,0.3780065062257267,0.0028706310349535997,tracking,0.3780065062257267,0.0028706310349535997,tracking,4.745393262728533,0,0,0
1616,16.159999999999727,5.748972415924072,1.8676429986953735,0.0013671285705640912,0.3784630298614502,0.37943564612801994,0.0008126695756512834,tracking,0.37943564612801994,0.0008126695756512834,tracking,4.749177445271963,0,1,1
1617,16.169999999999728,5.7527570724487305,1.8676486015319824,0.0015540632884949446,0.3785092830657959,0.37943564612801994,0.0008126695756512834,tracking,0.37943564612801994,0.0008126695756512834,tracking,4.752962105943862,0,0,0
1618,16.17999999999973,5.756542205810547,1.8676546812057495,0.0017410278087481856,0.3785533308982849,0.37943564612801994,0.0008126695756512834,tracking,0.37943564612801994,0.0008126695756512834,tracking,4.756747244188255,0,0,0
1619,16.18999999999973,5.7603278160095215,1.867661714553833,0.0019280064152553678,0.3785952925682068,0.37943564612801994,0.0008126695756512834,tracking,0.37943564612801994,0.0008126695756512834,tracking,4.760532860920911,0,0,0
1620,16.199999999999733,5.764113903045654,1.8676692247390747,0.0021150121465325356,0.3786352574825287,0.37943564612801994,0.0008126695756512834,tracking,0.37943564612801994,0.0008126695756512834,tracking,4.764318955405741,0,0,0
1621,16.209999999999734,5.767900466918945,1.8676776885986328,0.002302029635757208,0.3786675035953522,0.3793133936510887,-0.0009887131424322839,tracking,0.3793133936510887,-0.0009887131424322839,tracking,4.768105528738377,0,1,1
1622,16.219999999999736,5.7716875076293945,1.867686152458191,0.0021149911917746067,0.3786982297897339,0.3793133936510887,-0.0009887131424322839,tracking,0.3793133936510887,-0.0009887131424322839,tracking,4.77189257890698,0,0,0
1623,16.229999999999738,5.775474548339844,1.8676936626434326,0.001927942968904972,0.3787274658679962,0.3793133936510887,-0.0009887131424322839,tracking,0.3793133936510887,-0.0009887131424322839,tracking,4.7756796270642505,0,0,0
1624,16.23999999999974,5.779262065887451,1.8677006959915161,0.0017408758867532015,0.3787553310394287,0.3793133936510887,-0.0009887131424322839,tracking,0.3793133936510887,-0.0009887131424322839,tracking,4.779467151142249,0,0,0
1625,16.24999999999974,5.783049583435059,1.8677067756652832,0.0015537998406216502,0.37878185510635376,0.3793133936510887,-0.0009887131424322839,tracking,0.3793133936510887,-0.0009887131424322839,tracking,4.78325467356936,0,0,0
1626,16.259999999999742,5.786837577819824,1.8677126169204712,0.0015537998406216502,0.37883931398391724,0.37999051130848294,-1.3663715784609665e-05,tracking,0.37999051130848294,-1.3663715784609665e-05,tracking,4.78704267245786,0,1,1
1627,16.269999999999744,5.790626049041748,1.8677184581756592,0.0015537998406216502,0.37889406085014343,0.37999051130848294,-1.3663715784609665e-05,tracking,0.37999051130848294,-1.3663715784609665e-05,tracking,4.790831148182951,0,0,0
1628,16.279999999999745,5.794415473937988,1.8677242994308472,0.0015537998406216502,0.3789461851119995,0.37999051130848294,-1.3663715784609665e-05,tracking,0.37999051130848294,-1.3663715784609665e-05,tracking,4.794620577581226,0,0,0
1629,16.289999999999747,5.798205375671387,1.8677301406860352,0.0015537998406216502,0.3789958357810974,0.37999051130848294,-1.3663715784609665e-05,tracking,0.37999051130848294,-1.3663715784609665e-05,tracking,4.798410483816092,0,0,0
1630,16.29999999999975,5.801995754241943,1.8677359819412231,0.0015537998406216502,0.3790431320667267,0.37999051130848294,-1.3663715784609665e-05,tracking,0.37999051130848294,-1.3663715784609665e-05,tracking,4.80220086688755,0,0,0
1631,16.30999999999975,5.8057861328125,1.867741584777832,0.001366577809676528,0.37906795740127563,0.3795651450013246,-0.0006261911980925627,tracking,0.3795651450013246,-0.0006261911980925627,tracking,4.805991249599087,0,1,1
1632,16.31999999999975,5.809576988220215,1.8677462339401245,0.0011793478624895215,0.3790915906429291,0.3795651450013246,-0.0006261911980925627,tracking,0.3795651450013246,-0.0006261911980925627,tracking,4.809782107857702,0,0,0
1633,16.329999999999753,5.81336784362793,1.8677505254745483,0.0009921026648953557,0.3791141211986542,0.3795651450013246,-0.0006261911980925627,tracking,0.3795651450013246,-0.0006261911980925627,tracking,4.813572965694586,0,0,0
1634,16.339999999999755,5.817159175872803,1.8677538633346558,0.0008048502495512366,0.3791355788707733,0.3795651450013246,-0.0006261911980925627,tracking,0.3795651450013246,-0.0006261911980925627,tracking,4.817364299408772,0,0,0
1635,16.349999999999756,5.820950508117676,1.867756724357605,0.0006175840389914811,0.3791559934616089,0.3795651450013246,-0.0006261911980925627,tracking,0.3795651450013246,-0.0006261911980925627,tracking,4.821155632733141,0,0,0
1636,16.359999999999758,5.824741840362549,1.8677586317062378,0.00043032094254158437,0.37911683320999146,0.3789500753872859,0.0015118914423083037,tracking,0.3789500753872859,0.0015118914423083037,tracking,4.824946965457789,0,1,1
1637,16.36999999999976,5.828532695770264,1.8677605390548706,0.0006175605813041329,0.37908512353897095,0.3789500753872859,0.0015118914423083037,tracking,0.3789500753872859,0.0015118914423083037,tracking,4.82873782134534,0,0,0
1638,16.37999999999976,5.8323235511779785,1.8677634000778198,0.0008047907613217831,0.37905943393707275,0.3789500753872859,0.0015118914423083037,tracking,0.3789500753872859,0.0015118914423083037,tracking,4.832528677832686,0,0,0
1639,16.389999999999763,5.836113929748535,1.8677667379379272,0.0009920056909322739,0.37903863191604614,0.3789500753872859,0.0015118914423083037,tracking,0.3789500753872859,0.0015118914423083037,tracking,4.836319057872926,0,0,0
1640,16.399999999999764,5.839904308319092,1.867771029472351,0.001179214334115386,0.3790217936038971,0.3789500753872859,0.0015118914423083037,tracking,0.3789500753872859,0.0015118914423083037,tracking,4.8401094388729575,0,0,0
1641,16.409999999999766,5.843694686889648,1.8677756786346436,0.001366430544294417,0.3790614604949951,0.37985582315025446,0.0002076146636335683,tracking,0.37985582315025446,0.0002076146636335683,tracking,4.843899820294773,0,1,1
1642,16.419999999999767,5.847485542297363,1.8677812814712524,0.001553659443743527,0.3790992200374603,0.37985582315025446,0.0002076146636335683,tracking,0.37985582315025446,0.0002076146636335683,tracking,4.847690679842946,0,0,0
1643,16.42999999999977,5.851276874542236,1.8677873611450195,0.0017409126739948988,0.3791351914405823,0.37985582315025446,0.0002076146636335683,tracking,0.37985582315025446,0.0002076146636335683,tracking,4.8514820169624135,0,0,0
1644,16.43999999999977,5.855068206787109,1.867794394493103,0.0019281774293631315,0.3791694641113281,0.37985582315025446,0.0002076146636335683,tracking,0.37985582315025446,0.0002076146636335683,tracking,4.855273355731107,0,0,0
1645,16.449999999999772,5.858860015869141,1.8678019046783447,0.0021154643036425114,0.37920209765434265,0.37985582315025446,0.0002076146636335683,tracking,0.37985582315025446,0.0002076146636335683,tracking,4.859065172250594,0,0,0
1646,16.459999999999773,5.862651824951172,1.8678103685379028,0.002302756067365408,0.3791999816894531,0.3791909740417789,-0.0011649973798383752,tracking,0.3791909740417789,-0.0011649973798383752,tracking,4.8628569907788854,0,1,1
1647,16.469999999999775,5.866443634033203,1.867818832397461,0.002115465234965086,0.379198282957077,0.3791909740417789,-0.0011649973798383752,tracking,0.3791909740417789,-0.0011649973798383752,tracking,4.8666488093071765,0,0,0
1648,16.479999999999777,5.870235443115234,1.8678263425827026,0.0019281749846413732,0.3791968822479248,0.3791909740417789,-0.0011649973798383752,tracking,0.3791909740417789,-0.0011649973798383752,tracking,4.870440625826664,0,0,0
1649,16.489999999999778,5.874027252197266,1.8678333759307861,0.001740885665640235,0.3791957497596741,0.3791909740417789,-0.0011649973798383752,tracking,0.3791909740417789,-0.0011649973798383752,tracking,4.874232441431695,0,0,0
1650,16.49999999999978,5.877819061279297,1.8678394556045532,0.0015535965794697404,0.37919485569000244,0.3791909740417789,-0.0011649973798383752,tracking,0.3791909740417789,-0.0011649973798383752,tracking,4.878024255387707,0,0,0
1651,16.50999999999978,5.881611347198486,1.867845058441162,0.001366299926303327,0.3792189657688141,0.37970171041266465,-0.0004295370057628735,tracking,0.37970171041266465,-0.0004295370057628735,tracking,4.881816545445794,0,1,1
1652,16.519999999999783,5.885403633117676,1.8678497076034546,0.0011789954733103514,0.3792419135570526,0.37970171041266465,-0.0004295370057628735,tracking,0.37970171041266465,-0.0004295370057628735,tracking,4.885608834214809,0,0,0
1653,16.529999999999784,5.889196395874023,1.8678539991378784,0.0009916762355715036,0.3792637884616852,0.37970171041266465,-0.0004295370057628735,tracking,0.37970171041266465,-0.0004295370057628735,tracking,4.889401599399104,0,0,0
1654,16.539999999999786,5.892989158630371,1.8678573369979858,0.0008043500129133463,0.3792846202850342,0.37970171041266465,-0.0004295370057628735,tracking,0.37970171041266465,-0.0004295370057628735,tracking,4.89319436362421,0,0,0
1655,16.549999999999788,5.896781921386719,1.867860198020935,0.0006170104024931788,0.379304438829422,0.37970171041266465,-0.0004295370057628735,tracking,0.37970171041266465,-0.0004295370057628735,tracking,4.896987127459646,0,0,0
1656,16.55999999999979,5.900574684143066,1.8678621053695679,0.0004296816769056022,0.3792184889316559,0.3788525387354312,0.001652344220979127,tracking,0.3788525387354312,0.001652344220979127,tracking,4.900779890695588,0,1,1
1657,16.56999999999979,5.904366493225098,1.8678640127182007,0.0006169590633362532,0.3791489005088806,0.3788525387354312,0.001652344220979127,tracking,0.3788525387354312,0.001652344220979127,tracking,4.9045717002573355,0,0,0
1658,16.579999999999792,5.908157825469971,1.86786687374115,0.000804215669631958,0.3790925443172455,0.3788525387354312,0.001652344220979127,tracking,0.3788525387354312,0.001652344220979127,tracking,4.908363033581704,0,0,0
1659,16.589999999999794,5.9119486808776855,1.8678702116012573,0.0009914387483149767,0.37904688715934753,0.3788525387354312,0.001652344220979127,tracking,0.3788525387354312,0.001652344220979127,tracking,4.912153890458917,0,0,0
1660,16.599999999999795,5.915739059448242,1.8678743839263916,0.0011786482064053416,0.3790099322795868,0.3788525387354312,0.001652344220979127,tracking,0.3788525387354312,0.001652344220979127,tracking,4.915944271325853,0,0,0
1661,16.609999999999797,5.919528961181641,1.8678785562515259,0.0009914488764479756,0.3790157437324524,0.379132058261889,-0.0012498361028798555,tracking,0.379132058261889,-0.0012498361028798555,tracking,4.919734175355919,0,1,1
1662,16.6199999999998,5.923319339752197,1.8678818941116333,0.0008042476838454604,0.3790212869644165,0.379132058261889,-0.0012498361028798555,tracking,0.379132058261889,-0.0012498361028798555,tracking,4.923524555396159,0,0,0
1663,16.6299999999998,5.927109718322754,1.8678847551345825,0.0006170429405756295,0.3790265619754791,0.379132058261889,-0.0012498361028798555,tracking,0.379132058261889,-0.0012498361028798555,tracking,4.927314935046483,0,0,0
1664,16.6399999999998,5.9309000968933105,1.8678866624832153,0.0004298364801798016,0.37903156876564026,0.379132058261889,-0.0012498361028798555,tracking,0.379132058261889,-0.0012498361028798555,tracking,4.931105314096936,0,0,0
1665,16.649999999999803,5.934690475463867,1.86788809299469,0.00024262680381070822,0.3790363371372223,0.379132058261889,-0.0012498361028798555,tracking,0.379132058261889,-0.0012498361028798555,tracking,4.934895692937434,0,0,0
1666,16.659999999999805,5.938479423522949,1.8678885698318481,5.545775275095366e-05,0.37878483533859253,0.37771411019390305,0.003291681320779594,tracking,0.37771411019390305,0.003291681320779594,tracking,4.93868464102652,0,1,1
1667,16.669999999999806,5.942266464233398,1.8678890466690063,0.00024247681722044945,0.378581166267395,0.37771411019390305,0.003291681320779594,tracking,0.37771411019390305,0.003291681320779594,tracking,4.942471681766989,0,0,0
1668,16.679999999999808,5.946051597595215,1.867890477180481,0.0004294351674616337,0.3784162402153015,0.37771411019390305,0.003291681320779594,tracking,0.37771411019390305,0.003291681320779594,tracking,4.9462568153991215,0,0,0
1669,16.68999999999981,5.949835300445557,1.8678923845291138,0.000616295263171196,0.37828269600868225,0.37771411019390305,0.003291681320779594,tracking,0.37771411019390305,0.003291681320779594,tracking,4.950040518730207,0,0,0
1670,16.69999999999981,5.953617572784424,1.867895245552063,0.0008031155448406935,0.3781745433807373,0.37771411019390305,0.003291681320779594,tracking,0.37771411019390305,0.003291681320779594,tracking,4.953822792151155,0,0,0
1671,16.709999999999813,5.957399845123291,1.8678984642028809,0.0009899259312078357,0.37825247645378113,0.37981346961019513,0.00026860376131899706,tracking,0.37981346961019513,0.00026860376131899706,tracking,4.957605065859531,0,1,1
1672,16.719999999999814,5.961182594299316,1.8679026365280151,0.0011767613468691707,0.3783267140388489,0.37981346961019513,0.00026860376131899706,tracking,0.37981346961019513,0.00026860376131899706,tracking,4.9613878173365675,0,0,0
1673,16.729999999999816,5.964966297149658,1.8679072856903076,0.0013636444928124547,0.3783974051475525,0.37981346961019513,0.00026860376131899706,tracking,0.37981346961019513,0.00026860376131899706,tracking,4.965171523043199,0,0,0
1674,16.739999999999817,5.968750476837158,1.8679128885269165,0.001550550339743495,0.3784647285938263,0.37981346961019513,0.00026860376131899706,tracking,0.37981346961019513,0.00026860376131899706,tracking,4.968955706878462,0,0,0
1675,16.74999999999982,5.972535610198975,1.8679189682006836,0.001737499493174255,0.3785288631916046,0.37981346961019513,0.00026860376131899706,tracking,0.37981346961019513,0.00026860376131899706,tracking,4.972740845122855,0,0,0
1676,16.75999999999982,5.976321220397949,1.867926001548767,0.0019244629656895995,0.37855207920074463,0.37901705581613543,-0.0014154396247649552,tracking,0.37901705581613543,-0.0014154396247649552,tracking,4.976526461855511,0,1,1
1677,16.769999999999822,5.980106830596924,1.8679330348968506,0.0017374843591824174,0.3785741925239563,0.37901705581613543,-0.0014154396247649552,tracking,0.37901705581613543,-0.0014154396247649552,tracking,4.980312078588167,0,0,0
1678,16.779999999999824,5.983892440795898,1.8679391145706177,0.0015504986513406038,0.3785952627658844,0.37901705581613543,-0.0014154396247649552,tracking,0.37901705581613543,-0.0014154396247649552,tracking,4.984097693669103,0,0,0
1679,16.789999999999825,5.987678527832031,1.8679447174072266,0.0013634994393214583,0.3786153197288513,0.37901705581613543,-0.0014154396247649552,tracking,0.37901705581613543,-0.0014154396247649552,tracking,4.987883784850909,0,0,0
1680,16.799999999999827,5.991464614868164,1.867949366569519,0.0011764938244596124,0.37863442301750183,0.37901705581613543,-0.0014154396247649552,tracking,0.37901705581613543,-0.0014154396247649552,tracking,4.9916698747415325,0,0,0
1681,16.809999999999828,5.995251178741455,1.8679535388946533,0.0009894686518236995,0.3786744475364685,0.3794762180717458,-0.0007542459766860369,tracking,0.3794762180717458,-0.0007542459766860369,tracking,4.995456440913516,0,1,1
1682,16.81999999999983,5.999038219451904,1.8679567575454712,0.0008024306735023856,0.37871256470680237,0.3794762180717458,-0.0007542459766860369,tracking,0.3794762180717458,-0.0007542459766860369,tracking,4.99924348299175,0,0,0
1683,16.82999999999983,6.002825736999512,1.8679596185684204,0.0006153681897558272,0.3787488639354706,0.3794762180717458,-0.0007542459766860369,tracking,0.3794762180717458,-0.0007542459766860369,tracking,5.00303100161994,0,0,0
1684,16.839999999999833,6.006613254547119,1.8679615259170532,0.0004282940353732556,0.3787834644317627,0.3794762180717458,-0.0007542459766860369,tracking,0.3794762180717458,-0.0007542459766860369,tracking,5.0068185196478066,0,0,0
1685,16.849999999999834,6.010401248931885,1.8679629564285278,0.00024119763111229986,0.3788163959980011,0.3794762180717458,-0.0007542459766860369,tracking,0.3794762180717458,-0.0007542459766860369,tracking,5.010606514302684,0,0,0
1686,16.859999999999836,6.014188289642334,1.867963433265686,5.412869722931646e-05,0.37861666083335876,0.37776627975815813,0.003216557148252318,tracking,0.37776627975815813,0.003216557148252318,tracking,5.014393555043153,0,1,1
1687,16.869999999999838,6.01797342300415,1.8679639101028442,0.00024107849458232522,0.37845492362976074,0.37776627975815813,0.003216557148252318,tracking,0.37776627975815813,0.003216557148252318,tracking,5.018178688435005,0,0,0
1688,16.87999999999984,6.021757125854492,1.8679653406143188,0.0004279800923541188,0.3783239424228668,0.37776627975815813,0.003216557148252318,tracking,0.37776627975815813,0.003216557148252318,tracking,5.021962391555765,0,0,0
1689,16.88999999999984,6.025539875030518,1.8679672479629517,0.0006148036336526275,0.378217875957489,0.37776627975815813,0.003216557148252318,tracking,0.37776627975815813,0.003216557148252318,tracking,5.025745141212655,0,0,0
1690,16.899999999999842,6.029321670532227,1.8679699897766113,0.0008015955681912601,0.3781319856643677,0.37776627975815813,0.003216557148252318,tracking,0.37776627975815813,0.003216557148252318,tracking,5.029526937708275,0,0,0
1691,16.909999999999844,6.0331034660339355,1.8679732084274292,0.000988379935733974,0.3781949579715729,0.37945638567543705,0.0007828046273706331,tracking,0.37945638567543705,0.0007828046273706331,tracking,5.033308734579665,0,1,1
1692,16.919999999999845,6.036885738372803,1.8679773807525635,0.0011751846177503467,0.3782549500465393,0.37945638567543705,0.0007828046273706331,tracking,0.37945638567543705,0.0007828046273706331,tracking,5.037091009219833,0,0,0
1693,16.929999999999847,6.040668487548828,1.867982029914856,0.001362027833238244,0.3783120810985565,0.37945638567543705,0.0007828046273706331,tracking,0.37945638567543705,0.0007828046273706331,tracking,5.040873761252868,0,0,0
1694,16.93999999999985,6.044451713562012,1.8679876327514648,0.0015488894423469901,0.37836650013923645,0.37945638567543705,0.0007828046273706331,tracking,0.37945638567543705,0.0007828046273706331,tracking,5.04465699141486,0,0,0
1695,16.94999999999985,6.0482354164123535,1.867993712425232,0.0017357859760522842,0.37841832637786865,0.37945638567543705,0.0007828046273706331,tracking,0.37945638567543705,0.0007828046273706331,tracking,5.048440699149625,0,0,0
1696,16.95999999999985,6.0520195960998535,1.8680007457733154,0.0019226939184591174,0.3784354627132416,0.37877877482992217,-0.0017585642449120934,tracking,0.37877877482992217,-0.0017585642449120934,tracking,5.052224885373276,0,1,1
1697,16.969999999999853,6.055804252624512,1.868007779121399,0.0017357748001813889,0.37845179438591003,0.37877877482992217,-0.0017585642449120934,tracking,0.37877877482992217,-0.0017585642449120934,tracking,5.056009548433262,0,0,0
1698,16.979999999999855,6.05958890914917,1.868013858795166,0.0015488505596295,0.3784673511981964,0.37877877482992217,-0.0017585642449120934,tracking,0.37877877482992217,-0.0017585642449120934,tracking,5.059794209841112,0,0,0
1699,16.989999999999856,6.063373565673828,1.868019461631775,0.0013619163073599339,0.3784821629524231,0.37877877482992217,-0.0017585642449120934,tracking,0.37877877482992217,-0.0017585642449120934,tracking,5.063578870513011,0,0,0
1700,16.999999999999858,6.067158222198486,1.8680241107940674,0.0011749772820621729,0.3784962594509125,0.37877877482992217,-0.0017585642449120934,tracking,0.37877877482992217,-0.0017585642449120934,tracking,5.067363529893239,0,0,0
1701,17.00999999999986,6.070943355560303,1.8680282831192017,0.000988016719929874,0.3785475492477417,0.3795750151359033,-0.0006119782042992867,tracking,0.3795750151359033,-0.0006119782042992867,tracking,5.071148665554617,0,1,1
1702,17.01999999999986,6.074728965759277,1.8680315017700195,0.0008010396268218756,0.37859639525413513,0.3795750151359033,-0.0006119782042992867,tracking,0.3795750151359033,-0.0006119782042992867,tracking,5.074934277121892,0,0,0
1703,17.029999999999863,6.07851505279541,1.8680342435836792,0.0006140311597846448,0.3786429166793823,0.3795750151359033,-0.0006119782042992867,tracking,0.3795750151359033,-0.0006119782042992867,tracking,5.078720365150811,0,0,0
1704,17.039999999999864,6.082301616668701,1.868036150932312,0.00042700773337855935,0.3786872327327728,0.3795750151359033,-0.0006119782042992867,tracking,0.3795750151359033,-0.0006119782042992867,tracking,5.082506929504482,0,0,0
1705,17.049999999999866,6.08608865737915,1.8680375814437866,0.00023995581432245672,0.3787294328212738,0.3795750151359033,-0.0006119782042992867,tracking,0.3795750151359033,-0.0006119782042992867,tracking,5.0862939704851104,0,0,0
1706,17.059999999999867,6.089875221252441,1.8680380582809448,5.291618435876444e-05,0.37861260771751404,0.3781151709527314,0.0027141538280667675,tracking,0.3781151709527314,0.0027141538280667675,tracking,5.0900805343884254,0,1,1
1707,17.06999999999987,6.093660831451416,1.868038535118103,0.00023988608154468238,0.3785179853439331,0.3781151709527314,0.0027141538280667675,tracking,0.3781151709527314,0.0027141538280667675,tracking,5.093866144617431,0,0,0
1708,17.07999999999987,6.097445487976074,1.8680399656295776,0.0004268277552910149,0.37844136357307434,0.3781151709527314,0.0027141538280667675,tracking,0.3781151709527314,0.0027141538280667675,tracking,5.097650801412439,0,0,0
1709,17.089999999999872,6.101229667663574,1.8680418729782104,0.0006137237651273608,0.37837931513786316,0.3781151709527314,0.0027141538280667675,tracking,0.3781151709527314,0.0027141538280667675,tracking,5.1014349815806215,0,0,0
1710,17.099999999999874,6.105013370513916,1.8680446147918701,0.0008006013231351972,0.3783290684223175,0.3781151709527314,0.0027141538280667675,tracking,0.3781151709527314,0.0027141538280667675,tracking,5.105218685424374,0,0,0
1711,17.109999999999875,6.108797073364258,1.8680475950241089,0.0008006012649275362,0.3784081041812897,0.37999106080923883,-1.287243469605924e-05,tracking,0.37999106080923883,-1.287243469605924e-05,tracking,5.109002389448405,0,1,1
1712,17.119999999999877,6.112581729888916,1.8680505752563477,0.0008006012067198753,0.378483384847641,0.37999106080923883,-1.287243469605924e-05,tracking,0.37999106080923883,-1.287243469605924e-05,tracking,5.112787047146457,0,0,0
1713,17.129999999999878,6.116366863250732,1.8680535554885864,0.0008006011485122144,0.3785550892353058,0.37999106080923883,-1.287243469605924e-05,tracking,0.37999106080923883,-1.287243469605924e-05,tracking,5.116572181681519,0,0,0
1714,17.13999999999988,6.120152950286865,1.8680565357208252,0.0008006010903045535,0.378623366355896,0.37999106080923883,-1.287243469605924e-05,tracking,0.37999106080923883,-1.287243469605924e-05,tracking,5.120358269890602,0,0,0
1715,17.14999999999988,6.123939514160156,1.868059515953064,0.0008006010320968926,0.37868839502334595,0.37999106080923883,-1.287243469605924e-05,tracking,0.37999106080923883,-1.287243469605924e-05,tracking,5.124144834936695,0,0,0
1716,17.159999999999883,6.1277265548706055,1.8680627346038818,0.0009876565309241414,0.37874025106430054,0.3797791557725877,0.00031801568747372513,tracking,0.3797791557725877,0.00031801568747372513,tracking,5.1279318770149285,0,1,1
1717,17.169999999999884,6.131514072418213,1.8680669069290161,0.0011747287353500724,0.37878966331481934,0.3797791557725877,0.00031801568747372513,tracking,0.3797791557725877,0.00031801568747372513,tracking,5.13171939686065,0,0,0
1718,17.179999999999886,6.1353020668029785,1.8680715560913086,0.0013618327211588621,0.3788367211818695,0.3797791557725877,0.00031801568747372513,tracking,0.3797791557725877,0.00031801568747372513,tracking,5.135507394098469,0,0,0
1719,17.189999999999888,6.139090538024902,1.8680771589279175,0.0015489518409594893,0.3788815438747406,0.3797791557725877,0.00031801568747372513,tracking,0.3797791557725877,0.00031801568747372513,tracking,5.139295869463457,0,0,0
1720,17.19999999999989,6.142879486083984,1.8680832386016846,0.0017360997153446078,0.3789242208003998,0.3797791557725877,0.00031801568747372513,tracking,0.3797791557725877,0.00031801568747372513,tracking,5.1430848224002,0,0,0
1721,17.20999999999989,6.146667957305908,1.868090271949768,0.0019232373451814055,0.3788188695907593,0.37837033585173374,-0.00234671637350341,tracking,0.37837033585173374,-0.00234671637350341,tracking,5.1468733001508715,0,1,1
1722,17.219999999999892,6.150455474853516,1.8680973052978516,0.0017361623467877507,0.3787335455417633,0.37837033585173374,-0.00234671637350341,tracking,0.37837033585173374,-0.00234671637350341,tracking,5.15066082422887,0,0,0
1723,17.229999999999894,6.154242515563965,1.8681033849716187,0.001549112843349576,0.37866446375846863,0.37837033585173374,-0.00234671637350341,tracking,0.37837033585173374,-0.00234671637350341,tracking,5.154447869819437,0,0,0
1724,17.239999999999895,6.158029079437256,1.8681089878082275,0.0013621044345200062,0.3786085247993469,0.37837033585173374,-0.00234671637350341,tracking,0.37837033585173374,-0.00234671637350341,tracking,5.15823443783788,0,0,0
1725,17.249999999999897,6.161815166473389,1.86811363697052,0.0011751127894967794,0.3785632252693176,0.37837033585173374,-0.00234671637350341,tracking,0.37837033585173374,-0.00234671637350341,tracking,5.162020527728504,0,0,0
1726,17.2599999999999,6.165600776672363,1.8681178092956543,0.0009881264995783567,0.37859198451042175,0.37916824988681946,-0.001197720162979957,tracking,0.37916824988681946,-0.001197720162979957,tracking,5.16580614022675,0,1,1
1727,17.2699999999999,6.169386863708496,1.8681210279464722,0.0008011310128495097,0.37861937284469604,0.37916824988681946,-0.001197720162979957,tracking,0.37916824988681946,-0.001197720162979957,tracking,5.169592228631012,0,0,0
1728,17.2799999999999,6.173172950744629,1.8681237697601318,0.0006141178891994059,0.37864547967910767,0.37916824988681946,-0.001197720162979957,tracking,0.37916824988681946,-0.001197720162979957,tracking,5.17337831665993,0,0,0
1729,17.289999999999903,6.17695951461792,1.8681256771087646,0.000427096412749961,0.378670334815979,0.37916824988681946,-0.001197720162979957,tracking,0.37916824988681946,-0.001197720162979957,tracking,5.177164881013601,0,0,0
1730,17.299999999999905,6.180746555328369,1.8681271076202393,0.00024005894374568015,0.37869399785995483,0.37916824988681946,-0.001197720162979957,tracking,0.37916824988681946,-0.001197720162979957,tracking,5.18095192199423,0,0,0
1731,17.309999999999906,6.18453311920166,1.8681275844573975,5.3023115469841287e-05,0.3786603808403015,0.378517272452214,0.0021351276688118034,tracking,0.378517272452214,0.0021351276688118034,tracking,5.184738485897545,0,1,1
1732,17.319999999999908,6.188319683074951,1.8681280612945557,0.0002400388038950041,0.37863317131996155,0.378517272452214,0.0021351276688118034,tracking,0.378517272452214,0.0021351276688118034,tracking,5.18852504980086,0,0,0
1733,17.32999999999991,6.192105770111084,1.8681294918060303,0.00042704635416157544,0.37861111760139465,0.378517272452214,0.0021351276688118034,tracking,0.378517272452214,0.0021351276688118034,tracking,5.19231113710724,0,0,0
1734,17.33999999999991,6.195891857147217,1.868131399154663,0.0006140407640486956,0.3785932660102844,0.378517272452214,0.0021351276688118034,tracking,0.378517272452214,0.0021351276688118034,tracking,5.196097224623814,0,0,0
1735,17.349999999999913,6.19967794418335,1.8681341409683228,0.0008010298479348421,0.3785788118839264,0.378517272452214,0.0021351276688118034,tracking,0.378517272452214,0.0021351276688118034,tracking,5.199883312652732,0,0,0
1736,17.359999999999914,6.203464031219482,1.8681368827819824,0.0006140301702544093,0.37862497568130493,0.379549765765684,-0.0006483372974150558,tracking,0.379549765765684,-0.0006483372974150558,tracking,5.20366940068165,0,1,1
1737,17.369999999999916,6.207250595092773,1.8681387901306152,0.0004270156496204436,0.37866896390914917,0.379549765765684,-0.0006483372974150558,tracking,0.379549765765684,-0.0006483372974150558,tracking,5.207455965035321,0,0,0
1738,17.379999999999917,6.211037635803223,1.8681402206420898,0.00023997285461518914,0.3787108361721039,0.379549765765684,-0.0006483372974150558,tracking,0.379549765765684,-0.0006483372974150558,tracking,5.21124300601595,0,0,0
1739,17.38999999999992,6.21482515335083,1.868140697479248,5.291660636430606e-05,0.378750741481781,0.379549765765684,-0.0006483372974150558,tracking,0.379549765765684,-0.0006483372974150558,tracking,5.215030523593573,0,0,0
1740,17.39999999999992,6.2186126708984375,1.868140697479248,-0.00013416529691312462,0.3787887394428253,0.379549765765684,-0.0006483372974150558,tracking,0.379549765765684,-0.0006483372974150558,tracking,5.218818041141181,0,0,0
1741,17.409999999999922,6.222399711608887,1.8681397438049316,-0.00032122337142936885,0.3786059617996216,0.3778278065058301,0.0031279586316047166,tracking,0.3778278065058301,0.0031279586316047166,tracking,5.22260508197171,0,1,1
1742,17.419999999999924,6.226184844970703,1.8681387901306152,-0.00013427433441393077,0.3784579634666443,0.3778278065058301,0.0031279586316047166,tracking,0.3778278065058301,0.0031279586316047166,tracking,5.226390215453667,0,0,0
1743,17.429999999999925,6.229969024658203,1.8681387901306152,5.263058847049251e-05,0.378338098526001,0.3778278065058301,0.0031279586316047166,tracking,0.3778278065058301,0.0031279586316047166,tracking,5.230174395141167,0,0,0
1744,17.439999999999927,6.2337517738342285,1.8681392669677734,0.00023946407600305974,0.37824103236198425,0.3778278065058301,0.0031279586316047166,tracking,0.3778278065058301,0.0031279586316047166,tracking,5.233957144347246,0,0,0
1745,17.44999999999993,6.2375335693359375,1.868140697479248,0.0004262686416041106,0.3781624436378479,0.3778278065058301,0.0031279586316047166,tracking,0.3778278065058301,0.0031279586316047166,tracking,5.23773894011951,0,0,0
1746,17.45999999999993,6.2413153648376465,1.8681424856185913,0.0006130693946033716,0.3782294690608978,0.3795717939700494,0.0006166166831288577,tracking,0.3795717939700494,0.0006166166831288577,tracking,5.2415207360439595,0,1,1
1747,17.46999999999993,6.245098114013672,1.868145227432251,0.0007998917135410011,0.37829330563545227,0.3795717939700494,0.0006166166831288577,tracking,0.3795717939700494,0.0006166166831288577,tracking,5.245303486213646,0,0,0
1748,17.479999999999933,6.2488813400268555,1.8681484460830688,0.0009867550106719136,0.37835410237312317,0.3795717939700494,0.0006166166831288577,tracking,0.3795717939700494,0.0006166166831288577,tracking,5.249086713595993,0,0,0
1749,17.489999999999934,6.252665042877197,1.8681526184082031,0.001173637923784554,0.37841200828552246,0.3795717939700494,0.0006166166831288577,tracking,0.3795717939700494,0.0006166166831288577,tracking,5.252870418746766,0,0,0
1750,17.499999999999936,6.256449222564697,1.8681572675704956,0.001360558089800179,0.3784671425819397,0.3795717939700494,0.0006166166831288577,tracking,0.3795717939700494,0.0006166166831288577,tracking,5.256654601290196,0,0,0
1751,17.509999999999938,6.2602338790893555,1.8681628704071045,0.0015474922256544232,0.3784972131252289,0.3790995956819117,-0.0012965822180471117,tracking,0.3790995956819117,-0.0012965822180471117,tracking,5.2604392619620945,0,1,1
1752,17.51999999999994,6.264019012451172,1.8681684732437134,0.001360538648441434,0.37852585315704346,0.3790995956819117,-0.0012965822180471117,tracking,0.3790995956819117,-0.0012965822180471117,tracking,5.264224399470629,0,0,0
1753,17.52999999999994,6.2678046226501465,1.8681731224060059,0.0011735758744180202,0.3785531222820282,0.3790995956819117,-0.0012965822180471117,tracking,0.3790995956819117,-0.0012965822180471117,tracking,5.268010012524454,0,0,0
1754,17.539999999999942,6.271590232849121,1.8681772947311401,0.0009865955216810107,0.37857910990715027,0.3790995956819117,-0.0012965822180471117,tracking,0.3790995956819117,-0.0012965822180471117,tracking,5.2717956250227,0,0,0
1755,17.549999999999944,6.275376319885254,1.868180513381958,0.0007996068452484906,0.37860384583473206,0.3790995956819117,-0.0012965822180471117,tracking,0.3790995956819117,-0.0012965822180471117,tracking,5.275581713426962,0,0,0
1756,17.559999999999945,6.279162883758545,1.8681832551956177,0.0006125897634774446,0.37866535782814026,0.37989778632452514,-0.0001471876926837732,tracking,0.37989778632452514,-0.0001471876926837732,tracking,5.279368278292913,0,1,1
1757,17.569999999999947,6.282949924468994,1.868185043334961,0.00042555289110168815,0.37872394919395447,0.37989778632452514,-0.0001471876926837732,tracking,0.37989778632452514,-0.0001471876926837732,tracking,5.283155319425518,0,0,0
1758,17.57999999999995,6.286737442016602,1.8681864738464355,0.00023847835836932063,0.3787797689437866,0.37989778632452514,-0.0001471876926837732,tracking,0.37989778632452514,-0.0001471876926837732,tracking,5.286942837243271,0,0,0
1759,17.58999999999995,6.290525436401367,1.8681869506835938,5.138587948749773e-05,0.37883293628692627,0.37989778632452514,-0.0001471876926837732,tracking,0.37989778632452514,-0.0001471876926837732,tracking,5.290730831658049,0,0,0
1760,17.59999999999995,6.294313907623291,1.8681869506835938,-0.00013574078911915421,0.37888357043266296,0.37989778632452514,-0.0001471876926837732,tracking,0.37989778632452514,-0.0001471876926837732,tracking,5.294519302879973,0,0,0
1761,17.609999999999953,6.298101902008057,1.8681859970092773,-0.0003228557761758566,0.37876197695732117,0.3782442741498918,0.002528245224155787,tracking,0.3782442741498918,0.002528245224155787,tracking,5.298307297384788,0,1,1
1762,17.619999999999955,6.301888942718506,1.868185043334961,-0.0001358133740723133,0.3786635100841522,0.3782442741498918,0.002528245224155787,tracking,0.3782442741498918,0.002528245224155787,tracking,5.302094338215317,0,0,0
1763,17.629999999999956,6.305675029754639,1.868185043334961,5.119967318023555e-05,0.37858375906944275,0.3782442741498918,0.002528245224155787,tracking,0.3782442741498918,0.002528245224155787,tracking,5.30588042525145,0,0,0
1764,17.639999999999958,6.309460639953613,1.8681855201721191,0.00023816520115360618,0.3785191774368286,0.3782442741498918,0.002528245224155787,tracking,0.3782442741498918,0.002528245224155787,tracking,5.309666035480456,0,0,0
1765,17.64999999999996,6.31324577331543,1.8681869506835938,0.00042511147330515087,0.3784669041633606,0.3782442741498918,0.002528245224155787,tracking,0.3782442741498918,0.002528245224155787,tracking,5.3134511691125885,0,0,0
1766,17.65999999999996,6.317030906677246,1.868188738822937,0.0006120573380030692,0.37851786613464355,0.37953886151750327,0.0006640394147953152,tracking,0.37953886151750327,0.0006640394147953152,tracking,5.317236302896774,0,1,1
1767,17.669999999999963,6.320816516876221,1.8681914806365967,0.0007990195881575346,0.3785664141178131,0.37953886151750327,0.0006640394147953152,tracking,0.37953886151750327,0.0006640394147953152,tracking,5.321021914088658,0,0,0
1768,17.679999999999964,6.3246026039123535,1.8681946992874146,0.0009860129794105887,0.3786126673221588,0.37953886151750327,0.0006640394147953152,tracking,0.37953886151750327,0.0006640394147953152,tracking,5.32480800249292,0,0,0
1769,17.689999999999966,6.3283891677856445,1.8681988716125488,0.0011730212718248367,0.3786567151546478,0.37953886151750327,0.0006640394147953152,tracking,0.37953886151750327,0.0006640394147953152,tracking,5.328594568664903,0,0,0
1770,17.699999999999967,6.3321757316589355,1.8682035207748413,0.0013600578531622887,0.3786986470222473,0.37953886151750327,0.0006640394147953152,tracking,0.37953886151750327,0.0006640394147953152,tracking,5.332381135392326,0,0,0
1771,17.70999999999997,6.335962295532227,1.8682091236114502,0.0015470916405320168,0.3786396384239197,0.37838839195129764,-0.0023207155901313827,tracking,0.37838839195129764,-0.0023207155901313827,tracking,5.336167703410768,0,1,1
1772,17.71999999999997,6.339748382568359,1.868214726448059,0.0013600928941741586,0.3785918653011322,0.37838839195129764,-0.0023207155901313827,tracking,0.37838839195129764,-0.0023207155901313827,tracking,5.339953794592574,0,0,0
1773,17.729999999999972,6.343533992767334,1.8682193756103516,0.0011731083504855633,0.378553181886673,0.37838839195129764,-0.0023207155901313827,tracking,0.37838839195129764,-0.0023207155901313827,tracking,5.3437394076463995,0,0,0
1774,17.739999999999974,6.347319602966309,1.8682235479354858,0.0009861468570306897,0.3785218298435211,0.37838839195129764,-0.0023207155901313827,tracking,0.37838839195129764,-0.0023207155901313827,tracking,5.347525020144646,0,0,0
1775,17.749999999999975,6.351104736328125,1.8682267665863037,0.0007991947350092232,0.3784964382648468,0.37838839195129764,-0.0023207155901313827,tracking,0.37838839195129764,-0.0023207155901313827,tracking,5.351310154874936,0,0,0
1776,17.759999999999977,6.354889869689941,1.8682299852371216,0.0009861600119620562,0.37856194376945496,0.37987421395529475,0.00018113190437555379,tracking,0.37987421395529475,0.00018113190437555379,tracking,5.3550952896052255,0,1,1
1777,17.76999999999998,6.358675956726074,1.8682341575622559,0.0011731463018804789,0.3786243498325348,0.37987421395529475,0.00018113190437555379,tracking,0.37987421395529475,0.00018113190437555379,tracking,5.358881378940341,0,0,0
1778,17.77999999999998,6.362462520599365,1.8682388067245483,0.0013601727550849319,0.37868377566337585,0.37987421395529475,0.00018113190437555379,tracking,0.37987421395529475,0.00018113190437555379,tracking,5.362667945667763,0,0,0
1779,17.78999999999998,6.3662495613098145,1.8682444095611572,0.0015472183004021645,0.3787403702735901,0.37987421395529475,0.00018113190437555379,tracking,0.37987421395529475,0.00018113190437555379,tracking,5.366454990522842,0,0,0
1780,17.799999999999983,6.370037078857422,1.8682504892349243,0.001734300167299807,0.37879428267478943,0.37987421395529475,0.00018113190437555379,tracking,0.37987421395529475,0.00018113190437555379,tracking,5.370242512949952,0,0,0
1781,17.809999999999985,6.373824119567871,1.8682575225830078,0.0019213578198105097,0.3785930275917053,0.3777362040117282,-0.003259866223111417,tracking,0.3777362040117282,-0.003259866223111417,tracking,5.374029560191615,0,1,1
1782,17.819999999999986,6.3776092529296875,1.8682645559310913,0.001734419958665967,0.3784300684928894,0.3777362040117282,-0.003259866223111417,tracking,0.3777362040117282,-0.003259866223111417,tracking,5.377814700087936,0,0,0
1783,17.829999999999988,6.381392955780029,1.8682706356048584,0.0015475306427106261,0.3782981038093567,0.3777362040117282,-0.003259866223111417,tracking,0.3777362040117282,-0.003259866223111417,tracking,5.3815984078227,0,0,0
1784,17.83999999999999,6.3851752281188965,1.8682762384414673,0.0013607200235128403,0.3781912326812744,0.3777362040117282,-0.003259866223111417,tracking,0.3777362040117282,-0.003259866223111417,tracking,5.385380684311422,0,0,0
1785,17.84999999999999,6.388956546783447,1.8682808876037598,0.0011739411856979132,0.37810468673706055,0.3777362040117282,-0.003259866223111417,tracking,0.3777362040117282,-0.003259866223111417,tracking,5.389162005834064,0,0,0
1786,17.859999999999992,6.392737865447998,1.868285059928894,0.0009871713118627667,0.3781641125679016,0.37935417703150176,-0.000929985074637458,tracking,0.37935417703150176,-0.000929985074637458,tracking,5.392943326800496,0,1,1
1787,17.869999999999994,6.396519660949707,1.868288278579712,0.0008003823459148407,0.37822070717811584,0.37935417703150176,-0.000929985074637458,tracking,0.37935417703150176,-0.000929985074637458,tracking,5.396725123671886,0,0,0
1788,17.879999999999995,6.400301933288574,1.8682910203933716,0.0006135570001788437,0.3782745897769928,0.37935417703150176,-0.000929985074637458,tracking,0.37935417703150176,-0.000929985074637458,tracking,5.40050739700454,0,0,0
1789,17.889999999999997,6.404085159301758,1.8682929277420044,0.000426714337663725,0.3783259093761444,0.37935417703150176,-0.000929985074637458,tracking,0.37935417703150176,-0.000929985074637458,tracking,5.404290623498527,0,0,0
1790,17.9,6.4078688621521,1.868294358253479,0.00023983867140486836,0.3783748149871826,0.37935417703150176,-0.000929985074637458,tracking,0.37935417703150176,-0.000929985074637458,tracking,5.408074326619287,0,0,0
1791,17.91,6.411652565002441,1.8682948350906372,5.29510980413761e-05,0.37839820981025696,0.37886694850223734,0.0016315941567782697,tracking,0.37886694850223734,0.0016315941567782697,tracking,5.411858029499675,0,1,1
1792,17.92,6.415436744689941,1.8682953119277954,0.00023985360166989267,0.37842050194740295,0.37886694850223734,0.0016315941567782697,tracking,0.37886694850223734,0.0016315941567782697,tracking,5.415642209217218,0,0,0
1793,17.930000000000003,6.419220924377441,1.86829674243927,0.00042676323209889233,0.378441721200943,0.37886694850223734,0.0016315941567782697,tracking,0.37886694850223734,0.0016315941567782697,tracking,5.4194263891751016,0,0,0
1794,17.940000000000005,6.4230055809021,1.8682986497879028,0.0006136865122243762,0.37846192717552185,0.37886694850223734,0.0016315941567782697,tracking,0.37886694850223734,0.0016315941567782697,tracking,5.4232110461803815,0,0,0
1795,17.950000000000006,6.426790237426758,1.8683013916015625,0.0008006162825040519,0.3784811794757843,0.37886694850223734,0.0016315941567782697,tracking,0.37886694850223734,0.0016315941567782697,tracking,5.4269957036982,0,0,0
1796,17.960000000000008,6.430575370788574,1.8683041334152222,0.0006136614829301834,0.3785374164581299,0.3796641918265188,-0.0004835637698129506,tracking,0.3796641918265188,-0.0004835637698129506,tracking,5.430780838053051,0,1,1
1797,17.97000000000001,6.434360980987549,1.868306040763855,0.0004266886389814317,0.37859100103378296,0.3796641918265188,-0.0004835637698129506,tracking,0.3796641918265188,-0.0004835637698129506,tracking,5.434566448732527,0,0,0
1798,17.98000000000001,6.438147068023682,1.8683074712753296,0.00023968133609741926,0.3786420226097107,0.3796641918265188,-0.0004835637698129506,tracking,0.3796641918265188,-0.0004835637698129506,tracking,5.438352536038908,0,0,0
1799,17.990000000000013,6.441933631896973,1.8683079481124878,5.2657640480902046e-05,0.378690630197525,0.3796641918265188,-0.0004835637698129506,tracking,0.3796641918265188,-0.0004835637698129506,tracking,5.442139099942223,0,0,0
1800,18.000000000000014,6.445720672607422,1.8683079481124878,-0.0001343973126495257,0.3787369132041931,0.3796641918265188,-0.0004835637698129506,tracking,0.3796641918265188,-0.0004835637698129506,tracking,5.445926140652672,0,0,0
1801,18.010000000000016,6.449507713317871,1.8683069944381714,-0.000321445579174906,0.37865009903907776,0.3782804057413269,0.0024762157324893417,tracking,0.3782804057413269,0.0024762157324893417,tracking,5.449713181483201,0,1,1
1802,18.020000000000017,6.453293800354004,1.868306040763855,-0.00013444916112348437,0.3785797953605652,0.3782804057413269,0.0024762157324893417,tracking,0.3782804057413269,0.0024762157324893417,tracking,5.453499268639444,0,0,0
1803,18.03000000000002,6.4570794105529785,1.868306040763855,5.2526298532029614e-05,0.3785228431224823,0.3782804057413269,0.0024762157324893417,tracking,0.3782804057413269,0.0024762157324893417,tracking,5.4572848788384185,0,0,0
1804,18.04000000000002,6.460864543914795,1.8683065176010132,0.00023946781584527344,0.37847673892974854,0.3782804057413269,0.0024762157324893417,tracking,0.3782804057413269,0.0024762157324893417,tracking,5.46107001223027,0,0,0
1805,18.050000000000022,6.464649200439453,1.8683079481124878,0.00042639559251256287,0.37843939661979675,0.3782804057413269,0.0024762157324893417,tracking,0.3782804057413269,0.0024762157324893417,tracking,5.464854669025279,0,0,0
1806,18.060000000000024,6.468433856964111,1.8683098554611206,0.000613333482760936,0.37850746512413025,0.37987078267231184,0.00018607295187092563,tracking,0.37987078267231184,0.00018607295187092563,tracking,5.468639326030559,0,1,1
1807,18.070000000000025,6.472219467163086,1.8683125972747803,0.0008002932299859822,0.3785722851753235,0.37987078267231184,0.00018607295187092563,tracking,0.37987078267231184,0.00018607295187092563,tracking,5.472424937222443,0,0,0
1808,18.080000000000027,6.476005554199219,1.8683158159255981,0.0009872947121039033,0.3786340355873108,0.37987078267231184,0.00018607295187092563,tracking,0.37987078267231184,0.00018607295187092563,tracking,5.4762110256267045,0,0,0
1809,18.09000000000003,6.47979211807251,1.8683199882507324,0.001174316043034196,0.3786928355693817,0.37987078267231184,0.00018607295187092563,tracking,0.37987078267231184,0.00018607295187092563,tracking,5.479997591798688,0,0,0
1810,18.10000000000003,6.483579158782959,1.868324637413025,0.0013613750925287604,0.3787488341331482,0.37987078267231184,0.00018607295187092563,tracking,0.37987078267231184,0.00018607295187092563,tracking,5.48378463536291,0,0,0
1811,18.11000000000003,6.48736572265625,1.8683302402496338,0.001548419357277453,0.37860241532325745,0.3779789439034961,-0.0029103207789656074,tracking,0.3779789439034961,-0.0029103207789656074,tracking,5.487571203381353,0,1,1
1812,18.120000000000033,6.491151332855225,1.8683358430862427,0.0013614622876048088,0.3784838318824768,0.3779789439034961,-0.0029103207789656074,tracking,0.3779789439034961,-0.0029103207789656074,tracking,5.491356817726523,0,0,0
1813,18.130000000000035,6.494935512542725,1.8683404922485352,0.0011745404917746782,0.37838780879974365,0.3779789439034961,-0.0029103207789656074,tracking,0.3779789439034961,-0.0029103207789656074,tracking,5.495141000269952,0,0,0
1814,18.140000000000036,6.498719215393066,1.8683446645736694,0.0009876759722828865,0.37831005454063416,0.3779789439034961,-0.0029103207789656074,tracking,0.3779789439034961,-0.0029103207789656074,tracking,5.498924705420725,0,0,0
1815,18.150000000000038,6.502501964569092,1.8683478832244873,0.0008008346194401383,0.37824708223342896,0.3779789439034961,-0.0029103207789656074,tracking,0.3779789439034961,-0.0029103207789656074,tracking,5.502707455966087,0,0,0
1816,18.16000000000004,6.506284713745117,1.868350625038147,0.0006139971665106714,0.37829822301864624,0.3793226353047656,-0.0009754051611375377,tracking,0.3793226353047656,-0.0009754051611375377,tracking,5.506490206135774,0,1,1
1817,18.17000000000004,6.510067939758301,1.8683525323867798,0.0004271432408131659,0.37834692001342773,0.3793226353047656,-0.0009754051611375377,tracking,0.3793226353047656,-0.0009754051611375377,tracking,5.510273432629761,0,0,0
1818,18.180000000000042,6.513851642608643,1.8683539628982544,0.00024025802849791944,0.3783933222293854,0.3793226353047656,-0.0009754051611375377,tracking,0.3793226353047656,-0.0009754051611375377,tracking,5.514057135750521,0,0,0
1819,18.190000000000044,6.517635822296143,1.8683544397354126,5.3357896831585094e-05,0.37843751907348633,0.3793226353047656,-0.0009754051611375377,tracking,0.3793226353047656,-0.0009754051611375377,tracking,5.517841315468064,0,0,0
1820,18.200000000000045,6.521420478820801,1.8683544397354126,-0.00013357064744923264,0.37847959995269775,0.3793226353047656,-0.0009754051611375377,tracking,0.3793226353047656,-0.0009754051611375377,tracking,5.521625971992722,0,0,0
1821,18.210000000000047,6.525205135345459,1.8683534860610962,-0.0003205084358341992,0.37849363684654236,0.3787750961100759,0.0017638616014906596,tracking,0.3787750961100759,0.0017638616014906596,tracking,5.525410628637536,0,1,1
1822,18.22000000000005,6.528990268707275,1.8683525323867798,-0.00013356174167711288,0.37850701808929443,0.3787750961100759,0.0017638616014906596,tracking,0.3787750961100759,0.0017638616014906596,tracking,5.5291957621194925,0,0,0
1823,18.23000000000005,6.532775402069092,1.8683525323867798,5.338923801900819e-05,0.37851977348327637,0.3787750961100759,0.0017638616014906596,tracking,0.3787750961100759,0.0017638616014906596,tracking,5.532980895481309,0,0,0
1824,18.24000000000005,6.536560535430908,1.868353009223938,0.00024034842499531806,0.37853190302848816,0.3787750961100759,0.0017638616014906596,tracking,0.3787750961100759,0.0017638616014906596,tracking,5.536766028873161,0,0,0
1825,18.250000000000053,6.540346145629883,1.8683544397354126,0.0004273114900570363,0.3785434663295746,0.3787750961100759,0.0017638616014906596,tracking,0.3787750961100759,0.0017638616014906596,tracking,5.540551639342417,0,0,0
1826,18.260000000000055,6.544131755828857,1.8683563470840454,0.0006142973434180021,0.3786011040210724,0.3797554752818989,0.0003521155940655711,tracking,0.3797554752818989,0.0003521155940655711,tracking,5.544337250021893,0,1,1
1827,18.270000000000056,6.54791784286499,1.868359088897705,0.0008013017359189689,0.3786559998989105,0.3797554752818989,0.0003521155940655711,tracking,0.3797554752818989,0.0003521155940655711,tracking,5.548123338050811,0,0,0
1828,18.280000000000058,6.5517048835754395,1.868362307548523,0.0009883414022624493,0.37870827317237854,0.3797554752818989,0.0003521155940655711,tracking,0.3797554752818989,0.0003521155940655711,tracking,5.551910380129044,0,0,0
1829,18.29000000000006,6.555492401123047,1.8683664798736572,0.0011753978906199336,0.3787580728530884,0.3797554752818989,0.0003521155940655711,tracking,0.3797554752818989,0.0003521155940655711,tracking,5.555697899974765,0,0,0
1830,18.30000000000006,6.5592803955078125,1.8683711290359497,0.0013624863931909204,0.3788054883480072,0.3797554752818989,0.0003521155940655711,tracking,0.3797554752818989,0.0003521155940655711,tracking,5.559485897212585,0,0,0
1831,18.310000000000063,6.563067436218262,1.8683767318725586,0.0015495524276047945,0.3786214590072632,0.37783793589957326,-0.0031133723046144826,tracking,0.37783793589957326,-0.0031133723046144826,tracking,5.563272942067663,0,1,1
1832,18.320000000000064,6.566853046417236,1.8683823347091675,0.0013625959400087595,0.3784724175930023,0.37783793589957326,-0.0031133723046144826,tracking,0.37783793589957326,-0.0031133723046144826,tracking,5.567058556412833,0,0,0
1833,18.330000000000066,6.570637226104736,1.86838698387146,0.0011756839230656624,0.37835174798965454,0.37783793589957326,-0.0031133723046144826,tracking,0.37783793589957326,-0.0031133723046144826,tracking,5.570842738956263,0,0,0
1834,18.340000000000067,6.57442045211792,1.8683911561965942,0.0009888437343761325,0.3782540261745453,0.37783793589957326,-0.0031133723046144826,tracking,0.37783793589957326,-0.0031133723046144826,tracking,5.574625967270167,0,0,0
1835,18.35000000000007,6.578202724456787,1.868394374847412,0.0008020327077247202,0.37817487120628357,0.37783793589957326,-0.0031133723046144826,tracking,0.37783793589957326,-0.0031133723046144826,tracking,5.578408240978543,0,0,0
1836,18.36000000000007,6.581984519958496,1.8683971166610718,0.0006152291316539049,0.37823131680488586,0.3793619670102826,-0.0009187675051931122,tracking,0.3793619670102826,-0.0009187675051931122,tracking,5.582190037474164,0,1,1
1837,18.370000000000072,6.5857672691345215,1.8683990240097046,0.0004284074530005455,0.37828508019447327,0.3793619670102826,-0.0009187675051931122,tracking,0.3793619670102826,-0.0009187675051931122,tracking,5.585972787131054,0,0,0
1838,18.380000000000074,6.589550495147705,1.8684004545211792,0.0002415511989966035,0.3783362805843353,0.3793619670102826,-0.0009187675051931122,tracking,0.3793619670102826,-0.0009187675051931122,tracking,5.589756013414689,0,0,0
1839,18.390000000000075,6.593334197998047,1.8684009313583374,5.4678483138559386e-05,0.3783850371837616,0.3793619670102826,-0.0009187675051931122,tracking,0.3793619670102826,-0.0009187675051931122,tracking,5.593539716295077,0,0,0
1840,18.400000000000077,6.597118377685547,1.8684009313583374,-0.00013222558482084423,0.378431499004364,0.3793619670102826,-0.0009187675051931122,tracking,0.3793619670102826,-0.0009187675051931122,tracking,5.597323895982577,0,0,0
1841,18.41000000000008,6.600903034210205,1.868399977684021,-0.0003191420983057469,0.378460556268692,0.37904268365540716,0.0013785355362136526,tracking,0.37904268365540716,0.0013785355362136526,tracking,5.601108552627391,0,1,1
1842,18.42000000000008,6.604687690734863,1.8683990240097046,-0.00013220703112892807,0.3784882426261902,0.37904268365540716,0.0013785355362136526,tracking,0.37904268365540716,0.0013785355362136526,tracking,5.604893209272205,0,0,0
1843,18.43000000000008,6.60847282409668,1.8683990240097046,5.473691635415889e-05,0.3785146176815033,0.37904268365540716,0.0013785355362136526,tracking,0.37904268365540716,0.0013785355362136526,tracking,5.608678342634021,0,0,0
1844,18.440000000000083,6.612257957458496,1.8683995008468628,0.0002416978240944445,0.3785397410392761,0.37904268365540716,0.0013785355362136526,tracking,0.37904268365540716,0.0013785355362136526,tracking,5.612463476025873,0,0,0
1845,18.450000000000085,6.616043567657471,1.8684009313583374,0.00042866679723374546,0.37856364250183105,0.37904268365540716,0.0013785355362136526,tracking,0.37904268365540716,0.0013785355362136526,tracking,5.616249086495129,0,0,0
1846,18.460000000000086,6.6198296546936035,1.8684028387069702,0.0006156603340059519,0.3786143362522125,0.37962959822502473,0.0005333785559644283,tracking,0.37962959822502473,0.0005333785559644283,tracking,5.6200351740117025,0,1,1
1847,18.470000000000088,6.6236162185668945,1.8684056997299194,0.0008026701398193836,0.3786626160144806,0.37962959822502473,0.0005333785559644283,tracking,0.37962959822502473,0.0005333785559644283,tracking,5.623821738965848,0,0,0
1848,18.48000000000009,6.627403259277344,1.8684089183807373,0.0009897110285237432,0.3787086009979248,0.37962959822502473,0.0005333785559644283,tracking,0.37962959822502473,0.0005333785559644283,tracking,5.627608781044081,0,0,0
1849,18.49000000000009,6.631190776824951,1.8684130907058716,0.0011767667019739747,0.37875238060951233,0.37962959822502473,0.0005333785559644283,tracking,0.37962959822502473,0.0005333785559644283,tracking,5.6313963008898025,0,0,0
1850,18.500000000000092,6.634978294372559,1.868417739868164,0.0013638505479320884,0.3787941038608551,0.37962959822502473,0.0005333785559644283,tracking,0.37962959822502473,0.0005333785559644283,tracking,5.6351838212908225,0,0,0
1851,18.510000000000094,6.638765335083008,1.868423342704773,0.001550915534608066,0.3786383867263794,0.377975372633132,-0.0029154634082898803,tracking,0.377975372633132,-0.0029154634082898803,tracking,5.638970866145901,0,1,1
1852,18.520000000000095,6.642550945281982,1.8684289455413818,0.0013639430981129408,0.37851229310035706,0.377975372633132,-0.0029154634082898803,tracking,0.377975372633132,-0.0029154634082898803,tracking,5.642756480491071,0,0,0
1853,18.530000000000097,6.646335601806641,1.8684335947036743,0.0011770082637667656,0.3784101605415344,0.377975372633132,-0.0029154634082898803,tracking,0.377975372633132,-0.0029154634082898803,tracking,5.6465411398712995,0,0,0
1854,18.5400000000001,6.650119304656982,1.8684377670288086,0.0009901343146339059,0.37832745909690857,0.377975372633132,-0.0029154634082898803,tracking,0.377975372633132,-0.0029154634082898803,tracking,5.650324845022072,0,0,0
1855,18.5500000000001,6.653902053833008,1.8684409856796265,0.0008032849873416126,0.3782604932785034,0.377975372633132,-0.0029154634082898803,tracking,0.377975372633132,-0.0029154634082898803,tracking,5.654107595567434,0,0,0
1856,18.5600000000001,6.657684803009033,1.8684438467025757,0.0006164443911984563,0.37830108404159546,0.37911440747868175,-0.0012752532306982752,tracking,0.37911440747868175,-0.0012752532306982752,tracking,5.657890345825404,0,1,1
1857,18.570000000000103,6.661468029022217,1.8684457540512085,0.0004295907274354249,0.3783397674560547,0.37911440747868175,-0.0012752532306982752,tracking,0.37911440747868175,-0.0012752532306982752,tracking,5.661673572319391,0,0,0
1858,18.580000000000105,6.665251731872559,1.868447184562683,0.00024271219444926828,0.3783766031265259,0.37911440747868175,-0.0012752532306982752,tracking,0.37911440747868175,-0.0012752532306982752,tracking,5.6654572754401515,0,0,0
1859,18.590000000000106,6.669035911560059,1.8684476613998413,5.5821819842094555e-05,0.3784116804599762,0.37911440747868175,-0.0012752532306982752,tracking,0.37911440747868175,-0.0012752532306982752,tracking,5.669241455157694,0,0,0
1860,18.600000000000108,6.672820091247559,1.8684476613998413,-0.00013109110295772552,0.3784450888633728,0.37911440747868175,-0.0012752532306982752,tracking,0.37911440747868175,-0.0012752532306982752,tracking,5.673025634845194,0,0,0
1861,18.61000000000011,6.676604747772217,1.868446707725525,-0.00031801455770619214,0.3784756362438202,0.3790876773755186,0.001313744579253262,tracking,0.3790876773755186,0.001313744579253262,tracking,5.676810291490008,0,1,1
1862,18.62000000000011,6.680389881134033,1.8684457540512085,-0.00013107157428748906,0.37850475311279297,0.3790876773755186,0.001313744579253262,tracking,0.3790876773755186,0.001313744579253262,tracking,5.680595424971965,0,0,0
1863,18.630000000000113,6.68417501449585,1.8684457540512085,5.5880751460790634e-05,0.3785324692726135,0.3790876773755186,0.001313744579253262,tracking,0.3790876773755186,0.001313744579253262,tracking,5.684380558333781,0,0,0
1864,18.640000000000114,6.687960624694824,1.8684462308883667,0.00024285090330522507,0.378558874130249,0.3790876773755186,0.001313744579253262,tracking,0.3790876773755186,0.001313744579253262,tracking,5.688166168562787,0,0,0
1865,18.650000000000116,6.691746234893799,1.8684476613998413,0.0004298295243643224,0.37858402729034424,0.3790876773755186,0.001313744579253262,tracking,0.3790876773755186,0.001313744579253262,tracking,5.691951779032043,0,0,0
1866,18.660000000000117,6.695532321929932,1.868449091911316,0.00024282305093947798,0.3786429464817047,0.37982301052081496,-0.00025486485002647417,tracking,0.37982301052081496,-0.00025486485002647417,tracking,5.6957378663384235,0,1,1
1867,18.67000000000012,6.699318885803223,1.8684495687484741,5.579766002483666e-05,0.37869906425476074,0.37982301052081496,-0.00025486485002647417,tracking,0.37982301052081496,-0.00025486485002647417,tracking,5.6995244302417385,0,0,0
1868,18.68000000000012,6.703105926513672,1.8684495687484741,-0.00013126380508765578,0.3787524998188019,0.37982301052081496,-0.00025486485002647417,tracking,0.37982301052081496,-0.00025486485002647417,tracking,5.703311470952188,0,0,0
1869,18.690000000000122,6.7068939208984375,1.8684486150741577,-0.0003183424414601177,0.37880340218544006,0.37982301052081496,-0.00025486485002647417,tracking,0.37982301052081496,-0.00025486485002647417,tracking,5.707099465457003,0,0,0
1870,18.700000000000124,6.710682392120361,1.868447184562683,-0.000505453790538013,0.37885189056396484,0.37982301052081496,-0.00025486485002647417,tracking,0.37982301052081496,-0.00025486485002647417,tracking,5.710887936949004,0,0,0
1871,18.710000000000125,6.714470863342285,1.868444800376892,-0.0006925645284354687,0.3787996172904968,0.37857700277995615,0.0020491159968631517,tracking,0.37857700277995615,0.0020491159968631517,tracking,5.714676408921144,0,1,1
1872,18.720000000000127,6.718258857727051,1.868442416191101,-0.0005054850480519235,0.3787572681903839,0.37857700277995615,0.0020491159968631517,tracking,0.37857700277995615,0.0020491159968631517,tracking,5.71846440405622,0,0,0
1873,18.73000000000013,6.722046375274658,1.8684409856796265,-0.0003184181987307966,0.3787229657173157,0.37857700277995615,0.0020491159968631517,tracking,0.37857700277995615,0.0020491159968631517,tracking,5.722251921873973,0,0,0
1874,18.74000000000013,6.725833415985107,1.86844003200531,-0.0001313717948505655,0.37869518995285034,0.37857700277995615,0.0020491159968631517,tracking,0.37857700277995615,0.0020491159968631517,tracking,5.726038962704502,0,0,0
1875,18.75000000000013,6.729620456695557,1.86844003200531,5.5666321713943034e-05,0.37867271900177,0.37857700277995615,0.0020491159968631517,tracking,0.37857700277995615,0.0020491159968631517,tracking,5.729826003414951,0,0,0
1876,18.760000000000133,6.733407020568848,1.8684405088424683,0.00024270058202091604,0.3786834478378296,0.378898465806883,0.0015862092380884776,tracking,0.378898465806883,0.0015862092380884776,tracking,5.733612567318266,0,1,1
1877,18.770000000000135,6.737194061279297,1.8684419393539429,0.00042973828385584056,0.37869367003440857,0.378898465806883,0.0015862092380884776,tracking,0.378898465806883,0.0015862092380884776,tracking,5.737399608298895,0,0,0
1878,18.780000000000136,6.740981101989746,1.8684438467025757,0.0006167825777083635,0.37870341539382935,0.378898465806883,0.0015862092380884776,tracking,0.378898465806883,0.0015862092380884776,tracking,5.741186649489664,0,0,0
1879,18.790000000000138,6.744768142700195,1.868446707725525,0.0008038299856707454,0.3787126839160919,0.378898465806883,0.0015862092380884776,tracking,0.378898465806883,0.0015862092380884776,tracking,5.744973691280832,0,0,0
1880,18.80000000000014,6.7485551834106445,1.8684500455856323,0.0009908833308145404,0.3787215054035187,0.378898465806883,0.0015862092380884776,tracking,0.378898465806883,0.0015862092380884776,tracking,5.748760733462259,0,0,0
1881,18.81000000000014,6.7523417472839355,1.8684542179107666,0.0011779164196923375,0.37858983874320984,0.37802918476889164,-0.002837973932796058,tracking,0.37802918476889164,-0.002837973932796058,tracking,5.752547299634243,0,1,1
1882,18.820000000000142,6.756126880645752,1.8684583902359009,0.000990961561910808,0.37848320603370667,0.37802918476889164,-0.002837973932796058,tracking,0.37802918476889164,-0.002837973932796058,tracking,5.75633243529562,0,0,0
1883,18.830000000000144,6.759911060333252,1.8684617280960083,0.0008040385437197983,0.3783968389034271,0.37802918476889164,-0.002837973932796058,tracking,0.37802918476889164,-0.002837973932796058,tracking,5.7601166164552104,0,0,0
1884,18.840000000000146,6.763694763183594,1.8684645891189575,0.0006171669811010361,0.3783269226551056,0.37802918476889164,-0.002837973932796058,tracking,0.37802918476889164,-0.002837973932796058,tracking,5.763900320387224,0,0,0
1885,18.850000000000147,6.767477512359619,1.8684664964675903,0.0004303162277210504,0.37827029824256897,0.37802918476889164,-0.002837973932796058,tracking,0.37802918476889164,-0.002837973932796058,tracking,5.7676830700441135,0,0,0
1886,18.86000000000015,6.771260738372803,1.868468165397644,0.00043031616951338947,0.37835225462913513,0.37999394362765704,8.721176173835665e-06,tracking,0.37999394362765704,8.721176173835665e-06,tracking,5.771466296425412,0,1,1
1887,18.87000000000015,6.7750444412231445,1.8684698343276978,0.00043031611130572855,0.3784303069114685,0.37999394362765704,8.721176173835665e-06,tracking,0.37999394362765704,8.721176173835665e-06,tracking,5.775249999643823,0,0,0
1888,18.88000000000015,6.778829097747803,1.8684715032577515,0.00043031605309806764,0.3785046637058258,0.37999394362765704,8.721176173835665e-06,tracking,0.37999394362765704,8.721176173835665e-06,tracking,5.779034656536457,0,0,0
1889,18.890000000000153,6.782614707946777,1.8684731721878052,0.00043031599489040673,0.37857547402381897,0.37999394362765704,8.721176173835665e-06,tracking,0.37999394362765704,8.721176173835665e-06,tracking,5.7828202671033155,0,0,0
1890,18.900000000000155,6.78640079498291,1.8684748411178589,0.0004303159366827458,0.3786429166793823,0.37999394362765704,8.721176173835665e-06,tracking,0.37999394362765704,8.721176173835665e-06,tracking,5.786606354507286,0,0,0
1891,18.910000000000156,6.790187358856201,1.8684767484664917,0.0006173501606099308,0.3786982297897339,0.37980608497300994,0.000279237638865705,tracking,0.37980608497300994,0.000279237638865705,tracking,5.790392918860957,0,1,1
1892,18.920000000000158,6.79397439956665,1.868479609489441,0.0008044021669775248,0.37875092029571533,0.37980608497300994,0.000279237638865705,tracking,0.37980608497300994,0.000279237638865705,tracking,5.794179960652125,0,0,0
1893,18.93000000000016,6.797762393951416,1.8684829473495483,0.0009914879919961095,0.3788011074066162,0.37980608497300994,0.000279237638865705,tracking,0.37980608497300994,0.000279237638865705,tracking,5.797967956507498,0,0,0
1894,18.94000000000016,6.80155086517334,1.8684871196746826,0.0011785899987444282,0.3788488805294037,0.37980608497300994,0.000279237638865705,tracking,0.37980608497300994,0.000279237638865705,tracking,5.801756430026957,0,0,0
1895,18.950000000000163,6.805339813232422,1.868491768836975,0.0013657227391377091,0.3788943886756897,0.37980608497300994,0.000279237638865705,tracking,0.37980608497300994,0.000279237638865705,tracking,5.805545380938375,0,0,0
1896,18.960000000000164,6.8091278076171875,1.868497371673584,0.0015528337098658085,0.3787164092063904,0.37795872804198766,-0.0029394316195377836,tracking,0.37795872804198766,-0.0029394316195377836,tracking,5.809333379466726,0,1,1
1897,18.970000000000166,6.8129143714904785,1.8685029745101929,0.0013658286770805717,0.3785722851753235,0.37795872804198766,-0.0029394316195377836,tracking,0.37795872804198766,-0.0029394316195377836,tracking,5.813119947485169,0,0,0
1898,18.980000000000167,6.816699504852295,1.8685076236724854,0.001178866601549089,0.37845557928085327,0.37795872804198766,-0.0029394316195377836,tracking,0.37795872804198766,-0.0029394316195377836,tracking,5.816905083702196,0,0,0
1899,18.99000000000017,6.820483684539795,1.8685117959976196,0.0009919741423800588,0.3783610761165619,0.37795872804198766,-0.0029394316195377836,tracking,0.37795872804198766,-0.0029394316195377836,tracking,5.820689265689836,0,0,0
1900,19.00000000000017,6.8242669105529785,1.868515133857727,0.0008051097975112498,0.3782845437526703,0.37795872804198766,-0.0029394316195377836,tracking,0.37795872804198766,-0.0029394316195377836,tracking,5.824472493175481,0,0,0
1901,19.010000000000172,6.828050136566162,1.8685179948806763,0.0006182578508742154,0.37832343578338623,0.37910223914481317,-0.001292775631469064,tracking,0.37910223914481317,-0.001292775631469064,tracking,5.828255720270473,0,1,1
1902,19.020000000000174,6.831833362579346,1.868519902229309,0.000431393418693915,0.37836048007011414,0.37910223914481317,-0.001292775631469064,tracking,0.37910223914481317,-0.001292775631469064,tracking,5.83203894676446,0,0,0
1903,19.030000000000175,6.8356170654296875,1.8685213327407837,0.00024450517958030105,0.3783957362174988,0.37910223914481317,-0.001292775631469064,tracking,0.37910223914481317,-0.001292775631469064,tracking,5.835822649885221,0,0,0
1904,19.040000000000177,6.8394012451171875,1.868521809577942,5.760560088674538e-05,0.3784293234348297,0.37910223914481317,-0.001292775631469064,tracking,0.37910223914481317,-0.001292775631469064,tracking,5.839606829602763,0,0,0
1905,19.05000000000018,6.843185901641846,1.868521809577942,-0.0001293155801249668,0.3784613311290741,0.37910223914481317,-0.001292775631469064,tracking,0.37910223914481317,-0.001292775631469064,tracking,5.843391486127421,0,0,0
1906,19.06000000000018,6.846970558166504,1.8685208559036255,-0.0003162490320391953,0.37850379943847656,0.37935436719792304,0.0009297112349908104,tracking,0.37935436719792304,0.0009297112349908104,tracking,5.847176142772235,0,1,1
1907,19.07000000000018,6.85075569152832,1.868519902229309,-0.0001292883971473202,0.37854424118995667,0.37935436719792304,0.0009297112349908104,tracking,0.37935436719792304,0.0009297112349908104,tracking,5.850961276254192,0,0,0
1908,19.080000000000183,6.854541301727295,1.868519902229309,5.7685210776980966e-05,0.37858277559280396,0.37935436719792304,0.0009297112349908104,tracking,0.37935436719792304,0.0009297112349908104,tracking,5.854746886453166,0,0,0
1909,19.090000000000185,6.858327388763428,1.8685203790664673,0.0002446835860610008,0.3786194622516632,0.37935436719792304,0.0009297112349908104,tracking,0.37935436719792304,0.0009297112349908104,tracking,5.858532973519327,0,0,0
1910,19.100000000000186,6.862113952636719,1.868521809577942,0.0004316937702242285,0.378654420375824,0.37935436719792304,0.0009297112349908104,tracking,0.37935436719792304,0.0009297112349908104,tracking,5.862319537662832,0,0,0
1911,19.110000000000188,6.86590051651001,1.8685232400894165,0.00024465747992508113,0.37869831919670105,0.3795773943624231,-0.0006085521181107487,tracking,0.3795773943624231,-0.0006085521181107487,tracking,5.866106101806337,0,1,1
1912,19.12000000000019,6.869687557220459,1.8685237169265747,5.76070997340139e-05,0.378740131855011,0.3795773943624231,-0.0006085521181107487,tracking,0.3795773943624231,-0.0006085521181107487,tracking,5.869893142546806,0,0,0
1913,19.13000000000019,6.873475074768066,1.8685237169265747,-0.00012947016512043774,0.37877994775772095,0.3795773943624231,-0.0006085521181107487,tracking,0.3795773943624231,-0.0006085521181107487,tracking,5.873680660094413,0,0,0
1914,19.140000000000192,6.877263069152832,1.8685227632522583,-0.0003165602101944387,0.3788178563117981,0.3795773943624231,-0.0006085521181107487,tracking,0.3795773943624231,-0.0006085521181107487,tracking,5.8774686545992285,0,0,0
1915,19.150000000000194,6.881051540374756,1.8685213327407837,-0.0005036746151745319,0.378853976726532,0.3795773943624231,-0.0006085521181107487,tracking,0.3795773943624231,-0.0006085521181107487,tracking,5.88125712609123,0,0,0
1916,19.160000000000196,6.88484001159668,1.8685189485549927,-0.0006907973438501358,0.3788684010505676,0.3791576075550839,0.0012130451206792264,tracking,0.3791576075550839,0.0012130451206792264,tracking,5.885045598063369,0,1,1
1917,19.170000000000197,6.888628959655762,1.8685165643692017,-0.0005036654183641076,0.37888213992118835,0.3791576075550839,0.0012130451206792264,tracking,0.3791576075550839,0.0012130451206792264,tracking,5.888834546872573,0,0,0
1918,19.1800000000002,6.892417907714844,1.868515133857727,-0.00031652909819968045,0.37889525294303894,0.3791576075550839,0.0012130451206792264,tracking,0.3791576075550839,0.0012130451206792264,tracking,5.892623495201699,0,0,0
1919,19.1900000000002,6.896206855773926,1.8685141801834106,-0.00012938435247633606,0.3789077401161194,0.3791576075550839,0.0012130451206792264,tracking,0.3791576075550839,0.0012130451206792264,tracking,5.8964124433808,0,0,0
1920,19.200000000000202,6.899995803833008,1.8685141801834106,5.776440229965374e-05,0.3789196312427521,0.3791576075550839,0.0012130451206792264,tracking,0.3791576075550839,0.0012130451206792264,tracking,5.900201391439882,0,0,0
1921,19.210000000000203,6.903785228729248,1.8685146570205688,0.00024492896045558155,0.3789557218551636,0.3796787823885628,0.000462553360469597,tracking,0.3796787823885628,0.000462553360469597,tracking,5.903990816366123,0,1,1
1922,19.220000000000205,6.9075751304626465,1.8685160875320435,0.000432105123763904,0.378990113735199,0.3796787823885628,0.000462553360469597,tracking,0.3796787823885628,0.000462553360469597,tracking,5.907780718369498,0,0,0
1923,19.230000000000206,6.911365032196045,1.8685179948806763,0.0006193033768795431,0.37902286648750305,0.3796787823885628,0.000462553360469597,tracking,0.3796787823885628,0.000462553360469597,tracking,5.911570620582853,0,0,0
1924,19.240000000000208,6.915155410766602,1.8685208559036255,0.000806512194685638,0.37905406951904297,0.3796787823885628,0.000462553360469597,tracking,0.3796787823885628,0.000462553360469597,tracking,5.915361000233177,0,0,0
1925,19.25000000000021,6.918946266174316,1.868524193763733,0.000993741094134748,0.3790837824344635,0.3796787823885628,0.000462553360469597,tracking,0.3796787823885628,0.000462553360469597,tracking,5.91915185711039,0,0,0
1926,19.26000000000021,6.922735691070557,1.8685284852981567,0.0011809346033260226,0.3788391947746277,0.3777978552085346,-0.0031710884997101767,tracking,0.3777978552085346,-0.0031710884997101767,tracking,5.922941284436717,0,1,1
1927,19.270000000000213,6.926523208618164,1.8685327768325806,0.0009938867297023535,0.37864112854003906,0.3777978552085346,-0.0031710884997101767,tracking,0.3777978552085346,-0.0031710884997101767,tracking,5.926728804415634,0,0,0
1928,19.280000000000214,6.930308818817139,1.868536114692688,0.0008068978786468506,0.3784807324409485,0.3777978552085346,-0.0031710884997101767,tracking,0.3777978552085346,-0.0031710884997101767,tracking,5.930514416086143,0,0,0
1929,19.290000000000216,6.934092998504639,1.8685389757156372,0.0006200046045705676,0.3783508539199829,0.3777978552085346,-0.0031710884997101767,tracking,0.3777978552085346,-0.0031710884997101767,tracking,5.934298596855179,0,0,0
1930,19.300000000000217,6.937875747680664,1.86854088306427,0.0004331500385887921,0.37824568152427673,0.3777978552085346,-0.0031710884997101767,tracking,0.3777978552085346,-0.0031710884997101767,tracking,5.938081346512068,0,0,0
1931,19.31000000000022,6.9416584968566895,1.8685423135757446,0.000246309646172449,0.3783078193664551,0.37955258238161477,-0.0006442813704747152,tracking,0.37955258238161477,-0.0006442813704747152,tracking,5.94186409595858,0,1,1
1932,19.32000000000022,6.945441722869873,1.8685427904129028,5.944927397649735e-05,0.37836700677871704,0.37955258238161477,-0.0006442813704747152,tracking,0.37955258238161477,-0.0006442813704747152,tracking,5.945647322001814,0,0,0
1933,19.330000000000222,6.949225902557373,1.8685427904129028,-0.00012744915147777647,0.37842339277267456,0.37955258238161477,-0.0006442813704747152,tracking,0.37955258238161477,-0.0006442813704747152,tracking,5.949431501689314,0,0,0
1934,19.340000000000224,6.953010559082031,1.8685418367385864,-0.0003143656940665096,0.3784770965576172,0.37955258238161477,-0.0006442813704747152,tracking,0.37955258238161477,-0.0006442813704747152,tracking,5.953216158334127,0,0,0
1935,19.350000000000225,6.956795692443848,1.8685404062271118,-0.0005013167974539101,0.3785282373428345,0.37955258238161477,-0.0006442813704747152,tracking,0.37955258238161477,-0.0006442813704747152,tracking,5.95700129196626,0,0,0
1936,19.360000000000227,6.960580825805664,1.8685380220413208,-0.0006882779416628182,0.3785383999347687,0.3787419760967071,0.001811554420741747,tracking,0.3787419760967071,0.001811554420741747,tracking,5.960786426078954,0,1,1
1937,19.37000000000023,6.964366436004639,1.8685356378555298,-0.0005013103364035487,0.3785480856895447,0.3787419760967071,0.001811554420741747,tracking,0.3787419760967071,0.001811554420741747,tracking,5.964572037028711,0,0,0
1938,19.38000000000023,6.968152046203613,1.8685342073440552,-0.00031433964613825083,0.3785572946071625,0.3787419760967071,0.001811554420741747,tracking,0.3787419760967071,0.001811554420741747,tracking,5.968357647497967,0,0,0
1939,19.39000000000023,6.971937656402588,1.8685332536697388,-0.000127363033243455,0.37856608629226685,0.3787419760967071,0.001811554420741747,tracking,0.3787419760967071,0.001811554420741747,tracking,5.972143257817067,0,0,0
1940,19.400000000000233,6.9757232666015625,1.8685332536697388,5.9616402722895145e-05,0.3785744607448578,0.3787419760967071,0.001811554420741747,tracking,0.3787419760967071,0.001811554420741747,tracking,5.975928868016042,0,0,0
1941,19.410000000000235,6.979509353637695,1.868533730506897,0.00024661063798703253,0.3786110579967499,0.37934381825790475,0.0009449017086171577,tracking,0.37934381825790475,0.0009449017086171577,tracking,5.979714955082202,0,1,1
1942,19.420000000000236,6.983295440673828,1.8685351610183716,0.00043361663119867444,0.3786458969116211,0.37934381825790475,0.0009449017086171577,tracking,0.37934381825790475,0.0009449017086171577,tracking,5.983501042388583,0,0,0
1943,19.430000000000238,6.987082004547119,1.8685370683670044,0.0006206450634635985,0.378679096698761,0.37934381825790475,0.0009449017086171577,tracking,0.37934381825790475,0.0009449017086171577,tracking,5.987287606742254,0,0,0
1944,19.44000000000024,6.990869045257568,1.8685399293899536,0.0008076841477304697,0.37871071696281433,0.37934381825790475,0.0009449017086171577,tracking,0.37934381825790475,0.0009449017086171577,tracking,5.991074648533422,0,0,0
1945,19.45000000000024,6.994656085968018,1.868543267250061,0.0009947435464709997,0.3787408173084259,0.37934381825790475,0.0009449017086171577,tracking,0.37934381825790475,0.0009449017086171577,tracking,5.994861690714849,0,0,0
1946,19.460000000000242,6.998442649841309,1.8685475587844849,0.0011817847844213247,0.3786001205444336,0.37800110036731116,-0.0028784154710719723,tracking,0.37800110036731116,-0.0028784154710719723,tracking,5.998648257020063,0,1,1
1947,19.470000000000244,7.002228260040283,1.8685518503189087,0.0009948272490873933,0.37848618626594543,0.37800110036731116,-0.0028784154710719723,tracking,0.37800110036731116,-0.0028784154710719723,tracking,6.002433869651573,0,0,0
1948,19.480000000000246,7.006012439727783,1.8685551881790161,0.0008079037070274353,0.37839391827583313,0.37800110036731116,-0.0028784154710719723,tracking,0.37800110036731116,-0.0028784154710719723,tracking,6.006218050811163,0,0,0
1949,19.490000000000247,7.009796142578125,1.8685580492019653,0.0006210351712070405,0.3783192038536072,0.37800110036731116,-0.0028784154710719723,tracking,0.37800110036731116,-0.0028784154710719723,tracking,6.010001754743176,0,0,0
1950,19.50000000000025,7.01357889175415,1.8685599565505981,0.00043418887071311474,0.37825870513916016,0.37800110036731116,-0.0028784154710719723,tracking,0.37800110036731116,-0.0028784154710719723,tracking,6.013784504400066,0,0,0
1951,19.51000000000025,7.017361640930176,1.8685613870620728,0.0002473444910719991,0.3783133924007416,0.37940898801439565,-0.0008510572592702586,tracking,0.37940898801439565,-0.0008510572592702586,tracking,6.017567253846577,0,1,1
1952,19.520000000000252,7.021144866943359,1.868561863899231,6.0482539993245155e-05,0.37836548686027527,0.37940898801439565,-0.0008510572592702586,tracking,0.37940898801439565,-0.0008510572592702586,tracking,6.021350479889811,0,0,0
1953,19.530000000000253,7.024928569793701,1.868561863899231,-0.00012641290959436446,0.3784151077270508,0.37940898801439565,-0.0008510572592702586,tracking,0.37940898801439565,-0.0008510572592702586,tracking,6.025134182740153,0,0,0
1954,19.540000000000255,7.028712749481201,1.8685609102249146,-0.00031332430080510676,0.37846237421035767,0.37940898801439565,-0.0008510572592702586,tracking,0.37940898801439565,-0.0008510572592702586,tracking,6.028918362547824,0,0,0
1955,19.550000000000257,7.032497406005859,1.86855947971344,-0.0005002660909667611,0.3785073757171631,0.37940898801439565,-0.0008510572592702586,tracking,0.37940898801439565,-0.0008510572592702586,tracking,6.032703019342832,0,0,0
1956,19.560000000000258,7.036282539367676,1.868557095527649,-0.0006872175144962966,0.37852102518081665,0.3787941293279269,0.0017364537677852891,tracking,0.3787941293279269,0.0017364537677852891,tracking,6.036488153455526,0,1,1
1957,19.57000000000026,7.040067672729492,1.868554711341858,-0.000500257418025285,0.3785340189933777,0.3787941293279269,0.0017364537677852891,tracking,0.3787941293279269,0.0017364537677852891,tracking,6.04027328756822,0,0,0
1958,19.58000000000026,7.043853282928467,1.8685532808303833,-0.00031329315970651805,0.3785463869571686,0.3787941293279269,0.0017364537677852891,tracking,0.3787941293279269,0.0017364537677852891,tracking,6.044058898037476,0,0,0
1959,19.590000000000263,7.047638893127441,1.868552327156067,-0.00012632095604203641,0.3785581588745117,0.3787941293279269,0.0017364537677852891,tracking,0.3787941293279269,0.0017364537677852891,tracking,6.047844508356576,0,0,0
1960,19.600000000000264,7.051424503326416,1.868552327156067,6.06550311204046e-05,0.3785693943500519,0.3787941293279269,0.0017364537677852891,tracking,0.3787941293279269,0.0017364537677852891,tracking,6.0516301185555506,0,0,0
1961,19.610000000000266,7.055210590362549,1.868552327156067,-0.0001263440790353343,0.3786279261112213,0.37980012060446405,-0.000287826329571755,tracking,0.37980012060446405,-0.000287826329571755,tracking,6.055416205591683,0,1,1
1962,19.620000000000267,7.05899715423584,1.8685513734817505,-0.00031336199026554823,0.3786836564540863,0.37980012060446405,-0.000287826329571755,tracking,0.37980012060446405,-0.000287826329571755,tracking,6.059202769585069,0,0,0
1963,19.63000000000027,7.062784194946289,1.8685499429702759,-0.0005004157428629696,0.3787367343902588,0.37980012060446405,-0.000287826329571755,tracking,0.37980012060446405,-0.000287826329571755,tracking,6.062989810565698,0,0,0
1964,19.64000000000027,7.0665717124938965,1.8685475587844849,-0.0006874865503050387,0.3787873089313507,0.37980012060446405,-0.000287826329571755,tracking,0.37980012060446405,-0.000287826329571755,tracking,6.06677732886371,0,0,0
1965,19.650000000000272,7.070359706878662,1.8685446977615356,-0.0008745898376218975,0.3788354694843292,0.37980012060446405,-0.000287826329571755,tracking,0.37980012060446405,-0.000287826329571755,tracking,6.070565324328922,0,0,0
1966,19.660000000000274,7.074147701263428,1.86854088306427,-0.001061687245965004,0.37875157594680786,0.37839437178521884,0.002312104629284854,tracking,0.37839437178521884,0.002312104629284854,tracking,6.074353320634481,0,1,1
1967,19.670000000000275,7.077934741973877,1.8685370683670044,-0.000874639954417944,0.3786836266517639,0.37839437178521884,0.002312104629284854,tracking,0.37839437178521884,0.002312104629284854,tracking,6.078140363266208,0,0,0
1968,19.680000000000277,7.081721305847168,1.8685342073440552,-0.0006876129191368818,0.37862861156463623,0.37839437178521884,0.002312104629284854,tracking,0.37839437178521884,0.002312104629284854,tracking,6.081926928220353,0,0,0
1969,19.69000000000028,7.085507392883301,1.8685318231582642,-0.000500618654768914,0.3785840570926666,0.37839437178521884,0.002312104629284854,tracking,0.37839437178521884,0.002312104629284854,tracking,6.085713016007174,0,0,0
1970,19.70000000000028,7.089293003082275,1.8685303926467896,-0.0003136376617476344,0.3785479664802551,0.37839437178521884,0.002312104629284854,tracking,0.37839437178521884,0.002312104629284854,tracking,6.089498626476431,0,0,0
1971,19.71000000000028,7.09307861328125,1.8685294389724731,-0.00012665674148593098,0.3785838484764099,0.3793023339877088,0.0010046390576993148,tracking,0.3793023339877088,0.0010046390576993148,tracking,6.09328423679553,0,1,1
1972,19.720000000000283,7.096864700317383,1.8685294389724731,6.033571480656974e-05,0.3786180019378662,0.3793023339877088,0.0010046390576993148,tracking,0.3793023339877088,0.0010046390576993148,tracking,6.097070323831663,0,0,0
1973,19.730000000000285,7.100651264190674,1.8685299158096313,0.0002473501372151077,0.3786505460739136,0.3793023339877088,0.0010046390576993148,tracking,0.3793023339877088,0.0010046390576993148,tracking,6.100856887734978,0,0,0
1974,19.740000000000286,7.104437828063965,1.868531346321106,0.000434375018812716,0.3786815404891968,0.3793023339877088,0.0010046390576993148,tracking,0.3793023339877088,0.0010046390576993148,tracking,6.104643451878483,0,0,0
1975,19.750000000000288,7.108224868774414,1.8685332536697388,0.0006214198074303567,0.3787110447883606,0.3793023339877088,0.0010046390576993148,tracking,0.3793023339877088,0.0010046390576993148,tracking,6.108430493069252,0,0,0
1976,19.76000000000029,7.112011909484863,1.868536114692688,0.0008084725704975426,0.37873005867004395,0.37911070686778736,-0.0012805821103862034,tracking,0.37911070686778736,-0.0012805821103862034,tracking,6.11221753486042,0,1,1
1977,19.77000000000029,7.115799427032471,1.8685389757156372,0.0006214074091985822,0.3787481486797333,0.37911070686778736,-0.0012805821103862034,tracking,0.37911070686778736,-0.0012805821103862034,tracking,6.11600505348861,0,0,0
1978,19.780000000000292,7.119586944580078,1.86854088306427,0.00043433645623736084,0.37876537442207336,0.37911070686778736,-0.0012805821103862034,tracking,0.37911070686778736,-0.0012805821103862034,tracking,6.119792571516477,0,0,0
1979,19.790000000000294,7.1233744621276855,1.8685423135757446,0.00024725444382056594,0.378781795501709,0.37911070686778736,-0.0012805821103862034,tracking,0.37911070686778736,-0.0012805821103862034,tracking,6.12358008933423,0,0,0
1980,19.800000000000296,7.127162456512451,1.8685427904129028,6.016714178258553e-05,0.3787974417209625,0.37911070686778736,-0.0012805821103862034,tracking,0.37911070686778736,-0.0012805821103862034,tracking,6.127368083749008,0,0,0
1981,19.810000000000297,7.130950927734375,1.868543028831482,6.0167087212903425e-05,0.37885335087776184,0.37997345861770576,-3.821959050372657e-05,tracking,0.37997345861770576,-3.821959050372657e-05,tracking,6.131156554978435,0,1,1
1982,19.8200000000003,7.134739875793457,1.868543267250061,6.016703264322132e-05,0.37890660762786865,0.37997345861770576,-3.821959050372657e-05,tracking,0.37997345861770576,-3.821959050372657e-05,tracking,6.134945503045018,0,0,0
1983,19.8300000000003,7.138529300689697,1.8685435056686401,6.016697807353921e-05,0.3789573311805725,0.37997345861770576,-3.821959050372657e-05,tracking,0.37997345861770576,-3.821959050372657e-05,tracking,6.138734927948759,0,0,0
1984,19.840000000000302,7.142319202423096,1.8685437440872192,6.0166923503857106e-05,0.37900564074516296,0.37997345861770576,-3.821959050372657e-05,tracking,0.37997345861770576,-3.821959050372657e-05,tracking,6.142524829689656,0,0,0
1985,19.850000000000303,7.146109580993652,1.8685439825057983,6.0166868934175e-05,0.37905165553092957,0.37997345861770576,-3.821959050372657e-05,tracking,0.37997345861770576,-3.821959050372657e-05,tracking,6.146315208267711,0,0,0
1986,19.860000000000305,7.149900436401367,1.8685444593429565,0.00024739716900512576,0.3790893256664276,0.3798438796983403,0.00022481323438995615,tracking,0.3798438796983403,0.00022481323438995615,tracking,6.150106063705415,0,1,1
1987,19.870000000000307,7.153691291809082,1.8685458898544312,0.0004346395726315677,0.3791252076625824,0.3798438796983403,0.00022481323438995615,tracking,0.3798438796983403,0.00022481323438995615,tracking,6.153896919383038,0,0,0
1988,19.880000000000308,7.157482624053955,1.868547797203064,0.0006219050264917314,0.3791593909263611,0.3798438796983403,0.00022481323438995615,tracking,0.3798438796983403,0.00022481323438995615,tracking,6.157688252107686,0,0,0
1989,19.89000000000031,7.161274433135986,1.8685506582260132,0.0008091814815998077,0.37919193506240845,0.3798438796983403,0.00022481323438995615,tracking,0.3798438796983403,0.00022481323438995615,tracking,6.161480062269077,0,0,0
1990,19.90000000000031,7.165066719055176,1.8685539960861206,0.000996478833258152,0.37922292947769165,0.3798438796983403,0.00022481323438995615,tracking,0.3798438796983403,0.00022481323438995615,tracking,6.16527234965721,0,0,0
1991,19.910000000000313,7.168857097625732,1.8685582876205444,0.0011837186757475138,0.3788420855998993,0.37722065215918504,-0.004002260890773537,tracking,0.37722065215918504,-0.004002260890773537,tracking,6.169062730657242,0,1,1
1992,19.920000000000314,7.172644138336182,1.8685625791549683,0.0009967057267203927,0.3785336911678314,0.37722065215918504,-0.004002260890773537,tracking,0.37722065215918504,-0.004002260890773537,tracking,6.1728497737993075,0,0,0
1993,19.930000000000316,7.176428318023682,1.8685659170150757,0.0008097846293821931,0.37828394770622253,0.37722065215918504,-0.004002260890773537,tracking,0.37722065215918504,-0.004002260890773537,tracking,6.1766339549588976,0,0,0
1994,19.940000000000317,7.180210113525391,1.868568778038025,0.0006230123690329492,0.37808170914649963,0.37722065215918504,-0.004002260890773537,tracking,0.37722065215918504,-0.004002260890773537,tracking,6.180415751542824,0,0,0
1995,19.95000000000032,7.183990001678467,1.8685706853866577,0.0004363003827165812,0.37791794538497925,0.37722065215918504,-0.004002260890773537,tracking,0.37722065215918504,-0.004002260890773537,tracking,6.184195640177129,0,0,0
1996,19.96000000000032,7.187769412994385,1.8685721158981323,0.00024962093448266387,0.37798285484313965,0.37928318164521335,-0.0010322184308928038,tracking,0.37928318164521335,-0.0010322184308928038,tracking,6.187975051763772,0,1,1
1997,19.970000000000322,7.191549777984619,1.8685725927352905,6.292063335422426e-05,0.3780446946620941,0.37928318164521335,-0.0010322184308928038,tracking,0.37928318164521335,-0.0010322184308928038,tracking,6.191755416784079,0,0,0
1998,19.980000000000324,7.195330619812012,1.8685725927352905,-0.00012381942360661924,0.3781035840511322,0.37928318164521335,-0.0010322184308928038,tracking,0.37928318164521335,-0.0010322184308928038,tracking,6.1955362586114715,0,0,0
1999,19.990000000000325,7.1991119384765625,1.8685716390609741,-0.00031057841260917485,0.37815967202186584,0.37928318164521335,-0.0010322184308928038,tracking,0.37928318164521335,-0.0010322184308928038,tracking,6.199317577396283,0,0,0
2000,20.000000000000327,7.2028937339782715,1.8685702085494995,-0.0004973734612576663,0.378213107585907,0.37928318164521335,-0.0010322184308928038,tracking,0.37928318164521335,-0.0010322184308928038,tracking,6.203099373168547,0,0,0
2001,20.01000000000033,7.206661701202393,1.8685678243637085,-0.0006837098626419902,0.3753734230995178,0.0,0.0,mission_complete,0.36328318164521334,0.0,mission_complete,6.206867341146966,0,1,1
2002,20.02000000000033,7.210388660430908,1.868565320968628,-0.0006837099208496511,0.3700306713581085,0.0,0.0,mission_complete,0.3472831816452133,0.0,mission_complete,6.210594301216245,0,0,0
2003,20.03000000000033,7.214052200317383,1.8685628175735474,-0.000683709979057312,0.36266088485717773,0.0,0.0,mission_complete,0.3312831816452133,0.0,mission_complete,6.214257841958038,0,0,0
2004,20.040000000000333,7.2176337242126465,1.8685603141784668,-0.0006837100372649729,0.35364964604377747,0.0,0.0,mission_complete,0.3152831816452133,0.0,mission_complete,6.217839366728207,0,0,0
2005,20.050000000000335,7.221118450164795,1.8685579299926758,-0.0006837100954726338,0.3433091342449188,0.0,0.0,mission_complete,0.2992831816452133,0.0,mission_complete,6.221324093495963,0,0,0
2006,20.060000000000336,7.224494457244873,1.8685556650161743,-0.0006837101536802948,0.331892192363739,0.0,0.0,mission_complete,0.28328318164521327,0.0,mission_complete,6.224700101335832,0,1,1
2007,20.070000000000338,7.227751731872559,1.8685534000396729,-0.0006837102118879557,0.3196035623550415,0.0,0.0,mission_complete,0.26728318164521325,0.0,mission_complete,6.227957376751004,0,0,0
2008,20.08000000000034,7.23088264465332,1.868551254272461,-0.0006837102700956166,0.30660903453826904,0.0,0.0,mission_complete,0.25128318164521324,0.0,mission_complete,6.231088290267064,0,0,0
2009,20.09000000000034,7.233880996704102,1.8685492277145386,-0.0006837103283032775,0.2930428683757782,0.0,0.0,mission_complete,0.23528318164521322,0.0,mission_complete,6.234086643002711,0,0,0
2010,20.100000000000342,7.236741065979004,1.8685473203659058,-0.0006837103865109384,0.2790137827396393,0.0,0.0,mission_complete,0.2192831816452132,0.0,mission_complete,6.236946712913608,0,0,0
2011,20.110000000000344,7.239459037780762,1.868545413017273,-0.0006837104447185993,0.26460981369018555,0.0,0.0,mission_complete,0.2032831816452132,0.0,mission_complete,6.239664685384611,0,1,1
2012,20.120000000000346,7.242031574249268,1.8685436248779297,-0.0006837105029262602,0.24990229308605194,0.0,0.0,mission_complete,0.18728318164521318,0.0,mission_complete,6.242237222474573,0,0,0
2013,20.130000000000347,7.244455814361572,1.868541955947876,-0.0006837105611339211,0.23494893312454224,0.0,0.0,mission_complete,0.17128318164521317,0.0,mission_complete,6.244661463161353,0,0,0
2014,20.14000000000035,7.246729373931885,1.8685404062271118,-0.0006837106193415821,0.21979650855064392,0.0,0.0,mission_complete,0.15528318164521315,0.0,mission_complete,6.246935023259831,0,0,0
2015,20.15000000000035,7.2488508224487305,1.8685389757156372,-0.000683710677549243,0.20448286831378937,0.0,0.0,mission_complete,0.13928318164521314,0.0,mission_complete,6.24905647225898,0,0,0
2016,20.160000000000352,7.250818252563477,1.8685376644134521,-0.000683710677549243,0.1890386939048767,0.0,0.0,mission_complete,0.12328318164521314,0.0,mission_complete,6.25102390281072,0,1,1
2017,20.170000000000353,7.252630710601807,1.8685364723205566,-0.000683710677549243,0.1734887957572937,0.0,0.0,mission_complete,0.10728318164521314,0.0,mission_complete,6.252836361241083,0,0,0
2018,20.180000000000355,7.254287242889404,1.8685352802276611,-0.000683710677549243,0.15785329043865204,0.0,0.0,mission_complete,0.09128318164521314,0.0,mission_complete,6.254492893957614,0,0,0
2019,20.190000000000357,7.255787372589111,1.8685342073440552,-0.000683710677549243,0.1421484500169754,0.0,0.0,mission_complete,0.07528318164521314,0.0,mission_complete,6.255993024040981,0,0,0
2020,20.200000000000358,7.257130146026611,1.8685332536697388,-0.000683710677549243,0.12638747692108154,0.0,0.0,mission_complete,0.05928318164521314,0.0,mission_complete,6.257335797817143,0,0,0
2021,20.21000000000036,7.258315086364746,1.868532419204712,-0.000683710677549243,0.11058104038238525,0.0,0.0,mission_complete,0.04328318164521314,0.0,mission_complete,6.2585207384491035,0,1,1
2022,20.22000000000036,7.259341716766357,1.8685317039489746,-0.000683710677549243,0.09473779052495956,0.0,0.0,mission_complete,0.027283181645213136,0.0,mission_complete,6.259547369099875,0,0,0
2023,20.230000000000363,7.260209560394287,1.8685311079025269,-0.000683710677549243,0.07886472344398499,0.0,0.0,mission_complete,0.011283181645213136,0.0,mission_complete,6.26041521293249,0,0,0
2024,20.240000000000364,7.260923385620117,1.8685306310653687,-0.000683710677549243,0.06386465579271317,0.0,0.0,mission_complete,0.0,0.0,mission_complete,6.261129038317585,0,0,0
2025,20.250000000000366,7.261501312255859,1.8685302734375,-0.000683710677549243,0.051717597991228104,0.0,0.0,mission_complete,0.0,0.0,mission_complete,6.261706965063979,0,0,0
2026,20.260000000000367,7.261969089508057,1.8685299158096313,-0.000683710677549243,0.041880909353494644,0.0,0.0,mission_complete,0.0,0.0,mission_complete,6.262174742452884,0,1,1
2027,20.27000000000037,7.262348175048828,1.8685296773910522,-0.000683710677549243,0.033915162086486816,0.0,0.0,mission_complete,0.0,0.0,mission_complete,6.26255382806863,0,0,0
2028,20.28000000000037,7.262655258178711,1.8685294389724731,-0.000683710677549243,0.027464497834444046,0.0,0.0,mission_complete,0.0,0.0,mission_complete,6.2628609112910665,0,0,0
2029,20.290000000000372,7.262903690338135,1.8685293197631836,-0.000683710677549243,0.02224075049161911,0.0,0.0,mission_complete,0.0,0.0,mission_complete,6.263109343479091,0,0,0
2030,20.300000000000374,7.2631049156188965,1.868529200553894,-0.000683710677549243,0.018010560423135757,0.0,0.0,mission_complete,0.0,0.0,mission_complete,6.263310568795164,0,0,0
