step,sim_time_s,x_m,y_m,yaw_rad,actual_speed_mps,requested_speed_mps,requested_steering_rad,request_reason,applied_speed_mps,applied_steering_rad,applied_reason,distance_travelled_m,collision,scan_event,request_published
1,0.01,1.0,1.8730000257492065,0.0,0.0,0.0,0.0,wall_lost,0.0,0.0,wall_lost,0.0,0,1,1
2,0.02,1.0,1.8730000257492065,0.0,0.0,0.0,0.0,wall_lost,0.0,0.0,wall_lost,0.0,0,0,0
3,0.03,1.0,1.8730000257492065,0.0,0.0,0.0,0.0,wall_lost,0.0,0.0,wall_lost,0.0,0,0,0
4,0.04,1.0,1.8730000257492065,0.0,0.0,0.0,0.0,wall_lost,0.0,0.0,wall_lost,0.0,0,0,0
5,0.05,1.0,1.8730000257492065,0.0,0.0,0.0,0.0,wall_lost,0.0,0.0,wall_lost,0.0,0,0,0
6,0.060000000000000005,1.0,1.8730000257492065,0.0,0.0,0.0,0.0,recovery_gate,0.0,0.0,recovery_gate,0.0,0,1,1
7,0.07,1.0,1.8730000257492065,0.0,0.0,0.0,0.0,recovery_gate,0.0,0.0,recovery_gate,0.0,0,0,0
8,0.08,1.0,1.8730000257492065,0.0,0.0,0.0,0.0,recovery_gate,0.0,0.0,recovery_gate,0.0,0,0,0
9,0.09,1.0,1.8730000257492065,0.0,0.0,0.0,0.0,recovery_gate,0.0,0.0,recovery_gate,0.0,0,0,0
10,0.09999999999999999,1.0,1.8730000257492065,0.0,0.0,0.0,0.0,recovery_gate,0.0,0.0,recovery_gate,0.0,0,0,0
11,0.10999999999999999,1.0,1.8730000257492065,0.0,0.0,0.0,0.0,recovery_gate,0.0,0.0,recovery_gate,0.0,0,1,1
12,0.11999999999999998,1.0,1.8730000257492065,0.0,0.0,0.0,0.0,recovery_gate,0.0,0.0,recovery_gate,0.0,0,0,0
13,0.12999999999999998,1.0,1.8730000257492065,0.0,0.0,0.0,0.0,recovery_gate,0.0,0.0,recovery_gate,0.0,0,0,0
14,0.13999999999999999,1.0,1.8730000257492065,0.0,0.0,0.0,0.0,recovery_gate,0.0,0.0,recovery_gate,0.0,0,0,0
15,0.15,1.0,1.8730000257492065,0.0,0.0,0.0,0.0,recovery_gate,0.0,0.0,recovery_gate,0.0,0,0,0
16,0.16,1.0,1.8730000257492065,0.0,0.0,0.0,0.0,recovery_gate,0.0,0.0,recovery_gate,0.0,0,1,1
17,0.17,1.0,1.8730000257492065,0.0,0.0,0.0,0.0,recovery_gate,0.0,0.0,recovery_gate,0.0,0,0,0
18,0.18000000000000002,1.0,1.8730000257492065,0.0,0.0,0.0,0.0,recovery_gate,0.0,0.0,recovery_gate,0.0,0,0,0
19,0.19000000000000003,1.0,1.8730000257492065,0.0,0.0,0.0,0.0,recovery_gate,0.0,0.0,recovery_gate,0.0,0,0,0
20,0.20000000000000004,1.0,1.8730000257492065,0.0,0.0,0.0,0.0,recovery_gate,0.0,0.0,recovery_gate,0.0,0,0,0
21,0.21000000000000005,1.0000003576278687,1.8730000257492065,-2.505225893401075e-08,7.608000305481255e-05,0.040000000000000015,-0.021254888654278416,tracking,0.008,-0.021254888654278416,tracking,3.5762786865234375e-07,0,1,1
22,0.22000000000000006,1.0000048875808716,1.8730000257492065,-1.8727878625668382e-07,0.0008332624565809965,0.040000000000000015,-0.021254888654278416,tracking,0.016,-0.021254888654278416,tracking,4.887580871582031e-06,0,0,0
23,0.23000000000000007,1.0000187158584595,1.8730000257492065,-9.61573618951661e-07,0.0019348408095538616,0.040000000000000015,-0.021254888654278416,tracking,0.024,-0.021254888654278416,tracking,1.8715858459472656e-05,0,0,0
24,0.24000000000000007,1.0000451803207397,1.8730000257492065,-2.1525586362258764e-06,0.003364439122378826,0.040000000000000015,-0.021254888654278416,tracking,0.032,-0.021254888654278416,tracking,4.5180320739746094e-05,0,0,0
25,0.25000000000000006,1.0000874996185303,1.8730000257492065,-4.387920853332616e-06,0.005106459837406874,0.040000000000000015,-0.021254888654278416,tracking,0.04,-0.021254888654278416,tracking,8.749961853027344e-05,0,0,0
26,0.26000000000000006,1.0001487731933594,1.8730000257492065,-7.2458233262295835e-06,0.007146047428250313,0.08000000000000002,-0.01769658535979731,tracking,0.048,-0.01769658535979731,tracking,0.000148773193359375,0,1,1
27,0.2700000000000001,1.0002318620681763,1.8730000257492065,-1.15402772280504e-05,0.009469052776694298,0.08000000000000002,-0.01769658535979731,tracking,0.056,-0.01769658535979731,tracking,0.00023186206817626953,0,0,0
28,0.2800000000000001,1.0003395080566406,1.8730000257492065,-1.6644009519950487e-05,0.012061999179422855,0.08000000000000002,-0.01769658535979731,tracking,0.064,-0.01769658535979731,tracking,0.000339508056640625,0,0,0
29,0.2900000000000001,1.0004743337631226,1.8730000257492065,-2.3540058464277536e-05,0.014912051148712635,0.08000000000000002,-0.01769658535979731,tracking,0.07200000000000001,-0.01769658535979731,tracking,0.0004743337631225586,0,0,0
30,0.3000000000000001,1.0006389617919922,1.8730000257492065,-3.141479101032019e-05,0.018006982281804085,0.08000000000000002,-0.01769658535979731,tracking,0.08000000000000002,-0.01769658535979731,tracking,0.0006389617919921875,0,0,0
31,0.3100000000000001,1.000835657119751,1.8730000257492065,-4.1404575313208625e-05,0.02133515104651451,0.12000000000000001,-0.01621550094448748,tracking,0.08800000000000002,-0.01621550094448748,tracking,0.0008356571197509766,0,1,1
32,0.3200000000000001,1.00106680393219,1.8730000257492065,-5.252671689959243e-05,0.02488546445965767,0.12000000000000001,-0.01621550094448748,tracking,0.09600000000000003,-0.01621550094448748,tracking,0.0010668039321899414,0,0,0
33,0.3300000000000001,1.0013344287872314,1.8730000257492065,-6.605668022530153e-05,0.02864736132323742,0.12000000000000001,-0.01621550094448748,tracking,0.10400000000000004,-0.01621550094448748,tracking,0.0013344287872314453,0,0,0
34,0.34000000000000014,1.0016406774520874,1.8730000257492065,-8.085840818239376e-05,0.032610777765512466,0.12000000000000001,-0.01621550094448748,tracking,0.11200000000000004,-0.01621550094448748,tracking,0.0016406774520874023,0,0,0
35,0.35000000000000014,1.0019875764846802,1.8730000257492065,-9.833355579758063e-05,0.036766134202480316,0.12000000000000001,-0.01621550094448748,tracking,0.12000000000000001,-0.01621550094448748,tracking,0.0019875764846801758,0,0,0
36,0.36000000000000015,1.002376914024353,1.8730000257492065,-0.00011720693873940036,0.041104305535554886,0.16000000000000003,-0.013571687869274665,tracking,0.128,-0.013571687869274665,tracking,0.0023769140243530273,0,1,1
37,0.37000000000000016,1.0028104782104492,1.8730000257492065,-0.00013899467012379318,0.045616596937179565,0.16000000000000003,-0.013571687869274665,tracking,0.136,-0.013571687869274665,tracking,0.0028104782104492188,0,0,0
38,0.38000000000000017,1.003290057182312,1.872999906539917,-0.0001622953568585217,0.050294727087020874,0.16000000000000003,-0.013571687869274665,tracking,0.14400000000000002,-0.013571687869274665,tracking,0.003290057197127981,0,0,0
39,0.3900000000000002,1.0038172006607056,1.8729997873306274,-0.000188728969078511,0.055130813270807266,0.16000000000000003,-0.013571687869274665,tracking,0.15200000000000002,-0.013571687869274665,tracking,0.00381720068900065,0,0,0
40,0.4000000000000002,1.004393458366394,1.872999668121338,-0.00021677960467059165,0.060117341578006744,0.16000000000000003,-0.013571687869274665,tracking,0.16000000000000003,-0.013571687869274665,tracking,0.004393458407019421,0,0,0
41,0.4100000000000002,1.005020260810852,1.8729995489120483,-0.0002481614355929196,0.06524716317653656,0.2,-0.01180398641348239,tracking,0.16800000000000004,-0.01180398641348239,tracking,0.005020260862813421,0,1,1
42,0.4200000000000002,1.0056990385055542,1.8729993104934692,-0.0002812547027133405,0.07051345705986023,0.2,-0.01180398641348239,tracking,0.17600000000000005,-0.01180398641348239,tracking,0.005699038599387465,0,0,0
43,0.4300000000000002,1.0064311027526855,1.8729990720748901,-0.0003178590559400618,0.07590974122285843,0.2,-0.01180398641348239,tracking,0.18400000000000005,-0.01180398641348239,tracking,0.0064311028853428764,0,0,0
44,0.4400000000000002,1.0072177648544312,1.872998833656311,-0.00035626048338599503,0.08142983168363571,0.2,-0.01180398641348239,tracking,0.19200000000000006,-0.01180398641348239,tracking,0.007217765023217982,0,0,0
45,0.45000000000000023,1.0080602169036865,1.8729984760284424,-0.00039833615301176906,0.08706784248352051,0.2,-0.01180398641348239,tracking,0.2,-0.01180398641348239,tracking,0.008060217148381345,0,0,0
46,0.46000000000000024,1.0089596509933472,1.8729981184005737,-0.0004422866040840745,0.09281816333532333,0.24,-0.010977747255042053,tracking,0.20800000000000002,-0.010977747255042053,tracking,0.008959651309140967,0,1,1
47,0.47000000000000025,1.009917140007019,1.8729976415634155,-0.0004900593194179237,0.09867545962333679,0.24,-0.010977747255042053,tracking,0.21600000000000003,-0.010977747255042053,tracking,0.009917140441547187,0,0,0
48,0.48000000000000026,1.0109336376190186,1.8729971647262573,-0.00053977727657184,0.10463464260101318,0.24,-0.010977747255042053,tracking,0.22400000000000003,-0.010977747255042053,tracking,0.01093363816538841,0,0,0
49,0.49000000000000027,1.0120102167129517,1.8729965686798096,-0.0005934517830610275,0.11069086194038391,0.24,-0.010977747255042053,tracking,0.23200000000000004,-0.010977747255042053,tracking,0.012010217424321627,0,0,0
50,0.5000000000000002,1.0131478309631348,1.8729958534240723,-0.0006491355015896261,0.11683951318264008,0.24,-0.010977747255042053,tracking,0.24,-0.010977747255042053,tracking,0.01314783189935719,0,0,0
51,0.5100000000000002,1.0143474340438843,1.8729950189590454,-0.0007088975398801267,0.1230761930346489,0.27999999999999997,-0.009332519788233148,tracking,0.248,-0.009332519788233148,tracking,0.01434743527034095,0,1,1
52,0.5200000000000002,1.0156097412109375,1.872994065284729,-0.0007707267650403082,0.1293967217206955,0.27999999999999997,-0.009332519788233148,tracking,0.256,-0.009332519788233148,tracking,0.015609742797645067,0,0,0
53,0.5300000000000002,1.0169357061386108,1.872992992401123,-0.0008367448463104665,0.13579711318016052,0.27999999999999997,-0.009332519788233148,tracking,0.264,-0.009332519788233148,tracking,0.01693570815937176,0,0,0
54,0.5400000000000003,1.0183260440826416,1.8729918003082275,-0.0009048827923834324,0.14227356016635895,0.27999999999999997,-0.009332519788233148,tracking,0.272,-0.009332519788233148,tracking,0.018326046614460002,0,0,0
55,0.5500000000000003,1.019781470298767,1.8729904890060425,-0.000977309769950807,0.14882245659828186,0.27999999999999997,-0.009332519788233148,tracking,0.27999999999999997,-0.009332519788233148,tracking,0.01978147342131041,0,0,0
56,0.5600000000000003,1.0213028192520142,1.8729889392852783,-0.0010519044008105993,0.1554403454065323,0.32,-0.008290754123876778,tracking,0.288,-0.008290754123876778,tracking,0.02130282316386812,0,1,1
57,0.5700000000000003,1.0228906869888306,1.8729872703552246,-0.0011308790417388082,0.16212396323680878,0.32,-0.008290754123876778,tracking,0.296,-0.008290754123876778,tracking,0.022890691777749626,0,0,0
58,0.5800000000000003,1.024545669555664,1.8729853630065918,-0.0012120645260438323,0.16887016594409943,0.32,-0.008290754123876778,tracking,0.304,-0.008290754123876778,tracking,0.024545675443681587,0,0,0
59,0.5900000000000003,1.0262683629989624,1.8729832172393799,-0.0012977125588804483,0.17567598819732666,0.32,-0.008290754123876778,tracking,0.312,-0.008290754123876778,tracking,0.026268370223350934,0,0,0
60,0.6000000000000003,1.028059482574463,1.8729808330535889,-0.0013856106670573354,0.18253859877586365,0.32,-0.008290754123876778,tracking,0.32,-0.008290754123876778,tracking,0.028059491385663226,0,0,0
61,0.6100000000000003,1.0299195051193237,1.8729782104492188,-0.001478046178817749,0.1894552856683731,0.36,-0.0074353203011440555,tracking,0.328,-0.0074353203011440555,tracking,0.0299195157794399,0,1,1
62,0.6200000000000003,1.0318489074707031,1.87297523021698,-0.0015727675054222345,0.1964234858751297,0.36,-0.0074353203011440555,tracking,0.336,-0.0074353203011440555,tracking,0.03184892043251103,0,0,0
63,0.6300000000000003,1.0338482856750488,1.872972011566162,-0.00167209398932755,0.20344075560569763,0.36,-0.0074353203011440555,tracking,0.34400000000000003,-0.0074353203011440555,tracking,0.03384830122758878,0,0,0
64,0.6400000000000003,1.0359179973602295,1.8729684352874756,-0.001773738651536405,0.21050474047660828,0.36,-0.0074353203011440555,tracking,0.35200000000000004,-0.0074353203011440555,tracking,0.03591801600251373,0,0,0
65,0.6500000000000004,1.0380586385726929,1.87296462059021,-0.0018800500547513366,0.21761323511600494,0.36,-0.0074353203011440555,tracking,0.36,-0.0074353203011440555,tracking,0.03805866061393617,0,0,0
66,0.6600000000000004,1.0402705669403076,1.8729603290557861,-0.001988708972930908,0.2247641235589981,0.3758567721713483,-0.005966248073258486,tracking,0.368,-0.005966248073258486,tracking,0.04027059314471701,0,1,1
67,0.6700000000000004,1.0425541400909424,1.8729556798934937,-0.00210208841599524,0.231948584318161,0.3758567721713483,-0.005966248073258486,tracking,0.3758567721713483,-0.005966248073258486,tracking,0.04255417102799798,0,0,0
68,0.6800000000000004,1.044907808303833,1.872950553894043,-0.0022177770733833313,0.23879142105579376,0.3758567721713483,-0.005966248073258486,tracking,0.3758567721713483,-0.005966248073258486,tracking,0.04490784482277969,0,0,0
69,0.6900000000000004,1.0473283529281616,1.8729450702667236,-0.0023378650657832623,0.24530887603759766,0.3758567721713483,-0.005966248073258486,tracking,0.3758567721713483,-0.005966248073258486,tracking,0.047328395658547184,0,0,0
70,0.7000000000000004,1.0498124361038208,1.872939109802246,-0.002460047835484147,0.2515164315700531,0.3758567721713483,-0.005966248073258486,tracking,0.3758567721713483,-0.005966248073258486,tracking,0.04981248598515163,0,0,0
71,0.7100000000000004,1.0523574352264404,1.8729327917099,-0.0025862373877316713,0.25747713446617126,0.37687304788276793,-0.004502811048814168,tracking,0.37687304788276793,-0.004502811048814168,tracking,0.05235749295025518,0,1,1
72,0.7200000000000004,1.0549606084823608,1.872925877571106,-0.0027143429033458233,0.26315441727638245,0.37687304788276793,-0.004502811048814168,tracking,0.37687304788276793,-0.004502811048814168,tracking,0.05496067538828263,0,0,0
73,0.7300000000000004,1.0576192140579224,1.8729184865951538,-0.002846098504960537,0.2685617506504059,0.37687304788276793,-0.004502811048814168,tracking,0.37687304788276793,-0.004502811048814168,tracking,0.057619291237353785,0,0,0
74,0.7400000000000004,1.0603306293487549,1.872910499572754,-0.0029795921873301268,0.2737119495868683,0.37687304788276793,-0.004502811048814168,tracking,0.37687304788276793,-0.004502811048814168,tracking,0.06033071829185612,0,0,0
75,0.7500000000000004,1.0630922317504883,1.8729021549224854,-0.0031163969542831182,0.278617262840271,0.37687304788276793,-0.004502811048814168,tracking,0.37687304788276793,-0.004502811048814168,tracking,0.06309233330094913,0,0,0
76,0.7600000000000005,1.0659021139144897,1.8728930950164795,-0.003254789626225829,0.2833583950996399,0.3783253463252524,-0.002411501291636595,tracking,0.3783253463252524,-0.002411501291636595,tracking,0.06590223007084485,0,1,1
77,0.7700000000000005,1.068758249282837,1.872883677482605,-0.0033962305169552565,0.2878740727901459,0.3783253463252524,-0.002411501291636595,tracking,0.3783253463252524,-0.002411501291636595,tracking,0.06875838096536493,0,0,0
78,0.7800000000000005,1.0716584920883179,1.8728735446929932,-0.003539122873917222,0.2921750247478485,0.3783253463252524,-0.002411501291636595,tracking,0.3783253463252524,-0.002411501291636595,tracking,0.07165864147162457,0,0,0
79,0.7900000000000005,1.0746006965637207,1.8728629350662231,-0.003684780327603221,0.2962714731693268,0.3783253463252524,-0.002411501291636595,tracking,0.3783253463252524,-0.002411501291636595,tracking,0.07460086507618977,0,0,0
80,0.8000000000000005,1.0775829553604126,1.8728516101837158,-0.0038317544385790825,0.3001731336116791,0.3783253463252524,-0.002411501291636595,tracking,0.3783253463252524,-0.002411501291636595,tracking,0.0775831453754591,0,0,0
81,0.8100000000000005,1.0806034803390503,1.8728399276733398,-0.003981250803917646,0.30393049120903015,0.3791925044642416,-0.001162793571492137,tracking,0.3791925044642416,-0.001162793571492137,tracking,0.08060369294628511,0,1,1
82,0.8200000000000005,1.08366060256958,1.872827410697937,-0.004131954628974199,0.3075092136859894,0.3791925044642416,-0.001162793571492137,tracking,0.3791925044642416,-0.001162793571492137,tracking,0.08366084080124284,0,0,0
83,0.8300000000000005,1.0867526531219482,1.872814416885376,-0.00428495928645134,0.31091776490211487,0.3791925044642416,-0.001162793571492137,tracking,0.3791925044642416,-0.001162793571492137,tracking,0.08675291865562573,0,0,0
84,0.8400000000000005,1.0898780822753906,1.8728007078170776,-0.004439059644937515,0.3141642212867737,0.3791925044642416,-0.001162793571492137,tracking,0.3791925044642416,-0.001162793571492137,tracking,0.08987837787496314,0,0,0
85,0.8500000000000005,1.093035101890564,1.872786521911621,-0.004595247097313404,0.31725630164146423,0.3791925044642416,-0.001162793571492137,tracking,0.3791925044642416,-0.001162793571492137,tracking,0.0930354293617943,0,0,0
86,0.8600000000000005,1.0962224006652832,1.8727715015411377,-0.004752431996166706,0.3202216327190399,0.37961857563186313,0.0005492510901171314,tracking,0.37961857563186313,0.0005492510901171314,tracking,0.09622276352859518,0,1,1
87,0.8700000000000006,1.0994386672973633,1.8727563619613647,-0.004593340680003166,0.3230459690093994,0.37961857563186313,0.0005492510901171314,tracking,0.37961857563186313,0.0005492510901171314,tracking,0.09943906579292101,0,0,0
88,0.8800000000000006,1.1026825904846191,1.8727418184280396,-0.0044333417899906635,0.32573598623275757,0.37961857563186313,0.0005492510901171314,tracking,0.37961857563186313,0.0005492510901171314,tracking,0.10268302158164222,0,0,0
89,0.8900000000000006,1.1059527397155762,1.8727275133132935,-0.0042716134339571,0.32829809188842773,0.37961857563186313,0.0005492510901171314,tracking,0.37961857563186313,0.0005492510901171314,tracking,0.10595320210097701,0,0,0
90,0.9000000000000006,1.1092479228973389,1.8727138042449951,-0.004109061323106289,0.3307383954524994,0.37961857563186313,0.0005492510901171314,tracking,0.37961857563186313,0.0005492510901171314,tracking,0.10924841379977959,0,0,0
91,0.9100000000000006,1.1125668287277222,1.8726999759674072,-0.004273179452866316,0.3330538868904114,0.3794345571522686,-0.0008142377007332013,tracking,0.3794345571522686,-0.0008142377007332013,tracking,0.11256734843791474,0,1,1
92,0.9200000000000006,1.1159083843231201,1.8726853132247925,-0.0044380417093634605,0.3352592885494232,0.3794345571522686,-0.0008142377007332013,tracking,0.3794345571522686,-0.0008142377007332013,tracking,0.11590893620320782,0,0,0
93,0.9300000000000006,1.1192713975906372,1.8726701736450195,-0.004604321904480457,0.33735981583595276,0.3794345571522686,-0.0008142377007332013,tracking,0.3794345571522686,-0.0008142377007332013,tracking,0.11927198354815728,0,0,0
94,0.9400000000000006,1.122654914855957,1.8726541996002197,-0.00477127730846405,0.33936047554016113,0.3794345571522686,-0.0008142377007332013,tracking,0.3794345571522686,-0.0008142377007332013,tracking,0.1226555385210851,0,0,0
95,0.9500000000000006,1.1260579824447632,1.8726377487182617,-0.004939518868923187,0.341266006231308,0.3794345571522686,-0.0008142377007332013,tracking,0.3794345571522686,-0.0008142377007332013,tracking,0.12605864587253615,0,0,0
96,0.9600000000000006,1.1294796466827393,1.8726204633712769,-0.0051083737052977085,0.34308645129203796,0.3795506017863658,0.0006471334276332806,tracking,0.3795506017863658,0.0006471334276332806,tracking,0.129480353770745,0,1,1
97,0.9700000000000006,1.132919192314148,1.8726030588150024,-0.004938348662108183,0.3448203206062317,0.3795506017863658,0.0006471334276332806,tracking,0.3795506017863658,0.0006471334276332806,tracking,0.1329199434365513,0,0,0
98,0.9800000000000006,1.1363756656646729,1.8725863695144653,-0.00476776622235775,0.34647175669670105,0.3795506017863658,0.0006471334276332806,tracking,0.3795506017863658,0.0006471334276332806,tracking,0.13637645707830673,0,0,0
99,0.9900000000000007,1.139848232269287,1.8725700378417969,-0.004596122074872255,0.34804466366767883,0.3795506017863658,0.0006471334276332806,tracking,0.3795506017863658,0.0006471334276332806,tracking,0.13984906208708822,0,0,0
100,1.0000000000000007,1.1433361768722534,1.8725544214248657,-0.0044239722192287445,0.3495427668094635,0.3795506017863658,0.0006471334276332806,tracking,0.3795506017863658,0.0006471334276332806,tracking,0.14333704164921865,0,0,0
101,1.0100000000000007,1.146838665008545,1.872538685798645,-0.00459708645939827,0.3509727418422699,0.37961553587999036,-0.0005536283328139192,tracking,0.37961553587999036,-0.0005536283328139192,tracking,0.14683956513305074,0,1,1
102,1.0200000000000007,1.1503552198410034,1.8725221157073975,-0.0047706603072583675,0.3523347079753876,0.37961553587999036,-0.0005536283328139192,tracking,0.37961553587999036,-0.0005536283328139192,tracking,0.15035615900462748,0,0,0
103,1.0300000000000007,1.153885006904602,1.8725050687789917,-0.004945109598338604,0.3536319136619568,0.37961553587999036,-0.0005536283328139192,tracking,0.37961553587999036,-0.0005536283328139192,tracking,0.1538859872316261,0,0,0
104,1.0400000000000007,1.157427430152893,1.872487187385559,-0.005119975656270981,0.35486742854118347,0.37961553587999036,-0.0005536283328139192,tracking,0.37961553587999036,-0.0005536283328139192,tracking,0.1574284556103507,0,0,0
105,1.0500000000000007,1.1609818935394287,1.8724688291549683,-0.005295636132359505,0.356044203042984,0.37961553587999036,-0.0005536283328139192,tracking,0.37961553587999036,-0.0005536283328139192,tracking,0.16098296640522147,0,0,0
106,1.0600000000000007,1.1645476818084717,1.872449517250061,-0.005471669137477875,0.3571298122406006,0.3788750513619866,0.0016199260387392764,tracking,0.3788750513619866,0.0016199260387392764,tracking,0.16454880696942448,0,1,1
107,1.0700000000000007,1.1681240797042847,1.8724302053451538,-0.00529493810608983,0.3581638038158417,0.3788750513619866,0.0016199260387392764,tracking,0.3788750513619866,0.0016199260387392764,tracking,0.16812525700526262,0,0,0
108,1.0800000000000007,1.1717106103897095,1.8724116086959839,-0.005117874592542648,0.35914862155914307,0.3788750513619866,0.0016199260387392764,tracking,0.3788750513619866,0.0016199260387392764,tracking,0.17171183590344039,0,0,0
109,1.0900000000000007,1.175306797027588,1.8723933696746826,-0.004940178245306015,0.3600866198539734,0.3788750513619866,0.0016199260387392764,tracking,0.3788750513619866,0.0016199260387392764,tracking,0.17530806879305602,0,0,0
110,1.1000000000000008,1.1789120435714722,1.8723759651184082,-0.004762180149555206,0.36098000407218933,0.3788750513619866,0.0016199260387392764,tracking,0.3788750513619866,0.0016199260387392764,tracking,0.178913357347495,0,0,0
111,1.1100000000000008,1.1825263500213623,1.8723589181900024,-0.004583592060953379,0.36187854409217834,0.37987672415438073,0.00017751721769174687,tracking,0.37987672415438073,0.00017751721769174687,tracking,0.1825277039982032,0,1,1
112,1.1200000000000008,1.1861493587493896,1.8723427057266235,-0.00440471526235342,0.3627343475818634,0.37987672415438073,0.00017751721769174687,tracking,0.37987672415438073,0.00017751721769174687,tracking,0.18615074900031553,0,0,0
113,1.1300000000000008,1.1897807121276855,1.8723269701004028,-0.004225288052111864,0.36354947090148926,0.37987672415438073,0.00017751721769174687,tracking,0.37987672415438073,0.00017751721769174687,tracking,0.18978213647179162,0,0,0
114,1.1400000000000008,1.1934200525283813,1.872312068939209,-0.004045599140226841,0.3643258213996887,0.37987672415438073,0.00017751721769174687,tracking,0.37987672415438073,0.00017751721769174687,tracking,0.1934215073785201,0,0,0
115,1.1500000000000008,1.1970670223236084,1.8722975254058838,-0.003865411039441824,0.3650652766227722,0.37987672415438073,0.00017751721769174687,tracking,0.37987672415438073,0.00017751721769174687,tracking,0.19706850617227642,0,0,0
116,1.1600000000000008,1.2007207870483398,1.8722838163375854,-0.003684996161609888,0.36570367217063904,0.37849124972755366,-0.0021726003923227613,tracking,0.37849124972755366,-0.0021726003923227613,tracking,0.20072229661539784,0,1,1
117,1.1700000000000008,1.2043808698654175,1.872270107269287,-0.0038658217526972294,0.3663117289543152,0.37849124972755366,-0.0021726003923227613,tracking,0.37849124972755366,-0.0021726003923227613,tracking,0.20438240510647027,0,0,0
118,1.1800000000000008,1.2080469131469727,1.8722554445266724,-0.004046842455863953,0.36689087748527527,0.37849124972755366,-0.0021726003923227613,tracking,0.37849124972755366,-0.0021726003923227613,tracking,0.20804847771053267,0,0,0
119,1.1900000000000008,1.2117185592651367,1.8722403049468994,-0.004228235688060522,0.3674424886703491,0.37849124972755366,-0.0021726003923227613,tracking,0.37849124972755366,-0.0021726003923227613,tracking,0.21172015504165873,0,0,0
120,1.2000000000000008,1.2153955698013306,1.8722243309020996,-0.004409806337207556,0.3679678440093994,0.37849124972755366,-0.0021726003923227613,tracking,0.37849124972755366,-0.0021726003923227613,tracking,0.21539720027572748,0,0,0
121,1.2100000000000009,1.2190780639648438,1.8722081184387207,-0.004409806337207556,0.3685370981693268,0.37993977673197427,8.672150595709707e-05,tracking,0.37993977673197427,8.672150595709707e-05,tracking,0.21907973012737533,0,1,1
122,1.2200000000000009,1.2227661609649658,1.8721919059753418,-0.004409806337207556,0.3690792918205261,0.37993977673197427,8.672150595709707e-05,tracking,0.37993977673197427,8.672150595709707e-05,tracking,0.22276786276141633,0,0,0
123,1.2300000000000009,1.2264595031738281,1.8721755743026733,-0.004409806337207556,0.3695957064628601,0.37993977673197427,8.672150595709707e-05,tracking,0.37993977673197427,8.672150595709707e-05,tracking,0.22646124107879678,0,0,0
124,1.2400000000000009,1.2301578521728516,1.8721592426300049,-0.004409806337207556,0.37008756399154663,0.37993977673197427,8.672150595709707e-05,tracking,0.37993977673197427,8.672150595709707e-05,tracking,0.23015962613745547,0,0,0
125,1.2500000000000009,1.2338610887527466,1.8721429109573364,-0.004409806337207556,0.3705560266971588,0.37993977673197427,8.672150595709707e-05,tracking,0.37993977673197427,8.672150595709707e-05,tracking,0.23386289872939423,0,0,0
126,1.260000000000001,1.237568736076355,1.872126817703247,-0.004226643592119217,0.37098413705825806,0.37955959920179655,0.0006341771494129799,tracking,0.37955959920179655,0.0006341771494129799,tracking,0.23757058097968048,0,1,1
127,1.270000000000001,1.2412805557250977,1.8721115589141846,-0.004043343011289835,0.3713918924331665,0.37955959920179655,0.0006341771494129799,tracking,0.37955959920179655,0.0006341771494129799,tracking,0.24128243199170074,0,0,0
128,1.280000000000001,1.244996428489685,1.8720967769622803,-0.0038597804959863424,0.37178027629852295,0.37955959920179655,0.0006341771494129799,tracking,0.37955959920179655,0.0006341771494129799,tracking,0.24499833415789196,0,0,0
129,1.290000000000001,1.2487159967422485,1.8720828294754028,-0.0036760931834578514,0.372150182723999,0.37955959920179655,0.0006341771494129799,tracking,0.37955959920179655,0.0006341771494129799,tracking,0.24871792856022515,0,0,0
130,1.300000000000001,1.252439260482788,1.8720693588256836,-0.003492167918011546,0.37250250577926636,0.37955959920179655,0.0006341771494129799,tracking,0.37955959920179655,0.0006341771494129799,tracking,0.2524412166688759,0,0,0
131,1.310000000000001,1.2561655044555664,1.8720568418502808,-0.0033081425353884697,0.37275800108909607,0.3778754885408555,-0.0030592965011680736,tracking,0.3778754885408555,-0.0030592965011680736,tracking,0.2561674816647317,0,1,1
132,1.320000000000001,1.2598942518234253,1.872044324874878,-0.003492332063615322,0.3730013370513916,0.3778754885408555,-0.0030592965011680736,tracking,0.3778754885408555,-0.0030592965011680736,tracking,0.2598962500415537,0,0,0
133,1.330000000000001,1.2636253833770752,1.8720308542251587,-0.0036765998229384422,0.3732331097126007,0.3778754885408555,-0.0030592965011680736,tracking,0.3778754885408555,-0.0030592965011680736,tracking,0.2636274059119303,0,0,0
134,1.340000000000001,1.2673587799072266,1.8720169067382812,-0.003861016593873501,0.37345385551452637,0.3778754885408555,-0.0030592965011680736,tracking,0.3778754885408555,-0.0030592965011680736,tracking,0.2673608284949949,0,0,0
135,1.350000000000001,1.2710943222045898,1.8720020055770874,-0.00404550414532423,0.37366411089897156,0.3778754885408555,-0.0030592965011680736,tracking,0.3778754885408555,-0.0030592965011680736,tracking,0.2710964005127714,0,0,0
136,1.360000000000001,1.2748323678970337,1.8719866275787354,-0.004230156075209379,0.3739529848098755,0.37973946414002646,-0.00037517163836186217,tracking,0.37973946414002646,-0.00037517163836186217,tracking,0.27483447783696247,0,1,1
137,1.370000000000001,1.2785732746124268,1.871970295906067,-0.00441490113735199,0.3742281198501587,0.37973946414002646,-0.00037517163836186217,tracking,0.37973946414002646,-0.00037517163836186217,tracking,0.2785754202017691,0,0,0
138,1.380000000000001,1.28231680393219,1.8719534873962402,-0.004599823150783777,0.3744901716709137,0.37973946414002646,-0.00037517163836186217,tracking,0.37973946414002646,-0.00037517163836186217,tracking,0.2823189872565885,0,0,0
139,1.390000000000001,1.2860629558563232,1.8719358444213867,-0.004784829448908567,0.37473976612091064,0.37973946414002646,-0.00037517163836186217,tracking,0.37973946414002646,-0.00037517163836186217,tracking,0.2860651807263988,0,0,0
140,1.400000000000001,1.2898114919662476,1.871917724609375,-0.0049699959345161915,0.3749774992465973,0.37973946414002646,-0.00037517163836186217,tracking,0.37973946414002646,-0.00037517163836186217,tracking,0.2898137606301749,0,0,0
141,1.410000000000001,1.2935619354248047,1.8718986511230469,-0.005155227147042751,0.3751314878463745,0.37821604705859796,0.002568892235618972,tracking,0.37821604705859796,0.002568892235618972,tracking,0.29356425258906704,0,1,1
142,1.420000000000001,1.297313928604126,1.8718795776367188,-0.004969897214323282,0.37527814507484436,0.37821604705859796,0.002568892235618972,tracking,0.37821604705859796,0.002568892235618972,tracking,0.29731629424869105,0,0,0
143,1.430000000000001,1.3010673522949219,1.8718613386154175,-0.004784520249813795,0.3754178285598755,0.37821604705859796,0.002568892235618972,tracking,0.37821604705859796,0.002568892235618972,tracking,0.3010697622536867,0,0,0
144,1.440000000000001,1.3048222064971924,1.8718435764312744,-0.0045990534126758575,0.37555089592933655,0.37821604705859796,0.002568892235618972,tracking,0.37821604705859796,0.002568892235618972,tracking,0.3048246584673648,0,0,0
145,1.450000000000001,1.3085782527923584,1.8718267679214478,-0.004413543734699488,0.37567761540412903,0.37821604705859796,0.002568892235618972,tracking,0.37821604705859796,0.002568892235618972,tracking,0.3085807423718367,0,0,0
146,1.460000000000001,1.3123358488082886,1.8718104362487793,-0.004227937199175358,0.3758455514907837,0.37920936240584613,0.0011385181355815423,tracking,0.37920936240584613,0.0011385181355815423,tracking,0.31233837387884567,0,1,1
147,1.470000000000001,1.3160951137542725,1.8717950582504272,-0.0040422766469419,0.37600550055503845,0.37920936240584613,0.0011385181355815423,tracking,0.37920936240584613,0.0011385181355815423,tracking,0.31609767027803215,0,0,0
148,1.480000000000001,1.3198559284210205,1.8717800378799438,-0.0038565131835639477,0.37615785002708435,0.37920936240584613,0.0011385181355815423,tracking,0.37920936240584613,0.0011385181355815423,tracking,0.3198585149396948,0,0,0
149,1.490000000000001,1.3236181735992432,1.8717659711837769,-0.003670700592920184,0.37630295753479004,0.37920936240584613,0.0011385181355815423,tracking,0.37920936240584613,0.0011385181355815423,tracking,0.3236207864148811,0,0,0
150,1.500000000000001,1.3273818492889404,1.871752381324768,-0.003484794870018959,0.3764411509037018,0.37920936240584613,0.0011385181355815423,tracking,0.37920936240584613,0.0011385181355815423,tracking,0.32738448663959163,0,0,0
151,1.5100000000000011,1.3311468362808228,1.8717397451400757,-0.0032988463062793016,0.37656310200691223,0.37900610951595315,-0.0014312022970274646,tracking,0.37900610951595315,-0.0014312022970274646,tracking,0.3311494948364229,0,1,1
152,1.5200000000000011,1.3349130153656006,1.8717271089553833,-0.0034848733339458704,0.37667927145957947,0.37900610951595315,-0.0014312022970274646,tracking,0.37900610951595315,-0.0014312022970274646,tracking,0.3349156951194378,0,0,0
153,1.5300000000000011,1.338680386543274,1.8717135190963745,-0.0036709378473460674,0.376789927482605,0.37900610951595315,-0.0014312022970274646,tracking,0.37900610951595315,-0.0014312022970274646,tracking,0.3386830908080577,0,0,0
154,1.5400000000000011,1.3424488306045532,1.8716994524002075,-0.003857073374092579,0.37689530849456787,0.37900610951595315,-0.0014312022970274646,tracking,0.37900610951595315,-0.0014312022970274646,tracking,0.3424515611230439,0,0,0
155,1.5500000000000012,1.346218228340149,1.8716844320297241,-0.004043242894113064,0.37699568271636963,0.37900610951595315,-0.0014312022970274646,tracking,0.37900610951595315,-0.0014312022970274646,tracking,0.3462209887852552,0,0,0
156,1.5600000000000012,1.3499888181686401,1.8716694116592407,-0.003856995142996311,0.3771333694458008,0.37989129492639606,0.00015653530598970337,tracking,0.37989129492639606,0.00015653530598970337,tracking,0.34999160853090056,0,1,1
157,1.5700000000000012,1.353760838508606,1.8716553449630737,-0.0036707031540572643,0.37726449966430664,0.37989129492639606,0.00015653530598970337,tracking,0.37989129492639606,0.00015653530598970337,tracking,0.35376365509968216,0,0,0
158,1.5800000000000012,1.3575340509414673,1.871641755104065,-0.0034843268804252148,0.37738940119743347,0.37989129492639606,0.00015653530598970337,tracking,0.37989129492639606,0.00015653530598970337,tracking,0.3575368920055452,0,0,0
159,1.5900000000000012,1.3613085746765137,1.8716291189193726,-0.003297910327091813,0.37750837206840515,0.37989129492639606,0.00015653530598970337,tracking,0.37989129492639606,0.00015653530598970337,tracking,0.36131143689196427,0,0,0
160,1.6000000000000012,1.365084171295166,1.8716169595718384,-0.003111417405307293,0.37762168049812317,0.37989129492639606,0.00015653530598970337,tracking,0.37989129492639606,0.00015653530598970337,tracking,0.3650870530902174,0,0,0
161,1.6100000000000012,1.3688606023788452,1.871605634689331,-0.002924898872151971,0.37766334414482117,0.37849770146431255,-0.0021633098913899657,tracking,0.37849770146431255,-0.0021633098913899657,tracking,0.3688635011545686,0,1,1
162,1.6200000000000012,1.372637391090393,1.8715943098068237,-0.003111444180831313,0.3777030110359192,0.37849770146431255,-0.0021633098913899657,tracking,0.37849770146431255,-0.0021633098913899657,tracking,0.3726403068451806,0,0,0
163,1.6300000000000012,1.3764145374298096,1.87158203125,-0.0032980022951960564,0.3777408003807068,0.37849770146431255,-0.0021633098913899657,tracking,0.37849770146431255,-0.0021633098913899657,tracking,0.376417473141801,0,0,0
164,1.6400000000000012,1.3801921606063843,1.8715693950653076,-0.0034845846239477396,0.3777768015861511,0.37849770146431255,-0.0021633098913899657,tracking,0.37849770146431255,-0.0021633098913899657,tracking,0.3801951174523943,0,0,0
165,1.6500000000000012,1.383970022201538,1.8715558052062988,-0.0036711785942316055,0.377811074256897,0.37849770146431255,-0.0021633098913899657,tracking,0.37849770146431255,-0.0021633098913899657,tracking,0.3839730034904328,0,0,0
166,1.6600000000000013,1.3877485990524292,1.87154221534729,-0.0034845410846173763,0.3779090344905853,0.3798711000194691,0.00018561597196448815,tracking,0.3798711000194691,0.00018561597196448815,tracking,0.3877516047795817,0,1,1
167,1.6700000000000013,1.3915281295776367,1.871529459953308,-0.003297872142866254,0.3780023455619812,0.3798711000194691,0.00018561597196448815,tracking,0.3798711000194691,0.00018561597196448815,tracking,0.3915311568285752,0,0,0
168,1.6800000000000013,1.3953086137771606,1.8715171813964844,-0.0031111431308090687,0.3780912160873413,0.3798711000194691,0.00018561597196448815,tracking,0.3798711000194691,0.00018561597196448815,tracking,0.39531166096768255,0,0,0
169,1.6900000000000013,1.3990899324417114,1.871505856513977,-0.0029243857134133577,0.37817585468292236,0.3798711000194691,0.00018561597196448815,tracking,0.3798711000194691,0.00018561597196448815,tracking,0.3990929965909569,0,0,0
170,1.7000000000000013,1.402872085571289,1.871495008468628,-0.002737573813647032,0.3782564699649811,0.3798711000194691,0.00018561597196448815,tracking,0.3798711000194691,0.00018561597196448815,tracking,0.40287516527779016,0,0,0
171,1.7100000000000013,1.406654715538025,1.8714851140975952,-0.0025507474783807993,0.3782631754875183,0.37839753597920506,-0.0023075481899447244,tracking,0.37839753597920506,-0.0023075481899447244,tracking,0.40665780818504776,0,1,1
172,1.7200000000000013,1.4104373455047607,1.8714752197265625,-0.002737578237429261,0.3782695531845093,0.37839753597920506,-0.0023075481899447244,tracking,0.37839753597920506,-0.0023075481899447244,tracking,0.41044045109230537,0,0,0
173,1.7300000000000013,1.4142200946807861,1.8714643716812134,-0.0029244108591228724,0.37827563285827637,0.37839753597920506,-0.0023075481899447244,tracking,0.37839753597920506,-0.0023075481899447244,tracking,0.41422321582313504,0,0,0
174,1.7400000000000013,1.4180028438568115,1.871453046798706,-0.0031112474389374256,0.3782814145088196,0.37839753597920506,-0.0023075481899447244,tracking,0.37839753597920506,-0.0023075481899447244,tracking,0.4180059819514708,0,0,0
175,1.7500000000000013,1.4217857122421265,1.8714407682418823,-0.003298085881397128,0.3782869279384613,0.37839753597920506,-0.0023075481899447244,tracking,0.37839753597920506,-0.0023075481899447244,tracking,0.42178887026380213,0,0,0
176,1.7600000000000013,1.42556893825531,1.8714280128479004,-0.00348495040088892,0.3783603310585022,0.3798305373819903,-0.000244026169933945,tracking,0.3798305373819903,-0.000244026169933945,tracking,0.42557211777974724,0,1,1
177,1.7700000000000014,1.429352879524231,1.871414303779602,-0.0036718384362757206,0.37843024730682373,0.3798305373819903,-0.000244026169933945,tracking,0.3798305373819903,-0.000244026169933945,tracking,0.42935608388229046,0,0,0
178,1.7800000000000014,1.4331375360488892,1.8714001178741455,-0.0038587714079767466,0.37849682569503784,0.3798305373819903,-0.000244026169933945,tracking,0.3798305373819903,-0.000244026169933945,tracking,0.43314076699314025,0,0,0
179,1.7900000000000014,1.4369227886199951,1.871385097503662,-0.004045725800096989,0.37856024503707886,0.3798305373819903,-0.000244026169933945,tracking,0.3798305373819903,-0.000244026169933945,tracking,0.4369260493655127,0,0,0
180,1.8000000000000014,1.4407086372375488,1.8713696002960205,-0.00423272093757987,0.3786206543445587,0.3798305373819903,-0.000244026169933945,tracking,0.3798305373819903,-0.000244026169933945,tracking,0.4407119297015083,0,0,0
181,1.8100000000000014,1.4444948434829712,1.8713531494140625,-0.0044197277165949345,0.37863045930862427,0.3788267897972107,0.0016894226920166535,tracking,0.3788267897972107,0.0016894226920166535,tracking,0.44449817168590294,0,1,1
182,1.8200000000000014,1.448281168937683,1.8713366985321045,-0.004232714883983135,0.3786397874355316,0.3788267897972107,0.0016894226920166535,tracking,0.3788267897972107,0.0016894226920166535,tracking,0.4482845328784619,0,0,0
183,1.8300000000000014,1.4520676136016846,1.871321201324463,-0.004045698791742325,0.37864866852760315,0.3788267897972107,0.0016894226920166535,tracking,0.3788267897972107,0.0016894226920166535,tracking,0.4520710092559123,0,0,0
184,1.8400000000000014,1.455854058265686,1.87130606174469,-0.0038586771115660667,0.37865713238716125,0.3788267897972107,0.0016894226920166535,tracking,0.3788267897972107,0.0016894226920166535,tracking,0.4558574841865597,0,0,0
185,1.8500000000000014,1.459640622138977,1.8712918758392334,-0.003671652637422085,0.3786652088165283,0.3788267897972107,0.0016894226920166535,tracking,0.3788267897972107,0.0016894226920166535,tracking,0.4596440746326505,0,0,0
186,1.8600000000000014,1.4634274244308472,1.871278166770935,-0.0034846137277781963,0.37870126962661743,0.37942352362876325,0.0008301259745809326,tracking,0.37942352362876325,0.0008301259745809326,tracking,0.4634309017393807,0,1,1
187,1.8700000000000014,1.467214584350586,1.8712654113769531,-0.003297563176602125,0.37873560190200806,0.37942352362876325,0.0008301259745809326,tracking,0.37942352362876325,0.0008301259745809326,tracking,0.4672180831395451,0,0,0
188,1.8800000000000014,1.4710021018981934,1.8712531328201294,-0.003110490506514907,0.37876832485198975,0.37942352362876325,0.0008301259745809326,tracking,0.37942352362876325,0.0008301259745809326,tracking,0.4710056205897087,0,0,0
189,1.8900000000000015,1.4747899770736694,1.871241807937622,-0.002923407359048724,0.3787994682788849,0.37942352362876325,0.0008301259745809326,tracking,0.37942352362876325,0.0008301259745809326,tracking,0.4747935126945543,0,0,0
190,1.9000000000000015,1.4785780906677246,1.871230959892273,-0.0027363041881471872,0.37882915139198303,0.37942352362876325,0.0008301259745809326,tracking,0.37942352362876325,0.0008301259745809326,tracking,0.47858164182138635,0,0,0
191,1.9100000000000015,1.4823663234710693,1.8712210655212402,-0.00254919589497149,0.37883004546165466,0.378847724900439,-0.0016592761433678145,tracking,0.378847724900439,-0.0016592761433678145,tracking,0.4823698875461137,0,1,1
192,1.9200000000000015,1.486154556274414,1.8712111711502075,-0.0027363046538084745,0.3788308799266815,0.378847724900439,-0.0016592761433678145,tracking,0.378847724900439,-0.0016592761433678145,tracking,0.48615813327084106,0,0,0
193,1.9300000000000015,1.4899429082870483,1.8712003231048584,-0.002923413645476103,0.378831684589386,0.378847724900439,-0.0016592761433678145,tracking,0.378847724900439,-0.0016592761433678145,tracking,0.4899465008152747,0,0,0
194,1.9400000000000015,1.4937312602996826,1.871188998222351,-0.003110523335635662,0.37883245944976807,0.378847724900439,-0.0016592761433678145,tracking,0.378847724900439,-0.0016592761433678145,tracking,0.49373486975514763,0,0,0
195,1.9500000000000015,1.497519612312317,1.8711767196655273,-0.003297633258625865,0.37883317470550537,0.378847724900439,-0.0016592761433678145,tracking,0.378847724900439,-0.0016592761433678145,tracking,0.49752324166595413,0,0,0
196,1.9600000000000015,1.5013082027435303,1.8711639642715454,-0.003484758548438549,0.3788795471191406,0.3798084161131134,-0.0002758807971167433,tracking,0.3798084161131134,-0.0002758807971167433,tracking,0.5013118535694826,0,1,1
197,1.9700000000000015,1.5050971508026123,1.871150255203247,-0.003671898739412427,0.3789237141609192,0.3798084161131134,-0.0002758807971167433,tracking,0.3798084161131134,-0.0002758807971167433,tracking,0.5051008264293716,0,0,0
198,1.9800000000000015,1.5088865756988525,1.8711360692977905,-0.0038590673357248306,0.3789657950401306,0.3798084161131134,-0.0002758807971167433,tracking,0.3798084161131134,-0.0002758807971167433,tracking,0.5088902778783493,0,0,0
199,1.9900000000000015,1.5126763582229614,1.8711209297180176,-0.00404624966904521,0.3790058493614197,0.3798084161131134,-0.0002758807971167433,tracking,0.3798084161131134,-0.0002758807971167433,tracking,0.5126800906424468,0,0,0
200,2.0000000000000013,1.5164666175842285,1.8711053133010864,-0.004233457613736391,0.3790440261363983,0.3798084161131134,-0.0002758807971167433,tracking,0.3798084161131134,-0.0002758807971167433,tracking,0.5164703821745259,0,0,0
201,2.010000000000001,1.5202568769454956,1.8710887432098389,-0.004420666955411434,0.37901321053504944,0.3788820042097261,0.0016099139379944089,tracking,0.3788820042097261,0.0016099139379944089,tracking,0.5202606777558225,0,1,1
202,2.020000000000001,1.5240468978881836,1.8710721731185913,-0.004233476240187883,0.37898826599121094,0.3788820042097261,0.0016099139379944089,tracking,0.3788820042097261,0.0016099139379944089,tracking,0.5240507349208186,0,0,0
203,2.0300000000000007,1.5278366804122925,1.8710565567016602,-0.0040462929755449295,0.3789680600166321,0.3788820042097261,0.0016099139379944089,tracking,0.3788820042097261,0.0016099139379944089,tracking,0.5278405496197872,0,0,0
204,2.0400000000000005,1.5316262245178223,1.8710414171218872,-0.0038591218180954456,0.37895169854164124,0.3788820042097261,0.0016099139379944089,tracking,0.3788820042097261,0.0016099139379944089,tracking,0.5316301239672082,0,0,0
205,2.0500000000000003,1.5354156494140625,1.8710272312164307,-0.0036719555500894785,0.3789384365081787,0.3788820042097261,0.0016099139379944089,tracking,0.3788820042097261,0.0016099139379944089,tracking,0.5354195754161859,0,0,0
206,2.06,1.5392051935195923,1.8710135221481323,-0.0034847829956561327,0.37897056341171265,0.379613984195055,0.000555862759120845,tracking,0.379613984195055,0.000555862759120845,tracking,0.5392091443186218,0,1,1
207,2.07,1.5429949760437012,1.8710007667541504,-0.003297600196674466,0.3790011703968048,0.379613984195055,0.000555862759120845,tracking,0.379613984195055,0.000555862759120845,tracking,0.5429989483082915,0,0,0
208,2.0799999999999996,1.5467851161956787,1.8709884881973267,-0.003110397607088089,0.3790303170681,0.379613984195055,0.000555862759120845,tracking,0.379613984195055,0.000555862759120845,tracking,0.5467891083490537,0,0,0
209,2.0899999999999994,1.5505754947662354,1.8709771633148193,-0.0029231857042759657,0.3790580630302429,0.379613984195055,0.000555862759120845,tracking,0.379613984195055,0.000555862759120845,tracking,0.5505795038377987,0,0,0
210,2.099999999999999,1.5543662309646606,1.8709663152694702,-0.002735955873504281,0.3790844976902008,0.379613984195055,0.000555862759120845,tracking,0.379613984195055,0.000555862759120845,tracking,0.5543702555582547,0,0,0
211,2.109999999999999,1.5581563711166382,1.8709564208984375,-0.002548743737861514,0.3789512813091278,0.37838409619397995,-0.002326901480668858,tracking,0.37838409619397995,-0.002326901480668858,tracking,0.5581604086251124,0,1,1
212,2.1199999999999988,1.5619453191757202,1.8709465265274048,-0.0027358767110854387,0.37884339690208435,0.37838409619397995,-0.002326901480668858,tracking,0.37838409619397995,-0.002326901480668858,tracking,0.5619493696031379,0,0,0
213,2.1299999999999986,1.5657333135604858,1.8709356784820557,-0.0029229773208498955,0.378756046295166,0.37838409619397995,-0.002326901480668858,tracking,0.37838409619397995,-0.002326901480668858,tracking,0.5657373795211692,0,0,0
214,2.1399999999999983,1.5695204734802246,1.8709243535995483,-0.0031100260093808174,0.3786852955818176,0.37838409619397995,-0.002326901480668858,tracking,0.37838409619397995,-0.002326901480668858,tracking,0.5695245563734749,0,0,0
215,2.149999999999998,1.5733070373535156,1.8709120750427246,-0.003297053510323167,0.3786280155181885,0.37838409619397995,-0.002326901480668858,tracking,0.37838409619397995,-0.002326901480668858,tracking,0.5733111401543347,0,0,0
216,2.159999999999998,1.5770936012268066,1.8708995580673218,-0.003297053510323167,0.3786919414997101,0.379972525036552,-3.956394736513019e-05,tracking,0.379972525036552,-3.956394736513019e-05,tracking,0.5770977247158078,0,1,1
217,2.1699999999999977,1.5808807611465454,1.870887041091919,-0.003297053510323167,0.37875282764434814,0.379972525036552,-3.956394736513019e-05,tracking,0.379972525036552,-3.956394736513019e-05,tracking,0.5808849053204725,0,0,0
218,2.1799999999999975,1.584668517112732,1.8708745241165161,-0.003297053510323167,0.3788108229637146,0.379972525036552,-3.956394736513019e-05,tracking,0.379972525036552,-3.956394736513019e-05,tracking,0.5846726819683301,0,0,0
219,2.1899999999999973,1.5884568691253662,1.8708620071411133,-0.003297053510323167,0.378866046667099,0.379972525036552,-3.956394736513019e-05,tracking,0.379972525036552,-3.956394736513019e-05,tracking,0.5884610546593815,0,0,0
220,2.199999999999997,1.5922458171844482,1.8708494901657104,-0.003297053510323167,0.3789186477661133,0.379972525036552,-3.956394736513019e-05,tracking,0.379972525036552,-3.956394736513019e-05,tracking,0.5922500233936276,0,0,0
221,2.209999999999997,1.5960352420806885,1.8708372116088867,-0.0031098867766559124,0.3789624869823456,0.3798406428383852,0.00022947431272528004,tracking,0.3798406428383852,0.00022947431272528004,tracking,0.5960394681824065,0,1,1
222,2.2199999999999966,1.5998250246047974,1.8708258867263794,-0.0029227060731500387,0.37900424003601074,0.3798406428383852,0.00022947431272528004,tracking,0.3798406428383852,0.00022947431272528004,tracking,0.5998292676273647,0,0,0
223,2.2299999999999964,1.6036152839660645,1.8708150386810303,-0.002735498361289501,0.3790439963340759,0.3798406428383852,0.00022947431272528004,tracking,0.3798406428383852,0.00022947431272528004,tracking,0.6036195425126152,0,0,0
224,2.239999999999996,1.6074059009552002,1.8708051443099976,-0.0025482780765742064,0.3790818750858307,0.3798406428383852,0.00022947431272528004,tracking,0.3798406428383852,0.00022947431272528004,tracking,0.6074101724150064,0,0,0
225,2.249999999999996,1.6111968755722046,1.870795726776123,-0.002361033344641328,0.3791179656982422,0.3798406428383852,0.00022947431272528004,tracking,0.3798406428383852,0.00022947431272528004,tracking,0.611201158729505,0,0,0
226,2.259999999999996,1.6149874925613403,1.870787262916565,-0.0021738014183938503,0.3790043592453003,0.37852062912045464,-0.0021302940665452984,tracking,0.37852062912045464,-0.0021302940665452984,tracking,0.6149917851678715,0,1,1
227,2.2699999999999956,1.6187770366668701,1.8707787990570068,-0.0023609658237546682,0.3789123594760895,0.37852062912045464,-0.0021302940665452984,tracking,0.37852062912045464,-0.0021302940665452984,tracking,0.6187813387253073,0,0,0
228,2.2799999999999954,1.622565746307373,1.8707693815231323,-0.002548102755099535,0.37883785367012024,0.37852062912045464,-0.0021302940665452984,tracking,0.37852062912045464,-0.0021302940665452984,tracking,0.6225700600702975,0,0,0
229,2.289999999999995,1.6263538599014282,1.8707594871520996,-0.002735195215791464,0.37877753376960754,0.37852062912045464,-0.0021302940665452984,tracking,0.37852062912045464,-0.0021302940665452984,tracking,0.626358186586142,0,0,0
230,2.299999999999995,1.6301413774490356,1.8707486391067505,-0.0029222697485238314,0.3787286579608917,0.37852062912045464,-0.0021302940665452984,tracking,0.37852062912045464,-0.0021302940665452984,tracking,0.6301457196689707,0,0,0
231,2.3099999999999947,1.6339287757873535,1.8707373142242432,-0.0031093398574739695,0.3787643015384674,0.37947842808703136,-0.0007510635546748266,tracking,0.37947842808703136,-0.0007510635546748266,tracking,0.6339331349387896,0,1,1
232,2.3199999999999945,1.63771653175354,1.8707250356674194,-0.0032964216079562902,0.378798246383667,0.37947842808703136,-0.0007510635546748266,tracking,0.37947842808703136,-0.0007510635546748266,tracking,0.6377209108062795,0,0,0
233,2.3299999999999943,1.6415046453475952,1.8707122802734375,-0.003483525011688471,0.37883058190345764,0.37947842808703136,-0.0007510635546748266,tracking,0.37947842808703136,-0.0007510635546748266,tracking,0.6415090458753525,0,0,0
234,2.339999999999994,1.645293116569519,1.8706985712051392,-0.003670638892799616,0.3788613975048065,0.37947842808703136,-0.0007510635546748266,tracking,0.37947842808703136,-0.0007510635546748266,tracking,0.6452975419012048,0,0,0
235,2.349999999999994,1.649081826210022,1.8706843852996826,-0.0038577725645154715,0.378890722990036,0.37947842808703136,-0.0007510635546748266,tracking,0.37947842808703136,-0.0007510635546748266,tracking,0.649086278099458,0,0,0
236,2.3599999999999937,1.6528704166412354,1.8706692457199097,-0.004044903442263603,0.3788451552391052,0.3786511353128298,0.0019423651495250709,tracking,0.3786511353128298,0.0019423651495250709,tracking,0.652874898780175,0,1,1
237,2.3699999999999934,1.65665864944458,1.8706541061401367,-0.0038577995728701353,0.37880825996398926,0.3786511353128298,0.0019423651495250709,tracking,0.3786511353128298,0.0019423651495250709,tracking,0.6566631618358791,0,0,0
238,2.3799999999999932,1.6604465246200562,1.8706399202346802,-0.003670706879347563,0.3787783682346344,0.3786511353128298,0.0019423651495250709,tracking,0.3786511353128298,0.0019423651495250709,tracking,0.660451063574956,0,0,0
239,2.389999999999993,1.6642341613769531,1.8706262111663818,-0.003483631880953908,0.3787541687488556,0.3786511353128298,0.0019423651495250709,tracking,0.3786511353128298,0.0019423651495250709,tracking,0.664238725141246,0,0,0
240,2.399999999999993,1.668021559715271,1.8706134557724,-0.0032965641003102064,0.3787345588207245,0.3786511353128298,0.0019423651495250709,tracking,0.3786511353128298,0.0019423651495250709,tracking,0.6680261449586373,0,0,0
241,2.4099999999999926,1.6718089580535889,1.8706011772155762,-0.003109494224190712,0.3787606954574585,0.37928416468191883,0.0010308028580368507,tracking,0.37928416468191883,0.0010308028580368507,tracking,0.6718135632001379,0,1,1
242,2.4199999999999924,1.6755967140197754,1.8705898523330688,-0.002922415966168046,0.3787855803966522,0.37928416468191883,0.0010308028580368507,tracking,0.37928416468191883,0.0010308028580368507,tracking,0.6756013360962267,0,0,0
243,2.429999999999992,1.679384708404541,1.8705790042877197,-0.002735321642830968,0.3788093030452728,0.37928416468191883,0.0010308028580368507,tracking,0.37928416468191883,0.0010308028580368507,tracking,0.679389346014258,0,0,0
244,2.439999999999992,1.6831729412078857,1.870569109916687,-0.0025482196360826492,0.3788318932056427,0.37928416468191883,0.0010308028580368507,tracking,0.37928416468191883,0.0010308028580368507,tracking,0.6831775917389854,0,0,0
245,2.4499999999999917,1.6869614124298096,1.8705596923828125,-0.002361103193834424,0.3788534104824066,0.37928416468191883,0.0010308028580368507,tracking,0.37928416468191883,0.0010308028580368507,tracking,0.686966074666133,0,0,0
246,2.4599999999999915,1.6907495260238647,1.8705512285232544,-0.002173997927457094,0.3787633180618286,0.37837969006063765,-0.002333246312681757,tracking,0.37837969006063765,-0.002333246312681757,tracking,0.6907541977156635,0,1,1
247,2.4699999999999913,1.694536805152893,1.8705427646636963,-0.00236104940995574,0.37869036197662354,0.37837969006063765,-0.002333246312681757,tracking,0.37837969006063765,-0.002333246312681757,tracking,0.6945414863022504,0,0,0
248,2.479999999999991,1.698323369026184,1.8705333471298218,-0.002548079239204526,0.37863126397132874,0.37837969006063765,-0.002333246312681757,tracking,0.37837969006063765,-0.002333246312681757,tracking,0.6983280618866614,0,0,0
249,2.489999999999991,1.702109456062317,1.870523452758789,-0.00273507391102612,0.3785834312438965,0.37837969006063765,-0.002333246312681757,tracking,0.37837969006063765,-0.002333246312681757,tracking,0.7021141618515,0,0,0
250,2.4999999999999907,1.7058950662612915,1.87051260471344,-0.002922054147347808,0.3785446882247925,0.37837969006063765,-0.002333246312681757,tracking,0.37837969006063765,-0.002333246312681757,tracking,0.7058997875935231,0,0,0
251,2.5099999999999905,1.7096806764602661,1.8705017566680908,-0.0027350708842277527,0.37859228253364563,0.37954532109950995,0.0006547376167056734,tracking,0.37954532109950995,0.0006547376167056734,tracking,0.7096854133355462,0,1,1
252,2.5199999999999902,1.713466763496399,1.870491862297058,-0.00254807248711586,0.3786376118659973,0.37954532109950995,0.0006547376167056734,tracking,0.37954532109950995,0.0006547376167056734,tracking,0.7134715133003848,0,0,0
253,2.52999999999999,1.71725332736969,1.8704824447631836,-0.002361044753342867,0.3786807656288147,0.37954532109950995,0.0006547376167056734,tracking,0.37954532109950995,0.0006547376167056734,tracking,0.7172580888847958,0,0,0
254,2.53999999999999,1.7210403680801392,1.8704739809036255,-0.0021740032825618982,0.37872186303138733,0.37954532109950995,0.0006547376167056734,tracking,0.37954532109950995,0.0006547376167056734,tracking,0.7210451390533991,0,0,0
255,2.5499999999999896,1.724827766418457,1.8704659938812256,-0.001986935269087553,0.37876102328300476,0.37954532109950995,0.0006547376167056734,tracking,0.37954532109950995,0.0006547376167056734,tracking,0.7248325458133893,0,0,0
256,2.5599999999999894,1.7286146879196167,1.870458960533142,-0.0017998850671574473,0.37861400842666626,0.3779881200140176,-0.0028971071798146574,tracking,0.3779881200140176,-0.0028971071798146574,tracking,0.728619473845968,0,1,1
257,2.569999999999989,1.7324001789093018,1.8704519271850586,-0.001986847724765539,0.3784949779510498,0.3779881200140176,-0.0028971071798146574,tracking,0.3779881200140176,-0.0028971071798146574,tracking,0.7324049713695403,0,0,0
258,2.579999999999989,1.7361845970153809,1.8704439401626587,-0.002173774875700474,0.3783985674381256,0.3779881200140176,-0.0028971071798146574,tracking,0.3779881200140176,-0.0028971071798146574,tracking,0.7361893979039238,0,0,0
259,2.5899999999999888,1.739968180656433,1.8704354763031006,-0.002360644517466426,0.37832051515579224,0.3779881200140176,-0.0028971071798146574,tracking,0.3779881200140176,-0.0028971071798146574,tracking,0.739972991011772,0,0,0
260,2.5999999999999885,1.743751049041748,1.870426058769226,-0.0025474908761680126,0.37825730443000793,0.3779881200140176,-0.0028971071798146574,tracking,0.3779881200140176,-0.0028971071798146574,tracking,0.7437558711196475,0,0,0
261,2.6099999999999883,1.7475337982177734,1.8704161643981934,-0.0027343258261680603,0.3782859444618225,0.378859547733733,-0.0016422512634245087,tracking,0.378859547733733,-0.0016422512634245087,tracking,0.7475386332357868,0,1,1
262,2.619999999999988,1.751316785812378,1.8704053163528442,-0.002921170089393854,0.37831321358680725,0.378859547733733,-0.0016422512634245087,tracking,0.378859547733733,-0.0016422512634245087,tracking,0.7513216363842152,0,0,0
263,2.629999999999988,1.7551000118255615,1.870393991470337,-0.003108031814917922,0.3783392012119293,0.378859547733733,-0.0016422512634245087,tracking,0.378859547733733,-0.0016422512634245087,tracking,0.7551048793475725,0,0,0
264,2.6399999999999877,1.7588834762573242,1.8703817129135132,-0.0032949019223451614,0.3783639371395111,0.378859547733733,-0.0016422512634245087,tracking,0.378859547733733,-0.0016422512634245087,tracking,0.7588883637032123,0,0,0
265,2.6499999999999875,1.762667179107666,1.8703689575195312,-0.003481788095086813,0.3783875107765198,0.378859547733733,-0.0016422512634245087,tracking,0.378859547733733,-0.0016422512634245087,tracking,0.7626720880536058,0,0,0
266,2.6599999999999873,1.7664512395858765,1.8703553676605225,-0.003668684046715498,0.3784240782260895,0.3791565514515889,0.0012145659097120287,tracking,0.3791565514515889,0.0012145659097120287,tracking,0.7664561729346598,0,1,1
267,2.669999999999987,1.7702356576919556,1.8703417778015137,-0.003481764579191804,0.3784589171409607,0.3791565514515889,0.0012145659097120287,tracking,0.3791565514515889,0.0012145659097120287,tracking,0.7702406154412765,0,0,0
268,2.679999999999987,1.7740204334259033,1.8703290224075317,-0.0032948339357972145,0.3784920871257782,0.3791565514515889,0.0012145659097120287,tracking,0.3791565514515889,0.0012145659097120287,tracking,0.7740254126691812,0,0,0
269,2.6899999999999866,1.7778054475784302,1.870316743850708,-0.003107881871983409,0.37852367758750916,0.3791565514515889,0.0012145659097120287,tracking,0.3791565514515889,0.0012145659097120287,tracking,0.7778104467374277,0,0,0
270,2.6999999999999864,1.7815908193588257,1.8703054189682007,-0.0029209197964519262,0.3785537779331207,0.3791565514515889,0.0012145659097120287,tracking,0.3791565514515889,0.0012145659097120287,tracking,0.7815958354583887,0,0,0
271,2.709999999999986,1.7853765487670898,1.8702945709228516,-0.0027339302469044924,0.37860697507858276,0.3796724740522037,0.00047163736482661034,tracking,0.3796724740522037,0.00047163736482661034,tracking,0.785381580409212,0,1,1
272,2.719999999999986,1.7891628742218018,1.8702846765518188,-0.002546923700720072,0.37865763902664185,0.3796724740522037,0.00047163736482661034,tracking,0.3796724740522037,0.00047163736482661034,tracking,0.7891679187918157,0,0,0
273,2.7299999999999858,1.7929496765136719,1.8702752590179443,-0.0023598845582455397,0.3787058889865875,0.3796724740522037,0.00047163736482661034,tracking,0.3796724740522037,0.00047163736482661034,tracking,0.7929547327940684,0,0,0
274,2.7399999999999856,1.7967369556427002,1.8702667951583862,-0.0021728298161178827,0.37875184416770935,0.3796724740522037,0.00047163736482661034,tracking,0.3796724740522037,0.00047163736482661034,tracking,0.7967420213806553,0,0,0
275,2.7499999999999853,1.8005247116088867,1.8702588081359863,-0.0019857455044984818,0.3787956237792969,0.3796724740522037,0.00047163736482661034,tracking,0.3796724740522037,0.00047163736482661034,tracking,0.800529785767719,0,0,0
276,2.759999999999985,1.8043124675750732,1.8702517747879028,-0.0017986606108024716,0.37875595688819885,0.3785870868835065,-0.0020345948877506705,tracking,0.3785870868835065,-0.0020345948877506705,tracking,0.8043175482638857,0,1,1
277,2.769999999999985,1.8080998659133911,1.8702447414398193,-0.0019857219886034727,0.3787238299846649,0.3785870868835065,-0.0020345948877506705,tracking,0.3785870868835065,-0.0020345948877506705,tracking,0.8081049531328003,0,0,0
278,2.7799999999999847,1.8118869066238403,1.8702367544174194,-0.002172773703932762,0.37869781255722046,0.3785870868835065,-0.0020345948877506705,tracking,0.3785870868835065,-0.0020345948877506705,tracking,0.8118920022657171,0,0,0
279,2.7899999999999845,1.815673828125,1.8702282905578613,-0.0023598100524395704,0.37867674231529236,0.3785870868835065,-0.0020345948877506705,tracking,0.3785870868835065,-0.0020345948877506705,tracking,0.8156789332253286,0,0,0
280,2.7999999999999843,1.8194605112075806,1.8702188730239868,-0.002546840114519,0.3786596953868866,0.3785870868835065,-0.0020345948877506705,tracking,0.3785870868835065,-0.0020345948877506705,tracking,0.8194656280186604,0,0,0
281,2.809999999999984,1.8232473134994507,1.870208978652954,-0.0027338797226548195,0.3787059187889099,0.3796315698615135,-0.0005305393994206042,tracking,0.3796315698615135,-0.0005305393994206042,tracking,0.8232524432367944,0,1,1
282,2.819999999999984,1.827034592628479,1.870198130607605,-0.0029209342319518328,0.37874993681907654,0.3796315698615135,-0.0005305393994206042,tracking,0.3796315698615135,-0.0005305393994206042,tracking,0.827039737902022,0,0,0
283,2.8299999999999836,1.830822229385376,1.8701868057250977,-0.003108016913756728,0.378791868686676,0.3796315698615135,-0.0005305393994206042,tracking,0.3796315698615135,-0.0005305393994206042,tracking,0.8308273915893541,0,0,0
284,2.8399999999999834,1.8346103429794312,1.870174527168274,-0.0032951130997389555,0.37883180379867554,0.3796315698615135,-0.0005305393994206042,tracking,0.3796315698615135,-0.0005305393994206042,tracking,0.8346155250828339,0,0,0
285,2.849999999999983,1.838398814201355,1.870161771774292,-0.0034822348970919847,0.37886983156204224,0.3796315698615135,-0.0005305393994206042,tracking,0.3796315698615135,-0.0005305393994206042,tracking,0.8384040177777484,0,0,0
286,2.859999999999983,1.842187523841858,1.8701480627059937,-0.0036693632137030363,0.3788709342479706,0.3788929294237772,0.0015941816297608147,tracking,0.3788929294237772,0.0015941816297608147,tracking,0.842192752220619,0,1,1
287,2.869999999999983,1.8459762334823608,1.8701343536376953,-0.003482234198600054,0.37887197732925415,0.3788929294237772,0.0015941816297608147,tracking,0.3788929294237772,0.0015941816297608147,tracking,0.8459814866634895,0,0,0
288,2.8799999999999826,1.8497649431228638,1.8701215982437134,-0.0032951049506664276,0.37887296080589294,0.3788929294237772,0.0015941816297608147,tracking,0.3788929294237772,0.0015941816297608147,tracking,0.8497702177756319,0,0,0
289,2.8899999999999824,1.8535536527633667,1.8701093196868896,-0.0031079750042408705,0.37887391448020935,0.3788929294237772,0.0015941816297608147,tracking,0.3788929294237772,0.0015941816297608147,tracking,0.8535589473124289,0,0,0
290,2.899999999999982,1.8573423624038696,1.8700979948043823,-0.0029208448249846697,0.378874808549881,0.3788929294237772,0.0015941816297608147,tracking,0.3788929294237772,0.0015941816297608147,tracking,0.8573476738785727,0,0,0
291,2.909999999999982,1.8611313104629517,1.8700871467590332,-0.0027336992789059877,0.3789201080799103,0.3798275774729592,0.0002482884389387995,tracking,0.3798275774729592,0.0002482884389387995,tracking,0.8611366374670107,0,1,1
292,2.9199999999999817,1.864920735359192,1.8700772523880005,-0.0025465392973273993,0.37896326184272766,0.3798275774729592,0.0002482884389387995,tracking,0.3798275774729592,0.0002482884389387995,tracking,0.8649260752805688,0,0,0
293,2.9299999999999815,1.8687105178833008,1.870067834854126,-0.002359351608902216,0.3790043592453003,0.3798275774729592,0.0002482884389387995,tracking,0.3798275774729592,0.0002482884389387995,tracking,0.8687158695058513,0,0,0
294,2.9399999999999813,1.8725007772445679,1.8700593709945679,-0.0021721506491303444,0.37904348969459534,0.3798275774729592,0.0002482884389387995,tracking,0.3798275774729592,0.0002482884389387995,tracking,0.8725061383172408,0,0,0
295,2.949999999999981,1.8762913942337036,1.870051383972168,-0.001984924543648958,0.37908077239990234,0.3798275774729592,0.0002482884389387995,tracking,0.3798275774729592,0.0002482884389387995,tracking,0.8762967637208979,0,0,0
296,2.959999999999981,1.8800811767578125,1.8700443506240845,-0.0017977264942601323,0.3788723945617676,0.37798524099079206,-0.002901252973259428,tracking,0.37798524099079206,-0.002901252973259428,tracking,0.8800865527714952,0,1,1
297,2.9699999999999807,1.8838690519332886,1.870037317276001,-0.0019848004449158907,0.37870365381240845,0.37798524099079206,-0.002901252973259428,tracking,0.37798524099079206,-0.002901252973259428,tracking,0.8838744344767459,0,0,0
298,2.9799999999999804,1.8876553773880005,1.870029330253601,-0.002171823987737298,0.37856701016426086,0.37798524099079206,-0.002901252973259428,tracking,0.37798524099079206,-0.002901252973259428,tracking,0.8876607683555164,0,0,0
299,2.9899999999999802,1.891440510749817,1.870020866394043,-0.0023587660398334265,0.37845635414123535,0.37798524099079206,-0.002901252973259428,tracking,0.37798524099079206,-0.002901252973259428,tracking,0.891445911180253,0,0,0
300,2.99999999999998,1.8952245712280273,1.8700114488601685,-0.0025456752628087997,0.37836673855781555,0.37798524099079206,-0.002901252973259428,tracking,0.37798524099079206,-0.002901252973259428,tracking,0.895229983377331,0,0,0
301,3.00999999999998,1.8990085124969482,1.8700015544891357,-0.0027325705159455538,0.378414124250412,0.3793633677143497,-0.0009167504913364516,tracking,0.3793633677143497,-0.0009167504913364516,tracking,0.8990139375822892,0,1,1
302,3.0199999999999796,1.9027928113937378,1.8699907064437866,-0.002919481135904789,0.37845927476882935,0.3793633677143497,-0.0009167504913364516,tracking,0.3793633677143497,-0.0009167504913364516,tracking,0.9027982520275132,0,0,0
303,3.0299999999999794,1.9065775871276855,1.8699793815612793,-0.0031064206268638372,0.3785022497177124,0.3793633677143497,-0.0009167504913364516,tracking,0.3793633677143497,-0.0009167504913364516,tracking,0.9065830447046943,0,0,0
304,3.039999999999979,1.9103628396987915,1.8699671030044556,-0.0032933740876615047,0.3785431981086731,0.3793633677143497,-0.0009167504913364516,tracking,0.3793633677143497,-0.0009167504913364516,tracking,0.9103683171902655,0,0,0
305,3.049999999999979,1.9141484498977661,1.8699543476104736,-0.003480353858321905,0.3785822093486786,0.3793633677143497,-0.0009167504913364516,tracking,0.3793633677143497,-0.0009167504913364516,tracking,0.9141539488784591,0,0,0
306,3.0599999999999787,1.9179341793060303,1.8699407577514648,-0.003667339449748397,0.3785794675350189,0.37856784966942114,0.0020622964760335745,tracking,0.37856784966942114,0.0020622964760335745,tracking,0.9179397026788091,0,1,1
307,3.0699999999999785,1.9217199087142944,1.869927167892456,-0.0034803554881364107,0.37857726216316223,0.37856784966942114,0.0020622964760335745,tracking,0.37856784966942114,0.0020622964760335745,tracking,0.921725456479159,0,0,0
308,3.0799999999999783,1.9255056381225586,1.8699144124984741,-0.0032933722250163555,0.37857547402381897,0.37856784966942114,0.0020622964760335745,tracking,0.37856784966942114,0.0020622964760335745,tracking,0.9255112073759656,0,0,0
309,3.089999999999978,1.9292913675308228,1.8699021339416504,-0.003106389893218875,0.378574013710022,0.37856784966942114,0.0020622964760335745,tracking,0.37856784966942114,0.0020622964760335745,tracking,0.9292969566961866,0,0,0
310,3.099999999999978,1.933077096939087,1.869890809059143,-0.0029194080270826817,0.37857285141944885,0.37856784966942114,0.0020622964760335745,tracking,0.37856784966942114,0.0020622964760335745,tracking,0.9330827030434159,0,0,0
311,3.1099999999999777,1.9368630647659302,1.869879961013794,-0.0027324098628014326,0.3786235451698303,0.3796390848740873,0.0005197177813142887,tracking,0.3796390848740873,0.0005197177813142887,tracking,0.9368686864118395,0,1,1
312,3.1199999999999775,1.9406495094299316,1.8698700666427612,-0.002545395400375128,0.3786718249320984,0.3796390848740873,0.0005197177813142887,tracking,0.3796390848740873,0.0005197177813142887,tracking,0.9406551440033257,0,0,0
313,3.1299999999999772,1.9444364309310913,1.8698606491088867,-0.002358349971473217,0.3787178099155426,0.3796390848740873,0.0005197177813142887,tracking,0.3796390848740873,0.0005197177813142887,tracking,0.9444420772144994,0,0,0
314,3.139999999999977,1.9482238292694092,1.8698521852493286,-0.0021712896414101124,0.3787616193294525,0.3796390848740873,0.0005197177813142887,tracking,0.3796390848740873,0.0005197177813142887,tracking,0.9482294850100782,0,0,0
315,3.149999999999977,1.9520117044448853,1.8698441982269287,-0.0019842011388391256,0.3788033425807953,0.3796390848740873,0.0005197177813142887,tracking,0.3796390848740873,0.0005197177813142887,tracking,0.9520173686061665,0,0,0
316,3.1599999999999766,1.9557993412017822,1.8698371648788452,-0.0017971196211874485,0.37871959805488586,0.37836307092800026,-0.002357177863679674,tracking,0.37836307092800026,-0.002357177863679674,tracking,0.9558050118932492,0,1,1
317,3.1699999999999764,1.9595861434936523,1.8698301315307617,-0.0019841513130813837,0.37865179777145386,0.37836307092800026,-0.002357177863679674,tracking,0.37836307092800026,-0.002357177863679674,tracking,0.959591820716744,0,0,0
318,3.179999999999976,1.9633723497390747,1.8698221445083618,-0.002171162748709321,0.37859687209129333,0.37836307092800026,-0.002357177863679674,tracking,0.37836307092800026,-0.002357177863679674,tracking,0.9633780353864903,0,0,0
319,3.189999999999976,1.9671580791473389,1.8698136806488037,-0.002358141355216503,0.3785524070262909,0.37836307092800026,-0.002357177863679674,tracking,0.37836307092800026,-0.002357177863679674,tracking,0.9671637742561846,0,0,0
320,3.1999999999999758,1.9709434509277344,1.8698042631149292,-0.0025451069232076406,0.37851640582084656,0.37836307092800026,-0.002357177863679674,tracking,0.37836307092800026,-0.002357177863679674,tracking,0.9709491577513881,0,0,0
321,3.2099999999999755,1.9747289419174194,1.8697943687438965,-0.0027320815715938807,0.378580242395401,0.379858749013808,-0.00020340142011645267,tracking,0.379858749013808,-0.00020340142011645267,tracking,0.9747346616718147,0,1,1
322,3.2199999999999753,1.9785150289535522,1.8697835206985474,-0.002919076709076762,0.3786410391330719,0.379858749013808,-0.00020340142011645267,tracking,0.379858749013808,-0.00020340142011645267,tracking,0.9785207642490384,0,0,0
323,3.229999999999975,1.9823017120361328,1.86977219581604,-0.0031061109621077776,0.3786989450454712,0.379858749013808,-0.00020340142011645267,tracking,0.379858749013808,-0.00020340142011645267,tracking,0.9823074642663181,0,0,0
324,3.239999999999975,1.9860889911651611,1.8697599172592163,-0.0032931638415902853,0.3787541091442108,0.379858749013808,-0.00020340142011645267,tracking,0.379858749013808,-0.00020340142011645267,tracking,0.9860947632991555,0,0,0
325,3.2499999999999747,1.9898767471313477,1.8697471618652344,-0.0034802521113306284,0.37880662083625793,0.379858749013808,-0.00020340142011645267,tracking,0.379858749013808,-0.00020340142011645267,tracking,0.9898825407423875,0,0,0
326,3.2599999999999745,1.9936643838882446,1.869733452796936,-0.0036673357244580984,0.3787250220775604,0.3783776908751564,0.002336125139774837,tracking,0.3783776908751564,0.002336125139774837,tracking,0.9936702023086775,0,1,1
327,3.2699999999999743,1.9974513053894043,1.8697197437286377,-0.003480300772935152,0.3786589503288269,0.3783776908751564,0.002336125139774837,tracking,0.3783776908751564,0.002336125139774837,tracking,0.9974571486239161,0,0,0
328,3.279999999999974,2.001237630844116,1.8697069883346558,-0.0032932856120169163,0.378605455160141,0.3783776908751564,0.002336125139774837,tracking,0.3783776908751564,0.002336125139774837,tracking,1.0012434955637877,0,0,0
329,3.289999999999974,2.00502347946167,1.869694709777832,-0.003106302348896861,0.3785621225833893,0.3783776908751564,0.002336125139774837,tracking,0.3783776908751564,0.002336125139774837,tracking,1.0050293640926713,0,0,0
330,3.2999999999999736,2.0088088512420654,1.8696833848953247,-0.002919331891462207,0.37852704524993896,0.3783776908751564,0.002336125139774837,tracking,0.3783776908751564,0.002336125139774837,tracking,1.0088147528136322,0,0,0
331,3.3099999999999734,2.012594223022461,1.8696725368499756,-0.0027323600370436907,0.378566712141037,0.3793614461458393,0.0009195175499914447,tracking,0.3793614461458393,0.0009195175499914447,tracking,1.0126001401380553,0,1,1
332,3.319999999999973,2.0163800716400146,1.8696626424789429,-0.0025453753769397736,0.3786045014858246,0.3793614461458393,0.0009195175499914447,tracking,0.3793614461458393,0.0009195175499914447,tracking,1.0163860016851292,0,0,0
333,3.329999999999973,2.0201663970947266,1.8696532249450684,-0.0023583665024489164,0.3786405026912689,0.3793614461458393,0.0009195175499914447,tracking,0.3793614461458393,0.0009195175499914447,tracking,1.0201723388516983,0,0,0
334,3.3399999999999728,2.0239529609680176,1.8696447610855103,-0.0021713459864258766,0.37867477536201477,0.3793614461458393,0.0009195175499914447,tracking,0.3793614461458393,0.0009195175499914447,tracking,1.0239589121843344,0,0,0
335,3.3499999999999726,2.0277397632598877,1.8696367740631104,-0.0019843033514916897,0.3787074387073517,0.3793614461458393,0.0009195175499914447,tracking,0.3793614461458393,0.0009195175499914447,tracking,1.0277457228992024,0,0,0
336,3.3599999999999723,2.031526803970337,1.8696297407150269,-0.0017972553614526987,0.378707617521286,0.3787112890444539,-0.0018557437759863698,tracking,0.3787112890444539,-0.0018557437759863698,tracking,1.0315327701408652,0,1,1
337,3.369999999999972,2.035313844680786,1.8696227073669434,-0.0019843035843223333,0.37870779633522034,0.3787112890444539,-0.0018557437759863698,tracking,0.3787112890444539,-0.0018557437759863698,tracking,1.035319817382528,0,0,0
338,3.379999999999972,2.0391008853912354,1.8696147203445435,-0.002171351807191968,0.37870797514915466,0.3787112890444539,-0.0018557437759863698,tracking,0.3787112890444539,-0.0018557437759863698,tracking,1.0391068665154448,0,0,0
339,3.3899999999999717,2.0428879261016846,1.8696062564849854,-0.0023584000300616026,0.3787081241607666,0.3787112890444539,-0.0018557437759863698,tracking,0.3787112890444539,-0.0018557437759863698,tracking,1.042893916684048,0,0,0
340,3.3999999999999715,2.046674966812134,1.8695968389511108,-0.0025454482529312372,0.37870827317237854,0.3787112890444539,-0.0018557437759863698,tracking,0.3787112890444539,-0.0018557437759863698,tracking,1.0466809691041425,0,0,0
341,3.4099999999999713,2.050462245941162,1.8695869445800781,-0.002732514636591077,0.3787631392478943,0.37986241963751105,-0.00019811572198410402,tracking,0.37986241963751105,-0.00019811572198410402,tracking,1.0504682611578073,0,1,1
342,3.419999999999971,2.0542502403259277,1.869576096534729,-0.002919598715379834,0.3788154125213623,0.37986241963751105,-0.00019811572198410402,tracking,0.37986241963751105,-0.00019811572198410402,tracking,1.0542562710758387,0,0,0
343,3.429999999999971,2.0580387115478516,1.8695647716522217,-0.0031067163217812777,0.37886521220207214,0.37986241963751105,-0.00019811572198410402,tracking,0.37986241963751105,-0.00019811572198410402,tracking,1.0580447592244686,0,0,0
344,3.4399999999999706,2.0618276596069336,1.869552493095398,-0.0032938499934971333,0.37891262769699097,0.37986241963751105,-0.00019811572198410402,tracking,0.37986241963751105,-0.00019811572198410402,tracking,1.0618337271785927,0,0,0
345,3.4499999999999704,2.065617084503174,1.869539737701416,-0.0034810141660273075,0.3789577782154083,0.37986241963751105,-0.00019811572198410402,tracking,0.37986241963751105,-0.00019811572198410402,tracking,1.0656231735424195,0,0,0
346,3.45999999999997,2.069406270980835,1.8695260286331177,-0.003668171353638172,0.37886950373649597,0.3784936387418639,0.0021691602117159536,tracking,0.3784936387418639,0.0021691602117159536,tracking,1.069412384819327,0,1,1
347,3.46999999999997,2.0731945037841797,1.8695123195648193,-0.003481067018583417,0.3787980079650879,0.3784936387418639,0.0021691602117159536,tracking,0.3784936387418639,0.0021691602117159536,tracking,1.0732006424281613,0,0,0
348,3.47999999999997,2.076982259750366,1.8694995641708374,-0.0032939838711172342,0.3787401020526886,0.3784936387418639,0.0021691602117159536,tracking,0.3784936387418639,0.0021691602117159536,tracking,1.0769884198713933,0,0,0
349,3.4899999999999696,2.0807693004608154,1.8694872856140137,-0.0031069351825863123,0.37869322299957275,0.3784936387418639,0.0021691602117159536,tracking,0.3784936387418639,0.0021691602117159536,tracking,1.0807754804869047,0,0,0
350,3.4999999999999694,2.0845561027526855,1.8694759607315063,-0.0029199004638940096,0.37865525484085083,0.3784936387418639,0.0021691602117159536,tracking,0.3784936387418639,0.0021691602117159536,tracking,1.084562299712941,0,0,0
351,3.509999999999969,2.0883426666259766,1.8694651126861572,-0.002732871798798442,0.37867471575737,0.3790646795691207,0.0013468614204661961,tracking,0.3790646795691207,0.0013468614204661961,tracking,1.088348879125366,0,1,1
352,3.519999999999969,2.0921294689178467,1.8694552183151245,-0.002545837080106139,0.37869325280189514,0.3790646795691207,0.0013468614204661961,tracking,0.3790646795691207,0.0013468614204661961,tracking,1.0921356943434999,0,0,0
353,3.5299999999999687,2.095916509628296,1.86944580078125,-0.0023587902542203665,0.37871092557907104,0.3790646795691207,0.0013468614204661961,tracking,0.3790646795691207,0.0013468614204661961,tracking,1.0959227467635944,0,0,0
354,3.5399999999999685,2.099703788757324,1.869437336921692,-0.002171737840399146,0.3787277340888977,0.3790646795691207,0.0013468614204661961,tracking,0.3790646795691207,0.0013468614204661961,tracking,1.0997100353501814,0,0,0
355,3.5499999999999683,2.1034910678863525,1.869429349899292,-0.0019846747163683176,0.3787437677383423,0.3790646795691207,0.0013468614204661961,tracking,0.3790646795691207,0.0013468614204661961,tracking,1.103497322901147,0,0,0
356,3.559999999999968,2.10727858543396,1.8694223165512085,-0.0017976093804463744,0.37874075770378113,0.3787279585369284,-0.001831739706823046,tracking,0.3787279585369284,-0.001831739706823046,tracking,1.1072848469791456,0,1,1
357,3.569999999999968,2.1110658645629883,1.869415283203125,-0.001984673086553812,0.37873831391334534,0.3787279585369284,-0.001831739706823046,tracking,0.3787279585369284,-0.001831739706823046,tracking,1.1110721326389763,0,0,0
358,3.5799999999999677,2.1148531436920166,1.869407296180725,-0.002171735977753997,0.37873634696006775,0.3787279585369284,-0.001831739706823046,tracking,0.3787279585369284,-0.001831739706823046,tracking,1.114859420189942,0,0,0
359,3.5899999999999674,2.118640422821045,1.869398832321167,-0.0023587977048009634,0.3787347674369812,0.3787279585369284,-0.001831739706823046,tracking,0.3787279585369284,-0.001831739706823046,tracking,1.118646708776529,0,0,0
360,3.5999999999999672,2.1224277019500732,1.8693894147872925,-0.0025458589661866426,0.37873348593711853,0.3787279585369284,-0.001831739706823046,tracking,0.3787279585369284,-0.001831739706823046,tracking,1.1224339996144657,0,0,0
361,3.609999999999967,2.1262152194976807,1.869379997253418,-0.0023587816394865513,0.3787838816642761,0.37979313004846393,0.0002978927302119735,tracking,0.37979313004846393,0.0002978927302119735,tracking,1.1262215288702442,0,1,1
362,3.619999999999967,2.1300032138824463,1.8693715333938599,-0.002171688014641404,0.3788318634033203,0.37979313004846393,0.0002978927302119735,tracking,0.37979313004846393,0.0002978927302119735,tracking,1.1300095327107826,0,0,0
363,3.6299999999999666,2.13379168510437,1.86936354637146,-0.0019845636561512947,0.37887758016586304,0.37979313004846393,0.0002978927302119735,tracking,0.37979313004846393,0.0002978927302119735,tracking,1.133798012351994,0,0,0
364,3.6399999999999664,2.137580633163452,1.8693565130233765,-0.0017974245129153132,0.37892112135887146,0.37979313004846393,0.0002978927302119735,tracking,0.37979313004846393,0.0002978927302119735,tracking,1.1375869669390017,0,0,0
365,3.649999999999966,2.1413700580596924,1.8693499565124512,-0.0016102574300020933,0.37896257638931274,0.37979313004846393,0.0002978927302119735,tracking,0.37979313004846393,0.0002978927302119735,tracking,1.1413763975073168,0,0,0
366,3.659999999999966,2.1451590061187744,1.8693443536758423,-0.0014231042005121708,0.3788369596004486,0.37830208712257474,-0.002444994543492389,tracking,0.37830208712257474,-0.002444994543492389,tracking,1.1451653497089418,0,1,1
367,3.6699999999999657,2.148946762084961,1.8693387508392334,-0.0016101826913654804,0.378735214471817,0.37830208712257474,-0.002444994543492389,tracking,0.37830208712257474,-0.002444994543492389,tracking,1.1489531098189751,0,0,0
368,3.6799999999999655,2.15273380279541,1.869332194328308,-0.0017972307978197932,0.3786528408527374,0.37830208712257474,-0.002444994543492389,tracking,0.37830208712257474,-0.002444994543492389,tracking,1.15274015620507,0,0,0
369,3.6899999999999653,2.156519889831543,1.8693251609802246,-0.001984229777008295,0.37858614325523376,0.37830208712257474,-0.002444994543492389,tracking,0.37830208712257474,-0.002444994543492389,tracking,1.1565262497740616,0,0,0
370,3.699999999999965,2.1603055000305176,1.8693171739578247,-0.0021712088491767645,0.3785321116447449,0.37830208712257474,-0.002444994543492389,tracking,0.37830208712257474,-0.002444994543492389,tracking,1.1603118683986866,0,0,0
371,3.709999999999965,2.164091110229492,1.8693091869354248,-0.0019842255860567093,0.3785983622074127,0.37992570054257857,0.00010699121868690178,tracking,0.37992570054257857,0.00010699121868690178,tracking,1.1640974870233116,0,1,1
372,3.7199999999999647,2.167877435684204,1.8693021535873413,-0.0017972211353480816,0.37866148352622986,0.37992570054257857,0.00010699121868690178,tracking,0.37992570054257857,0.00010699121868690178,tracking,1.1678838190104708,0,0,0
373,3.7299999999999645,2.171664237976074,1.869295597076416,-0.0016101761721074581,0.37872159481048584,0.37992570054257857,0.00010699121868690178,tracking,0.37992570054257857,0.00010699121868690178,tracking,1.1716706269783441,0,0,0
374,3.7399999999999642,2.1754517555236816,1.8692899942398071,-0.0014231118839234114,0.3787788450717926,0.37992570054257857,0.00010699121868690178,tracking,0.37992570054257857,0.00010699121868690178,tracking,1.1754581486700593,0,0,0
375,3.749999999999964,2.1792397499084473,1.8692848682403564,-0.0012360106920823455,0.3788333833217621,0.37992570054257857,0.00010699121868690178,tracking,0.37992570054257857,0.00010699121868690178,tracking,1.1792461465231323,0,0,0
376,3.759999999999964,2.1830270290374756,1.8692806959152222,-0.0010489359265193343,0.3786185681819916,0.3777038955613827,-0.003306390391608984,tracking,0.3777038955613827,-0.003306390391608984,tracking,1.1830334279504189,0,1,1
377,3.7699999999999636,2.186812400817871,1.869276523590088,-0.0012358827516436577,0.3784446120262146,0.3777038955613827,-0.003306390391608984,tracking,0.3777038955613827,-0.003306390391608984,tracking,1.1868188020302308,0,0,0
378,3.7799999999999634,2.190596103668213,1.8692713975906372,-0.0014227776555344462,0.37830373644828796,0.3777038955613827,-0.003306390391608984,tracking,0.3777038955613827,-0.003306390391608984,tracking,1.1906025083528138,0,0,0
379,3.789999999999963,2.194378614425659,1.8692657947540283,-0.0016095886239781976,0.37818965315818787,0.3777038955613827,-0.003306390391608984,tracking,0.3777038955613827,-0.003306390391608984,tracking,1.1943850232598532,0,0,0
380,3.799999999999963,2.19815993309021,1.869259238243103,-0.0017963655991479754,0.378097265958786,0.3777038955613827,-0.003306390391608984,tracking,0.3777038955613827,-0.003306390391608984,tracking,1.1981663476086384,0,0,0
381,3.8099999999999627,2.2019412517547607,1.8692522048950195,-0.0019831296522170305,0.37815025448799133,0.37921193127052466,-0.0011348189704445209,tracking,0.37921193127052466,-0.0011348189704445209,tracking,1.201947672814286,0,1,1
382,3.8199999999999625,2.2057230472564697,1.8692442178726196,-0.002169910818338394,0.3782007396221161,0.37921193127052466,-0.0011348189704445209,tracking,0.37921193127052466,-0.0011348189704445209,tracking,1.2057294767501443,0,0,0
383,3.8299999999999623,2.209505319595337,1.8692357540130615,-0.0023567243479192257,0.37824881076812744,0.37921193127052466,-0.0011348189704445209,tracking,0.37921193127052466,-0.0011348189704445209,tracking,1.2095117585590895,0,0,0
384,3.839999999999962,2.2132880687713623,1.869226336479187,-0.0025435532443225384,0.37829461693763733,0.37921193127052466,-0.0011348189704445209,tracking,0.37921193127052466,-0.0011348189704445209,tracking,1.213294519458045,0,0,0
385,3.849999999999962,2.217071294784546,1.8692164421081543,-0.002730411710217595,0.3783382475376129,0.37921193127052466,-0.0011348189704445209,tracking,0.37921193127052466,-0.0011348189704445209,tracking,1.2170777584097114,0,0,0
386,3.8599999999999617,2.2208549976348877,1.8692055940628052,-0.002917286241427064,0.37839213013648987,0.3794711976271698,0.0007614754168754675,tracking,0.3794711976271698,0.0007614754168754675,tracking,1.220861476810937,0,1,1
387,3.8699999999999615,2.2246391773223877,1.869194746017456,-0.0027303772512823343,0.3784434497356415,0.3794711976271698,0.0007614754168754675,tracking,0.3794711976271698,0.0007614754168754675,tracking,1.224645672047361,0,0,0
388,3.8799999999999613,2.228423833847046,1.8691848516464233,-0.0025434517301619053,0.3784923255443573,0.3794711976271698,0.0007614754168754675,tracking,0.3794711976271698,0.0007614754168754675,tracking,1.228430341505612,0,0,0
389,3.889999999999961,2.2322089672088623,1.8691754341125488,-0.002356494776904583,0.3785388767719269,0.3794711976271698,0.0007614754168754675,tracking,0.3794711976271698,0.0007614754168754675,tracking,1.2322154865829742,0,0,0
390,3.899999999999961,2.235994577407837,1.8691669702529907,-0.002169522922486067,0.37858322262763977,0.3794711976271698,0.0007614754168754675,tracking,0.3794711976271698,0.0007614754168754675,tracking,1.2360011062436769,0,0,0
391,3.9099999999999606,2.2397806644439697,1.8691589832305908,-0.0019825156778097153,0.37864577770233154,0.37989885146667096,0.00014565388799385112,tracking,0.37989885146667096,0.00014565388799385112,tracking,1.239787201704399,0,1,1
392,3.9199999999999604,2.24356746673584,1.8691519498825073,-0.0017954884096980095,0.37870535254478455,0.37989885146667096,0.00014565388799385112,tracking,0.37989885146667096,0.00014565388799385112,tracking,1.2435740105278936,0,0,0
393,3.92999999999996,2.247354745864868,1.869145393371582,-0.0016084228409454226,0.3787620961666107,0.37989885146667096,0.00014565388799385112,tracking,0.37989885146667096,0.00014565388799385112,tracking,1.2473612953322104,0,0,0
394,3.93999999999996,2.251142740249634,1.8691397905349731,-0.001421338994987309,0.378816157579422,0.37989885146667096,0.00014565388799385112,tracking,0.37989885146667096,0.00014565388799385112,tracking,1.251149293860562,0,0,0
395,3.9499999999999598,2.2549312114715576,1.8691346645355225,-0.0012342204572632909,0.37886762619018555,0.37989885146667096,0.00014565388799385112,tracking,0.37989885146667096,0.00014565388799385112,tracking,1.2549377685503567,0,0,0
396,3.9599999999999596,2.2587196826934814,1.8691304922103882,-0.0010471019195392728,0.37881624698638916,0.3785974377444178,-0.0020196896480383615,tracking,0.3785974377444178,-0.0020196896480383615,tracking,1.2587262420698158,0,1,1
397,3.9699999999999593,2.262507677078247,1.869126319885254,-0.0012341899564489722,0.37877464294433594,0.3785974377444178,-0.0020196896480383615,tracking,0.3785974377444178,-0.0020196896480383615,tracking,1.2625142387524058,0,0,0
398,3.979999999999959,2.2662951946258545,1.8691211938858032,-0.0014212655369192362,0.37874093651771545,0.3785974377444178,-0.0020196896480383615,tracking,0.3785974377444178,-0.0020196896480383615,tracking,1.2663017597687574,0,0,0
399,3.989999999999959,2.270082473754883,1.8691155910491943,-0.001608321093954146,0.3787136375904083,0.3785974377444178,-0.0020196896480383615,tracking,0.3785974377444178,-0.0020196896480383615,tracking,1.2700890430421543,0,0,0
400,3.9999999999999587,2.273869514465332,1.869109034538269,-0.0017953685019165277,0.37869152426719666,0.3785974377444178,-0.0020196896480383615,tracking,0.3785974377444178,-0.0020196896480383615,tracking,1.2738760894282493,0,0,0
401,4.009999999999959,2.2776565551757812,1.8691020011901855,-0.001982423011213541,0.3787350654602051,0.3796069460325346,-0.0005659977131502406,tracking,0.3796069460325346,-0.0005659977131502406,tracking,1.277663136669912,0,1,1
402,4.019999999999959,2.2814440727233887,1.8690940141677856,-0.0021694914903491735,0.37877652049064636,0.3796069460325346,-0.0005659977131502406,tracking,0.3796069460325346,-0.0005659977131502406,tracking,1.2814506626389268,0,0,0
403,4.0299999999999585,2.2852320671081543,1.8690855503082275,-0.0023565865121781826,0.37881600856781006,0.3796069460325346,-0.0005659977131502406,tracking,0.3796069460325346,-0.0005659977131502406,tracking,1.2852386664794653,0,0,0
404,4.039999999999958,2.289020299911499,1.869076132774353,-0.0025436943396925926,0.37885361909866333,0.3796069460325346,-0.0005659977131502406,tracking,0.3796069460325346,-0.0005659977131502406,tracking,1.2890269109887704,0,0,0
405,4.049999999999958,2.292809009552002,1.8690662384033203,-0.0027308263815939426,0.37888944149017334,0.3796069460325346,-0.0005659977131502406,tracking,0.3796069460325346,-0.0005659977131502406,tracking,1.2928156335490297,0,0,0
406,4.059999999999958,2.296597957611084,1.8690553903579712,-0.0029179644770920277,0.37889090180397034,0.37892031377882346,0.001554748158494235,tracking,0.37892031377882346,0.001554748158494235,tracking,1.2966045971374678,0,1,1
407,4.069999999999958,2.300386905670166,1.869044542312622,-0.002730825450271368,0.37889230251312256,0.37892031377882346,0.001554748158494235,tracking,0.37892031377882346,0.001554748158494235,tracking,1.3003935607259058,0,0,0
408,4.079999999999957,2.304175853729248,1.8690346479415894,-0.002543685957789421,0.37889364361763,0.37892031377882346,0.001554748158494235,tracking,0.37892031377882346,0.001554748158494235,tracking,1.3041825217039313,0,0,0
409,4.089999999999957,2.30796480178833,1.8690252304077148,-0.002356545766815543,0.3788949251174927,0.37892031377882346,0.001554748158494235,tracking,0.37892031377882346,0.001554748158494235,tracking,1.307971481466764,0,0,0
410,4.099999999999957,2.311753749847412,1.8690167665481567,-0.002169405110180378,0.37889614701271057,0.37892031377882346,0.001554748158494235,tracking,0.37892031377882346,0.001554748158494235,tracking,1.311760438979239,0,0,0
411,4.109999999999957,2.3155429363250732,1.8690087795257568,-0.0019822546746581793,0.3789246082305908,0.3794945515384732,0.0007278457845985541,tracking,0.3794945515384732,0.0007278457845985541,tracking,1.3155496338745982,0,1,1
412,4.119999999999957,2.3193323612213135,1.8690017461776733,-0.0017950950423255563,0.37895169854164124,0.3794945515384732,0.0007278457845985541,tracking,0.3794945515384732,0.0007278457845985541,tracking,1.3193390652979426,0,0,0
413,4.129999999999956,2.323122024536133,1.868995189666748,-0.0016079179476946592,0.378977507352829,0.3794945515384732,0.0007278457845985541,tracking,0.3794945515384732,0.0007278457845985541,tracking,1.32312873428448,0,0,0
414,4.139999999999956,2.3269119262695312,1.8689895868301392,-0.0014207325875759125,0.37900209426879883,0.3794945515384732,0.0007278457845985541,tracking,0.3794945515384732,0.0007278457845985541,tracking,1.326918640159379,0,0,0
415,4.149999999999956,2.330702066421509,1.8689844608306885,-0.0012335313949733973,0.37902551889419556,0.3794945515384732,0.0007278457845985541,tracking,0.3794945515384732,0.0007278457845985541,tracking,1.3307087837777005,0,0,0
416,4.159999999999956,2.3344919681549072,1.8689802885055542,-0.001046336954459548,0.3789612352848053,0.37868752712027365,-0.0018899609468059752,tracking,0.37868752712027365,-0.0018899609468059752,tracking,1.334498687807767,0,1,1
417,4.1699999999999555,2.3382813930511475,1.86897611618042,-0.0012334930943325162,0.378909170627594,0.37868752712027365,-0.0018899609468059752,tracking,0.37868752712027365,-0.0018899609468059752,tracking,1.338288115000964,0,0,0
418,4.179999999999955,2.3420703411102295,1.8689709901809692,-0.0014206337509676814,0.3788670003414154,0.37868752712027365,-0.0018899609468059752,tracking,0.37868752712027365,-0.0018899609468059752,tracking,1.3420770665274806,0,0,0
419,4.189999999999955,2.3458588123321533,1.8689653873443604,-0.001607749261893332,0.3788328766822815,0.37868752712027365,-0.0018899609468059752,tracking,0.37868752712027365,-0.0018899609468059752,tracking,1.345865541892469,0,0,0
420,4.199999999999955,2.349647045135498,1.868958830833435,-0.0017948546446859837,0.3788052201271057,0.37868752712027365,-0.0018899609468059752,tracking,0.37868752712027365,-0.0018899609468059752,tracking,1.3496537803696735,0,0,0
421,4.209999999999955,2.3534352779388428,1.8689517974853516,-0.0019819613080471754,0.37883663177490234,0.3794660098000915,-0.0007689458878682789,tracking,0.3794660098000915,-0.0007689458878682789,tracking,1.3534420197021764,0,1,1
422,4.2199999999999545,2.3572237491607666,1.8689438104629517,-0.0021690779831260443,0.3788665533065796,0.3794660098000915,-0.0007689458878682789,tracking,0.3794660098000915,-0.0007689458878682789,tracking,1.3572304993433877,0,0,0
423,4.229999999999954,2.3610124588012695,1.8689353466033936,-0.0023562139831483364,0.3788950443267822,0.3794660098000915,-0.0007689458878682789,tracking,0.3794660098000915,-0.0007689458878682789,tracking,1.3610192184378784,0,0,0
424,4.239999999999954,2.3648016452789307,1.868925929069519,-0.002543359063565731,0.3789221942424774,0.3794660098000915,-0.0007689458878682789,tracking,0.3794660098000915,-0.0007689458878682789,tracking,1.364808416618554,0,0,0
425,4.249999999999954,2.368591070175171,1.8689160346984863,-0.0027305216062813997,0.37894806265830994,0.3794660098000915,-0.0007689458878682789,tracking,0.3794660098000915,-0.0007689458878682789,tracking,1.368597854432112,0,0,0
426,4.259999999999954,2.372380495071411,1.8689051866531372,-0.002917687641456723,0.3789438307285309,0.3789257577734659,0.0015469088062091503,tracking,0.3789257577734659,0.0015469088062091503,tracking,1.372387294855754,0,1,1
427,4.269999999999953,2.3761699199676514,1.868894338607788,-0.00273052416741848,0.3789404034614563,0.3789257577734659,0.0015469088062091503,tracking,0.3789257577734659,0.0015469088062091503,tracking,1.376176735279396,0,0,0
428,4.279999999999953,2.3799593448638916,1.8688844442367554,-0.0025433616247028112,0.37893763184547424,0.3789257577734659,0.0015469088062091503,tracking,0.3789257577734659,0.0015469088062091503,tracking,1.3799661730929542,0,0,0
429,4.289999999999953,2.383748769760132,1.8688750267028809,-0.002356200711801648,0.3789353668689728,0.3789257577734659,0.0015469088062091503,tracking,0.3789257577734659,0.0015469088062091503,tracking,1.3837556096914725,0,0,0
430,4.299999999999953,2.387538194656372,1.8688665628433228,-0.002169040497392416,0.37893354892730713,0.3789257577734659,0.0015469088062091503,tracking,0.3789257577734659,0.0015469088062091503,tracking,1.387545044039916,0,0,0
431,4.3099999999999525,2.3913276195526123,1.8688585758209229,-0.0019818712025880814,0.3789626955986023,0.3795462914430068,0.0006533403220702286,tracking,0.3795462914430068,0.0006533403220702286,tracking,1.3913344773533247,0,1,1
432,4.319999999999952,2.3951172828674316,1.8688515424728394,-0.0017946925945580006,0.37899044156074524,0.3795462914430068,0.0006533403220702286,tracking,0.3795462914430068,0.0006533403220702286,tracking,1.3951241471948377,0,0,0
433,4.329999999999952,2.398907423019409,1.868844985961914,-0.0016074961749836802,0.3790168762207031,0.3795462914430068,0.0006533403220702286,tracking,0.3795462914430068,0.0006533403220702286,tracking,1.3989142930178198,0,0,0
434,4.339999999999952,2.402697801589966,1.8688393831253052,-0.0014202912570908666,0.3790420591831207,0.3795462914430068,0.0006533403220702286,tracking,0.3795462914430068,0.0006533403220702286,tracking,1.402704675729356,0,0,0
435,4.349999999999952,2.4064884185791016,1.8688342571258545,-0.001233070157468319,0.37906602025032043,0.3795462914430068,0.0006533403220702286,tracking,0.3795462914430068,0.0006533403220702286,tracking,1.4064952961843995,0,0,0
436,4.3599999999999515,2.4102790355682373,1.8688300848007202,-0.0010458448668941855,0.3790673315525055,0.37909378916902614,-0.0013049435966023763,tracking,0.37909378916902614,-0.0013049435966023763,tracking,1.4102859154697698,0,1,1
437,4.369999999999951,2.414069652557373,1.868825912475586,-0.0012330709723755717,0.3790685832500458,0.37909378916902614,-0.0013049435966023763,tracking,0.37909378916902614,-0.0013049435966023763,tracking,1.41407653475514,0,0,0
438,4.379999999999951,2.417860269546509,1.8688207864761353,-0.0014202975435182452,0.3790697753429413,0.37909378916902614,-0.0013049435966023763,tracking,0.37909378916902614,-0.0013049435966023763,tracking,1.4178671552101836,0,0,0
439,4.389999999999951,2.4216508865356445,1.8688151836395264,-0.0016075248131528497,0.379070907831192,0.37909378916902614,-0.0013049435966023763,tracking,0.37909378916902614,-0.0013049435966023763,tracking,1.4216577763400384,0,0,0
440,4.399999999999951,2.4254415035247803,1.868808627128601,-0.0017947524320334196,0.37907201051712036,0.37909378916902614,-0.0013049435966023763,tracking,0.37909378916902614,-0.0013049435966023763,tracking,1.4254483989994653,0,0,0
441,4.40999999999995,2.429232358932495,1.8688015937805176,-0.0019819927401840687,0.379109263420105,0.379855327535257,-0.00020832834922990956,tracking,0.379855327535257,-0.00020832834922990956,tracking,1.4292392609318214,0,1,1
442,4.41999999999995,2.433023691177368,1.8687936067581177,-0.002169244922697544,0.37914472818374634,0.379855327535257,-0.00020832834922990956,tracking,0.379855327535257,-0.00020832834922990956,tracking,1.4330306015896286,0,0,0
443,4.42999999999995,2.4368152618408203,1.8687851428985596,-0.0023565199226140976,0.379178524017334,0.379855327535257,-0.00020832834922990956,tracking,0.379855327535257,-0.00020832834922990956,tracking,1.4368221816999347,0,0,0
444,4.43999999999995,2.4406073093414307,1.868775725364685,-0.002543805865570903,0.3792107105255127,0.379855327535257,-0.00020832834922990956,tracking,0.379855327535257,-0.00020832834922990956,tracking,1.4406142408947298,0,0,0
445,4.4499999999999496,2.44439959526062,1.8687658309936523,-0.0027311125304549932,0.37924137711524963,0.379855327535257,-0.00020832834922990956,tracking,0.379855327535257,-0.00020832834922990956,tracking,1.4444065397214918,0,0,0
446,4.459999999999949,2.4481914043426514,1.8687549829483032,-0.0029184038285166025,0.3791181147098541,0.3785933000563803,0.002025647918812324,tracking,0.3785933000563803,0.002025647918812324,tracking,1.4481983643211618,0,1,1
447,4.469999999999949,2.451982021331787,1.868744134902954,-0.0027311858721077442,0.37901830673217773,0.3785933000563803,0.002025647918812324,tracking,0.3785933000563803,0.002025647918812324,tracking,1.4519889968328163,0,0,0
448,4.479999999999949,2.4557716846466064,1.8687342405319214,-0.0025439977180212736,0.3789374828338623,0.3785933000563803,0.002025647918812324,tracking,0.3785933000563803,0.002025647918812324,tracking,1.4557786730641409,0,0,0
449,4.489999999999949,2.4595606327056885,1.8687248229980469,-0.0023568577598780394,0.37887200713157654,0.3785933000563803,0.002025647918812324,tracking,0.3785933000563803,0.002025647918812324,tracking,1.4595676328269735,0,0,0
450,4.4999999999999485,2.4633491039276123,1.8687163591384888,-0.002169737359508872,0.37881898880004883,0.3785933000563803,0.002025647918812324,tracking,0.3785933000563803,0.002025647918812324,tracking,1.46335611350348,0,0,0
451,4.509999999999948,2.467137336730957,1.8687083721160889,-0.001982631627470255,0.3788272738456726,0.3789932325269034,0.0014497451612590405,tracking,0.3789932325269034,0.0014497451612590405,tracking,1.467144354726642,0,1,1
452,4.519999999999948,2.4709255695343018,1.8687013387680054,-0.0017955232178792357,0.37883517146110535,0.3789932325269034,0.0014497451612590405,tracking,0.3789932325269034,0.0014497451612590405,tracking,1.470932594059145,0,0,0
453,4.529999999999948,2.4747140407562256,1.86869478225708,-0.0016084096860140562,0.37884268164634705,0.3789932325269034,0.0014497451612590405,tracking,0.3789932325269034,0.0014497451612590405,tracking,1.4747210709545715,0,0,0
454,4.539999999999948,2.4785025119781494,1.8686891794204712,-0.0014212938258424401,0.3788498342037201,0.3789932325269034,0.0014497451612590405,tracking,0.3789932325269034,0.0014497451612590405,tracking,1.4785095463195599,0,0,0
455,4.549999999999947,2.4822909832000732,1.8686840534210205,-0.001234173309057951,0.3788566589355469,0.3789932325269034,0.0014497451612590405,tracking,0.3789932325269034,0.0014497451612590405,tracking,1.4822980210093546,0,0,0
456,4.559999999999947,2.486079692840576,1.8686798810958862,-0.0010470504639670253,0.37886422872543335,0.3790159498680199,-0.0014170321900513474,tracking,0.3790159498680199,-0.0014170321900513474,tracking,1.486086732947248,0,1,1
457,4.569999999999947,2.489868402481079,1.868675708770752,-0.0012341783149167895,0.37887144088745117,0.3790159498680199,-0.0014170321900513474,tracking,0.3790159498680199,-0.0014170321900513474,tracking,1.4898754448851415,0,0,0
458,4.579999999999947,2.493657112121582,1.8686705827713013,-0.0014213083777576685,0.37887832522392273,0.3790159498680199,-0.0014170321900513474,tracking,0.3790159498680199,-0.0014170321900513474,tracking,1.493664157993297,0,0,0
459,4.589999999999947,2.497445821762085,1.8686649799346924,-0.0016084428643807769,0.378884881734848,0.3790159498680199,-0.0014170321900513474,tracking,0.3790159498680199,-0.0014170321900513474,tracking,1.4974528717766036,0,0,0
460,4.599999999999946,2.501234769821167,1.868658423423767,-0.0017955794464796782,0.37889111042022705,0.3790159498680199,-0.0014170321900513474,tracking,0.3790159498680199,-0.0014170321900513474,tracking,1.5012418255084743,0,0,0
461,4.609999999999946,2.505023956298828,1.8686516284942627,-0.0017955794464796782,0.37894299626350403,0.379982247553155,-2.5563523456772e-05,tracking,0.379982247553155,-2.5563523456772e-05,tracking,1.505031018078608,0,1,1
462,4.619999999999946,2.5088136196136475,1.8686448335647583,-0.0017955794464796782,0.3789924085140228,0.379982247553155,-2.5563523456772e-05,tracking,0.379982247553155,-2.5563523456772e-05,tracking,1.5088206874851333,0,0,0
463,4.629999999999946,2.512603759765625,1.868638038635254,-0.0017955794464796782,0.379039466381073,0.379982247553155,-2.5563523456772e-05,tracking,0.379982247553155,-2.5563523456772e-05,tracking,1.5126108337280506,0,0,0
464,4.6399999999999455,2.5163943767547607,1.8686312437057495,-0.0017955794464796782,0.3790842890739441,0.379982247553155,-2.5563523456772e-05,tracking,0.379982247553155,-2.5563523456772e-05,tracking,1.5164014568073598,0,0,0
465,4.649999999999945,2.5201854705810547,1.8686244487762451,-0.0017955794464796782,0.37912699580192566,0.379982247553155,-2.5563523456772e-05,tracking,0.379982247553155,-2.5563523456772e-05,tracking,1.5201925567230612,0,0,0
466,4.659999999999945,2.5239768028259277,1.8686178922653198,-0.0016083166701719165,0.3791501820087433,0.3796147013827322,0.0005548300088657077,tracking,0.3796147013827322,0.0005548300088657077,tracking,1.5239838946371556,0,1,1
467,4.669999999999945,2.52776837348938,1.868612289428711,-0.001421046443283558,0.37917226552963257,0.3796147013827322,0.0005548300088657077,tracking,0.3796147013827322,0.0005548300088657077,tracking,1.5277754694402854,0,0,0
468,4.679999999999945,2.531560182571411,1.8686071634292603,-0.0012337620137259364,0.3791933059692383,0.3796147013827322,0.0005548300088657077,tracking,0.3796147013827322,0.0005548300088657077,tracking,1.5315672819871349,0,0,0
469,4.689999999999944,2.5353522300720215,1.868602991104126,-0.001046470832079649,0.3792133331298828,0.3796147013827322,0.0005548300088657077,tracking,0.3796147013827322,0.0005548300088657077,tracking,1.5353593317831136,0,0,0
470,4.699999999999944,2.539144515991211,1.86859929561615,-0.0008591667865402997,0.37923240661621094,0.3796147013827322,0.0005548300088657077,tracking,0.3796147013827322,0.0005548300088657077,tracking,1.539151619502883,0,0,0
471,4.709999999999944,2.542936325073242,1.8685965538024902,-0.0006718777003698051,0.37912240624427795,0.3786540300775407,-0.0019381966883414,tracking,0.3786540300775407,-0.0019381966883414,tracking,1.542943429576201,0,1,1
472,4.719999999999944,2.546727180480957,1.8685938119888306,-0.000859101302921772,0.37903332710266113,0.3786540300775407,-0.0019381966883414,tracking,0.3786540300775407,-0.0019381966883414,tracking,1.546734285975452,0,0,0
473,4.729999999999944,2.5505170822143555,1.8685901165008545,-0.0010462983045727015,0.3789611756801605,0.3786540300775407,-0.0019381966883414,tracking,0.3786540300775407,-0.0019381966883414,tracking,1.5505241895105633,0,0,0
474,4.739999999999943,2.5543065071105957,1.8685859441757202,-0.0012334523489698768,0.37890276312828064,0.3786540300775407,-0.0019381966883414,tracking,0.3786540300775407,-0.0019381966883414,tracking,1.5543136167037603,0,0,0
475,4.749999999999943,2.5580952167510986,1.8685808181762695,-0.0014205890474840999,0.37885546684265137,0.3786540300775407,-0.0019381966883414,tracking,0.3786540300775407,-0.0019381966883414,tracking,1.5581023298119159,0,0,0
476,4.759999999999943,2.5618839263916016,1.8685754537582397,-0.0014205890474840999,0.378909170627594,0.3799848122208799,2.187040193295242e-05,tracking,0.3799848122208799,2.187040193295242e-05,tracking,1.5618910432501454,0,1,1
477,4.769999999999943,2.565673351287842,1.86857008934021,-0.0014205890474840999,0.3789603114128113,0.3799848122208799,2.187040193295242e-05,tracking,0.3799848122208799,2.187040193295242e-05,tracking,1.5656804719433954,0,0,0
478,4.7799999999999425,2.5694632530212402,1.8685647249221802,-0.0014205890474840999,0.37900903820991516,0.3799848122208799,2.187040193295242e-05,tracking,0.3799848122208799,2.187040193295242e-05,tracking,1.5694703774733259,0,0,0
479,4.789999999999942,2.573253631591797,1.8685593605041504,-0.0014205890474840999,0.3790554404258728,0.3799848122208799,2.187040193295242e-05,tracking,0.3799848122208799,2.187040193295242e-05,tracking,1.5732607598399369,0,0,0
480,4.799999999999942,2.5770444869995117,1.8685539960861206,-0.0014205890474840999,0.37909963726997375,0.3799848122208799,2.187040193295242e-05,tracking,0.3799848122208799,2.187040193295242e-05,tracking,1.5770516190432287,0,0,0
481,4.809999999999942,2.5808355808258057,1.8685483932495117,-0.0016078365733847022,0.37911733984947205,0.3794718319428608,-0.0007605620022804087,tracking,0.3794718319428608,-0.0007605620022804087,tracking,1.580842717009721,0,1,1
482,4.819999999999942,2.5846269130706787,1.8685418367385864,-0.001795089803636074,0.3791342079639435,0.3794718319428608,-0.0007605620022804087,tracking,0.3794718319428608,-0.0007605620022804087,tracking,1.5846340549238154,0,0,0
483,4.8299999999999415,2.5884182453155518,1.868534803390503,-0.001982353860512376,0.37915027141571045,0.3794718319428608,-0.0007605620022804087,tracking,0.3794718319428608,-0.0007605620022804087,tracking,1.588425393692509,0,0,0
484,4.839999999999941,2.592209815979004,1.868526816368103,-0.002169623039662838,0.37916556000709534,0.3794718319428608,-0.0007605620022804087,tracking,0.3794718319428608,-0.0007605620022804087,tracking,1.5922169727683662,0,0,0
485,4.849999999999941,2.596001625061035,1.868518352508545,-0.0023569019977003336,0.3791801333427429,0.3794718319428608,-0.0007605620022804087,tracking,0.3794718319428608,-0.0007605620022804087,tracking,1.5960087912966574,0,0,0
486,4.859999999999941,2.5997931957244873,1.8685089349746704,-0.0025441800244152546,0.37916016578674316,0.37907514482010124,0.0013317914590542232,tracking,0.37907514482010124,0.0013317914590542232,tracking,1.5998003736557649,0,1,1
487,4.869999999999941,2.6035847663879395,1.868499517440796,-0.00235691387206316,0.37914398312568665,0.37907514482010124,0.0013317914590542232,tracking,0.37907514482010124,0.0013317914590542232,tracking,1.6035919560148724,0,0,0
488,4.87999999999994,2.6073760986328125,1.8684910535812378,-0.002169652609154582,0.37913089990615845,0.37907514482010124,0.0013317914590542232,tracking,0.37907514482010124,0.0013317914590542232,tracking,1.6073832977071936,0,0,0
489,4.88999999999994,2.6111674308776855,1.868483066558838,-0.0019823990296572447,0.3791202902793884,0.37907514482010124,0.0013317914590542232,tracking,0.37907514482010124,0.0013317914590542232,tracking,1.6111746383650007,0,0,0
490,4.89999999999994,2.6149585247039795,1.8684760332107544,-0.0017951485933735967,0.37911170721054077,0.37907514482010124,0.0013317914590542232,tracking,0.37907514482010124,0.0013317914590542232,tracking,1.6149657387155256,0,0,0
491,4.90999999999994,2.6187498569488525,1.868469476699829,-0.0016078909393399954,0.37914225459098816,0.3797540977164824,0.0003540992882653717,tracking,0.3797540977164824,0.0003540992882653717,tracking,1.61875707662962,0,1,1
492,4.9199999999999395,2.6225414276123047,1.8684638738632202,-0.0014206235064193606,0.37917134165763855,0.3797540977164824,0.0003540992882653717,tracking,0.3797540977164824,0.0003540992882653717,tracking,1.6225486514327498,0,0,0
493,4.929999999999939,2.626333236694336,1.8684587478637695,-0.0012333373306319118,0.3791990578174591,0.3797540977164824,0.0003540992882653717,tracking,0.3797540977164824,0.0003540992882653717,tracking,1.6263404639795993,0,0,0
494,4.939999999999939,2.6301252841949463,1.8684545755386353,-0.001046042307280004,0.3792254626750946,0.3797540977164824,0.0003540992882653717,tracking,0.3797540977164824,0.0003540992882653717,tracking,1.630132513775578,0,0,0
495,4.949999999999939,2.6339175701141357,1.8684508800506592,-0.0008587302290834486,0.37925058603286743,0.3797540977164824,0.0003540992882653717,tracking,0.3797540977164824,0.0003540992882653717,tracking,1.6339248014953474,0,0,0
496,4.959999999999939,2.6377100944519043,1.8684481382369995,-0.0006714172777719796,0.3792310953140259,0.37914804782623035,-0.001226811130228299,tracking,0.37914804782623035,-0.001226811130228299,tracking,1.6377173268242158,0,1,1
497,4.9699999999999385,2.6415023803710938,1.8684453964233398,-0.0008587187039665878,0.3792153000831604,0.37914804782623035,-0.001226811130228299,tracking,0.37914804782623035,-0.001226811130228299,tracking,1.6415096137345675,0,0,0
498,4.979999999999938,2.645294427871704,1.8684417009353638,-0.001046015415340662,0.3792025148868561,0.37914804782623035,-0.001226811130228299,tracking,0.37914804782623035,-0.001226811130228299,tracking,1.645301663035871,0,0,0
499,4.989999999999938,2.6490864753723145,1.8684375286102295,-0.0012333045015111566,0.37919214367866516,0.37914804782623035,-0.001226811130228299,tracking,0.37914804782623035,-0.001226811130228299,tracking,1.6490937128318497,0,0,0
500,4.999999999999938,2.6528782844543457,1.8684324026107788,-0.0014205904444679618,0.3791837692260742,0.37914804782623035,-0.001226811130228299,tracking,0.37914804782623035,-0.001226811130228299,tracking,1.6528855253786991,0,0,0
501,5.009999999999938,2.656670331954956,1.86842679977417,-0.0016078846529126167,0.379217267036438,0.3798883111050453,-0.00016083200873479638,tracking,0.3798883111050453,-0.00016083200873479638,tracking,1.6566775770184667,0,1,1
502,5.019999999999937,2.6604626178741455,1.8684202432632446,-0.0017951896879822016,0.3792491853237152,0.3798883111050453,-0.00016083200873479638,tracking,0.3798883111050453,-0.00016083200873479638,tracking,1.6604698686054518,0,0,0
503,5.029999999999937,2.664255142211914,1.8684132099151611,-0.001982515212148428,0.37927958369255066,0.3798883111050453,-0.00016083200873479638,tracking,0.3798883111050453,-0.00016083200873479638,tracking,1.6642623994649903,0,0,0
504,5.039999999999937,2.668048143386841,1.8684052228927612,-0.002169850515201688,0.3793085217475891,0.3798883111050453,-0.00016083200873479638,tracking,0.3798883111050453,-0.00016083200873479638,tracking,1.6680554090491495,0,0,0
505,5.049999999999937,2.6718413829803467,1.8683967590332031,-0.00235720444470644,0.37933608889579773,0.3798883111050453,-0.00016083200873479638,tracking,0.3798883111050453,-0.00016083200873479638,tracking,1.671848658085353,0,0,0
506,5.0599999999999365,2.6756346225738525,1.8683873414993286,-0.0025445593055337667,0.379314124584198,0.3792206571530457,0.001122253699614194,tracking,0.3792206571530457,0.001122253699614194,tracking,1.6756419093693686,0,1,1
507,5.069999999999936,2.6794276237487793,1.868377923965454,-0.0023572174832224846,0.37929636240005493,0.3792206571530457,0.001122253699614194,tracking,0.3792206571530457,0.001122253699614194,tracking,1.6794349222355398,0,0,0
508,5.079999999999936,2.683220624923706,1.868369460105896,-0.0021698810160160065,0.3792819678783417,0.3792206571530457,0.001122253699614194,tracking,0.3792206571530457,0.001122253699614194,tracking,1.6832279328537578,0,0,0
509,5.089999999999936,2.6870133876800537,1.868361473083496,-0.0019825531635433435,0.3792703151702881,0.3792206571530457,0.001122253699614194,tracking,0.3792206571530457,0.001122253699614194,tracking,1.6870207040198664,0,0,0
510,5.099999999999936,2.6908061504364014,1.8683544397354126,-0.0017952288035303354,0.3792608678340912,0.3792206571530457,0.001122253699614194,tracking,0.3792206571530457,0.001122253699614194,tracking,1.6908134732975741,0,0,0
511,5.1099999999999355,2.694598913192749,1.8683478832244873,-0.0016078973421826959,0.3792918920516968,0.37991302172758423,0.000125248712278727,tracking,0.37991302172758423,0.000125248712278727,tracking,1.6946062417210048,0,1,1
512,5.119999999999935,2.698391914367676,1.8683422803878784,-0.0014205558691173792,0.379321426153183,0.37991302172758423,0.000125248712278727,tracking,0.37991302172758423,0.000125248712278727,tracking,1.698399247034048,0,0,0
513,5.129999999999935,2.7021851539611816,1.8683371543884277,-0.0012331954203546047,0.37934955954551697,0.37991302172758423,0.000125248712278727,tracking,0.37991302172758423,0.000125248712278727,tracking,1.7021924900910654,0,0,0
514,5.139999999999935,2.7059788703918457,1.8683329820632935,-0.0010458258911967278,0.3793763518333435,0.37991302172758423,0.000125248712278727,tracking,0.37991302172758423,0.000125248712278727,tracking,1.705986208816088,0,0,0
515,5.149999999999935,2.709772825241089,1.8683292865753174,-0.0008584391907788813,0.3794018626213074,0.37991302172758423,0.000125248712278727,tracking,0.37991302172758423,0.000125248712278727,tracking,1.709780165465119,0,0,0
516,5.159999999999934,2.713566780090332,1.8683265447616577,-0.0006710478337481618,0.379404753446579,0.3794626168816648,-0.0007738316904026665,tracking,0.3794626168816648,-0.0007738316904026665,tracking,1.7135741213050883,0,1,1
517,5.169999999999934,2.717360734939575,1.868323802947998,-0.0008584411116316915,0.37940749526023865,0.3794626168816648,-0.0007738316904026665,tracking,0.3794626168816648,-0.0007738316904026665,tracking,1.7173680771450577,0,0,0
518,5.179999999999934,2.7211549282073975,1.868320107460022,-0.0010458353208377957,0.37941011786460876,0.3794626168816648,-0.0007738316904026665,tracking,0.3794626168816648,-0.0007738316904026665,tracking,1.7211622722125548,0,0,0
519,5.189999999999934,2.7249491214752197,1.8683159351348877,-0.0012332311598584056,0.37941262125968933,0.3794626168816648,-0.0007738316904026665,tracking,0.3794626168816648,-0.0007738316904026665,tracking,1.7249564677744473,0,0,0
520,5.199999999999934,2.728743314743042,1.868310809135437,-0.0014206278137862682,0.37941500544548035,0.3794626168816648,-0.0007738316904026665,tracking,0.3794626168816648,-0.0007738316904026665,tracking,1.7287506645049107,0,0,0
521,5.209999999999933,2.7325375080108643,1.8683052062988281,-0.0016080290079116821,0.37942633032798767,0.3796529185417107,-0.0004997972999366542,tracking,0.3796529185417107,-0.0004997972999366542,tracking,1.7325448619095491,0,1,1
522,5.219999999999933,2.7363317012786865,1.8682986497879028,-0.0017954338109120727,0.379437118768692,0.3796529185417107,-0.0004997972999366542,tracking,0.3796529185417107,-0.0004997972999366542,tracking,1.736339060842318,0,0,0
523,5.229999999999933,2.740126132965088,1.8682916164398193,-0.001982845598831773,0.3794473707675934,0.3796529185417107,-0.0004997972999366542,tracking,0.3796529185417107,-0.0004997972999366542,tracking,1.740133499047211,0,0,0
524,5.239999999999933,2.7439205646514893,1.8682836294174194,-0.0021702605299651623,0.37945714592933655,0.3796529185417107,-0.0004997972999366542,tracking,0.3796529185417107,-0.0004997972999366542,tracking,1.7439279391396745,0,0,0
525,5.2499999999999325,2.7477152347564697,1.8682751655578613,-0.0023576817475259304,0.3794664442539215,0.3796529185417107,-0.0004997972999366542,tracking,0.3796529185417107,-0.0004997972999366542,tracking,1.7477226186837929,0,0,0
526,5.259999999999932,2.751509189605713,1.8682657480239868,-0.00254508457146585,0.3793448805809021,0.3788272567418508,0.00168875029173481,tracking,0.3788272567418508,0.00168875029173481,tracking,1.7515165852213417,0,1,1
527,5.269999999999932,2.7553021907806396,1.8682563304901123,-0.0023577541578561068,0.37924641370773315,0.3788272567418508,0.00168875029173481,tracking,0.3788272567418508,0.00168875029173481,tracking,1.7553095980875129,0,0,0
528,5.279999999999932,2.75909423828125,1.8682478666305542,-0.002170453080907464,0.37916669249534607,0.3788272567418508,0.00168875029173481,tracking,0.3788272567418508,0.00168875029173481,tracking,1.7591016550337895,0,0,0
529,5.289999999999932,2.762885570526123,1.8682398796081543,-0.0019831995014101267,0.3791021406650543,0.3788272567418508,0.00168875029173481,tracking,0.3788272567418508,0.00168875029173481,tracking,1.7628929956915966,0,0,0
530,5.299999999999931,2.766676425933838,1.8682328462600708,-0.0017959652468562126,0.3790498673915863,0.3788272567418508,0.00168875029173481,tracking,0.3788272567418508,0.00168875029173481,tracking,1.7666838576239527,0,0,0
531,5.309999999999931,2.7704670429229736,1.8682262897491455,-0.0016087433323264122,0.37906479835510254,0.37936397829208685,0.0009158712593949478,tracking,0.37936397829208685,0.0009158712593949478,tracking,1.7704744802833796,0,1,1
532,5.319999999999931,2.7742576599121094,1.8682206869125366,-0.001421516528353095,0.37907901406288147,0.37936397829208685,0.0009158712593949478,tracking,0.37936397829208685,0.0009158712593949478,tracking,1.7742651014132345,0,0,0
533,5.329999999999931,2.778048515319824,1.868215560913086,-0.0012342806439846754,0.37909257411956787,0.37936397829208685,0.0009158712593949478,tracking,0.37936397829208685,0.0009158712593949478,tracking,1.7780559602866393,0,0,0
534,5.339999999999931,2.781839609146118,1.8682113885879517,-0.0010470403358340263,0.37910547852516174,0.37936397829208685,0.0009158712593949478,tracking,0.37936397829208685,0.0009158712593949478,tracking,1.781847056408879,0,0,0
535,5.34999999999993,2.785630702972412,1.8682076930999756,-0.0008597917621955276,0.3791177570819855,0.37936397829208685,0.0009158712593949478,tracking,0.37936397829208685,0.0009158712593949478,tracking,1.7856381520363191,0,0,0
536,5.35999999999993,2.789421796798706,1.868204951286316,-0.0006725403945893049,0.37912261486053467,0.37921985301512084,-0.0011234116582259637,tracking,0.37921985301512084,-0.0011234116582259637,tracking,1.7894292468540869,0,1,1
537,5.36999999999993,2.793213129043579,1.8682022094726562,-0.0008597949636168778,0.37912723422050476,0.37921985301512084,-0.0011234116582259637,tracking,0.37921985301512084,-0.0011234116582259637,tracking,1.7932205800903716,0,0,0
538,5.37999999999993,2.797004461288452,1.8681985139846802,-0.0010470510460436344,0.37913164496421814,0.37921985301512084,-0.0011234116582259637,tracking,0.37921985301512084,-0.0011234116582259637,tracking,1.7970119141362775,0,0,0
539,5.3899999999999295,2.800795793533325,1.868194341659546,-0.001234309864230454,0.3791358470916748,0.37921985301512084,-0.0011234116582259637,tracking,0.37921985301512084,-0.0011234116582259637,tracking,1.8008032486769519,0,0,0
540,5.399999999999929,2.8045871257781982,1.8681892156600952,-0.0014215700794011354,0.37913984060287476,0.37921985301512084,-0.0011234116582259637,tracking,0.37921985301512084,-0.0011234116582259637,tracking,1.804594584387079,0,0,0
541,5.409999999999929,2.8083786964416504,1.8681838512420654,-0.0014215700794011354,0.37917912006378174,0.37996618684213473,4.869094732597168e-05,tracking,0.37996618684213473,4.869094732597168e-05,tracking,1.808386158845392,0,1,1
542,5.419999999999929,2.8121707439422607,1.8681784868240356,-0.0014215700794011354,0.3792165517807007,0.37996618684213473,4.869094732597168e-05,tracking,0.37996618684213473,4.869094732597168e-05,tracking,1.812178210140386,0,0,0
543,5.429999999999929,2.81596302986145,1.8681731224060059,-0.0014215700794011354,0.37925219535827637,0.37996618684213473,4.869094732597168e-05,tracking,0.37996618684213473,4.869094732597168e-05,tracking,1.8159704998537207,0,0,0
544,5.4399999999999284,2.819755792617798,1.868167757987976,-0.0014215700794011354,0.37928614020347595,0.37996618684213473,4.869094732597168e-05,tracking,0.37996618684213473,4.869094732597168e-05,tracking,1.8197632664037364,0,0,0
545,5.449999999999928,2.8235487937927246,1.8681623935699463,-0.0014215700794011354,0.3793184757232666,0.37996618684213473,4.869094732597168e-05,tracking,0.37996618684213473,4.869094732597168e-05,tracking,1.8235562713720928,0,0,0
546,5.459999999999928,2.827338457107544,1.8681567907333374,-0.0016086888499557972,0.3786170482635498,0.37563056163781794,-0.0001967959500920602,tracking,0.37563056163781794,-0.0001967959500920602,tracking,1.8273459388286732,0,1,1
547,5.469999999999928,2.8311216831207275,1.868150234222412,-0.0017955986550077796,0.37804901599884033,0.37563056163781794,-0.0001967959500920602,tracking,0.37563056163781794,-0.0001967959500920602,tracking,1.8311291705232255,0,0,0
548,5.479999999999928,2.83489990234375,1.8681432008743286,-0.0019821699243038893,0.37758901715278625,0.37563056163781794,-0.0001967959500920602,tracking,0.37563056163781794,-0.0001967959500920602,tracking,1.8349073962927107,0,0,0
549,5.489999999999927,2.8386738300323486,1.8681352138519287,-0.0021686041727662086,0.37721651792526245,0.37563056163781794,-0.0001967959500920602,tracking,0.37563056163781794,-0.0001967959500920602,tracking,1.838681332433042,0,0,0
550,5.499999999999927,2.84244441986084,1.8681267499923706,-0.002354816533625126,0.3769148588180542,0.37563056163781794,-0.0001967959500920602,tracking,0.37563056163781794,-0.0001967959500920602,tracking,1.8424519317609527,0,0,0
551,5.509999999999927,2.846205711364746,1.8681174516677856,-0.002540717599913478,0.3753269612789154,0.3685662071990594,0.0014873062341724261,tracking,0.3685662071990594,0.0014873062341724261,tracking,1.8462132347580797,0,1,1
552,5.519999999999927,2.849952459335327,1.8681081533432007,-0.002355762757360935,0.3740410804748535,0.3685662071990594,0.0014873062341724261,tracking,0.3685662071990594,0.0014873062341724261,tracking,1.8499599942664942,0,0,0
553,5.5299999999999265,2.8536877632141113,1.8680998086929321,-0.002171190921217203,0.37299975752830505,0.3685662071990594,0.0014873062341724261,tracking,0.3685662071990594,0.0014873062341724261,tracking,1.8536953074662204,0,0,0
554,5.539999999999926,2.8574135303497314,1.8680919408798218,-0.0019872398115694523,0.3721565008163452,0.3685662071990594,0.0014873062341724261,tracking,0.3685662071990594,0.0014873062341724261,tracking,1.8574210829091786,0,0,0
555,5.549999999999926,2.8611316680908203,1.8680850267410278,-0.001803539926186204,0.37147364020347595,0.3685662071990594,0.0014873062341724261,tracking,0.3685662071990594,0.0014873062341724261,tracking,1.8611392270789258,0,0,0
556,5.559999999999926,2.8648359775543213,1.868078589439392,-0.001620747963897884,0.3693990409374237,0.36000119399615754,0.0006812157546347173,tracking,0.3605662071990594,0.0006812157546347173,tracking,1.8648435421357528,0,1,1
557,5.569999999999926,2.868520975112915,1.8680731058120728,-0.0014385918620973825,0.3676115870475769,0.36000119399615754,0.0006812157546347173,tracking,0.36000119399615754,0.0006812157546347173,tracking,1.8685285437744241,0,0,0
558,5.5799999999999255,2.87218976020813,1.8680680990219116,-0.0012575009604915977,0.36616408824920654,0.36000119399615754,0.0006812157546347173,tracking,0.36000119399615754,0.0006812157546347173,tracking,1.8721973322860201,0,0,0
559,5.589999999999925,2.875845432281494,1.8680639266967773,-0.0010768413776531816,0.3649919033050537,0.36000119399615754,0.0006812157546347173,tracking,0.36000119399615754,0.0006812157546347173,tracking,1.8758530067403818,0,0,0
560,5.599999999999925,2.879490613937378,1.8680602312088013,-0.0008968802867457271,0.3640426695346832,0.36000119399615754,0.0006812157546347173,tracking,0.36000119399615754,0.0006812157546347173,tracking,1.8794981902695094,0,0,0
561,5.609999999999925,2.883121967315674,1.868057370185852,-0.0007173742051236331,0.36222803592681885,0.3545019254435482,-0.0007843113293594817,tracking,0.3545019254435482,-0.0007843113293594817,tracking,1.8831295447748577,0,1,1
562,5.619999999999925,2.8867368698120117,1.8680545091629028,-0.0008957989048212767,0.36075854301452637,0.3545019254435482,-0.0007843113293594817,tracking,0.3545019254435482,-0.0007843113293594817,tracking,1.886744448403377,0,0,0
563,5.629999999999924,2.89033842086792,1.8680508136749268,-0.00107378582470119,0.3595685362815857,0.3545019254435482,-0.0007843113293594817,tracking,0.3545019254435482,-0.0007843113293594817,tracking,1.8903460013552222,0,0,0
564,5.639999999999924,2.8939292430877686,1.868046760559082,-0.0012510635424405336,0.35860487818717957,0.3545019254435482,-0.0007843113293594817,tracking,0.3545019254435482,-0.0007843113293594817,tracking,1.8939368258625335,0,0,0
565,5.649999999999924,2.8975114822387695,1.8680418729782104,-0.001428054179996252,0.35782450437545776,0.3545019254435482,-0.0007843113293594817,tracking,0.3545019254435482,-0.0007843113293594817,tracking,1.8975190683478227,0,0,0
566,5.659999999999924,2.9010791778564453,1.8680369853973389,-0.0012520133750513196,0.3557204306125641,0.3467621405780722,0.002492045175784007,tracking,0.3467621405780722,0.002492045175784007,tracking,1.9010867673133787,0,1,1
567,5.6699999999999235,2.904627799987793,1.8680329322814941,-0.0010765994666144252,0.35401657223701477,0.3467621405780722,0.002492045175784007,tracking,0.3467621405780722,0.002492045175784007,tracking,1.9046353917593912,0,0,0
568,5.679999999999923,2.908161163330078,1.8680293560028076,-0.0009022009908221662,0.35263678431510925,0.3467621405780722,0.002492045175784007,tracking,0.3467621405780722,0.002492045175784007,tracking,1.9081687569115335,0,0,0
569,5.689999999999923,2.911681890487671,1.868026614189148,-0.000728213635738939,0.3515194356441498,0.3467621405780722,0.002492045175784007,tracking,0.3467621405780722,0.002492045175784007,tracking,1.9116894851367383,0,0,0
570,5.699999999999923,2.9151926040649414,1.868024230003357,-0.000554892118088901,0.35061460733413696,0.3467621405780722,0.002492045175784007,tracking,0.3467621405780722,0.002492045175784007,tracking,1.9152001995235794,0,0,0
571,5.709999999999923,2.918689727783203,1.8680226802825928,-0.00038201871211640537,0.3487975001335144,0.34106089239045934,0.002495157978247578,tracking,0.34106089239045934,0.002495157978247578,tracking,1.918697323585214,0,1,1
572,5.7199999999999225,2.922170400619507,1.8680216073989868,-0.00021022820146754384,0.34732601046562195,0.34106089239045934,0.002495157978247578,tracking,0.34106089239045934,0.002495157978247578,tracking,1.9221779965868708,0,0,0
573,5.729999999999922,2.925637722015381,1.8680212497711182,-3.8876103644724935e-05,0.34613439440727234,0.34106089239045934,0.002495157978247578,tracking,0.34106089239045934,0.002495157978247578,tracking,1.925645318001188,0,0,0
574,5.739999999999922,2.9290943145751953,1.8680213689804077,0.00013176586071494967,0.34516942501068115,0.34106089239045934,0.002495157978247578,tracking,0.34106089239045934,0.002495157978247578,tracking,1.9291019105630582,0,0,0
575,5.749999999999922,2.932542085647583,1.8680222034454346,0.0003021203156094998,0.3443879783153534,0.34106089239045934,0.002495157978247578,tracking,0.34106089239045934,0.002495157978247578,tracking,1.932549681736429,0,0,0
576,5.759999999999922,2.935976505279541,1.86802339553833,0.00047159873065538704,0.3425089716911316,0.33450880338907674,0.0031120621873326447,tracking,0.33450880338907674,0.0031120621873326447,tracking,1.9359841015752757,0,1,1
577,5.769999999999921,2.939393997192383,1.8680254220962524,0.000640517333522439,0.34098735451698303,0.33450880338907674,0.0031120621873326447,tracking,0.33450880338907674,0.0031120621873326447,tracking,1.9394015940889875,0,0,0
578,5.779999999999921,2.9427976608276367,1.8680278062820435,0.0008085290901362896,0.3397551476955414,0.33450880338907674,0.0031120621873326447,tracking,0.33450880338907674,0.0031120621873326447,tracking,1.942805258559274,0,0,0
579,5.789999999999921,2.946190118789673,1.8680309057235718,0.0009761737892404199,0.33875730633735657,0.33450880338907674,0.0031120621873326447,tracking,0.33450880338907674,0.0031120621873326447,tracking,1.9461977179371768,0,0,0
580,5.799999999999921,2.9495737552642822,1.8680343627929688,0.0011432238388806581,0.3379492461681366,0.33450880338907674,0.0031120621873326447,tracking,0.33450880338907674,0.0031120621873326447,tracking,1.9495813561778337,0,0,0
581,5.809999999999921,2.952943801879883,1.868038535118103,0.0013098323252052069,0.336075097322464,0.3280956928072135,-0.0018550381473075653,tracking,0.3280956928072135,-0.0018550381473075653,tracking,1.952951405376231,0,1,1
582,5.81999999999992,2.956296920776367,1.8680427074432373,0.0011443407274782658,0.3345574140548706,0.3280956928072135,-0.0018550381473075653,tracking,0.3280956928072135,-0.0018550381473075653,tracking,1.9563045268685508,0,0,0
583,5.82999999999992,2.9596364498138428,1.8680461645126343,0.0009793012868613005,0.33332839608192444,0.3280956928072135,-0.0018550381473075653,tracking,0.3280956928072135,-0.0018550381473075653,tracking,1.9596440576953993,0,0,0
584,5.83999999999992,2.9629647731781006,1.8680492639541626,0.0008149942732416093,0.33233314752578735,0.3280956928072135,-0.0018550381473075653,tracking,0.3280956928072135,-0.0018550381473075653,tracking,1.9629723825028065,0,0,0
585,5.84999999999992,2.9662840366363525,1.8680516481399536,0.0006509837694466114,0.3315271735191345,0.3280956928072135,-0.0018550381473075653,tracking,0.3280956928072135,-0.0018550381473075653,tracking,1.966291646817324,0,0,0
586,5.8599999999999195,2.969590425491333,1.868053674697876,0.0004878311592619866,0.3297279179096222,0.3220673100961012,-0.0013589011603012437,tracking,0.3220673100961012,-0.0013589011603012437,tracking,1.9695980362933652,0,1,1
587,5.869999999999919,2.9728803634643555,1.8680548667907715,0.0003252146125305444,0.32827088236808777,0.3220673100961012,-0.0013589011603012437,tracking,0.3220673100961012,-0.0013589011603012437,tracking,1.9728879744823622,0,0,0
588,5.879999999999919,2.9761571884155273,1.8680557012557983,0.00016346637858077884,0.3270909786224365,0.3220673100961012,-0.0013589011603012437,tracking,0.3220673100961012,-0.0013589011603012437,tracking,1.976164799539785,0,0,0
589,5.889999999999919,2.9794232845306396,1.8680559396743774,2.069676611426985e-06,0.3261354863643646,0.3220673100961012,-0.0013589011603012437,tracking,0.3220673100961012,-0.0013589011603012437,tracking,1.9794308956635995,0,0,0
590,5.899999999999919,2.9826807975769043,1.868055820465088,-0.00015875759709160775,0.3253617286682129,0.3220673100961012,-0.0013589011603012437,tracking,0.3220673100961012,-0.0013589011603012437,tracking,1.9826884087120453,0,0,0
591,5.909999999999918,2.985926389694214,1.868054986000061,-0.0003191958530806005,0.3237723708152771,0.31700551807128646,0.003083921139338754,tracking,0.31700551807128646,0.003083921139338754,tracking,1.9859340009366284,0,1,1
592,5.919999999999918,2.9891576766967773,1.8680541515350342,-0.00015970478125382215,0.3224853277206421,0.31700551807128646,0.003083921139338754,tracking,0.31700551807128646,0.003083921139338754,tracking,1.9891652880469404,0,0,0
593,5.929999999999918,2.992377281188965,1.8680540323257446,-5.971868972665106e-07,0.3214430809020996,0.31700551807128646,0.003083921139338754,tracking,0.31700551807128646,0.003083921139338754,tracking,1.9923848925413348,0,0,0
594,5.939999999999918,2.9955875873565674,1.8680541515350342,0.0001578892843099311,0.3205990493297577,0.31700551807128646,0.003083921139338754,tracking,0.31700551807128646,0.003083921139338754,tracking,1.9955951987111507,0,0,0
595,5.949999999999918,2.9987902641296387,1.868054986000061,0.00031612429302185774,0.3199155628681183,0.31700551807128646,0.003083921139338754,tracking,0.31700551807128646,0.003083921139338754,tracking,1.9987978755929328,0,0,0
596,5.959999999999917,3.001981258392334,1.8680561780929565,0.00047358902520500124,0.3182598352432251,0.31121031906499647,0.0009878533671770044,tracking,0.31121031906499647,0.0009878533671770044,tracking,2.0019888700782995,0,1,1
597,5.969999999999917,3.005157232284546,1.8680579662322998,0.0006305604474619031,0.3169190287590027,0.31121031906499647,0.0009878533671770044,tracking,0.31121031906499647,0.0009878533671770044,tracking,2.005164844473891,0,0,0
598,5.979999999999917,3.0083210468292236,1.8680601119995117,0.0007867328240536153,0.3158332407474518,0.31121031906499647,0.0009878533671770044,tracking,0.31121031906499647,0.0009878533671770044,tracking,2.0083286597462213,0,0,0
599,5.989999999999917,3.011475086212158,1.868062973022461,0.0009425816824659705,0.3149539530277252,0.31121031906499647,0.0009878533671770044,tracking,0.31121031906499647,0.0009878533671770044,tracking,2.01148270042677,0,0,0
600,5.9999999999999165,3.0146210193634033,1.8680660724639893,0.0010979066137224436,0.3142419159412384,0.31121031906499647,0.0009878533671770044,tracking,0.31121031906499647,0.0009878533671770044,tracking,2.0146286351048333,0,0,0
601,6.009999999999916,3.0177550315856934,1.8680698871612549,0.001252838526852429,0.3125667870044708,0.30543462950001543,-0.0002899328680775002,tracking,0.30543462950001543,-0.0002899328680775002,tracking,2.0177626496487338,0,1,1
602,6.019999999999916,3.0208740234375,1.868073582649231,0.0010989048751071095,0.3112102448940277,0.30543462950001543,-0.0002899328680775002,tracking,0.30543462950001543,-0.0002899328680775002,tracking,2.0208816436898096,0,0,0
603,6.029999999999916,3.0239806175231934,1.8680766820907593,0.0009453754173591733,0.31011173129081726,0.30543462950001543,-0.0002899328680775002,tracking,0.30543462950001543,-0.0002899328680775002,tracking,2.0239882393216555,0,0,0
604,6.039999999999916,3.0270771980285645,1.868079423904419,0.0007925006211735308,0.30922216176986694,0.30543462950001543,-0.0002899328680775002,tracking,0.30543462950001543,-0.0002899328680775002,tracking,2.027084821040872,0,0,0
605,6.0499999999999154,3.030165910720825,1.8680815696716309,0.0006398908444680274,0.3085017800331116,0.30543462950001543,-0.0002899328680775002,tracking,0.30543462950001543,-0.0002899328680775002,tracking,2.0301735344784784,0,0,0
606,6.059999999999915,3.03324294090271,1.8680833578109741,0.0004880459455307573,0.3068993091583252,0.30007661235012145,-0.0006521709311889962,tracking,0.30007661235012145,-0.0006521709311889962,tracking,2.0332505651799293,0,1,1
607,6.069999999999915,3.0363054275512695,1.8680845499038696,0.0003366784658282995,0.3056016266345978,0.30007661235012145,-0.0006521709311889962,tracking,0.30007661235012145,-0.0006521709311889962,tracking,2.0363130520605037,0,0,0
608,6.079999999999915,3.039356231689453,1.8680853843688965,0.0001860843476606533,0.30455076694488525,0.30007661235012145,-0.0006521709311889962,tracking,0.30007661235012145,-0.0006521709311889962,tracking,2.03936385631281,0,0,0
609,6.089999999999915,3.0423974990844727,1.8680856227874756,3.580331394914538e-05,0.303699791431427,0.30007661235012145,-0.0006521709311889962,tracking,0.30007661235012145,-0.0006521709311889962,tracking,2.0424051237171748,0,0,0
610,6.099999999999914,3.045431137084961,1.8680856227874756,-0.00011397058551665395,0.3030106723308563,0.30007661235012145,-0.0006521709311889962,tracking,0.30007661235012145,-0.0006521709311889962,tracking,2.045438761717663,0,0,0
611,6.109999999999914,3.048452138900757,1.8680850267410278,-0.0002633308758959174,0.3011873662471771,0.29342446189681937,0.004124885451598986,tracking,0.29342446189681937,0.004124885451598986,tracking,2.048459763592259,0,1,1
612,6.119999999999914,3.0514566898345947,1.86808443069458,-0.00011505718430271372,0.29971086978912354,0.29342446189681937,0.004124885451598986,tracking,0.29342446189681937,0.004124885451598986,tracking,2.051464314585219,0,0,0
613,6.129999999999914,3.054447889328003,1.86808443069458,3.277659197920002e-05,0.2985152006149292,0.29342446189681937,0.004124885451598986,tracking,0.29342446189681937,0.004124885451598986,tracking,2.054455514078627,0,0,0
614,6.1399999999999135,3.0574281215667725,1.8680846691131592,0.00017989781918004155,0.29754695296287537,0.29342446189681937,0.004124885451598986,tracking,0.29342446189681937,0.004124885451598986,tracking,2.0574357463269335,0,0,0
615,6.149999999999913,3.0603997707366943,1.868085503578186,0.00032673057285137475,0.2967628538608551,0.29342446189681937,0.004124885451598986,tracking,0.29342446189681937,0.004124885451598986,tracking,2.060407395614018,0,0,0
616,6.159999999999913,3.0633597373962402,1.868086576461792,0.000472806190373376,0.2952476739883423,0.28879657600351727,0.0009371345398393113,tracking,0.28879657600351727,0.0009371345398393113,tracking,2.0633673624680053,0,1,1
617,6.169999999999913,3.0663061141967773,1.8680882453918457,0.0006184303783811629,0.2940206825733185,0.28879657600351727,0.0009371345398393113,tracking,0.28879657600351727,0.0009371345398393113,tracking,2.0663137397412124,0,0,0
618,6.179999999999913,3.0692412853240967,1.8680901527404785,0.0007633233326487243,0.29302704334259033,0.28879657600351727,0.0009371345398393113,tracking,0.28879657600351727,0.0009371345398393113,tracking,2.0692489114882533,0,0,0
619,6.1899999999999125,3.0721676349639893,1.868092656135559,0.0009079202427528799,0.29222241044044495,0.28879657600351727,0.0009371345398393113,tracking,0.28879657600351727,0.0009371345398393113,tracking,2.0721752621989316,0,0,0
620,6.199999999999912,3.0750865936279297,1.8680953979492188,0.0010520376963540912,0.2915708124637604,0.28879657600351727,0.0009371345398393113,tracking,0.28879657600351727,0.0009371345398393113,tracking,2.0750942221505815,0,0,0
621,6.209999999999912,3.0779943466186523,1.8680987358093262,0.0011957853566855192,0.2899765372276306,0.2831887967309684,0.0016050182990714219,tracking,0.2831887967309684,0.0016050182990714219,tracking,2.0780019770570974,0,1,1
622,6.219999999999912,3.08088755607605,1.8681023120880127,0.0013385829515755177,0.28868550062179565,0.2831887967309684,0.0016050182990714219,tracking,0.2831887967309684,0.0016050182990714219,tracking,2.0808951887248024,0,0,0
623,6.229999999999912,3.0837690830230713,1.868106484413147,0.0014809959102422,0.2876400351524353,0.2831887967309684,0.0016050182990714219,tracking,0.2831887967309684,0.0016050182990714219,tracking,2.0837767186924947,0,0,0
624,6.239999999999911,3.086641311645508,1.8681108951568604,0.0016227858141064644,0.28679341077804565,0.2831887967309684,0.0016050182990714219,tracking,0.2831887967309684,0.0016050182990714219,tracking,2.086648950701613,0,0,0
625,6.249999999999911,3.089505910873413,1.868115782737732,0.00176432344596833,0.2861078083515167,0.2831887967309684,0.0016050182990714219,tracking,0.2831887967309684,0.0016050182990714219,tracking,2.0895135540991117,0,0,0
626,6.259999999999911,3.0923590660095215,1.8681206703186035,0.0016235392540693283,0.28450512886047363,0.27768147585161285,-0.003023514539837434,tracking,0.27768147585161285,-0.003023514539837434,tracking,2.092366713421538,0,1,1
627,6.269999999999911,3.0951976776123047,1.8681249618530273,0.0014832325978204608,0.2832072675228119,0.27768147585161285,-0.003023514539837434,tracking,0.27768147585161285,-0.003023514539837434,tracking,2.095205328268382,0,0,0
628,6.2799999999999105,3.098024606704712,1.868129014968872,0.0013436994049698114,0.2821562588214874,0.27768147585161285,-0.003023514539837434,tracking,0.27768147585161285,-0.003023514539837434,tracking,2.0980322602663692,0,0,0
629,6.28999999999991,3.100841999053955,1.8681325912475586,0.0012044792529195547,0.2813051640987396,0.27768147585161285,-0.003023514539837434,tracking,0.27768147585161285,-0.003023514539837434,tracking,2.1008496548854,0,0,0
630,6.29999999999991,3.103651523590088,1.8681358098983765,0.001065766322426498,0.2806159257888794,0.27768147585161285,-0.003023514539837434,tracking,0.27768147585161285,-0.003023514539837434,tracking,2.1036591812652095,0,0,0
631,6.30999999999991,3.106450080871582,1.8681385517120361,0.0009274150943383574,0.2791082262992859,0.2726890290103845,3.215165812725171e-05,tracking,0.2726890290103845,3.215165812725171e-05,tracking,2.1064577398898137,0,1,1
632,6.31999999999991,3.1092350482940674,1.8681411743164062,0.0009274150943383574,0.2778872847557068,0.2726890290103845,3.215165812725171e-05,tracking,0.2726890290103845,3.215165812725171e-05,tracking,2.109242708547152,0,0,0
633,6.3299999999999095,3.112009048461914,1.8681437969207764,0.0009274150943383574,0.2768985629081726,0.2726890290103845,3.215165812725171e-05,tracking,0.2726890290103845,3.215165812725171e-05,tracking,2.1120167099547342,0,0,0
634,6.339999999999909,3.114773988723755,1.8681464195251465,0.0009274150943383574,0.2760978937149048,0.2726890290103845,3.215165812725171e-05,tracking,0.2726890290103845,3.215165812725171e-05,tracking,2.1147816514603726,0,0,0
635,6.349999999999909,3.1175317764282227,1.868148922920227,0.0009274150943383574,0.2754495143890381,0.2726890290103845,3.215165812725171e-05,tracking,0.2726890290103845,3.215165812725171e-05,tracking,2.1175394403010745,0,0,0
636,6.359999999999909,3.12027907371521,1.868151307106018,0.0007918404880911112,0.27401280403137207,0.26789575942490623,-0.0010378247981904353,tracking,0.26789575942490623,-0.0010378247981904353,tracking,2.120286738622595,0,1,1
637,6.369999999999909,3.123013496398926,1.8681532144546509,0.0006566939409822226,0.27284935116767883,0.26789575942490623,-0.0010378247981904353,tracking,0.26789575942490623,-0.0010378247981904353,tracking,2.1230211619715296,0,0,0
638,6.379999999999908,3.125737190246582,1.8681548833847046,0.0005222407635301352,0.27190718054771423,0.26789575942490623,-0.0010378247981904353,tracking,0.26789575942490623,-0.0010378247981904353,tracking,2.1257448563305,0,0,0
639,6.389999999999908,3.1284525394439697,1.8681560754776,0.00038806829252280295,0.27114421129226685,0.26789575942490623,-0.0010378247981904353,tracking,0.26789575942490623,-0.0010378247981904353,tracking,2.128460205789564,0,0,0
640,6.399999999999908,3.1311609745025635,1.8681570291519165,0.0002543505106586963,0.27052634954452515,0.26789575942490623,-0.0010378247981904353,tracking,0.26789575942490623,-0.0010378247981904353,tracking,2.131168641016058,0,0,0
641,6.409999999999908,3.1338584423065186,1.8681575059890747,0.0001209905167343095,0.2689708173274994,0.26234794854712923,0.0016988919147062614,tracking,0.26234794854712923,0.0016988919147062614,tracking,2.133866108862159,0,1,1
642,6.419999999999908,3.1365418434143066,1.868157982826233,0.0002534234954509884,0.2677111327648163,0.26234794854712923,0.0016988919147062614,tracking,0.26234794854712923,0.0016988919147062614,tracking,2.1365495100123137,0,0,0
643,6.429999999999907,3.139213800430298,1.8681589365005493,0.00038548113661818206,0.26669105887413025,0.26234794854712923,0.0016988919147062614,tracking,0.26234794854712923,0.0016988919147062614,tracking,2.1392214671984977,0,0,0
644,6.439999999999907,3.141876697540283,1.8681601285934448,0.0005169308860786259,0.2658649981021881,0.26234794854712923,0.0016988919147062614,tracking,0.26234794854712923,0.0016988919147062614,tracking,2.1418843645753136,0,0,0
645,6.449999999999907,3.1445319652557373,1.868161678314209,0.0006481345044448972,0.2651960551738739,0.26234794854712923,0.0016988919147062614,tracking,0.26234794854712923,0.0016988919147062614,tracking,2.1445396327430073,0,0,0
646,6.459999999999907,3.14717698097229,1.8681634664535522,0.00077865767525509,0.2637985646724701,0.2578485717869342,0.00036707688337542406,tracking,0.2578485717869342,0.00036707688337542406,tracking,2.1471846490639876,0,1,1
647,6.4699999999999065,3.1498093605041504,1.8681657314300537,0.0009087644866667688,0.26266688108444214,0.2578485717869342,0.00036707688337542406,tracking,0.2578485717869342,0.00036707688337542406,tracking,2.149817029570274,0,0,0
648,6.479999999999906,3.1524314880371094,1.8681682348251343,0.0010381968459114432,0.2617504298686981,0.2578485717869342,0.00036707688337542406,tracking,0.2578485717869342,0.00036707688337542406,tracking,2.152439158298252,0,0,0
649,6.489999999999906,3.1550452709198,1.868171215057373,0.0011673561530187726,0.26100829243659973,0.2578485717869342,0.00036707688337542406,tracking,0.2578485717869342,0.00036707688337542406,tracking,2.1550529428799705,0,0,0
650,6.499999999999906,3.1576523780822754,1.8681743144989014,0.0012960731983184814,0.26040729880332947,0.2578485717869342,0.00036707688337542406,tracking,0.2578485717869342,0.00036707688337542406,tracking,2.1576600518848204,0,0,0
651,6.509999999999906,3.1602494716644287,1.868177890777588,0.0014244624180719256,0.259016752243042,0.25309639975590525,-0.000968529676838718,tracking,0.25309639975590525,-0.000968529676838718,tracking,2.160257147929296,0,1,1
652,6.519999999999905,3.1628339290618896,1.8681814670562744,0.0012969018425792456,0.2578907012939453,0.25309639975590525,-0.000968529676838718,tracking,0.25309639975590525,-0.000968529676838718,tracking,2.162841607801118,0,0,0
653,6.529999999999905,3.1654083728790283,1.8681845664978027,0.0011696767760440707,0.256978839635849,0.25309639975590525,-0.000968529676838718,tracking,0.25309639975590525,-0.000968529676838718,tracking,2.165416053484006,0,0,0
654,6.539999999999905,3.1679744720458984,1.868187427520752,0.001042995136231184,0.2562403976917267,0.25309639975590525,-0.000968529676838718,tracking,0.25309639975590525,-0.000968529676838718,tracking,2.167982154245797,0,0,0
655,6.549999999999905,3.1705338954925537,1.8681899309158325,0.0009165335213765502,0.2556424140930176,0.25309639975590525,-0.000968529676838718,tracking,0.25309639975590525,-0.000968529676838718,tracking,2.1705415789167484,0,0,0
656,6.559999999999905,3.1730828285217285,1.868192195892334,0.0007907570688985288,0.2541595995426178,0.24784639122682467,-0.0019976604447277373,tracking,0.24784639122682467,-0.0019976604447277373,tracking,2.1730905129522498,0,1,1
657,6.569999999999904,3.1756184101104736,1.8681939840316772,0.0006654224125668406,0.25295883417129517,0.24784639122682467,-0.0019976604447277373,tracking,0.24784639122682467,-0.0019976604447277373,tracking,2.175626095171509,0,0,0
658,6.579999999999904,3.17814302444458,1.8681955337524414,0.0005408033030107617,0.25198644399642944,0.24784639122682467,-0.0019976604447277373,tracking,0.24784639122682467,-0.0019976604447277373,tracking,2.1781507099812596,0,0,0
659,6.589999999999904,3.180659055709839,1.868196725845337,0.0004164739220868796,0.25119900703430176,0.24784639122682467,-0.0019976604447277373,tracking,0.24784639122682467,-0.0019976604447277373,tracking,2.1806667415289245,0,0,0
660,6.599999999999904,3.1831679344177246,1.8681976795196533,0.00029261381132528186,0.25056132674217224,0.24784639122682467,-0.0019976604447277373,tracking,0.24784639122682467,-0.0019976604447277373,tracking,2.1831756204180652,0,0,0
661,6.6099999999999035,3.1856672763824463,1.8681981563568115,0.00016906356904655695,0.24931682646274567,0.24401824475657063,0.004862772344428039,tracking,0.24401824475657063,0.004862772344428039,tracking,2.1856749624282736,0,1,1
662,6.619999999999903,3.18815541267395,1.8681986331939697,0.0002918721584137529,0.24830903112888336,0.24401824475657063,0.004862772344428039,tracking,0.24401824475657063,0.004862772344428039,tracking,2.188163098765469,0,0,0
663,6.629999999999903,3.1906344890594482,1.8681995868682861,0.0004143804544582963,0.2474929243326187,0.24401824475657063,0.004862772344428039,tracking,0.24401824475657063,0.004862772344428039,tracking,2.190642175334401,0,0,0
664,6.639999999999903,3.193106174468994,1.868200659751892,0.0005364023963920772,0.24683204293251038,0.24401824475657063,0.004862772344428039,tracking,0.24401824475657063,0.004862772344428039,tracking,2.1931138609768004,0,0,0
665,6.649999999999903,3.1955718994140625,1.8682022094726562,0.0006582274218089879,0.24629685282707214,0.24401824475657063,0.004862772344428039,tracking,0.24401824475657063,0.004862772344428039,tracking,2.1955795864088725,0,0,0
666,6.659999999999902,3.198028087615967,1.8682037591934204,0.0005370224826037884,0.24494867026805878,0.2392086041908047,-0.0018647739555164725,tracking,0.2392086041908047,-0.0018647739555164725,tracking,2.1980357750996715,0,1,1
667,6.669999999999902,3.200472116470337,1.8682048320770264,0.00041621923446655273,0.24385690689086914,0.2392086041908047,-0.0018647739555164725,tracking,0.2392086041908047,-0.0018647739555164725,tracking,2.2004798041895297,0,0,0
668,6.679999999999902,3.202906370162964,1.8682057857513428,0.00029606663156300783,0.24297280609607697,0.2392086041908047,-0.0018647739555164725,tracking,0.2392086041908047,-0.0018647739555164725,tracking,2.2029140580689686,0,0,0
669,6.689999999999902,3.2053325176239014,1.868206262588501,0.0001761774328770116,0.24225685000419617,0.2392086041908047,-0.0018647739555164725,tracking,0.2392086041908047,-0.0018647739555164725,tracking,2.205340205576765,0,0,0
670,6.699999999999902,3.207752227783203,1.8682066202163696,5.6714899983489886e-05,0.24167707562446594,0.2392086041908047,-0.0018647739555164725,tracking,0.2392086041908047,-0.0018647739555164725,tracking,2.207759915762495,0,0,0
671,6.709999999999901,3.210162401199341,1.8682066202163696,-6.243163079489022e-05,0.2403373271226883,0.23463314077987488,0.0050399826795473985,tracking,0.23463314077987488,0.0050399826795473985,tracking,2.2101700891786327,0,1,1
672,6.719999999999901,3.2125604152679443,1.8682066202163696,5.591646913671866e-05,0.23925238847732544,0.23463314077987488,0.0050399826795473985,tracking,0.23463314077987488,0.0050399826795473985,tracking,2.212568103247236,0,0,0
673,6.729999999999901,3.2149486541748047,1.8682069778442383,0.0001739413128234446,0.23837381601333618,0.23463314077987488,0.0050399826795473985,tracking,0.23463314077987488,0.0050399826795473985,tracking,2.214956342180873,0,0,0
674,6.739999999999901,3.2173287868499756,1.8682074546813965,0.0002914425858762115,0.23766234517097473,0.23463314077987488,0.0050399826795473985,tracking,0.23463314077987488,0.0050399826795473985,tracking,2.2173364749038087,0,0,0
675,6.7499999999999005,3.2197024822235107,1.8682082891464233,0.0004087318666279316,0.2370861917734146,0.23463314077987488,0.0050399826795473985,tracking,0.23463314077987488,0.0050399826795473985,tracking,2.2197101704240207,0,0,0
676,6.7599999999999,3.222067356109619,1.8682091236114502,0.0002920329861808568,0.23586925864219666,0.23068800186739663,-0.004092301725276542,tracking,0.23068800186739663,-0.004092301725276542,tracking,2.222075044457353,0,1,1
677,6.7699999999999,3.2244210243225098,1.8682096004486084,0.00017569668125361204,0.23488378524780273,0.23068800186739663,-0.004092301725276542,tracking,0.23068800186739663,-0.004092301725276542,tracking,2.2244287127185456,0,0,0
678,6.7799999999999,3.2267658710479736,1.868209958076477,5.994766252115369e-05,0.23408575356006622,0.23068800186739663,-0.004092301725276542,tracking,0.23068800186739663,-0.004092301725276542,tracking,2.2267735594712814,0,0,0
679,6.7899999999999,3.2291035652160645,1.868209958076477,-5.5563596106367186e-05,0.23343950510025024,0.23068800186739663,-0.004092301725276542,tracking,0.23068800186739663,-0.004092301725276542,tracking,2.2291112536393722,0,0,0
680,6.7999999999998995,3.2314352989196777,1.868209719657898,-0.00017068973102141172,0.23291617631912231,0.23068800186739663,-0.004092301725276542,tracking,0.23068800186739663,-0.004092301725276542,tracking,2.2314429873551744,0,0,0
681,6.809999999999899,3.2337582111358643,1.8682091236114502,-0.0002855209168046713,0.23164786398410797,0.22624785939536363,0.00729560855687855,tracking,0.22624785939536363,0.00729560855687855,tracking,2.2337658996478322,0,1,1
682,6.819999999999899,3.236069440841675,1.8682085275650024,-0.00017144558660220355,0.23062078654766083,0.22624785939536363,0.00729560855687855,tracking,0.22624785939536363,0.00729560855687855,tracking,2.2360771294305004,0,0,0
683,6.829999999999899,3.2383713722229004,1.8682082891464233,-5.7676279539009556e-05,0.22978906333446503,0.22624785939536363,0.00729560855687855,tracking,0.22624785939536363,0.00729560855687855,tracking,2.238379060824073,0,0,0
684,6.839999999999899,3.240665912628174,1.8682082891464233,5.559736746363342e-05,0.2291155308485031,0.22624785939536363,0.00729560855687855,tracking,0.22624785939536363,0.00729560855687855,tracking,2.2406736012293464,0,0,0
685,6.849999999999898,3.2429542541503906,1.868208646774292,0.00016867034719325602,0.2285701036453247,0.22624785939536363,0.00729560855687855,tracking,0.22624785939536363,0.00729560855687855,tracking,2.242961942779509,0,0,0
686,6.859999999999898,3.2452330589294434,1.8682091236114502,0.0002811112499330193,0.22719597816467285,0.22134543519727876,0.00032843913895733677,tracking,0.22134543519727876,0.00032843913895733677,tracking,2.2452407476084506,0,1,1
687,6.869999999999898,3.247499465942383,1.868209958076477,0.00039314274908974767,0.2260832041501999,0.22134543519727876,0.00032843913895733677,tracking,0.22134543519727876,0.00032843913895733677,tracking,2.2475071547750103,0,0,0
688,6.879999999999898,3.249755859375,1.8682109117507935,0.0005045111174695194,0.22518208622932434,0.22134543519727876,0.00032843913895733677,tracking,0.22134543519727876,0.00032843913895733677,tracking,2.249763548409165,0,0,0
689,6.8899999999998975,3.2520041465759277,1.8682122230529785,0.0006156109739094973,0.22445236146450043,0.22134543519727876,0.00032843913895733677,tracking,0.22134543519727876,0.00032843913895733677,tracking,2.252011835992498,0,0,0
690,6.899999999999897,3.2542457580566406,1.8682136535644531,0.0007262759609147906,0.223861426115036,0.22134543519727876,0.00032843913895733677,tracking,0.22134543519727876,0.00032843913895733677,tracking,2.25425344792966,0,0,0
691,6.909999999999897,3.2564785480499268,1.8682154417037964,0.0008366486290469766,0.22267675399780273,0.21763285746452468,0.002118685297636768,tracking,0.21763285746452468,0.002118685297636768,tracking,2.2564862386389652,0,1,1
692,6.919999999999897,3.2587006092071533,1.8682173490524292,0.0009463152964599431,0.22171740233898163,0.21763285746452468,0.002118685297636768,tracking,0.21763285746452468,0.002118685297636768,tracking,2.258708300614796,0,0,0
693,6.929999999999897,3.260913848876953,1.8682196140289307,0.0010556961642578244,0.2209405153989792,0.21763285746452468,0.002118685297636768,tracking,0.21763285746452468,0.002118685297636768,tracking,2.260921541443557,0,0,0
694,6.9399999999998965,3.263120174407959,1.8682219982147217,0.0011646139901131392,0.22031140327453613,0.21763285746452468,0.002118685297636768,tracking,0.21763285746452468,0.002118685297636768,tracking,2.2631278682627545,0,0,0
695,6.949999999999896,3.2653207778930664,1.8682247400283813,0.0012733443873003125,0.21980194747447968,0.21763285746452468,0.002118685297636768,tracking,0.21763285746452468,0.002118685297636768,tracking,2.265328473455925,0,0,0
696,6.959999999999896,3.267512559890747,1.868227481842041,0.0011651928070932627,0.21855349838733673,0.21323806355425026,-0.002004508066477775,tracking,0.21323806355425026,-0.002004508066477775,tracking,2.267520257168543,0,1,1
697,6.969999999999896,3.26969313621521,1.868229866027832,0.0010574131738394499,0.21754249930381775,0.21323806355425026,-0.002004508066477775,tracking,0.21323806355425026,-0.002004508066477775,tracking,2.269700834796409,0,0,0
698,6.979999999999896,3.271864414215088,1.8682321310043335,0.0009502360480837524,0.21672379970550537,0.21323806355425026,-0.002004508066477775,tracking,0.21323806355425026,-0.002004508066477775,tracking,2.271872113977646,0,0,0
699,6.989999999999895,3.2740283012390137,1.8682340383529663,0.0008433028124272823,0.2160608172416687,0.21323806355425026,-0.002004508066477775,tracking,0.21323806355425026,-0.002004508066477775,tracking,2.274036001842184,0,0,0
700,6.999999999999895,3.276186227798462,1.8682358264923096,0.0007367646903730929,0.21552392840385437,0.21323806355425026,-0.002004508066477775,tracking,0.21323806355425026,-0.002004508066477775,tracking,2.276193929142492,0,0,0
701,7.009999999999895,3.278336524963379,1.8682372570037842,0.0006304813432507217,0.21451322734355927,0.21021007682456452,0.004235598758352079,tracking,0.21021007682456452,0.004235598758352079,tracking,2.2783442267832417,0,1,1
702,7.019999999999895,3.280477523803711,1.8682386875152588,0.0007361623574979603,0.213694766163826,0.21021007682456452,0.004235598758352079,tracking,0.21021007682456452,0.004235598758352079,tracking,2.2804852261014728,0,0,0
703,7.0299999999998946,3.282611131668091,1.8682403564453125,0.0008415995398536325,0.21303197741508484,0.21021007682456452,0.004235598758352079,tracking,0.21021007682456452,0.004235598758352079,tracking,2.28261883461858,0,0,0
704,7.039999999999894,3.284738779067993,1.8682422637939453,0.0009466417250223458,0.21249525249004364,0.21021007682456452,0.004235598758352079,tracking,0.21021007682456452,0.004235598758352079,tracking,2.284746482873412,0,0,0
705,7.049999999999894,3.2868616580963135,1.8682444095611572,0.001051523955538869,0.2120606154203415,0.21021007682456452,0.004235598758352079,tracking,0.21021007682456452,0.004235598758352079,tracking,2.286869362986183,0,0,0
706,7.059999999999894,3.2889766693115234,1.8682465553283691,0.000947158841881901,0.2109246551990509,0.20608816141893527,-0.006415417981996413,tracking,0.20608816141893527,-0.006415417981996413,tracking,2.288984375289878,0,1,1
707,7.069999999999894,3.291081428527832,1.8682483434677124,0.000843132147565484,0.2100047469139099,0.20608816141893527,-0.006415417981996413,tracking,0.20608816141893527,-0.006415417981996413,tracking,2.2910891352657607,0,0,0
708,7.0799999999998935,3.293177843093872,1.8682500123977661,0.000739653711207211,0.20925980806350708,0.20608816141893527,-0.006415417981996413,tracking,0.20608816141893527,-0.006415417981996413,tracking,2.293185550496108,0,0,0
709,7.089999999999893,3.295267343521118,1.8682514429092407,0.000636397220660001,0.20865656435489655,0.20608816141893527,-0.006415417981996413,tracking,0.20608816141893527,-0.006415417981996413,tracking,2.295275051413032,0,0,0
710,7.099999999999893,3.297351360321045,1.8682527542114258,0.0005335002206265926,0.20816805958747864,0.20608816141893527,-0.006415417981996413,tracking,0.20608816141893527,-0.006415417981996413,tracking,2.2973590686255063,0,0,0
711,7.109999999999893,3.2994272708892822,1.8682537078857422,0.00043087481753900647,0.20700660347938538,0.20206154965062745,0.0009456329364034739,tracking,0.20206154965062745,0.0009456329364034739,tracking,2.2994349794128026,0,1,1
712,7.119999999999893,3.301492691040039,1.8682546615600586,0.0005328080151230097,0.2060660570859909,0.20206154965062745,0.0009456329364034739,tracking,0.20206154965062745,0.0009456329364034739,tracking,2.3015003997837313,0,0,0
713,7.129999999999892,3.3035495281219482,1.868255853652954,0.0006344610010273755,0.20530439913272858,0.20206154965062745,0.0009456329364034739,tracking,0.20206154965062745,0.0009456329364034739,tracking,2.3035572372110944,0,0,0
714,7.139999999999892,3.3055994510650635,1.8682571649551392,0.000735660083591938,0.20468761026859283,0.20206154965062745,0.0009456329364034739,tracking,0.20206154965062745,0.0009456329364034739,tracking,2.305607160573619,0,0,0
715,7.149999999999892,3.3076438903808594,1.8682588338851929,0.0008366754045709968,0.20418813824653625,0.20206154965062745,0.0009456329364034739,tracking,0.20206154965062745,0.0009456329364034739,tracking,2.307651600570611,0,0,0
716,7.159999999999892,3.309680223464966,1.8682605028152466,0.0007361912284977734,0.20307447016239166,0.198332907283138,-0.0030840153094925174,tracking,0.198332907283138,-0.0030840153094925174,tracking,2.309687934338625,0,1,1
717,7.169999999999892,3.31170654296875,1.8682618141174316,0.0006360388942994177,0.20217262208461761,0.198332907283138,-0.0030840153094925174,tracking,0.198332907283138,-0.0030840153094925174,tracking,2.311714254266704,0,0,0
718,7.179999999999891,3.3137245178222656,1.8682630062103271,0.0005364239914342761,0.20144230127334595,0.198332907283138,-0.0030840153094925174,tracking,0.198332907283138,-0.0030840153094925174,tracking,2.3137322294723264,0,0,0
719,7.189999999999891,3.3157360553741455,1.8682639598846436,0.000437026668805629,0.20085088908672333,0.198332907283138,-0.0030840153094925174,tracking,0.198332907283138,-0.0030840153094925174,tracking,2.3157437672502756,0,0,0
720,7.199999999999891,3.317742109298706,1.8682647943496704,0.00033798179356381297,0.20037196576595306,0.198332907283138,-0.0030840153094925174,tracking,0.198332907283138,-0.0030840153094925174,tracking,2.317749821348394,0,0,0
721,7.209999999999891,3.3197410106658936,1.8682653903961182,0.00023917794169392437,0.1993868499994278,0.19519262127869744,-0.004001592863399518,tracking,0.19519262127869744,-0.004001592863399518,tracking,2.319748722804448,0,1,1
722,7.2199999999998905,3.321730852127075,1.8682657480239868,0.000140961172292009,0.19858910143375397,0.19519262127869744,-0.004001592863399518,tracking,0.19519262127869744,-0.004001592863399518,tracking,2.3217385642977675,0,0,0
723,7.22999999999989,3.323713541030884,1.8682658672332764,4.298207932151854e-05,0.1979430913925171,0.19519262127869744,-0.004001592863399518,tracking,0.19519262127869744,-0.004001592863399518,tracking,2.32372125320516,0,0,0
724,7.23999999999989,3.325690269470215,1.8682658672332764,-5.461202817969024e-05,0.19741995632648468,0.19519262127869744,-0.004001592863399518,tracking,0.19519262127869744,-0.004001592863399518,tracking,2.325697981644491,0,0,0
725,7.24999999999989,3.327662467956543,1.8682656288146973,-0.000152050270116888,0.1969963163137436,0.19519262127869744,-0.004001592863399518,tracking,0.19519262127869744,-0.004001592863399518,tracking,2.32767018014523,0,0,0
726,7.25999999999989,3.3296265602111816,1.8682652711868286,-0.00024896860122680664,0.19584104418754578,0.19092233553523805,-0.00032980018652607225,tracking,0.19092233553523805,-0.00032980018652607225,tracking,2.3296342724324277,0,1,1
727,7.269999999999889,3.331580400466919,1.8682646751403809,-0.00034554273588582873,0.19490550458431244,0.19092233553523805,-0.00032980018652607225,tracking,0.19092233553523805,-0.00032980018652607225,tracking,2.331588112779081,0,0,0
728,7.279999999999889,3.3335256576538086,1.8682639598846436,-0.0004415593284647912,0.19414789974689484,0.19092233553523805,-0.00032980018652607225,tracking,0.19092233553523805,-0.00032980018652607225,tracking,2.333533370097468,0,0,0
729,7.289999999999889,3.3354640007019043,1.8682630062103271,-0.0005373501917347312,0.19353440403938293,0.19092233553523805,-0.00032980018652607225,tracking,0.19092233553523805,-0.00032980018652607225,tracking,2.3354717133801697,0,0,0
730,7.299999999999889,3.3373968601226807,1.8682619333267212,-0.0006327754817903042,0.19303758442401886,0.19092233553523805,-0.00032980018652607225,tracking,0.19092233553523805,-0.00032980018652607225,tracking,2.337404573098712,0,0,0
731,7.309999999999889,3.339322090148926,1.8682606220245361,-0.0007279515848495066,0.19202087819576263,0.18769215719973137,2.262047167032183e-05,tracking,0.18769215719973137,2.262047167032183e-05,tracking,2.3393298035715304,0,1,1
732,7.319999999999888,3.341238260269165,1.8682591915130615,-0.0007279515848495066,0.19119755923748016,0.18769215719973137,2.262047167032183e-05,tracking,0.18769215719973137,2.262047167032183e-05,tracking,2.3412459742257417,0,0,0
733,7.329999999999888,3.343146800994873,1.868257761001587,-0.0007279515848495066,0.19053083658218384,0.18769215719973137,2.262047167032183e-05,tracking,0.18769215719973137,2.262047167032183e-05,tracking,2.3431545154875564,0,0,0
734,7.339999999999888,3.3450493812561035,1.8682563304901123,-0.0007279515848495066,0.18999092280864716,0.18769215719973137,2.262047167032183e-05,tracking,0.18769215719973137,2.262047167032183e-05,tracking,2.345057096286573,0,0,0
735,7.349999999999888,3.346947193145752,1.8682548999786377,-0.0007279515848495066,0.18955369293689728,0.18769215719973137,2.262047167032183e-05,tracking,0.18769215719973137,2.262047167032183e-05,tracking,2.346954908715359,0,0,0
736,7.3599999999998875,3.348836660385132,1.8682535886764526,-0.0006347281159833074,0.1883411556482315,0.18317862296040427,0.0023282515383358186,tracking,0.18317862296040427,0.0023282515383358186,tracking,2.348844376409765,0,1,1
737,7.369999999999887,3.350715160369873,1.8682525157928467,-0.000541865942068398,0.18735924363136292,0.18317862296040427,0.0023282515383358186,tracking,0.18317862296040427,0.0023282515383358186,tracking,2.3507228767008885,0,0,0
738,7.379999999999887,3.3525848388671875,1.8682515621185303,-0.00044958890066482127,0.18656408786773682,0.18317862296040427,0.0023282515383358186,tracking,0.18317862296040427,0.0023282515383358186,tracking,2.3525925554414253,0,0,0
739,7.389999999999887,3.354447364807129,1.868250846862793,-0.00035754876444116235,0.18592017889022827,0.18317862296040427,0.0023282515383358186,tracking,0.18317862296040427,0.0023282515383358186,tracking,2.3544550815187044,0,0,0
740,7.399999999999887,3.3563039302825928,1.8682502508163452,-0.00026589236222207546,0.18539872765541077,0.18317862296040427,0.0023282515383358186,tracking,0.18317862296040427,0.0023282515383358186,tracking,2.356311647089848,0,0,0
741,7.4099999999998865,3.3581531047821045,1.8682498931884766,-0.0001744777982821688,0.18445122241973877,0.18041710929119192,-0.0016187446719077908,tracking,0.18041710929119192,-0.0016187446719077908,tracking,2.3581608216239425,0,1,1
742,7.419999999999886,3.3599936962127686,1.868249535560608,-0.00026532771880738437,0.18368393182754517,0.18041710929119192,-0.0016187446719077908,tracking,0.18041710929119192,-0.0016187446719077908,tracking,2.3600014130893503,0,0,0
743,7.429999999999886,3.3618273735046387,1.8682489395141602,-0.0003559490432962775,0.1830625832080841,0.18041710929119192,-0.0016187446719077908,tracking,0.18041710929119192,-0.0016187446719077908,tracking,2.3618350904780945,0,0,0
744,7.439999999999886,3.3636555671691895,1.8682482242584229,-0.00044620007975026965,0.18255941569805145,0.18041710929119192,-0.0016187446719077908,tracking,0.18041710929119192,-0.0016187446719077908,tracking,2.3636632842825622,0,0,0
745,7.449999999999886,3.3654792308807373,1.8682472705841064,-0.0005363011732697487,0.1821519434452057,0.18041710929119192,-0.0016187446719077908,tracking,0.18041710929119192,-0.0016187446719077908,tracking,2.3654869482434693,0,0,0
746,7.459999999999885,3.367283821105957,1.86824631690979,-0.0005363011732697487,0.1787787824869156,0.0,0.0,front_clearance_stop,0.1644171092911919,0.0,front_clearance_stop,2.367291538720684,0,1,1
747,7.469999999999885,3.3690426349639893,1.8682453632354736,-0.0005363011732697487,0.17300398647785187,0.0,0.0,front_clearance_stop,0.1484171092911919,0.0,front_clearance_stop,2.3690503528372697,0,0,0
748,7.479999999999885,3.3707339763641357,1.8682444095611572,-0.0005363011732697487,0.16528436541557312,0.0,0.0,front_clearance_stop,0.13241710929119188,0.0,front_clearance_stop,2.3707416945062842,0,0,0
749,7.489999999999885,3.372340440750122,1.8682435750961304,-0.0005363011732697487,0.15598981082439423,0.0,0.0,front_clearance_stop,0.11641710929119188,0.0,front_clearance_stop,2.3723481591089985,0,0,0
750,7.4999999999998845,3.373847484588623,1.8682427406311035,-0.0005363011732697487,0.1454198807477951,0.0,0.0,front_clearance_stop,0.10041710929119188,0.0,front_clearance_stop,2.3738552031785254,0,0,0
751,7.509999999999884,3.375243663787842,1.8682420253753662,-0.0005363011732697487,0.1338171511888504,0.0,0.0,front_clearance_stop,0.08441710929119188,0.0,front_clearance_stop,2.375251382560955,0,1,1
752,7.519999999999884,3.3765196800231934,1.868241310119629,-0.0005363011732697487,0.12137806415557861,0.0,0.0,front_clearance_stop,0.06841710929119188,0.0,front_clearance_stop,2.3765273989967706,0,0,0
753,7.529999999999884,3.3776679039001465,1.8682407140731812,-0.0005363011732697487,0.10826168954372406,0.0,0.0,front_clearance_stop,0.05241710929119188,0.0,front_clearance_stop,2.3776756230284284,0,0,0
754,7.539999999999884,3.3786821365356445,1.8682401180267334,-0.0005363011732697487,0.09459684789180756,0.0,0.0,front_clearance_stop,0.03641710929119188,0.0,front_clearance_stop,2.3786898558390694,0,0,0
755,7.5499999999998835,3.3795576095581055,1.8682396411895752,-0.0005363011732697487,0.08048786222934723,0.0,0.0,front_clearance_stop,0.02041710929119188,0.0,front_clearance_stop,2.379565328991388,0,0,0
756,7.559999999999883,3.3802900314331055,1.8682392835617065,-0.0005363011732697487,0.066019207239151,0.0,0.0,front_clearance_stop,0.0044171092911918786,0.0,front_clearance_stop,2.3802977509536993,0,1,1
757,7.569999999999883,3.380887508392334,1.868238925933838,-0.0005363011732697487,0.053462352603673935,0.0,0.0,front_clearance_stop,0.0,0.0,front_clearance_stop,2.380895228019959,0,0,0
758,7.579999999999883,3.381371259689331,1.8682386875152588,-0.0005363011732697487,0.04329381510615349,0.0,0.0,front_clearance_stop,0.0,0.0,front_clearance_stop,2.3813789793757087,0,0,0
759,7.589999999999883,3.381762981414795,1.8682384490966797,-0.0005363011732697487,0.035059332847595215,0.0,0.0,front_clearance_stop,0.0,0.0,front_clearance_stop,2.3817707011737284,0,0,0
760,7.599999999999882,3.382080316543579,1.8682383298873901,-0.0005363011732697487,0.028391048312187195,0.0,0.0,front_clearance_stop,0.0,0.0,front_clearance_stop,2.3820880363249035,0,0,0
761,7.609999999999882,3.3823373317718506,1.8682382106781006,-0.0005363011732697487,0.02299107052385807,0.0,0.0,front_clearance_stop,0.0,0.0,front_clearance_stop,2.382345051580821,0,1,1
762,7.619999999999882,3.3825454711914062,1.868238091468811,-0.0005363011732697487,0.01861816830933094,0.0,0.0,front_clearance_stop,0.0,0.0,front_clearance_stop,2.3825531910345146,0,0,0
