step,sim_time_s,x_m,y_m,yaw_rad,actual_speed_mps,requested_speed_mps,requested_steering_rad,request_reason,applied_speed_mps,applied_steering_rad,applied_reason,distance_travelled_m,collision,scan_event,request_published
1,0.01,1.0,1.8730000257492065,0.0,0.0,0.0,0.0,wall_lost,0.0,0.0,wall_lost,0.0,0,1,1
2,0.02,1.0,1.8730000257492065,0.0,0.0,0.0,0.0,wall_lost,0.0,0.0,wall_lost,0.0,0,0,0
3,0.03,1.0,1.8730000257492065,0.0,0.0,0.0,0.0,wall_lost,0.0,0.0,wall_lost,0.0,0,0,0
4,0.04,1.0,1.8730000257492065,0.0,0.0,0.0,0.0,wall_lost,0.0,0.0,wall_lost,0.0,0,0,0
5,0.05,1.0,1.8730000257492065,0.0,0.0,0.0,0.0,wall_lost,0.0,0.0,wall_lost,0.0,0,0,0
6,0.060000000000000005,1.0,1.8730000257492065,0.0,0.0,0.0,0.0,recovery_gate,0.0,0.0,recovery_gate,0.0,0,1,1
7,0.07,1.0,1.8730000257492065,0.0,0.0,0.0,0.0,recovery_gate,0.0,0.0,recovery_gate,0.0,0,0,0
8,0.08,1.0,1.8730000257492065,0.0,0.0,0.0,0.0,recovery_gate,0.0,0.0,recovery_gate,0.0,0,0,0
9,0.09,1.0,1.8730000257492065,0.0,0.0,0.0,0.0,recovery_gate,0.0,0.0,recovery_gate,0.0,0,0,0
10,0.09999999999999999,1.0,1.8730000257492065,0.0,0.0,0.0,0.0,recovery_gate,0.0,0.0,recovery_gate,0.0,0,0,0
11,0.10999999999999999,1.0,1.8730000257492065,0.0,0.0,0.0,0.0,recovery_gate,0.0,0.0,recovery_gate,0.0,0,1,1
12,0.11999999999999998,1.0,1.8730000257492065,0.0,0.0,0.0,0.0,recovery_gate,0.0,0.0,recovery_gate,0.0,0,0,0
13,0.12999999999999998,1.0,1.8730000257492065,0.0,0.0,0.0,0.0,recovery_gate,0.0,0.0,recovery_gate,0.0,0,0,0
14,0.13999999999999999,1.0,1.8730000257492065,0.0,0.0,0.0,0.0,recovery_gate,0.0,0.0,recovery_gate,0.0,0,0,0
15,0.15,1.0,1.8730000257492065,0.0,0.0,0.0,0.0,recovery_gate,0.0,0.0,recovery_gate,0.0,0,0,0
16,0.16,1.0,1.8730000257492065,0.0,0.0,0.0,0.0,recovery_gate,0.0,0.0,recovery_gate,0.0,0,1,1
17,0.17,1.0,1.8730000257492065,0.0,0.0,0.0,0.0,recovery_gate,0.0,0.0,recovery_gate,0.0,0,0,0
18,0.18000000000000002,1.0,1.8730000257492065,0.0,0.0,0.0,0.0,recovery_gate,0.0,0.0,recovery_gate,0.0,0,0,0
19,0.19000000000000003,1.0,1.8730000257492065,0.0,0.0,0.0,0.0,recovery_gate,0.0,0.0,recovery_gate,0.0,0,0,0
20,0.20000000000000004,1.0,1.8730000257492065,0.0,0.0,0.0,0.0,recovery_gate,0.0,0.0,recovery_gate,0.0,0,0,0
21,0.21000000000000005,1.0000003576278687,1.8730000257492065,-2.505225893401075e-08,7.608000305481255e-05,0.040000000000000015,-0.021254888654278416,tracking,0.008,-0.021254888654278416,tracking,3.5762786865234375e-07,0,1,1
22,0.22000000000000006,1.0000048875808716,1.8730000257492065,-1.8727878625668382e-07,0.0008332624565809965,0.040000000000000015,-0.021254888654278416,tracking,0.016,-0.021254888654278416,tracking,4.887580871582031e-06,0,0,0
23,0.23000000000000007,1.0000187158584595,1.8730000257492065,-9.61573618951661e-07,0.0019348408095538616,0.040000000000000015,-0.021254888654278416,tracking,0.024,-0.021254888654278416,tracking,1.8715858459472656e-05,0,0,0
24,0.24000000000000007,1.0000451803207397,1.8730000257492065,-2.1525586362258764e-06,0.003364439122378826,0.040000000000000015,-0.021254888654278416,tracking,0.032,-0.021254888654278416,tracking,4.5180320739746094e-05,0,0,0
25,0.25000000000000006,1.0000874996185303,1.8730000257492065,-4.387920853332616e-06,0.005106459837406874,0.040000000000000015,-0.021254888654278416,tracking,0.04,-0.021254888654278416,tracking,8.749961853027344e-05,0,0,0
26,0.26000000000000006,1.0001487731933594,1.8730000257492065,-7.2458233262295835e-06,0.007146047428250313,0.08000000000000002,-0.01769658535979731,tracking,0.048,-0.01769658535979731,tracking,0.000148773193359375,0,1,1
27,0.2700000000000001,1.0002318620681763,1.8730000257492065,-1.15402772280504e-05,0.009469052776694298,0.08000000000000002,-0.01769658535979731,tracking,0.056,-0.01769658535979731,tracking,0.00023186206817626953,0,0,0
28,0.2800000000000001,1.0003395080566406,1.8730000257492065,-1.6644009519950487e-05,0.012061999179422855,0.08000000000000002,-0.01769658535979731,tracking,0.064,-0.01769658535979731,tracking,0.000339508056640625,0,0,0
29,0.2900000000000001,1.0004743337631226,1.8730000257492065,-2.3540058464277536e-05,0.014912051148712635,0.08000000000000002,-0.01769658535979731,tracking,0.07200000000000001,-0.01769658535979731,tracking,0.0004743337631225586,0,0,0
30,0.3000000000000001,1.0006389617919922,1.8730000257492065,-3.141479101032019e-05,0.018006982281804085,0.08000000000000002,-0.01769658535979731,tracking,0.08000000000000002,-0.01769658535979731,tracking,0.0006389617919921875,0,0,0
31,0.3100000000000001,1.000835657119751,1.8730000257492065,-4.1404575313208625e-05,0.02133515104651451,0.12000000000000001,-0.01621550094448748,tracking,0.08800000000000002,-0.01621550094448748,tracking,0.0008356571197509766,0,1,1
32,0.3200000000000001,1.00106680393219,1.8730000257492065,-5.252671689959243e-05,0.02488546445965767,0.12000000000000001,-0.01621550094448748,tracking,0.09600000000000003,-0.01621550094448748,tracking,0.0010668039321899414,0,0,0
33,0.3300000000000001,1.0013344287872314,1.8730000257492065,-6.605668022530153e-05,0.02864736132323742,0.12000000000000001,-0.01621550094448748,tracking,0.10400000000000004,-0.01621550094448748,tracking,0.0013344287872314453,0,0,0
34,0.34000000000000014,1.0016406774520874,1.8730000257492065,-8.085840818239376e-05,0.032610777765512466,0.12000000000000001,-0.01621550094448748,tracking,0.11200000000000004,-0.01621550094448748,tracking,0.0016406774520874023,0,0,0
35,0.35000000000000014,1.0019875764846802,1.8730000257492065,-9.833355579758063e-05,0.036766134202480316,0.12000000000000001,-0.01621550094448748,tracking,0.12000000000000001,-0.01621550094448748,tracking,0.0019875764846801758,0,0,0
36,0.36000000000000015,1.002376914024353,1.8730000257492065,-0.00011720693873940036,0.041104305535554886,0.16000000000000003,-0.013571687869274665,tracking,0.128,-0.013571687869274665,tracking,0.0023769140243530273,0,1,1
37,0.37000000000000016,1.0028104782104492,1.8730000257492065,-0.00013899467012379318,0.045616596937179565,0.16000000000000003,-0.013571687869274665,tracking,0.136,-0.013571687869274665,tracking,0.0028104782104492188,0,0,0
38,0.38000000000000017,1.003290057182312,1.872999906539917,-0.0001622953568585217,0.050294727087020874,0.16000000000000003,-0.013571687869274665,tracking,0.14400000000000002,-0.013571687869274665,tracking,0.003290057197127981,0,0,0
39,0.3900000000000002,1.0038172006607056,1.8729997873306274,-0.000188728969078511,0.055130813270807266,0.16000000000000003,-0.013571687869274665,tracking,0.15200000000000002,-0.013571687869274665,tracking,0.00381720068900065,0,0,0
40,0.4000000000000002,1.004393458366394,1.872999668121338,-0.00021677960467059165,0.060117341578006744,0.16000000000000003,-0.013571687869274665,tracking,0.16000000000000003,-0.013571687869274665,tracking,0.004393458407019421,0,0,0
41,0.4100000000000002,1.005020260810852,1.8729995489120483,-0.0002481614355929196,0.06524716317653656,0.2,-0.01180398641348239,tracking,0.16800000000000004,-0.01180398641348239,tracking,0.005020260862813421,0,1,1
42,0.4200000000000002,1.0056990385055542,1.8729993104934692,-0.0002812547027133405,0.07051345705986023,0.2,-0.01180398641348239,tracking,0.17600000000000005,-0.01180398641348239,tracking,0.005699038599387465,0,0,0
43,0.4300000000000002,1.0064311027526855,1.8729990720748901,-0.0003178590559400618,0.07590974122285843,0.2,-0.01180398641348239,tracking,0.18400000000000005,-0.01180398641348239,tracking,0.0064311028853428764,0,0,0
44,0.4400000000000002,1.0072177648544312,1.872998833656311,-0.00035626048338599503,0.08142983168363571,0.2,-0.01180398641348239,tracking,0.19200000000000006,-0.01180398641348239,tracking,0.007217765023217982,0,0,0
45,0.45000000000000023,1.0080602169036865,1.8729984760284424,-0.00039833615301176906,0.08706784248352051,0.2,-0.01180398641348239,tracking,0.2,-0.01180398641348239,tracking,0.008060217148381345,0,0,0
46,0.46000000000000024,1.0089596509933472,1.8729981184005737,-0.0004422866040840745,0.09281816333532333,0.24,-0.010977747255042053,tracking,0.20800000000000002,-0.010977747255042053,tracking,0.008959651309140967,0,1,1
47,0.47000000000000025,1.009917140007019,1.8729976415634155,-0.0004900593194179237,0.09867545962333679,0.24,-0.010977747255042053,tracking,0.21600000000000003,-0.010977747255042053,tracking,0.009917140441547187,0,0,0
48,0.48000000000000026,1.0109336376190186,1.8729971647262573,-0.00053977727657184,0.10463464260101318,0.24,-0.010977747255042053,tracking,0.22400000000000003,-0.010977747255042053,tracking,0.01093363816538841,0,0,0
49,0.49000000000000027,1.0120102167129517,1.8729965686798096,-0.0005934517830610275,0.11069086194038391,0.24,-0.010977747255042053,tracking,0.23200000000000004,-0.010977747255042053,tracking,0.012010217424321627,0,0,0
50,0.5000000000000002,1.0131478309631348,1.8729958534240723,-0.0006491355015896261,0.11683951318264008,0.24,-0.010977747255042053,tracking,0.24,-0.010977747255042053,tracking,0.01314783189935719,0,0,0
51,0.5100000000000002,1.0143474340438843,1.8729950189590454,-0.0007088975398801267,0.1230761930346489,0.27999999999999997,-0.009332519788233148,tracking,0.248,-0.009332519788233148,tracking,0.01434743527034095,0,1,1
52,0.5200000000000002,1.0156097412109375,1.872994065284729,-0.0007707267650403082,0.1293967217206955,0.27999999999999997,-0.009332519788233148,tracking,0.256,-0.009332519788233148,tracking,0.015609742797645067,0,0,0
53,0.5300000000000002,1.0169357061386108,1.872992992401123,-0.0008367448463104665,0.13579711318016052,0.27999999999999997,-0.009332519788233148,tracking,0.264,-0.009332519788233148,tracking,0.01693570815937176,0,0,0
54,0.5400000000000003,1.0183260440826416,1.8729918003082275,-0.0009048827923834324,0.14227356016635895,0.27999999999999997,-0.009332519788233148,tracking,0.272,-0.009332519788233148,tracking,0.018326046614460002,0,0,0
55,0.5500000000000003,1.019781470298767,1.8729904890060425,-0.000977309769950807,0.14882245659828186,0.27999999999999997,-0.009332519788233148,tracking,0.27999999999999997,-0.009332519788233148,tracking,0.01978147342131041,0,0,0
56,0.5600000000000003,1.0213028192520142,1.8729889392852783,-0.0010519044008105993,0.1554403454065323,0.32,-0.008290754123876778,tracking,0.288,-0.008290754123876778,tracking,0.02130282316386812,0,1,1
57,0.5700000000000003,1.0228906869888306,1.8729872703552246,-0.0011308790417388082,0.16212396323680878,0.32,-0.008290754123876778,tracking,0.296,-0.008290754123876778,tracking,0.022890691777749626,0,0,0
58,0.5800000000000003,1.024545669555664,1.8729853630065918,-0.0012120645260438323,0.16887016594409943,0.32,-0.008290754123876778,tracking,0.304,-0.008290754123876778,tracking,0.024545675443681587,0,0,0
59,0.5900000000000003,1.0262683629989624,1.8729832172393799,-0.0012977125588804483,0.17567598819732666,0.32,-0.008290754123876778,tracking,0.312,-0.008290754123876778,tracking,0.026268370223350934,0,0,0
60,0.6000000000000003,1.028059482574463,1.8729808330535889,-0.0013856106670573354,0.18253859877586365,0.32,-0.008290754123876778,tracking,0.32,-0.008290754123876778,tracking,0.028059491385663226,0,0,0
61,0.6100000000000003,1.0299195051193237,1.8729782104492188,-0.001478046178817749,0.1894552856683731,0.36,-0.0074353203011440555,tracking,0.328,-0.0074353203011440555,tracking,0.0299195157794399,0,1,1
62,0.6200000000000003,1.0318489074707031,1.87297523021698,-0.0015727675054222345,0.1964234858751297,0.36,-0.0074353203011440555,tracking,0.336,-0.0074353203011440555,tracking,0.03184892043251103,0,0,0
63,0.6300000000000003,1.0338482856750488,1.872972011566162,-0.00167209398932755,0.20344075560569763,0.36,-0.0074353203011440555,tracking,0.34400000000000003,-0.0074353203011440555,tracking,0.03384830122758878,0,0,0
64,0.6400000000000003,1.0359179973602295,1.8729684352874756,-0.001773738651536405,0.21050474047660828,0.36,-0.0074353203011440555,tracking,0.35200000000000004,-0.0074353203011440555,tracking,0.03591801600251373,0,0,0
65,0.6500000000000004,1.0380586385726929,1.87296462059021,-0.0018800500547513366,0.21761323511600494,0.36,-0.0074353203011440555,tracking,0.36,-0.0074353203011440555,tracking,0.03805866061393617,0,0,0
66,0.6600000000000004,1.0402705669403076,1.8729603290557861,-0.001988708972930908,0.2247641235589981,0.3758567721713483,-0.005966248073258486,tracking,0.368,-0.005966248073258486,tracking,0.04027059314471701,0,1,1
67,0.6700000000000004,1.0425541400909424,1.8729556798934937,-0.00210208841599524,0.231948584318161,0.3758567721713483,-0.005966248073258486,tracking,0.3758567721713483,-0.005966248073258486,tracking,0.04255417102799798,0,0,0
68,0.6800000000000004,1.044907808303833,1.872950553894043,-0.0022177770733833313,0.23879142105579376,0.3758567721713483,-0.005966248073258486,tracking,0.3758567721713483,-0.005966248073258486,tracking,0.04490784482277969,0,0,0
69,0.6900000000000004,1.0473283529281616,1.8729450702667236,-0.0023378650657832623,0.24530887603759766,0.3758567721713483,-0.005966248073258486,tracking,0.3758567721713483,-0.005966248073258486,tracking,0.047328395658547184,0,0,0
70,0.7000000000000004,1.0498124361038208,1.872939109802246,-0.002460047835484147,0.2515164315700531,0.3758567721713483,-0.005966248073258486,tracking,0.3758567721713483,-0.005966248073258486,tracking,0.04981248598515163,0,0,0
71,0.7100000000000004,1.0523574352264404,1.8729327917099,-0.0025862373877316713,0.25747713446617126,0.37687304788276793,-0.004502811048814168,tracking,0.37687304788276793,-0.004502811048814168,tracking,0.05235749295025518,0,1,1
72,0.7200000000000004,1.0549606084823608,1.872925877571106,-0.0027143429033458233,0.26315441727638245,0.37687304788276793,-0.004502811048814168,tracking,0.37687304788276793,-0.004502811048814168,tracking,0.05496067538828263,0,0,0
73,0.7300000000000004,1.0576192140579224,1.8729184865951538,-0.002846098504960537,0.2685617506504059,0.37687304788276793,-0.004502811048814168,tracking,0.37687304788276793,-0.004502811048814168,tracking,0.057619291237353785,0,0,0
74,0.7400000000000004,1.0603306293487549,1.872910499572754,-0.0029795921873301268,0.2737119495868683,0.37687304788276793,-0.004502811048814168,tracking,0.37687304788276793,-0.004502811048814168,tracking,0.06033071829185612,0,0,0
75,0.7500000000000004,1.0630922317504883,1.8729021549224854,-0.0031163969542831182,0.278617262840271,0.37687304788276793,-0.004502811048814168,tracking,0.37687304788276793,-0.004502811048814168,tracking,0.06309233330094913,0,0,0
76,0.7600000000000005,1.0659021139144897,1.8728930950164795,-0.003254789626225829,0.2833583950996399,0.3783253463252524,-0.002411501291636595,tracking,0.3783253463252524,-0.002411501291636595,tracking,0.06590223007084485,0,1,1
77,0.7700000000000005,1.068758249282837,1.872883677482605,-0.0033962305169552565,0.2878740727901459,0.3783253463252524,-0.002411501291636595,tracking,0.3783253463252524,-0.002411501291636595,tracking,0.06875838096536493,0,0,0
78,0.7800000000000005,1.0716584920883179,1.8728735446929932,-0.003539122873917222,0.2921750247478485,0.3783253463252524,-0.002411501291636595,tracking,0.3783253463252524,-0.002411501291636595,tracking,0.07165864147162457,0,0,0
79,0.7900000000000005,1.0746006965637207,1.8728629350662231,-0.003684780327603221,0.2962714731693268,0.3783253463252524,-0.002411501291636595,tracking,0.3783253463252524,-0.002411501291636595,tracking,0.07460086507618977,0,0,0
80,0.8000000000000005,1.0775829553604126,1.8728516101837158,-0.0038317544385790825,0.3001731336116791,0.3783253463252524,-0.002411501291636595,tracking,0.3783253463252524,-0.002411501291636595,tracking,0.0775831453754591,0,0,0
81,0.8100000000000005,1.0806034803390503,1.8728399276733398,-0.003981250803917646,0.30393049120903015,0.3791925044642416,-0.001162793571492137,tracking,0.3791925044642416,-0.001162793571492137,tracking,0.08060369294628511,0,1,1
82,0.8200000000000005,1.08366060256958,1.872827410697937,-0.004131954628974199,0.3075092136859894,0.3791925044642416,-0.001162793571492137,tracking,0.3791925044642416,-0.001162793571492137,tracking,0.08366084080124284,0,0,0
83,0.8300000000000005,1.0867526531219482,1.872814416885376,-0.00428495928645134,0.31091776490211487,0.3791925044642416,-0.001162793571492137,tracking,0.3791925044642416,-0.001162793571492137,tracking,0.08675291865562573,0,0,0
84,0.8400000000000005,1.0898780822753906,1.8728007078170776,-0.004439059644937515,0.3141642212867737,0.3791925044642416,-0.001162793571492137,tracking,0.3791925044642416,-0.001162793571492137,tracking,0.08987837787496314,0,0,0
85,0.8500000000000005,1.093035101890564,1.872786521911621,-0.004595247097313404,0.31725630164146423,0.3791925044642416,-0.001162793571492137,tracking,0.3791925044642416,-0.001162793571492137,tracking,0.0930354293617943,0,0,0
86,0.8600000000000005,1.0962224006652832,1.8727715015411377,-0.004752431996166706,0.3202216327190399,0.37961857563186313,0.0005492510901171314,tracking,0.37961857563186313,0.0005492510901171314,tracking,0.09622276352859518,0,1,1
87,0.8700000000000006,1.0994386672973633,1.8727563619613647,-0.004593340680003166,0.3230459690093994,0.37961857563186313,0.0005492510901171314,tracking,0.37961857563186313,0.0005492510901171314,tracking,0.09943906579292101,0,0,0
88,0.8800000000000006,1.1026825904846191,1.8727418184280396,-0.0044333417899906635,0.32573598623275757,0.37961857563186313,0.0005492510901171314,tracking,0.37961857563186313,0.0005492510901171314,tracking,0.10268302158164222,0,0,0
89,0.8900000000000006,1.1059527397155762,1.8727275133132935,-0.0042716134339571,0.32829809188842773,0.37961857563186313,0.0005492510901171314,tracking,0.37961857563186313,0.0005492510901171314,tracking,0.10595320210097701,0,0,0
90,0.9000000000000006,1.1092479228973389,1.8727138042449951,-0.004109061323106289,0.3307383954524994,0.37961857563186313,0.0005492510901171314,tracking,0.37961857563186313,0.0005492510901171314,tracking,0.10924841379977959,0,0,0
91,0.9100000000000006,1.1125668287277222,1.8726999759674072,-0.004273179452866316,0.3330538868904114,0.3794345571522686,-0.0008142377007332013,tracking,0.3794345571522686,-0.0008142377007332013,tracking,0.11256734843791474,0,1,1
92,0.9200000000000006,1.1159083843231201,1.8726853132247925,-0.0044380417093634605,0.3352592885494232,0.3794345571522686,-0.0008142377007332013,tracking,0.3794345571522686,-0.0008142377007332013,tracking,0.11590893620320782,0,0,0
93,0.9300000000000006,1.1192713975906372,1.8726701736450195,-0.004604321904480457,0.33735981583595276,0.3794345571522686,-0.0008142377007332013,tracking,0.3794345571522686,-0.0008142377007332013,tracking,0.11927198354815728,0,0,0
94,0.9400000000000006,1.122654914855957,1.8726541996002197,-0.00477127730846405,0.33936047554016113,0.3794345571522686,-0.0008142377007332013,tracking,0.3794345571522686,-0.0008142377007332013,tracking,0.1226555385210851,0,0,0
95,0.9500000000000006,1.1260579824447632,1.8726377487182617,-0.004939518868923187,0.341266006231308,0.3794345571522686,-0.0008142377007332013,tracking,0.3794345571522686,-0.0008142377007332013,tracking,0.12605864587253615,0,0,0
96,0.9600000000000006,1.1294796466827393,1.8726204633712769,-0.0051083737052977085,0.34308645129203796,0.3795506017863658,0.0006471334276332806,tracking,0.3795506017863658,0.0006471334276332806,tracking,0.129480353770745,0,1,1
97,0.9700000000000006,1.132919192314148,1.8726030588150024,-0.004938348662108183,0.3448203206062317,0.3795506017863658,0.0006471334276332806,tracking,0.3795506017863658,0.0006471334276332806,tracking,0.1329199434365513,0,0,0
98,0.9800000000000006,1.1363756656646729,1.8725863695144653,-0.00476776622235775,0.34647175669670105,0.3795506017863658,0.0006471334276332806,tracking,0.3795506017863658,0.0006471334276332806,tracking,0.13637645707830673,0,0,0
99,0.9900000000000007,1.139848232269287,1.8725700378417969,-0.004596122074872255,0.34804466366767883,0.3795506017863658,0.0006471334276332806,tracking,0.3795506017863658,0.0006471334276332806,tracking,0.13984906208708822,0,0,0
100,1.0000000000000007,1.1433361768722534,1.8725544214248657,-0.0044239722192287445,0.3495427668094635,0.3795506017863658,0.0006471334276332806,tracking,0.3795506017863658,0.0006471334276332806,tracking,0.14333704164921865,0,0,0
101,1.0100000000000007,1.146838665008545,1.872538685798645,-0.00459708645939827,0.3509727418422699,0.37961553587999036,-0.0005536283328139192,tracking,0.37961553587999036,-0.0005536283328139192,tracking,0.14683956513305074,0,1,1
102,1.0200000000000007,1.1503552198410034,1.8725221157073975,-0.0047706603072583675,0.3523347079753876,0.37961553587999036,-0.0005536283328139192,tracking,0.37961553587999036,-0.0005536283328139192,tracking,0.15035615900462748,0,0,0
103,1.0300000000000007,1.153885006904602,1.8725050687789917,-0.004945109598338604,0.3536319136619568,0.37961553587999036,-0.0005536283328139192,tracking,0.37961553587999036,-0.0005536283328139192,tracking,0.1538859872316261,0,0,0
104,1.0400000000000007,1.157427430152893,1.872487187385559,-0.005119975656270981,0.35486742854118347,0.37961553587999036,-0.0005536283328139192,tracking,0.37961553587999036,-0.0005536283328139192,tracking,0.1574284556103507,0,0,0
105,1.0500000000000007,1.1609818935394287,1.8724688291549683,-0.005295636132359505,0.356044203042984,0.37961553587999036,-0.0005536283328139192,tracking,0.37961553587999036,-0.0005536283328139192,tracking,0.16098296640522147,0,0,0
106,1.0600000000000007,1.1645476818084717,1.872449517250061,-0.005471669137477875,0.3571298122406006,0.3788750513619866,0.0016199260387392764,tracking,0.3788750513619866,0.0016199260387392764,tracking,0.16454880696942448,0,1,1
107,1.0700000000000007,1.1681240797042847,1.8724302053451538,-0.00529493810608983,0.3581638038158417,0.3788750513619866,0.0016199260387392764,tracking,0.3788750513619866,0.0016199260387392764,tracking,0.16812525700526262,0,0,0
108,1.0800000000000007,1.1717106103897095,1.8724116086959839,-0.005117874592542648,0.35914862155914307,0.3788750513619866,0.0016199260387392764,tracking,0.3788750513619866,0.0016199260387392764,tracking,0.17171183590344039,0,0,0
109,1.0900000000000007,1.175306797027588,1.8723933696746826,-0.004940178245306015,0.3600866198539734,0.3788750513619866,0.0016199260387392764,tracking,0.3788750513619866,0.0016199260387392764,tracking,0.17530806879305602,0,0,0
110,1.1000000000000008,1.1789120435714722,1.8723759651184082,-0.004762180149555206,0.36098000407218933,0.3788750513619866,0.0016199260387392764,tracking,0.3788750513619866,0.0016199260387392764,tracking,0.178913357347495,0,0,0
111,1.1100000000000008,1.1825263500213623,1.8723589181900024,-0.004583592060953379,0.36187854409217834,0.37987672415438073,0.00017751721769174687,tracking,0.37987672415438073,0.00017751721769174687,tracking,0.1825277039982032,0,1,1
112,1.1200000000000008,1.1861493587493896,1.8723427057266235,-0.00440471526235342,0.3627343475818634,0.37987672415438073,0.00017751721769174687,tracking,0.37987672415438073,0.00017751721769174687,tracking,0.18615074900031553,0,0,0
113,1.1300000000000008,1.1897807121276855,1.8723269701004028,-0.004225288052111864,0.36354947090148926,0.37987672415438073,0.00017751721769174687,tracking,0.37987672415438073,0.00017751721769174687,tracking,0.18978213647179162,0,0,0
114,1.1400000000000008,1.1934200525283813,1.872312068939209,-0.004045599140226841,0.3643258213996887,0.37987672415438073,0.00017751721769174687,tracking,0.37987672415438073,0.00017751721769174687,tracking,0.1934215073785201,0,0,0
115,1.1500000000000008,1.1970670223236084,1.8722975254058838,-0.003865411039441824,0.3650652766227722,0.37987672415438073,0.00017751721769174687,tracking,0.37987672415438073,0.00017751721769174687,tracking,0.19706850617227642,0,0,0
116,1.1600000000000008,1.2007207870483398,1.8722838163375854,-0.003684996161609888,0.36570367217063904,0.37849124972755366,-0.0021726003923227613,tracking,0.37849124972755366,-0.0021726003923227613,tracking,0.20072229661539784,0,1,1
117,1.1700000000000008,1.2043808698654175,1.872270107269287,-0.0038658217526972294,0.3663117289543152,0.37849124972755366,-0.0021726003923227613,tracking,0.37849124972755366,-0.0021726003923227613,tracking,0.20438240510647027,0,0,0
118,1.1800000000000008,1.2080469131469727,1.8722554445266724,-0.004046842455863953,0.36689087748527527,0.37849124972755366,-0.0021726003923227613,tracking,0.37849124972755366,-0.0021726003923227613,tracking,0.20804847771053267,0,0,0
119,1.1900000000000008,1.2117185592651367,1.8722403049468994,-0.004228235688060522,0.3674424886703491,0.37849124972755366,-0.0021726003923227613,tracking,0.37849124972755366,-0.0021726003923227613,tracking,0.21172015504165873,0,0,0
120,1.2000000000000008,1.2153955698013306,1.8722243309020996,-0.004409806337207556,0.3679678440093994,0.37849124972755366,-0.0021726003923227613,tracking,0.37849124972755366,-0.0021726003923227613,tracking,0.21539720027572748,0,0,0
121,1.2100000000000009,1.2190780639648438,1.8722081184387207,-0.004409806337207556,0.3685370981693268,0.37993977673197427,8.672150595709707e-05,tracking,0.37993977673197427,8.672150595709707e-05,tracking,0.21907973012737533,0,1,1
122,1.2200000000000009,1.2227661609649658,1.8721919059753418,-0.004409806337207556,0.3690792918205261,0.37993977673197427,8.672150595709707e-05,tracking,0.37993977673197427,8.672150595709707e-05,tracking,0.22276786276141633,0,0,0
123,1.2300000000000009,1.2264595031738281,1.8721755743026733,-0.004409806337207556,0.3695957064628601,0.37993977673197427,8.672150595709707e-05,tracking,0.37993977673197427,8.672150595709707e-05,tracking,0.22646124107879678,0,0,0
124,1.2400000000000009,1.2301578521728516,1.8721592426300049,-0.004409806337207556,0.37008756399154663,0.37993977673197427,8.672150595709707e-05,tracking,0.37993977673197427,8.672150595709707e-05,tracking,0.23015962613745547,0,0,0
125,1.2500000000000009,1.2338610887527466,1.8721429109573364,-0.004409806337207556,0.3705560266971588,0.37993977673197427,8.672150595709707e-05,tracking,0.37993977673197427,8.672150595709707e-05,tracking,0.23386289872939423,0,0,0
126,1.260000000000001,1.237568736076355,1.872126817703247,-0.004226643592119217,0.37098413705825806,0.37955959920179655,0.0006341771494129799,tracking,0.37955959920179655,0.0006341771494129799,tracking,0.23757058097968048,0,1,1
127,1.270000000000001,1.2412805557250977,1.8721115589141846,-0.004043343011289835,0.3713918924331665,0.37955959920179655,0.0006341771494129799,tracking,0.37955959920179655,0.0006341771494129799,tracking,0.24128243199170074,0,0,0
128,1.280000000000001,1.244996428489685,1.8720967769622803,-0.0038597804959863424,0.37178027629852295,0.37955959920179655,0.0006341771494129799,tracking,0.37955959920179655,0.0006341771494129799,tracking,0.24499833415789196,0,0,0
129,1.290000000000001,1.2487159967422485,1.8720828294754028,-0.0036760931834578514,0.372150182723999,0.37955959920179655,0.0006341771494129799,tracking,0.37955959920179655,0.0006341771494129799,tracking,0.24871792856022515,0,0,0
130,1.300000000000001,1.252439260482788,1.8720693588256836,-0.003492167918011546,0.37250250577926636,0.37955959920179655,0.0006341771494129799,tracking,0.37955959920179655,0.0006341771494129799,tracking,0.2524412166688759,0,0,0
131,1.310000000000001,1.2561655044555664,1.8720568418502808,-0.0033081425353884697,0.37275800108909607,0.3778754885408555,-0.0030592965011680736,tracking,0.3778754885408555,-0.0030592965011680736,tracking,0.2561674816647317,0,1,1
132,1.320000000000001,1.2598942518234253,1.872044324874878,-0.003492332063615322,0.3730013370513916,0.3778754885408555,-0.0030592965011680736,tracking,0.3778754885408555,-0.0030592965011680736,tracking,0.2598962500415537,0,0,0
133,1.330000000000001,1.2636253833770752,1.8720308542251587,-0.0036765998229384422,0.3732331097126007,0.3778754885408555,-0.0030592965011680736,tracking,0.3778754885408555,-0.0030592965011680736,tracking,0.2636274059119303,0,0,0
134,1.340000000000001,1.2673587799072266,1.8720169067382812,-0.003861016593873501,0.37345385551452637,0.3778754885408555,-0.0030592965011680736,tracking,0.3778754885408555,-0.0030592965011680736,tracking,0.2673608284949949,0,0,0
135,1.350000000000001,1.2710943222045898,1.8720020055770874,-0.00404550414532423,0.37366411089897156,0.3778754885408555,-0.0030592965011680736,tracking,0.3778754885408555,-0.0030592965011680736,tracking,0.2710964005127714,0,0,0
136,1.360000000000001,1.2748323678970337,1.8719866275787354,-0.004230156075209379,0.3739529848098755,0.37973946414002646,-0.00037517163836186217,tracking,0.37973946414002646,-0.00037517163836186217,tracking,0.27483447783696247,0,1,1
137,1.370000000000001,1.2785732746124268,1.871970295906067,-0.00441490113735199,0.3742281198501587,0.37973946414002646,-0.00037517163836186217,tracking,0.37973946414002646,-0.00037517163836186217,tracking,0.2785754202017691,0,0,0
138,1.380000000000001,1.28231680393219,1.8719534873962402,-0.004599823150783777,0.3744901716709137,0.37973946414002646,-0.00037517163836186217,tracking,0.37973946414002646,-0.00037517163836186217,tracking,0.2823189872565885,0,0,0
139,1.390000000000001,1.2860629558563232,1.8719358444213867,-0.004784829448908567,0.37473976612091064,0.37973946414002646,-0.00037517163836186217,tracking,0.37973946414002646,-0.00037517163836186217,tracking,0.2860651807263988,0,0,0
140,1.400000000000001,1.2898114919662476,1.871917724609375,-0.0049699959345161915,0.3749774992465973,0.37973946414002646,-0.00037517163836186217,tracking,0.37973946414002646,-0.00037517163836186217,tracking,0.2898137606301749,0,0,0
141,1.410000000000001,1.2935619354248047,1.8718986511230469,-0.005155227147042751,0.3751314878463745,0.37821604705859796,0.002568892235618972,tracking,0.37821604705859796,0.002568892235618972,tracking,0.29356425258906704,0,1,1
142,1.420000000000001,1.297313928604126,1.8718795776367188,-0.004969897214323282,0.37527814507484436,0.37821604705859796,0.002568892235618972,tracking,0.37821604705859796,0.002568892235618972,tracking,0.29731629424869105,0,0,0
143,1.430000000000001,1.3010673522949219,1.8718613386154175,-0.004784520249813795,0.3754178285598755,0.37821604705859796,0.002568892235618972,tracking,0.37821604705859796,0.002568892235618972,tracking,0.3010697622536867,0,0,0
144,1.440000000000001,1.3048222064971924,1.8718435764312744,-0.0045990534126758575,0.37555089592933655,0.37821604705859796,0.002568892235618972,tracking,0.37821604705859796,0.002568892235618972,tracking,0.3048246584673648,0,0,0
145,1.450000000000001,1.3085782527923584,1.8718267679214478,-0.004413543734699488,0.37567761540412903,0.37821604705859796,0.002568892235618972,tracking,0.37821604705859796,0.002568892235618972,tracking,0.3085807423718367,0,0,0
146,1.460000000000001,1.3123358488082886,1.8718104362487793,-0.004227937199175358,0.3758455514907837,0.37920936240584613,0.0011385181355815423,tracking,0.37920936240584613,0.0011385181355815423,tracking,0.31233837387884567,0,1,1
147,1.470000000000001,1.3160951137542725,1.8717950582504272,-0.0040422766469419,0.37600550055503845,0.37920936240584613,0.0011385181355815423,tracking,0.37920936240584613,0.0011385181355815423,tracking,0.31609767027803215,0,0,0
148,1.480000000000001,1.3198559284210205,1.8717800378799438,-0.0038565131835639477,0.37615785002708435,0.37920936240584613,0.0011385181355815423,tracking,0.37920936240584613,0.0011385181355815423,tracking,0.3198585149396948,0,0,0
149,1.490000000000001,1.3236181735992432,1.8717659711837769,-0.003670700592920184,0.37630295753479004,0.37920936240584613,0.0011385181355815423,tracking,0.37920936240584613,0.0011385181355815423,tracking,0.3236207864148811,0,0,0
150,1.500000000000001,1.3273818492889404,1.871752381324768,-0.003484794870018959,0.3764411509037018,0.37920936240584613,0.0011385181355815423,tracking,0.37920936240584613,0.0011385181355815423,tracking,0.32738448663959163,0,0,0
151,1.5100000000000011,1.3311468362808228,1.8717397451400757,-0.0032988463062793016,0.37656310200691223,0.37900610951595315,-0.0014312022970274646,tracking,0.37900610951595315,-0.0014312022970274646,tracking,0.3311494948364229,0,1,1
152,1.5200000000000011,1.3349130153656006,1.8717271089553833,-0.0034848733339458704,0.37667927145957947,0.37900610951595315,-0.0014312022970274646,tracking,0.37900610951595315,-0.0014312022970274646,tracking,0.3349156951194378,0,0,0
153,1.5300000000000011,1.338680386543274,1.8717135190963745,-0.0036709378473460674,0.376789927482605,0.37900610951595315,-0.0014312022970274646,tracking,0.37900610951595315,-0.0014312022970274646,tracking,0.3386830908080577,0,0,0
154,1.5400000000000011,1.3424488306045532,1.8716994524002075,-0.003857073374092579,0.37689530849456787,0.37900610951595315,-0.0014312022970274646,tracking,0.37900610951595315,-0.0014312022970274646,tracking,0.3424515611230439,0,0,0
155,1.5500000000000012,1.346218228340149,1.8716844320297241,-0.004043242894113064,0.37699568271636963,0.37900610951595315,-0.0014312022970274646,tracking,0.37900610951595315,-0.0014312022970274646,tracking,0.3462209887852552,0,0,0
156,1.5600000000000012,1.3499888181686401,1.8716694116592407,-0.003856995142996311,0.3771333694458008,0.37989129492639606,0.00015653530598970337,tracking,0.37989129492639606,0.00015653530598970337,tracking,0.34999160853090056,0,1,1
157,1.5700000000000012,1.353760838508606,1.8716553449630737,-0.0036707031540572643,0.37726449966430664,0.37989129492639606,0.00015653530598970337,tracking,0.37989129492639606,0.00015653530598970337,tracking,0.35376365509968216,0,0,0
158,1.5800000000000012,1.3575340509414673,1.871641755104065,-0.0034843268804252148,0.37738940119743347,0.37989129492639606,0.00015653530598970337,tracking,0.37989129492639606,0.00015653530598970337,tracking,0.3575368920055452,0,0,0
159,1.5900000000000012,1.3613085746765137,1.8716291189193726,-0.003297910327091813,0.37750837206840515,0.37989129492639606,0.00015653530598970337,tracking,0.37989129492639606,0.00015653530598970337,tracking,0.36131143689196427,0,0,0
160,1.6000000000000012,1.365084171295166,1.8716169595718384,-0.003111417405307293,0.37762168049812317,0.37989129492639606,0.00015653530598970337,tracking,0.37989129492639606,0.00015653530598970337,tracking,0.3650870530902174,0,0,0
161,1.6100000000000012,1.3688606023788452,1.871605634689331,-0.002924898872151971,0.37766334414482117,0.37849770146431255,-0.0021633098913899657,tracking,0.37849770146431255,-0.0021633098913899657,tracking,0.3688635011545686,0,1,1
162,1.6200000000000012,1.372637391090393,1.8715943098068237,-0.003111444180831313,0.3777030110359192,0.37849770146431255,-0.0021633098913899657,tracking,0.37849770146431255,-0.0021633098913899657,tracking,0.3726403068451806,0,0,0
163,1.6300000000000012,1.3764145374298096,1.87158203125,-0.0032980022951960564,0.3777408003807068,0.37849770146431255,-0.0021633098913899657,tracking,0.37849770146431255,-0.0021633098913899657,tracking,0.376417473141801,0,0,0
164,1.6400000000000012,1.3801921606063843,1.8715693950653076,-0.0034845846239477396,0.3777768015861511,0.37849770146431255,-0.0021633098913899657,tracking,0.37849770146431255,-0.0021633098913899657,tracking,0.3801951174523943,0,0,0
165,1.6500000000000012,1.383970022201538,1.8715558052062988,-0.0036711785942316055,0.377811074256897,0.37849770146431255,-0.0021633098913899657,tracking,0.37849770146431255,-0.0021633098913899657,tracking,0.3839730034904328,0,0,0
166,1.6600000000000013,1.3877485990524292,1.87154221534729,-0.0034845410846173763,0.3779090344905853,0.3798711000194691,0.00018561597196448815,tracking,0.3798711000194691,0.00018561597196448815,tracking,0.3877516047795817,0,1,1
167,1.6700000000000013,1.3915281295776367,1.871529459953308,-0.003297872142866254,0.3780023455619812,0.3798711000194691,0.00018561597196448815,tracking,0.3798711000194691,0.00018561597196448815,tracking,0.3915311568285752,0,0,0
168,1.6800000000000013,1.3953086137771606,1.8715171813964844,-0.0031111431308090687,0.3780912160873413,0.3798711000194691,0.00018561597196448815,tracking,0.3798711000194691,0.00018561597196448815,tracking,0.39531166096768255,0,0,0
169,1.6900000000000013,1.3990899324417114,1.871505856513977,-0.0029243857134133577,0.37817585468292236,0.3798711000194691,0.00018561597196448815,tracking,0.3798711000194691,0.00018561597196448815,tracking,0.3990929965909569,0,0,0
170,1.7000000000000013,1.402872085571289,1.871495008468628,-0.002737573813647032,0.3782564699649811,0.3798711000194691,0.00018561597196448815,tracking,0.3798711000194691,0.00018561597196448815,tracking,0.40287516527779016,0,0,0
171,1.7100000000000013,1.406654715538025,1.8714851140975952,-0.0025507474783807993,0.3782631754875183,0.37839753597920506,-0.0023075481899447244,tracking,0.37839753597920506,-0.0023075481899447244,tracking,0.40665780818504776,0,1,1
172,1.7200000000000013,1.4104373455047607,1.8714752197265625,-0.002737578237429261,0.3782695531845093,0.37839753597920506,-0.0023075481899447244,tracking,0.37839753597920506,-0.0023075481899447244,tracking,0.41044045109230537,0,0,0
173,1.7300000000000013,1.4142200946807861,1.8714643716812134,-0.0029244108591228724,0.37827563285827637,0.37839753597920506,-0.0023075481899447244,tracking,0.37839753597920506,-0.0023075481899447244,tracking,0.41422321582313504,0,0,0
174,1.7400000000000013,1.4180028438568115,1.871453046798706,-0.0031112474389374256,0.3782814145088196,0.37839753597920506,-0.0023075481899447244,tracking,0.37839753597920506,-0.0023075481899447244,tracking,0.4180059819514708,0,0,0
175,1.7500000000000013,1.4217857122421265,1.8714407682418823,-0.003298085881397128,0.3782869279384613,0.37839753597920506,-0.0023075481899447244,tracking,0.37839753597920506,-0.0023075481899447244,tracking,0.42178887026380213,0,0,0
176,1.7600000000000013,1.42556893825531,1.8714280128479004,-0.00348495040088892,0.3783603310585022,0.3798305373819903,-0.000244026169933945,tracking,0.3798305373819903,-0.000244026169933945,tracking,0.42557211777974724,0,1,1
177,1.7700000000000014,1.429352879524231,1.871414303779602,-0.0036718384362757206,0.37843024730682373,0.3798305373819903,-0.000244026169933945,tracking,0.3798305373819903,-0.000244026169933945,tracking,0.42935608388229046,0,0,0
178,1.7800000000000014,1.4331375360488892,1.8714001178741455,-0.0038587714079767466,0.37849682569503784,0.3798305373819903,-0.000244026169933945,tracking,0.3798305373819903,-0.000244026169933945,tracking,0.43314076699314025,0,0,0
179,1.7900000000000014,1.4369227886199951,1.871385097503662,-0.004045725800096989,0.37856024503707886,0.3798305373819903,-0.000244026169933945,tracking,0.3798305373819903,-0.000244026169933945,tracking,0.4369260493655127,0,0,0
180,1.8000000000000014,1.4407086372375488,1.8713696002960205,-0.00423272093757987,0.3786206543445587,0.3798305373819903,-0.000244026169933945,tracking,0.3798305373819903,-0.000244026169933945,tracking,0.4407119297015083,0,0,0
181,1.8100000000000014,1.4444948434829712,1.8713531494140625,-0.0044197277165949345,0.37863045930862427,0.3788267897972107,0.0016894226920166535,tracking,0.3788267897972107,0.0016894226920166535,tracking,0.44449817168590294,0,1,1
182,1.8200000000000014,1.448281168937683,1.8713366985321045,-0.004232714883983135,0.3786397874355316,0.3788267897972107,0.0016894226920166535,tracking,0.3788267897972107,0.0016894226920166535,tracking,0.4482845328784619,0,0,0
183,1.8300000000000014,1.4520676136016846,1.871321201324463,-0.004045698791742325,0.37864866852760315,0.3788267897972107,0.0016894226920166535,tracking,0.3788267897972107,0.0016894226920166535,tracking,0.4520710092559123,0,0,0
184,1.8400000000000014,1.455854058265686,1.87130606174469,-0.0038586771115660667,0.37865713238716125,0.3788267897972107,0.0016894226920166535,tracking,0.3788267897972107,0.0016894226920166535,tracking,0.4558574841865597,0,0,0
185,1.8500000000000014,1.459640622138977,1.8712918758392334,-0.003671652637422085,0.3786652088165283,0.3788267897972107,0.0016894226920166535,tracking,0.3788267897972107,0.0016894226920166535,tracking,0.4596440746326505,0,0,0
186,1.8600000000000014,1.4634274244308472,1.871278166770935,-0.0034846137277781963,0.37870126962661743,0.37942352362876325,0.0008301259745809326,tracking,0.37942352362876325,0.0008301259745809326,tracking,0.4634309017393807,0,1,1
187,1.8700000000000014,1.467214584350586,1.8712654113769531,-0.003297563176602125,0.37873560190200806,0.37942352362876325,0.0008301259745809326,tracking,0.37942352362876325,0.0008301259745809326,tracking,0.4672180831395451,0,0,0
188,1.8800000000000014,1.4710021018981934,1.8712531328201294,-0.003110490506514907,0.37876832485198975,0.37942352362876325,0.0008301259745809326,tracking,0.37942352362876325,0.0008301259745809326,tracking,0.4710056205897087,0,0,0
189,1.8900000000000015,1.4747899770736694,1.871241807937622,-0.002923407359048724,0.3787994682788849,0.37942352362876325,0.0008301259745809326,tracking,0.37942352362876325,0.0008301259745809326,tracking,0.4747935126945543,0,0,0
190,1.9000000000000015,1.4785780906677246,1.871230959892273,-0.0027363041881471872,0.37882915139198303,0.37942352362876325,0.0008301259745809326,tracking,0.37942352362876325,0.0008301259745809326,tracking,0.47858164182138635,0,0,0
191,1.9100000000000015,1.4823663234710693,1.8712210655212402,-0.00254919589497149,0.37883004546165466,0.378847724900439,-0.0016592761433678145,tracking,0.378847724900439,-0.0016592761433678145,tracking,0.4823698875461137,0,1,1
192,1.9200000000000015,1.486154556274414,1.8712111711502075,-0.0027363046538084745,0.3788308799266815,0.378847724900439,-0.0016592761433678145,tracking,0.378847724900439,-0.0016592761433678145,tracking,0.48615813327084106,0,0,0
193,1.9300000000000015,1.4899429082870483,1.8712003231048584,-0.002923413645476103,0.378831684589386,0.378847724900439,-0.0016592761433678145,tracking,0.378847724900439,-0.0016592761433678145,tracking,0.4899465008152747,0,0,0
194,1.9400000000000015,1.4937312602996826,1.871188998222351,-0.003110523335635662,0.37883245944976807,0.378847724900439,-0.0016592761433678145,tracking,0.378847724900439,-0.0016592761433678145,tracking,0.49373486975514763,0,0,0
195,1.9500000000000015,1.497519612312317,1.8711767196655273,-0.003297633258625865,0.37883317470550537,0.378847724900439,-0.0016592761433678145,tracking,0.378847724900439,-0.0016592761433678145,tracking,0.49752324166595413,0,0,0
196,1.9600000000000015,1.5013082027435303,1.8711639642715454,-0.003484758548438549,0.3788795471191406,0.3798084161131134,-0.0002758807971167433,tracking,0.3798084161131134,-0.0002758807971167433,tracking,0.5013118535694826,0,1,1
197,1.9700000000000015,1.5050971508026123,1.871150255203247,-0.003671898739412427,0.3789237141609192,0.3798084161131134,-0.0002758807971167433,tracking,0.3798084161131134,-0.0002758807971167433,tracking,0.5051008264293716,0,0,0
198,1.9800000000000015,1.5088865756988525,1.8711360692977905,-0.0038590673357248306,0.3789657950401306,0.3798084161131134,-0.0002758807971167433,tracking,0.3798084161131134,-0.0002758807971167433,tracking,0.5088902778783493,0,0,0
199,1.9900000000000015,1.5126763582229614,1.8711209297180176,-0.00404624966904521,0.3790058493614197,0.3798084161131134,-0.0002758807971167433,tracking,0.3798084161131134,-0.0002758807971167433,tracking,0.5126800906424468,0,0,0
200,2.0000000000000013,1.5164666175842285,1.8711053133010864,-0.004233457613736391,0.3790440261363983,0.3798084161131134,-0.0002758807971167433,tracking,0.3798084161131134,-0.0002758807971167433,tracking,0.5164703821745259,0,0,0
201,2.010000000000001,1.5202568769454956,1.8710887432098389,-0.004420666955411434,0.37901321053504944,0.3788820042097261,0.0016099139379944089,tracking,0.3788820042097261,0.0016099139379944089,tracking,0.5202606777558225,0,1,1
202,2.020000000000001,1.5240468978881836,1.8710721731185913,-0.004233476240187883,0.37898826599121094,0.3788820042097261,0.0016099139379944089,tracking,0.3788820042097261,0.0016099139379944089,tracking,0.5240507349208186,0,0,0
203,2.0300000000000007,1.5278366804122925,1.8710565567016602,-0.0040462929755449295,0.3789680600166321,0.3788820042097261,0.0016099139379944089,tracking,0.3788820042097261,0.0016099139379944089,tracking,0.5278405496197872,0,0,0
204,2.0400000000000005,1.5316262245178223,1.8710414171218872,-0.0038591218180954456,0.37895169854164124,0.3788820042097261,0.0016099139379944089,tracking,0.3788820042097261,0.0016099139379944089,tracking,0.5316301239672082,0,0,0
205,2.0500000000000003,1.5354156494140625,1.8710272312164307,-0.0036719555500894785,0.3789384365081787,0.3788820042097261,0.0016099139379944089,tracking,0.3788820042097261,0.0016099139379944089,tracking,0.5354195754161859,0,0,0
206,2.06,1.5392051935195923,1.8710135221481323,-0.0034847829956561327,0.37897056341171265,0.379613984195055,0.000555862759120845,tracking,0.379613984195055,0.000555862759120845,tracking,0.5392091443186218,0,1,1
207,2.07,1.5429949760437012,1.8710007667541504,-0.003297600196674466,0.3790011703968048,0.379613984195055,0.000555862759120845,tracking,0.379613984195055,0.000555862759120845,tracking,0.5429989483082915,0,0,0
208,2.0799999999999996,1.5467851161956787,1.8709884881973267,-0.003110397607088089,0.3790303170681,0.379613984195055,0.000555862759120845,tracking,0.379613984195055,0.000555862759120845,tracking,0.5467891083490537,0,0,0
209,2.0899999999999994,1.5505754947662354,1.8709771633148193,-0.0029231857042759657,0.3790580630302429,0.379613984195055,0.000555862759120845,tracking,0.379613984195055,0.000555862759120845,tracking,0.5505795038377987,0,0,0
210,2.099999999999999,1.5543662309646606,1.8709663152694702,-0.002735955873504281,0.3790844976902008,0.379613984195055,0.000555862759120845,tracking,0.379613984195055,0.000555862759120845,tracking,0.5543702555582547,0,0,0
211,2.109999999999999,1.5581563711166382,1.8709564208984375,-0.002548743737861514,0.3789512813091278,0.37838409619397995,-0.002326901480668858,tracking,0.37838409619397995,-0.002326901480668858,tracking,0.5581604086251124,0,1,1
212,2.1199999999999988,1.5619453191757202,1.8709465265274048,-0.0027358767110854387,0.37884339690208435,0.37838409619397995,-0.002326901480668858,tracking,0.37838409619397995,-0.002326901480668858,tracking,0.5619493696031379,0,0,0
213,2.1299999999999986,1.5657333135604858,1.8709356784820557,-0.0029229773208498955,0.378756046295166,0.37838409619397995,-0.002326901480668858,tracking,0.37838409619397995,-0.002326901480668858,tracking,0.5657373795211692,0,0,0
214,2.1399999999999983,1.5695204734802246,1.8709243535995483,-0.0031100260093808174,0.3786852955818176,0.37838409619397995,-0.002326901480668858,tracking,0.37838409619397995,-0.002326901480668858,tracking,0.5695245563734749,0,0,0
215,2.149999999999998,1.5733070373535156,1.8709120750427246,-0.003297053510323167,0.3786280155181885,0.37838409619397995,-0.002326901480668858,tracking,0.37838409619397995,-0.002326901480668858,tracking,0.5733111401543347,0,0,0
216,2.159999999999998,1.5770936012268066,1.8708995580673218,-0.003297053510323167,0.3786919414997101,0.379972525036552,-3.956394736513019e-05,tracking,0.379972525036552,-3.956394736513019e-05,tracking,0.5770977247158078,0,1,1
217,2.1699999999999977,1.5808807611465454,1.870887041091919,-0.003297053510323167,0.37875282764434814,0.379972525036552,-3.956394736513019e-05,tracking,0.379972525036552,-3.956394736513019e-05,tracking,0.5808849053204725,0,0,0
218,2.1799999999999975,1.584668517112732,1.8708745241165161,-0.003297053510323167,0.3788108229637146,0.379972525036552,-3.956394736513019e-05,tracking,0.379972525036552,-3.956394736513019e-05,tracking,0.5846726819683301,0,0,0
219,2.1899999999999973,1.5884568691253662,1.8708620071411133,-0.003297053510323167,0.378866046667099,0.379972525036552,-3.956394736513019e-05,tracking,0.379972525036552,-3.956394736513019e-05,tracking,0.5884610546593815,0,0,0
220,2.199999999999997,1.5922458171844482,1.8708494901657104,-0.003297053510323167,0.3789186477661133,0.379972525036552,-3.956394736513019e-05,tracking,0.379972525036552,-3.956394736513019e-05,tracking,0.5922500233936276,0,0,0
221,2.209999999999997,1.5960352420806885,1.8708372116088867,-0.0031098867766559124,0.3789624869823456,0.3798406428383852,0.00022947431272528004,tracking,0.3798406428383852,0.00022947431272528004,tracking,0.5960394681824065,0,1,1
222,2.2199999999999966,1.5998250246047974,1.8708258867263794,-0.0029227060731500387,0.37900424003601074,0.3798406428383852,0.00022947431272528004,tracking,0.3798406428383852,0.00022947431272528004,tracking,0.5998292676273647,0,0,0
223,2.2299999999999964,1.6036152839660645,1.8708150386810303,-0.002735498361289501,0.3790439963340759,0.3798406428383852,0.00022947431272528004,tracking,0.3798406428383852,0.00022947431272528004,tracking,0.6036195425126152,0,0,0
224,2.239999999999996,1.6074059009552002,1.8708051443099976,-0.0025482780765742064,0.3790818750858307,0.3798406428383852,0.00022947431272528004,tracking,0.3798406428383852,0.00022947431272528004,tracking,0.6074101724150064,0,0,0
225,2.249999999999996,1.6111968755722046,1.870795726776123,-0.002361033344641328,0.3791179656982422,0.3798406428383852,0.00022947431272528004,tracking,0.3798406428383852,0.00022947431272528004,tracking,0.611201158729505,0,0,0
226,2.259999999999996,1.6149874925613403,1.870787262916565,-0.0021738014183938503,0.3790043592453003,0.37852062912045464,-0.0021302940665452984,tracking,0.37852062912045464,-0.0021302940665452984,tracking,0.6149917851678715,0,1,1
227,2.2699999999999956,1.6187770366668701,1.8707787990570068,-0.0023609658237546682,0.3789123594760895,0.37852062912045464,-0.0021302940665452984,tracking,0.37852062912045464,-0.0021302940665452984,tracking,0.6187813387253073,0,0,0
228,2.2799999999999954,1.622565746307373,1.8707693815231323,-0.002548102755099535,0.37883785367012024,0.37852062912045464,-0.0021302940665452984,tracking,0.37852062912045464,-0.0021302940665452984,tracking,0.6225700600702975,0,0,0
229,2.289999999999995,1.6263538599014282,1.8707594871520996,-0.002735195215791464,0.37877753376960754,0.37852062912045464,-0.0021302940665452984,tracking,0.37852062912045464,-0.0021302940665452984,tracking,0.626358186586142,0,0,0
230,2.299999999999995,1.6301413774490356,1.8707486391067505,-0.0029222697485238314,0.3787286579608917,0.37852062912045464,-0.0021302940665452984,tracking,0.37852062912045464,-0.0021302940665452984,tracking,0.6301457196689707,0,0,0
231,2.3099999999999947,1.6339287757873535,1.8707373142242432,-0.0031093398574739695,0.3787643015384674,0.37947842808703136,-0.0007510635546748266,tracking,0.37947842808703136,-0.0007510635546748266,tracking,0.6339331349387896,0,1,1
232,2.3199999999999945,1.63771653175354,1.8707250356674194,-0.0032964216079562902,0.378798246383667,0.37947842808703136,-0.0007510635546748266,tracking,0.37947842808703136,-0.0007510635546748266,tracking,0.6377209108062795,0,0,0
233,2.3299999999999943,1.6415046453475952,1.8707122802734375,-0.003483525011688471,0.37883058190345764,0.37947842808703136,-0.0007510635546748266,tracking,0.37947842808703136,-0.0007510635546748266,tracking,0.6415090458753525,0,0,0
234,2.339999999999994,1.645293116569519,1.8706985712051392,-0.003670638892799616,0.3788613975048065,0.37947842808703136,-0.0007510635546748266,tracking,0.37947842808703136,-0.0007510635546748266,tracking,0.6452975419012048,0,0,0
235,2.349999999999994,1.649081826210022,1.8706843852996826,-0.0038577725645154715,0.378890722990036,0.37947842808703136,-0.0007510635546748266,tracking,0.37947842808703136,-0.0007510635546748266,tracking,0.649086278099458,0,0,0
236,2.3599999999999937,1.6528704166412354,1.8706692457199097,-0.004044903442263603,0.3788451552391052,0.3786511353128298,0.0019423651495250709,tracking,0.3786511353128298,0.0019423651495250709,tracking,0.652874898780175,0,1,1
237,2.3699999999999934,1.65665864944458,1.8706541061401367,-0.0038577995728701353,0.37880825996398926,0.3786511353128298,0.0019423651495250709,tracking,0.3786511353128298,0.0019423651495250709,tracking,0.6566631618358791,0,0,0
238,2.3799999999999932,1.6604465246200562,1.8706399202346802,-0.003670706879347563,0.3787783682346344,0.3786511353128298,0.0019423651495250709,tracking,0.3786511353128298,0.0019423651495250709,tracking,0.660451063574956,0,0,0
239,2.389999999999993,1.6642341613769531,1.8706262111663818,-0.003483631880953908,0.3787541687488556,0.3786511353128298,0.0019423651495250709,tracking,0.3786511353128298,0.0019423651495250709,tracking,0.664238725141246,0,0,0
240,2.399999999999993,1.668021559715271,1.8706134557724,-0.0032965641003102064,0.3787345588207245,0.3786511353128298,0.0019423651495250709,tracking,0.3786511353128298,0.0019423651495250709,tracking,0.6680261449586373,0,0,0
241,2.4099999999999926,1.6718089580535889,1.8706011772155762,-0.003109494224190712,0.3787606954574585,0.37928416468191883,0.0010308028580368507,tracking,0.37928416468191883,0.0010308028580368507,tracking,0.6718135632001379,0,1,1
242,2.4199999999999924,1.6755967140197754,1.8705898523330688,-0.002922415966168046,0.3787855803966522,0.37928416468191883,0.0010308028580368507,tracking,0.37928416468191883,0.0010308028580368507,tracking,0.6756013360962267,0,0,0
243,2.429999999999992,1.679384708404541,1.8705790042877197,-0.002735321642830968,0.3788093030452728,0.37928416468191883,0.0010308028580368507,tracking,0.37928416468191883,0.0010308028580368507,tracking,0.679389346014258,0,0,0
244,2.439999999999992,1.6831729412078857,1.870569109916687,-0.0025482196360826492,0.3788318932056427,0.37928416468191883,0.0010308028580368507,tracking,0.37928416468191883,0.0010308028580368507,tracking,0.6831775917389854,0,0,0
245,2.4499999999999917,1.6869614124298096,1.8705596923828125,-0.002361103193834424,0.3788534104824066,0.37928416468191883,0.0010308028580368507,tracking,0.37928416468191883,0.0010308028580368507,tracking,0.686966074666133,0,0,0
246,2.4599999999999915,1.6907495260238647,1.8705512285232544,-0.002173997927457094,0.3787633180618286,0.37837969006063765,-0.002333246312681757,tracking,0.37837969006063765,-0.002333246312681757,tracking,0.6907541977156635,0,1,1
247,2.4699999999999913,1.694536805152893,1.8705427646636963,-0.00236104940995574,0.37869036197662354,0.37837969006063765,-0.002333246312681757,tracking,0.37837969006063765,-0.002333246312681757,tracking,0.6945414863022504,0,0,0
248,2.479999999999991,1.698323369026184,1.8705333471298218,-0.002548079239204526,0.37863126397132874,0.37837969006063765,-0.002333246312681757,tracking,0.37837969006063765,-0.002333246312681757,tracking,0.6983280618866614,0,0,0
249,2.489999999999991,1.702109456062317,1.870523452758789,-0.00273507391102612,0.3785834312438965,0.37837969006063765,-0.002333246312681757,tracking,0.37837969006063765,-0.002333246312681757,tracking,0.7021141618515,0,0,0
250,2.4999999999999907,1.7058950662612915,1.87051260471344,-0.002922054147347808,0.3785446882247925,0.37837969006063765,-0.002333246312681757,tracking,0.37837969006063765,-0.002333246312681757,tracking,0.7058997875935231,0,0,0
251,2.5099999999999905,1.7096806764602661,1.8705017566680908,-0.0027350708842277527,0.37859228253364563,0.37954532109950995,0.0006547376167056734,tracking,0.37954532109950995,0.0006547376167056734,tracking,0.7096854133355462,0,1,1
252,2.5199999999999902,1.713466763496399,1.870491862297058,-0.00254807248711586,0.3786376118659973,0.37954532109950995,0.0006547376167056734,tracking,0.37954532109950995,0.0006547376167056734,tracking,0.7134715133003848,0,0,0
253,2.52999999999999,1.71725332736969,1.8704824447631836,-0.002361044753342867,0.3786807656288147,0.37954532109950995,0.0006547376167056734,tracking,0.37954532109950995,0.0006547376167056734,tracking,0.7172580888847958,0,0,0
254,2.53999999999999,1.7210403680801392,1.8704739809036255,-0.0021740032825618982,0.37872186303138733,0.37954532109950995,0.0006547376167056734,tracking,0.37954532109950995,0.0006547376167056734,tracking,0.7210451390533991,0,0,0
255,2.5499999999999896,1.724827766418457,1.8704659938812256,-0.001986935269087553,0.37876102328300476,0.37954532109950995,0.0006547376167056734,tracking,0.37954532109950995,0.0006547376167056734,tracking,0.7248325458133893,0,0,0
256,2.5599999999999894,1.7286146879196167,1.870458960533142,-0.0017998850671574473,0.37861400842666626,0.3779881200140176,-0.0028971071798146574,tracking,0.3779881200140176,-0.0028971071798146574,tracking,0.728619473845968,0,1,1
257,2.569999999999989,1.7324001789093018,1.8704519271850586,-0.001986847724765539,0.3784949779510498,0.3779881200140176,-0.0028971071798146574,tracking,0.3779881200140176,-0.0028971071798146574,tracking,0.7324049713695403,0,0,0
258,2.579999999999989,1.7361845970153809,1.8704439401626587,-0.002173774875700474,0.3783985674381256,0.3779881200140176,-0.0028971071798146574,tracking,0.3779881200140176,-0.0028971071798146574,tracking,0.7361893979039238,0,0,0
259,2.5899999999999888,1.739968180656433,1.8704354763031006,-0.002360644517466426,0.37832051515579224,0.3779881200140176,-0.0028971071798146574,tracking,0.3779881200140176,-0.0028971071798146574,tracking,0.739972991011772,0,0,0
260,2.5999999999999885,1.743751049041748,1.870426058769226,-0.0025474908761680126,0.37825730443000793,0.3779881200140176,-0.0028971071798146574,tracking,0.3779881200140176,-0.0028971071798146574,tracking,0.7437558711196475,0,0,0
261,2.6099999999999883,1.7475337982177734,1.8704161643981934,-0.0027343258261680603,0.3782859444618225,0.378859547733733,-0.0016422512634245087,tracking,0.378859547733733,-0.0016422512634245087,tracking,0.7475386332357868,0,1,1
262,2.619999999999988,1.751316785812378,1.8704053163528442,-0.002921170089393854,0.37831321358680725,0.378859547733733,-0.0016422512634245087,tracking,0.378859547733733,-0.0016422512634245087,tracking,0.7513216363842152,0,0,0
263,2.629999999999988,1.7551000118255615,1.870393991470337,-0.003108031814917922,0.3783392012119293,0.378859547733733,-0.0016422512634245087,tracking,0.378859547733733,-0.0016422512634245087,tracking,0.7551048793475725,0,0,0
264,2.6399999999999877,1.7588834762573242,1.8703817129135132,-0.0032949019223451614,0.3783639371395111,0.378859547733733,-0.0016422512634245087,tracking,0.378859547733733,-0.0016422512634245087,tracking,0.7588883637032123,0,0,0
265,2.6499999999999875,1.762667179107666,1.8703689575195312,-0.003481788095086813,0.3783875107765198,0.378859547733733,-0.0016422512634245087,tracking,0.378859547733733,-0.0016422512634245087,tracking,0.7626720880536058,0,0,0
266,2.6599999999999873,1.7664512395858765,1.8703553676605225,-0.003668684046715498,0.3784240782260895,0.3791565514515889,0.0012145659097120287,tracking,0.3791565514515889,0.0012145659097120287,tracking,0.7664561729346598,0,1,1
267,2.669999999999987,1.7702356576919556,1.8703417778015137,-0.003481764579191804,0.3784589171409607,0.3791565514515889,0.0012145659097120287,tracking,0.3791565514515889,0.0012145659097120287,tracking,0.7702406154412765,0,0,0
268,2.679999999999987,1.7740204334259033,1.8703290224075317,-0.0032948339357972145,0.3784920871257782,0.3791565514515889,0.0012145659097120287,tracking,0.3791565514515889,0.0012145659097120287,tracking,0.7740254126691812,0,0,0
269,2.6899999999999866,1.7778054475784302,1.870316743850708,-0.003107881871983409,0.37852367758750916,0.3791565514515889,0.0012145659097120287,tracking,0.3791565514515889,0.0012145659097120287,tracking,0.7778104467374277,0,0,0
270,2.6999999999999864,1.7815908193588257,1.8703054189682007,-0.0029209197964519262,0.3785537779331207,0.3791565514515889,0.0012145659097120287,tracking,0.3791565514515889,0.0012145659097120287,tracking,0.7815958354583887,0,0,0
271,2.709999999999986,1.7853765487670898,1.8702945709228516,-0.0027339302469044924,0.37860697507858276,0.3796724740522037,0.00047163736482661034,tracking,0.3796724740522037,0.00047163736482661034,tracking,0.785381580409212,0,1,1
272,2.719999999999986,1.7891628742218018,1.8702846765518188,-0.002546923700720072,0.37865763902664185,0.3796724740522037,0.00047163736482661034,tracking,0.3796724740522037,0.00047163736482661034,tracking,0.7891679187918157,0,0,0
273,2.7299999999999858,1.7929496765136719,1.8702752590179443,-0.0023598845582455397,0.3787058889865875,0.3796724740522037,0.00047163736482661034,tracking,0.3796724740522037,0.00047163736482661034,tracking,0.7929547327940684,0,0,0
274,2.7399999999999856,1.7967369556427002,1.8702667951583862,-0.0021728298161178827,0.37875184416770935,0.3796724740522037,0.00047163736482661034,tracking,0.3796724740522037,0.00047163736482661034,tracking,0.7967420213806553,0,0,0
275,2.7499999999999853,1.8005247116088867,1.8702588081359863,-0.0019857455044984818,0.3787956237792969,0.3796724740522037,0.00047163736482661034,tracking,0.3796724740522037,0.00047163736482661034,tracking,0.800529785767719,0,0,0
276,2.759999999999985,1.8043124675750732,1.8702517747879028,-0.0017986606108024716,0.37875595688819885,0.3785870868835065,-0.0020345948877506705,tracking,0.3785870868835065,-0.0020345948877506705,tracking,0.8043175482638857,0,1,1
277,2.769999999999985,1.8080998659133911,1.8702447414398193,-0.0019857219886034727,0.3787238299846649,0.3785870868835065,-0.0020345948877506705,tracking,0.3785870868835065,-0.0020345948877506705,tracking,0.8081049531328003,0,0,0
278,2.7799999999999847,1.8118869066238403,1.8702367544174194,-0.002172773703932762,0.37869781255722046,0.3785870868835065,-0.0020345948877506705,tracking,0.3785870868835065,-0.0020345948877506705,tracking,0.8118920022657171,0,0,0
279,2.7899999999999845,1.815673828125,1.8702282905578613,-0.0023598100524395704,0.37867674231529236,0.3785870868835065,-0.0020345948877506705,tracking,0.3785870868835065,-0.0020345948877506705,tracking,0.8156789332253286,0,0,0
280,2.7999999999999843,1.8194605112075806,1.8702188730239868,-0.002546840114519,0.3786596953868866,0.3785870868835065,-0.0020345948877506705,tracking,0.3785870868835065,-0.0020345948877506705,tracking,0.8194656280186604,0,0,0
281,2.809999999999984,1.8232473134994507,1.870208978652954,-0.0027338797226548195,0.3787059187889099,0.3796315698615135,-0.0005305393994206042,tracking,0.3796315698615135,-0.0005305393994206042,tracking,0.8232524432367944,0,1,1
282,2.819999999999984,1.827034592628479,1.870198130607605,-0.0029209342319518328,0.37874993681907654,0.3796315698615135,-0.0005305393994206042,tracking,0.3796315698615135,-0.0005305393994206042,tracking,0.827039737902022,0,0,0
283,2.8299999999999836,1.830822229385376,1.8701868057250977,-0.003108016913756728,0.378791868686676,0.3796315698615135,-0.0005305393994206042,tracking,0.3796315698615135,-0.0005305393994206042,tracking,0.8308273915893541,0,0,0
284,2.8399999999999834,1.8346103429794312,1.870174527168274,-0.0032951130997389555,0.37883180379867554,0.3796315698615135,-0.0005305393994206042,tracking,0.3796315698615135,-0.0005305393994206042,tracking,0.8346155250828339,0,0,0
285,2.849999999999983,1.838398814201355,1.870161771774292,-0.0034822348970919847,0.37886983156204224,0.3796315698615135,-0.0005305393994206042,tracking,0.3796315698615135,-0.0005305393994206042,tracking,0.8384040177777484,0,0,0
286,2.859999999999983,1.842187523841858,1.8701480627059937,-0.0036693632137030363,0.3788709342479706,0.3788929294237772,0.0015941816297608147,tracking,0.3788929294237772,0.0015941816297608147,tracking,0.842192752220619,0,1,1
287,2.869999999999983,1.8459762334823608,1.8701343536376953,-0.003482234198600054,0.37887197732925415,0.3788929294237772,0.0015941816297608147,tracking,0.3788929294237772,0.0015941816297608147,tracking,0.8459814866634895,0,0,0
288,2.8799999999999826,1.8497649431228638,1.8701215982437134,-0.0032951049506664276,0.37887296080589294,0.3788929294237772,0.0015941816297608147,tracking,0.3788929294237772,0.0015941816297608147,tracking,0.8497702177756319,0,0,0
289,2.8899999999999824,1.8535536527633667,1.8701093196868896,-0.0031079750042408705,0.37887391448020935,0.3788929294237772,0.0015941816297608147,tracking,0.3788929294237772,0.0015941816297608147,tracking,0.8535589473124289,0,0,0
290,2.899999999999982,1.8573423624038696,1.8700979948043823,-0.0029208448249846697,0.378874808549881,0.3788929294237772,0.0015941816297608147,tracking,0.3788929294237772,0.0015941816297608147,tracking,0.8573476738785727,0,0,0
291,2.909999999999982,1.8611313104629517,1.8700871467590332,-0.0027336992789059877,0.3789201080799103,0.3798275774729592,0.0002482884389387995,tracking,0.3798275774729592,0.0002482884389387995,tracking,0.8611366374670107,0,1,1
292,2.9199999999999817,1.864920735359192,1.8700772523880005,-0.0025465392973273993,0.37896326184272766,0.3798275774729592,0.0002482884389387995,tracking,0.3798275774729592,0.0002482884389387995,tracking,0.8649260752805688,0,0,0
293,2.9299999999999815,1.8687105178833008,1.870067834854126,-0.002359351608902216,0.3790043592453003,0.3798275774729592,0.0002482884389387995,tracking,0.3798275774729592,0.0002482884389387995,tracking,0.8687158695058513,0,0,0
294,2.9399999999999813,1.8725007772445679,1.8700593709945679,-0.0021721506491303444,0.37904348969459534,0.3798275774729592,0.0002482884389387995,tracking,0.3798275774729592,0.0002482884389387995,tracking,0.8725061383172408,0,0,0
295,2.949999999999981,1.8762913942337036,1.870051383972168,-0.001984924543648958,0.37908077239990234,0.3798275774729592,0.0002482884389387995,tracking,0.3798275774729592,0.0002482884389387995,tracking,0.8762967637208979,0,0,0
296,2.959999999999981,1.8800811767578125,1.8700443506240845,-0.0017977264942601323,0.3788723945617676,0.37798524099079206,-0.002901252973259428,tracking,0.37798524099079206,-0.002901252973259428,tracking,0.8800865527714952,0,1,1
297,2.9699999999999807,1.8838690519332886,1.870037317276001,-0.0019848004449158907,0.37870365381240845,0.37798524099079206,-0.002901252973259428,tracking,0.37798524099079206,-0.002901252973259428,tracking,0.8838744344767459,0,0,0
298,2.9799999999999804,1.8876553773880005,1.870029330253601,-0.002171823987737298,0.37856701016426086,0.37798524099079206,-0.002901252973259428,tracking,0.37798524099079206,-0.002901252973259428,tracking,0.8876607683555164,0,0,0
299,2.9899999999999802,1.891440510749817,1.870020866394043,-0.0023587660398334265,0.37845635414123535,0.37798524099079206,-0.002901252973259428,tracking,0.37798524099079206,-0.002901252973259428,tracking,0.891445911180253,0,0,0
300,2.99999999999998,1.8952245712280273,1.8700114488601685,-0.0025456752628087997,0.37836673855781555,0.37798524099079206,-0.002901252973259428,tracking,0.37798524099079206,-0.002901252973259428,tracking,0.895229983377331,0,0,0
301,3.00999999999998,1.8990085124969482,1.8700015544891357,-0.0027325705159455538,0.378414124250412,0.3793633677143497,-0.0009167504913364516,tracking,0.3793633677143497,-0.0009167504913364516,tracking,0.8990139375822892,0,1,1
302,3.0199999999999796,1.9027928113937378,1.8699907064437866,-0.002919481135904789,0.37845927476882935,0.3793633677143497,-0.0009167504913364516,tracking,0.3793633677143497,-0.0009167504913364516,tracking,0.9027982520275132,0,0,0
303,3.0299999999999794,1.9065775871276855,1.8699793815612793,-0.0031064206268638372,0.3785022497177124,0.3793633677143497,-0.0009167504913364516,tracking,0.3793633677143497,-0.0009167504913364516,tracking,0.9065830447046943,0,0,0
304,3.039999999999979,1.9103628396987915,1.8699671030044556,-0.0032933740876615047,0.3785431981086731,0.3793633677143497,-0.0009167504913364516,tracking,0.3793633677143497,-0.0009167504913364516,tracking,0.9103683171902655,0,0,0
305,3.049999999999979,1.9141484498977661,1.8699543476104736,-0.003480353858321905,0.3785822093486786,0.3793633677143497,-0.0009167504913364516,tracking,0.3793633677143497,-0.0009167504913364516,tracking,0.9141539488784591,0,0,0
306,3.0599999999999787,1.9179342985153198,1.8699407577514648,-0.0036673403810709715,0.37858444452285767,0.37862909913529125,0.0019740972451805713,tracking,0.37862909913529125,0.0019740972451805713,tracking,0.9179398218873306,0,1,1
307,3.0699999999999785,1.9217201471328735,1.869927167892456,-0.003480352461338043,0.3785865604877472,0.37862909913529125,0.0019740972451805713,tracking,0.37862909913529125,0.0019740972451805713,tracking,0.921725694896202,0,0,0
308,3.0799999999999783,1.9255059957504272,1.8699144124984741,-0.003293363843113184,0.37858858704566956,0.37862909913529125,0.0019740972451805713,tracking,0.37862909913529125,0.0019740972451805713,tracking,0.9255115650016216,0,0,0
309,3.089999999999978,1.929291844367981,1.8699021339416504,-0.0031063740607351065,0.37859052419662476,0.37862909913529125,0.0019740972451805713,tracking,0.37862909913529125,0.0019740972451805713,tracking,0.9292974335305051,0,0,0
310,3.099999999999978,1.9330776929855347,1.869890809059143,-0.002919383579865098,0.3785923719406128,0.37862909913529125,0.0019740972451805713,tracking,0.37862909913529125,0.0019740972451805713,tracking,0.9330832990864906,0,0,0
311,3.1099999999999777,1.936863899230957,1.869879961013794,-0.0027323756366968155,0.3786434233188629,0.37966625645125895,0.00048059071018712214,tracking,0.37966625645125895,0.00048059071018712214,tracking,0.9368695208725146,0,1,1
312,3.1199999999999775,1.9406505823135376,1.8698700666427612,-0.002545351395383477,0.37869206070899963,0.37966625645125895,0.00048059071018712214,tracking,0.37966625645125895,0.00048059071018712214,tracking,0.9406562168817659,0,0,0
313,3.1299999999999772,1.9444377422332764,1.8698606491088867,-0.0023582957219332457,0.3787383735179901,0.37966625645125895,0.00048059071018712214,tracking,0.37966625645125895,0.00048059071018712214,tracking,0.9444433885107815,0,0,0
314,3.139999999999977,1.9482253789901733,1.8698521852493286,-0.002171225380152464,0.3787824809551239,0.37966625645125895,0.00048059071018712214,tracking,0.37966625645125895,0.00048059071018712214,tracking,0.9482310347243441,0,0,0
315,3.149999999999977,1.952013373374939,1.8698441982269287,-0.0019841266330331564,0.37882450222969055,0.37966625645125895,0.00048059071018712214,tracking,0.37966625645125895,0.00048059071018712214,tracking,0.9520190375294569,0,0,0
316,3.1599999999999766,1.955801010131836,1.8698371648788452,-0.001797040575183928,0.378704696893692,0.3781945295289852,-0.0025998774782612956,tracking,0.3781945295289852,-0.0025998774782612956,tracking,0.9558066808165396,0,1,1
317,3.1699999999999764,1.959587574005127,1.8698301315307617,-0.0019840551540255547,0.3786076605319977,0.3781945295289852,-0.0025998774782612956,tracking,0.3781945295289852,-0.0025998774782612956,tracking,0.9595932512218666,0,0,0
318,3.179999999999976,1.9633733034133911,1.8698221445083618,-0.00217104097828269,0.37852907180786133,0.3781945295289852,-0.0025998774782612956,tracking,0.3781945295289852,-0.0025998774782612956,tracking,0.9633789890555158,0,0,0
319,3.189999999999976,1.967158317565918,1.8698136806488037,-0.002357980003580451,0.3784654438495636,0.3781945295289852,-0.0025998774782612956,tracking,0.3781945295289852,-0.0025998774782612956,tracking,0.9671640126712607,0,0,0
320,3.1999999999999758,1.970942735671997,1.8698042631149292,-0.0025448999367654324,0.3784139156341553,0.3781945295289852,-0.0025998774782612956,tracking,0.3781945295289852,-0.0025998774782612956,tracking,0.9709484424950999,0,0,0
321,3.2099999999999755,1.9747271537780762,1.8697943687438965,-0.002731822431087494,0.378473162651062,0.3796596480676904,-0.0004901067825257887,tracking,0.3796596480676904,-0.0004901067825257887,tracking,0.9747328735355864,0,1,1
322,3.2199999999999753,1.978512167930603,1.8697835206985474,-0.002918764017522335,0.3785295784473419,0.3796596480676904,-0.0004901067825257887,tracking,0.3796596480676904,-0.0004901067825257887,tracking,0.9785179032336094,0,0,0
323,3.229999999999975,1.982297658920288,1.86977219581604,-0.003105741925537586,0.37858331203460693,0.3796596480676904,-0.0004901067825257887,tracking,0.3796596480676904,-0.0004901067825257887,tracking,0.9823034111633264,0,0,0
324,3.239999999999975,1.986083745956421,1.8697599172592163,-0.0032927370630204678,0.3786344826221466,0.3796596480676904,-0.0004901067825257887,tracking,0.3796596480676904,-0.0004901067825257887,tracking,0.9860895181095353,0,0,0
325,3.2499999999999747,1.989870309829712,1.8697471618652344,-0.0034797650296241045,0.3786832392215729,0.3796596480676904,-0.0004901067825257887,tracking,0.3796596480676904,-0.0004901067825257887,tracking,0.9898761034666331,0,0,0
326,3.2599999999999745,1.9936569929122925,1.8697335720062256,-0.003666795790195465,0.378650963306427,0.3785135464085319,0.0021404931717140824,tracking,0.3785135464085319,0.0021404931717140824,tracking,0.9936628109351564,0,1,1
327,3.2699999999999743,1.9974433183670044,1.8697199821472168,-0.0034797843545675278,0.378624826669693,0.3785135464085319,0.0021404931717140824,tracking,0.3785135464085319,0.0021404931717140824,tracking,0.9974491607781143,0,0,0
328,3.279999999999974,2.0012295246124268,1.8697072267532349,-0.0032927808351814747,0.37860366702079773,0.3785135464085319,0.0021404931717140824,tracking,0.3785135464085319,0.0021404931717140824,tracking,1.0012353885093728,0,0,0
329,3.289999999999974,2.0050153732299805,1.8696949481964111,-0.003105789888650179,0.3785865306854248,0.3785135464085319,0.0021404931717140824,tracking,0.3785135464085319,0.0021404931717140824,tracking,1.0050212570382564,0,0,0
330,3.2999999999999736,2.008801221847534,1.8696836233139038,-0.0029188040643930435,0.37857264280319214,0.3785135464085319,0.0021404931717140824,tracking,0.3785135464085319,0.0021404931717140824,tracking,1.0088071225942419,0,0,0
331,3.3099999999999734,2.012587070465088,1.8696727752685547,-0.0027318072970956564,0.3786197602748871,0.37956352819554734,0.000628519398411841,tracking,0.37956352819554734,0.000628519398411841,tracking,1.0125929867538652,0,1,1
332,3.319999999999973,2.0163733959198,1.869662880897522,-0.0025447953958064318,0.37866464257240295,0.37956352819554734,0.000628519398411841,tracking,0.37956352819554734,0.000628519398411841,tracking,1.0163793251364688,0,0,0
333,3.329999999999973,2.02016019821167,1.8696534633636475,-0.002357754623517394,0.3787073791027069,0.37956352819554734,0.000628519398411841,tracking,0.37956352819554734,0.000628519398411841,tracking,1.0201661391387216,0,0,0
334,3.3399999999999728,2.0239474773406982,1.8696449995040894,-0.0021707001142203808,0.3787480890750885,0.37956352819554734,0.000628519398411841,tracking,0.37956352819554734,0.000628519398411841,tracking,1.0239534277253086,0,0,0
335,3.3499999999999726,2.0277352333068848,1.8696370124816895,-0.0019836192950606346,0.3787868618965149,0.37956352819554734,0.000628519398411841,tracking,0.37956352819554734,0.000628519398411841,tracking,1.0277411921123725,0,0,0
336,3.3599999999999723,2.0315229892730713,1.869629979133606,-0.001796538825146854,0.3787461221218109,0.37857268935112953,-0.0020553273343735003,tracking,0.37857268935112953,-0.0020553273343735003,tracking,1.031528954608539,0,1,1
337,3.369999999999972,2.0353102684020996,1.8696229457855225,-0.0019835950806736946,0.37871313095092773,0.37857268935112953,-0.0020553273343735003,tracking,0.37857268935112953,-0.0020553273343735003,tracking,1.0353162402683698,0,0,0
338,3.379999999999972,2.039097309112549,1.8696149587631226,-0.00217064144089818,0.37868642807006836,0.37857268935112953,-0.0020553273343735003,tracking,0.37857268935112953,-0.0020553273343735003,tracking,1.0391032894012866,0,0,0
339,3.3899999999999717,2.042884111404419,1.8696064949035645,-0.002357671968638897,0.3786647915840149,0.37857268935112953,-0.0020553273343735003,tracking,0.37857268935112953,-0.0020553273343735003,tracking,1.0428901011519063,0,0,0
340,3.3999999999999715,2.04667067527771,1.86959707736969,-0.0025446959771215916,0.3786472678184509,0.37857268935112953,-0.0020553273343735003,tracking,0.37857268935112953,-0.0020553273343735003,tracking,1.0466766767363171,0,0,0
341,3.4099999999999713,2.05045747756958,1.8695871829986572,-0.002731729531660676,0.37869372963905334,0.3796244561619471,-0.0005407831267961304,tracking,0.3796244561619471,-0.0005407831267961304,tracking,1.050463491954451,0,1,1
342,3.419999999999971,2.0542445182800293,1.869576334953308,-0.0029187779873609543,0.3787379860877991,0.3796244561619471,-0.0005407831267961304,tracking,0.3796244561619471,-0.0005407831267961304,tracking,1.0542505482020776,0,0,0
343,3.429999999999971,2.0580320358276367,1.8695650100708008,-0.0031058548483997583,0.3787801265716553,0.3796244561619471,-0.0005407831267961304,tracking,0.3796244561619471,-0.0005407831267961304,tracking,1.058038082680653,0,0,0
344,3.4399999999999706,2.0618200302124023,1.869552731513977,-0.0032929452136158943,0.3788202702999115,0.3796244561619471,-0.0005407831267961304,tracking,0.3796244561619471,-0.0005407831267961304,tracking,1.0618260969654696,0,0,0
345,3.4499999999999704,2.065608501434326,1.8695399761199951,-0.003480061423033476,0.3788585066795349,0.3796244561619471,-0.0005407831267961304,tracking,0.3796244561619471,-0.0005407831267961304,tracking,1.0656145896603841,0,0,0
346,3.45999999999997,2.06939697265625,1.8695262670516968,-0.003667183918878436,0.37885865569114685,0.37886178664993175,0.0016390272240982525,tracking,0.37886178664993175,0.0016390272240982525,tracking,1.0694030856862364,0,1,1
347,3.46999999999997,2.073185443878174,1.8695125579833984,-0.0034800611902028322,0.3788588047027588,0.37886178664993175,0.0016390272240982525,tracking,0.37886178664993175,0.0016390272240982525,tracking,1.0731915817120887,0,0,0
348,3.47999999999997,2.0769739151000977,1.8694998025894165,-0.0032929384615272284,0.3788589537143707,0.37886178664993175,0.0016390272240982525,tracking,0.37886178664993175,0.0016390272240982525,tracking,1.0769800744070033,0,0,0
349,3.4899999999999696,2.0807623863220215,1.8694875240325928,-0.0031058157328516245,0.37885910272598267,0.37886178664993175,0.0016390272240982525,tracking,0.37886178664993175,0.0016390272240982525,tracking,1.0807685655264732,0,0,0
350,3.4999999999999694,2.0845508575439453,1.8694761991500854,-0.002918692771345377,0.3788592219352722,0.37886178664993175,0.0016390272240982525,tracking,0.37886178664993175,0.0016390272240982525,tracking,1.084557053675103,0,0,0
351,3.509999999999969,2.0883395671844482,1.8694653511047363,-0.002731562126427889,0.3788824677467346,0.379347997581296,0.0009388834829337639,tracking,0.379347997581296,0.0009388834829337639,tracking,1.0883457788459392,0,1,1
352,3.519999999999969,2.0921285152435303,1.8694554567337036,-0.002544424030929804,0.3789046108722687,0.379347997581296,0.0009388834829337639,tracking,0.379347997581296,0.0009388834829337639,tracking,1.0921347398239647,0,0,0
353,3.5299999999999687,2.0959177017211914,1.869446039199829,-0.002357271732762456,0.3789256811141968,0.379347997581296,0.0009388834829337639,tracking,0.379347997581296,0.0009388834829337639,tracking,1.0959239380046402,0,0,0
354,3.5399999999999685,2.0997071266174316,1.869437575340271,-0.002170112682506442,0.3789457678794861,0.379347997581296,0.0009388834829337639,tracking,0.379347997581296,0.0009388834829337639,tracking,1.0997133723530836,0,0,0
355,3.5499999999999683,2.103496789932251,1.869429588317871,-0.0019829408265650272,0.378964900970459,0.379347997581296,0.0009388834829337639,tracking,0.379347997581296,0.0009388834829337639,tracking,1.103503044084542,0,0,0
356,3.559999999999968,2.107285737991333,1.8694225549697876,-0.0017957893433049321,0.3788217604160309,0.37821228661977613,-0.0025743072675223425,tracking,0.37821228661977613,-0.0025743072675223425,tracking,1.1072919986715497,0,1,1
357,3.569999999999968,2.1110732555389404,1.869415521621704,-0.00198285561054945,0.37870582938194275,0.37821228661977613,-0.0025743072675223425,tracking,0.37821228661977613,-0.0025743072675223425,tracking,1.1110795227495482,0,0,0
358,3.5799999999999677,2.1148598194122314,1.8694075345993042,-0.002169887302443385,0.3786119520664215,0.37821228661977613,-0.0025743072675223425,tracking,0.37821228661977613,-0.0025743072675223425,tracking,1.1148660950463676,0,0,0
359,3.5899999999999674,2.118645668029785,1.869399070739746,-0.0023568631149828434,0.3785359263420105,0.37821228661977613,-0.0025743072675223425,tracking,0.37821228661977613,-0.0025743072675223425,tracking,1.1186519531250536,0,0,0
360,3.5999999999999672,2.1224308013916016,1.8693896532058716,-0.0025438163429498672,0.3784743547439575,0.37821228661977613,-0.0025743072675223425,tracking,0.37821228661977613,-0.0025743072675223425,tracking,1.1224370982024159,0,0,0
361,3.609999999999967,2.126215934753418,1.8693797588348389,-0.0027307698037475348,0.378537118434906,0.37979458400167565,-0.000295799037587037,tracking,0.37979458400167565,-0.000295799037587037,tracking,1.1262222444961956,0,1,1
362,3.619999999999967,2.1300015449523926,1.8693689107894897,-0.0029177435208112,0.3785969018936157,0.37979458400167565,-0.000295799037587037,tracking,0.37979458400167565,-0.000295799037587037,tracking,1.1300078702382188,0,0,0
363,3.6299999999999666,2.1337878704071045,1.8693575859069824,-0.0031047556549310684,0.3786538541316986,0.37979458400167565,-0.000295799037587037,tracking,0.37979458400167565,-0.000295799037587037,tracking,1.1337942126292293,0,0,0
364,3.6399999999999664,2.1375746726989746,1.8693453073501587,-0.0032917861826717854,0.3787080943584442,0.37979458400167565,-0.000295799037587037,tracking,0.37979458400167565,-0.000295799037587037,tracking,1.137581034827415,0,0,0
365,3.649999999999966,2.141361951828003,1.8693325519561768,-0.0034788514021784067,0.3787597715854645,0.37979458400167565,-0.000295799037587037,tracking,0.37979458400167565,-0.000295799037587037,tracking,1.1413683354361928,0,0,0
366,3.659999999999966,2.1451497077941895,1.8693188428878784,-0.00366593268699944,0.3788052499294281,0.37971613464313764,0.00040876611388180294,tracking,0.37971613464313764,0.00040876611388180294,tracking,1.1451561162109916,0,1,1
367,3.6699999999999657,2.148937940597534,1.86930513381958,-0.0034788220655173063,0.3788485527038574,0.37971613464313764,0.00040876611388180294,tracking,0.37971613464313764,0.00040876611388180294,tracking,1.1489443738198257,0,0,0
368,3.6799999999999655,2.152726650238037,1.8692923784255981,-0.003291697707027197,0.378889799118042,0.37971613464313764,0.00040876611388180294,tracking,0.37971613464313764,0.00040876611388180294,tracking,1.152733104931968,0,0,0
369,3.6899999999999653,2.1565158367156982,1.8692800998687744,-0.003104546805843711,0.378929078578949,0.37971613464313764,0.00040876611388180294,tracking,0.37971613464313764,0.00040876611388180294,tracking,1.1565223113034193,0,0,0
370,3.699999999999965,2.1603052616119385,1.869268774986267,-0.0029173833318054676,0.3789665102958679,0.37971613464313764,0.00040876611388180294,tracking,0.37971613464313764,0.00040876611388180294,tracking,1.1603117531221057,0,0,0
371,3.709999999999965,2.164095163345337,1.8692574501037598,-0.003104574279859662,0.3790121376514435,0.37992631814089733,-0.00010610187710784116,tracking,0.37992631814089733,-0.00010610187710784116,tracking,1.164101671775821,0,1,1
372,3.7199999999999647,2.1678855419158936,1.869245171546936,-0.0032917798962444067,0.37905561923980713,0.37992631814089733,-0.00010610187710784116,tracking,0.37992631814089733,-0.00010610187710784116,tracking,1.1678920702339113,0,0,0
373,3.7299999999999645,2.1716763973236084,1.869232416152954,-0.00347901345230639,0.37909701466560364,0.37992631814089733,-0.00010610187710784116,tracking,0.37992631814089733,-0.00010610187710784116,tracking,1.1716829471011119,0,0,0
374,3.7399999999999642,2.1754674911499023,1.8692187070846558,-0.003666260279715061,0.37913644313812256,0.37992631814089733,-0.00010610187710784116,tracking,0.37992631814089733,-0.00010610187710784116,tracking,1.1754740657141756,0,0,0
375,3.749999999999964,2.1792590618133545,1.8692045211791992,-0.003853532485663891,0.37917399406433105,0.37992631814089733,-0.00010610187710784116,tracking,0.37992631814089733,-0.00010610187710784116,tracking,1.1792656629153382,0,0,0
376,3.759999999999964,2.1830501556396484,1.8691893815994263,-0.004040793981403112,0.3790702819824219,0.3786287613651113,0.001974583634239745,tracking,0.3786287613651113,0.001974583634239745,tracking,1.1830567869711612,0,1,1
377,3.7699999999999636,2.186840295791626,1.8691743612289429,-0.0038535944186151028,0.37898629903793335,0.3786287613651113,0.001974583634239745,tracking,0.3786287613651113,0.001974583634239745,tracking,1.1868469568859754,0,0,0
378,3.7799999999999634,2.190629720687866,1.8691601753234863,-0.0036664200015366077,0.37891829013824463,0.3786287613651113,0.001974583634239745,tracking,0.3786287613651113,0.001974583634239745,tracking,1.190636408334953,0,0,0
379,3.789999999999963,2.1944186687469482,1.869146466255188,-0.0034792860969901085,0.37886321544647217,0.3786287613651113,0.001974583634239745,tracking,0.3786287613651113,0.001974583634239745,tracking,1.194425381194842,0,0,0
380,3.799999999999963,2.198207139968872,1.869133710861206,-0.003292168490588665,0.3788186311721802,0.3786287613651113,0.001974583634239745,tracking,0.3786287613651113,0.001974583634239745,tracking,1.1982138738897565,0,0,0
381,3.8099999999999627,2.201995611190796,1.8691209554672241,-0.0034792879596352577,0.37886884808540344,0.37987466719290913,-0.00018047924221087884,tracking,0.37987466719290913,-0.00018047924221087884,tracking,1.202002366584671,0,1,1
382,3.8199999999999625,2.205784559249878,1.8691072463989258,-0.0036664234939962626,0.3789166808128357,0.37987466719290913,-0.00018047924221087884,tracking,0.37987466719290913,-0.00018047924221087884,tracking,1.20579133944456,0,0,0
383,3.8299999999999623,2.209573984146118,1.8690930604934692,-0.0038535897620022297,0.3789622187614441,0.37987466719290913,-0.00018047924221087884,tracking,0.37987466719290913,-0.00018047924221087884,tracking,1.2095807908935376,0,0,0
384,3.839999999999962,2.2133638858795166,1.8690780401229858,-0.004040770698338747,0.3790056109428406,0.37987466719290913,-0.00018047924221087884,tracking,0.37987466719290913,-0.00018047924221087884,tracking,1.213370722391645,0,0,0
385,3.849999999999962,2.217154026031494,1.8690625429153442,-0.004227979574352503,0.3790469467639923,0.37987466719290913,-0.00018047924221087884,tracking,0.37987466719290913,-0.00018047924221087884,tracking,1.2171608942261503,0,0,0
386,3.8599999999999617,2.2209432125091553,1.8690460920333862,-0.004415151197463274,0.37877827882766724,0.3776343420304996,0.0034065474760805207,tracking,0.3776343420304996,0.0034065474760805207,tracking,1.2209501164146748,0,1,1
387,3.8699999999999615,2.2247297763824463,1.8690296411514282,-0.004228139761835337,0.3785606920719147,0.3776343420304996,0.0034065474760805207,tracking,0.3776343420304996,0.0034065474760805207,tracking,1.2247367160235627,0,0,0
388,3.8799999999999613,2.2285144329071045,1.8690141439437866,-0.0040411935187876225,0.3783845007419586,0.3776343420304996,0.0034065474760805207,tracking,0.3776343420304996,0.0034065474760805207,tracking,1.2285214042766535,0,0,0
389,3.889999999999961,2.232297420501709,1.8689991235733032,-0.0038543520495295525,0.37824180722236633,0.3776343420304996,0.0034065474760805207,tracking,0.3776343420304996,0.0034065474760805207,tracking,1.2323044216903671,0,0,0
390,3.899999999999961,2.236079216003418,1.8689850568771362,-0.003667553188279271,0.37812626361846924,0.3776343420304996,0.0034065474760805207,tracking,0.3776343420304996,0.0034065474760805207,tracking,1.2360862433530964,0,0,0
391,3.9099999999999606,2.239860773086548,1.8689714670181274,-0.003480779007077217,0.3781667649745941,0.37897821430118944,0.0014713714062872217,tracking,0.37897821430118944,0.0014713714062872217,tracking,1.2398678248552244,0,1,1
392,3.9199999999999604,2.243642568588257,1.868958830833435,-0.0032939917873591185,0.3782053589820862,0.37897821430118944,0.0014713714062872217,tracking,0.37897821430118944,0.0014713714062872217,tracking,1.2436496414676357,0,0,0
393,3.92999999999996,2.247424840927124,1.8689465522766113,-0.003107179654762149,0.3782421052455902,0.37897821430118944,0.0014713714062872217,tracking,0.37897821430118944,0.0014713714062872217,tracking,1.2474319337366595,0,0,0
394,3.93999999999996,2.2512073516845703,1.868935227394104,-0.0029203558806329966,0.37827709317207336,0.37897821430118944,0.0014713714062872217,tracking,0.37897821430118944,0.0014713714062872217,tracking,1.2512144614474847,0,0,0
395,3.9499999999999598,2.254990339279175,1.8689243793487549,-0.00273350952193141,0.3783104419708252,0.37897821430118944,0.0014713714062872217,tracking,0.37897821430118944,0.0014713714062872217,tracking,1.2549974645959132,0,0,0
396,3.9599999999999596,2.2587738037109375,1.8689144849777222,-0.0025466489605605602,0.3783634603023529,0.37942569448719227,-0.0008269999384431098,tracking,0.37942569448719227,-0.0008269999384431098,tracking,1.2587809419653435,0,1,1
397,3.9699999999999593,2.2625577449798584,1.8689045906066895,-0.002733543748036027,0.37841397523880005,0.37942569448719227,-0.0008269999384431098,tracking,0.37942569448719227,-0.0008269999384431098,tracking,1.2625648961703018,0,0,0
398,3.979999999999959,2.2663421630859375,1.8688937425613403,-0.002920454600825906,0.3784620761871338,0.37942569448719227,-0.0008269999384431098,tracking,0.37942569448719227,-0.0008269999384431098,tracking,1.2663493298243256,0,0,0
399,3.989999999999959,2.270127058029175,1.868882417678833,-0.0031073964200913906,0.3785078823566437,0.37942569448719227,-0.0008269999384431098,tracking,0.37942569448719227,-0.0008269999384431098,tracking,1.2701342417102626,0,0,0
400,3.9999999999999587,2.2739124298095703,1.8688701391220093,-0.0032943529076874256,0.37855151295661926,0.37942569448719227,-0.0008269999384431098,tracking,0.37942569448719227,-0.0008269999384431098,tracking,1.2739196334044962,0,0,0
401,4.009999999999959,2.277698278427124,1.8688573837280273,-0.0034813417587429285,0.3786061108112335,0.37969993220180487,-0.0004320976294009812,tracking,0.37969993220180487,-0.0004320976294009812,tracking,1.2777055035099156,0,1,1
402,4.019999999999959,2.281484603881836,1.868843674659729,-0.003668348304927349,0.37865811586380005,0.37969993220180487,-0.0004320976294009812,tracking,0.37969993220180487,-0.0004320976294009812,tracking,1.2814918537826128,0,0,0
403,4.0299999999999585,2.285271406173706,1.8688294887542725,-0.003855388145893812,0.3787076473236084,0.37969993220180487,-0.0004320976294009812,tracking,0.37969993220180487,-0.0004320976294009812,tracking,1.2852786826456097,0,0,0
404,4.039999999999958,2.2890586853027344,1.868814468383789,-0.004042443819344044,0.3787548243999481,0.37969993220180487,-0.0004320976294009812,tracking,0.37969993220180487,-0.0004320976294009812,tracking,1.289065991559958,0,0,0
405,4.049999999999958,2.292846441268921,1.8687989711761475,-0.00422952976077795,0.37879976630210876,0.37969993220180487,-0.0004320976294009812,tracking,0.37969993220180487,-0.0004320976294009812,tracking,1.2928537792286146,0,0,0
406,4.059999999999958,2.2966339588165283,1.8687825202941895,-0.004416609648615122,0.3787173330783844,0.37836639259738963,0.002352394659758915,tracking,0.37836639259738963,0.002352394659758915,tracking,1.296641332502821,0,1,1
407,4.069999999999958,2.3004207611083984,1.8687660694122314,-0.004229578655213118,0.37865057587623596,0.37836639259738963,0.002352394659758915,tracking,0.37836639259738963,0.002352394659758915,tracking,1.300428170528038,0,0,0
408,4.079999999999957,2.3042068481445312,1.8687505722045898,-0.004042567685246468,0.3785965144634247,0.37836639259738963,0.002352394659758915,tracking,0.37836639259738963,0.002352394659758915,tracking,1.3042142892806154,0,0,0
409,4.089999999999957,2.307992458343506,1.8687355518341064,-0.0038555890787392855,0.37855273485183716,0.37836639259738963,0.002352394659758915,tracking,0.37836639259738963,0.002352394659758915,tracking,1.3079999292780413,0,0,0
410,4.099999999999957,2.3117778301239014,1.8687214851379395,-0.003668623510748148,0.3785172998905182,0.37836639259738963,0.002352394659758915,tracking,0.37836639259738963,0.002352394659758915,tracking,1.3117853271947413,0,0,0
411,4.109999999999957,2.315563201904297,1.8687077760696411,-0.0034816523548215628,0.3785696029663086,0.3796173654549434,0.0005509937448815458,tracking,0.3796173654549434,0.0005509937448815458,tracking,1.3155707237993743,0,1,1
412,4.119999999999957,2.3193490505218506,1.8686950206756592,-0.003294664202257991,0.3786194324493408,0.3796173654549434,0.0005509937448815458,tracking,0.3796173654549434,0.0005509937448815458,tracking,1.3193565939047938,0,0,0
413,4.129999999999956,2.3231353759765625,1.8686827421188354,-0.0031076441518962383,0.37866687774658203,0.3796173654549434,0.0005509937448815458,tracking,0.3796173654549434,0.0005509937448815458,tracking,1.323142939268328,0,0,0
414,4.139999999999956,2.3269221782684326,1.8686714172363281,-0.0029206087347120047,0.37871208786964417,0.3796173654549434,0.0005509937448815458,tracking,0.3796173654549434,0.0005509937448815458,tracking,1.3269297584943642,0,0,0
415,4.149999999999956,2.330709457397461,1.868660569190979,-0.002733544446527958,0.378755122423172,0.3796173654549434,0.0005509937448815458,tracking,0.3796173654549434,0.0005509937448815458,tracking,1.3307170531595918,0,0,0
416,4.159999999999956,2.3344972133636475,1.8686506748199463,-0.0025464666541665792,0.3787938952445984,0.3795705144914678,-0.0006184591322863763,tracking,0.3795705144914678,-0.0006184591322863763,tracking,1.3345048220487876,0,1,1
417,4.1699999999999555,2.338285207748413,1.8686407804489136,-0.0027335695922374725,0.37883082032203674,0.3795705144914678,-0.0006184591322863763,tracking,0.3795705144914678,-0.0006184591322863763,tracking,1.3382928293557492,0,0,0
418,4.179999999999955,2.342073678970337,1.8686299324035645,-0.0029206841718405485,0.3788659870624542,0.3795705144914678,-0.0006184591322863763,tracking,0.3795705144914678,-0.0006184591322863763,tracking,1.3420813161089837,0,0,0
419,4.189999999999955,2.34586238861084,1.8686186075210571,-0.0031078215688467026,0.378899484872818,0.3795705144914678,-0.0006184591322863763,tracking,0.3795705144914678,-0.0006184591322863763,tracking,1.3458700426751276,0,0,0
420,4.199999999999955,2.349651575088501,1.8686063289642334,-0.0032949696760624647,0.3789314031600952,0.3795705144914678,-0.0006184591322863763,tracking,0.3795705144914678,-0.0006184591322863763,tracking,1.3496592490465789,0,0,0
421,4.209999999999955,2.353440761566162,1.8685935735702515,-0.0034821266308426857,0.3789266347885132,0.37890638236326185,-0.0015748093969029384,tracking,0.37890638236326185,-0.0015748093969029384,tracking,1.3534484569931775,0,1,1
422,4.2199999999999545,2.3572299480438232,1.8685798645019531,-0.0036692821886390448,0.37892279028892517,0.37890638236326185,-0.0015748093969029384,tracking,0.37890638236326185,-0.0015748093969029384,tracking,1.357237668270085,0,0,0
423,4.229999999999954,2.3610191345214844,1.8685656785964966,-0.0038564354181289673,0.37891966104507446,0.37890638236326185,-0.0015748093969029384,tracking,0.37890638236326185,-0.0015748093969029384,tracking,1.3610268813021544,0,0,0
424,4.239999999999954,2.3648083209991455,1.8685505390167236,-0.004043587949126959,0.3789171278476715,0.37890638236326185,-0.0015748093969029384,tracking,0.37890638236326185,-0.0015748093969029384,tracking,1.364816098024561,0,0,0
425,4.249999999999954,2.3685975074768066,1.8685349225997925,-0.004230738617479801,0.37891507148742676,0.37890638236326185,-0.0015748093969029384,tracking,0.37890638236326185,-0.0015748093969029384,tracking,1.368605316682143,0,0,0
426,4.259999999999954,2.3723866939544678,1.8685184717178345,-0.00441789161413908,0.37892937660217285,0.37921566818024083,0.0011294378204532397,tracking,0.37921566818024083,0.0011294378204532397,tracking,1.3723945388706675,0,1,1
427,4.269999999999953,2.376176118850708,1.8685020208358765,-0.004230729769915342,0.37894299626350403,0.37921566818024083,0.0011294378204532397,tracking,0.37921566818024083,0.0011294378204532397,tracking,1.3761839994755245,0,0,0
428,4.279999999999953,2.3799655437469482,1.8684864044189453,-0.0040435632690787315,0.3789559602737427,0.37921566818024083,0.0011294378204532397,tracking,0.37921566818024083,0.0011294378204532397,tracking,1.379973456549661,0,0,0
429,4.289999999999953,2.3837552070617676,1.8684712648391724,-0.003856388619169593,0.3789682984352112,0.37921566818024083,0.0011294378204532397,tracking,0.37921566818024083,0.0011294378204532397,tracking,1.3837631501054204,0,0,0
430,4.299999999999953,2.387544870376587,1.8684570789337158,-0.003669210011139512,0.3789800703525543,0.37921566818024083,0.0011294378204532397,tracking,0.37921566818024083,0.0011294378204532397,tracking,1.3875528399713066,0,0,0
431,4.3099999999999525,2.391334056854248,1.8684428930282593,-0.0038563483394682407,0.3788452446460724,0.3782712952418469,-0.00248933485174053,tracking,0.3782712952418469,-0.00248933485174053,tracking,1.391342053003376,0,1,1
432,4.319999999999952,2.3951220512390137,1.8684278726577759,-0.004043446388095617,0.37873607873916626,0.3782712952418469,-0.00248933485174053,tracking,0.3782712952418469,-0.00248933485174053,tracking,1.3951300771678377,0,0,0
433,4.329999999999952,2.398908853530884,1.8684123754501343,-0.004230479244142771,0.37864768505096436,0.3782712952418469,-0.00248933485174053,tracking,0.3782712952418469,-0.00248933485174053,tracking,1.3989169111701616,0,0,0
434,4.339999999999952,2.4026949405670166,1.8683959245681763,-0.004417486023157835,0.3785760998725891,0.3782712952418469,-0.00248933485174053,tracking,0.3782712952418469,-0.00248933485174053,tracking,1.402703033946392,0,0,0
435,4.349999999999952,2.406480312347412,1.86837899684906,-0.004604449961334467,0.37851813435554504,0.3782712952418469,-0.00248933485174053,tracking,0.3782712952418469,-0.00248933485174053,tracking,1.406488443575942,0,0,0
436,4.3599999999999515,2.4102656841278076,1.8683611154556274,-0.004791409242898226,0.37854623794555664,0.37910887403052934,-0.0012832213960377757,tracking,0.37910887403052934,-0.0012832213960377757,tracking,1.4102738575902931,0,1,1
437,4.369999999999951,2.4140512943267822,1.8683427572250366,-0.004978386219590902,0.3785730004310608,0.37910887403052934,-0.0012832213960377757,tracking,0.37910887403052934,-0.0012832213960377757,tracking,1.414059512302917,0,0,0
438,4.379999999999951,2.417837142944336,1.8683234453201294,-0.005165372043848038,0.37859848141670227,0.37910887403052934,-0.0012832213960377757,tracking,0.37910887403052934,-0.0012832213960377757,tracking,1.4178454101759062,0,0,0
439,4.389999999999951,2.4216232299804688,1.868303656578064,-0.005352374166250229,0.37862274050712585,0.37910887403052934,-0.0012832213960377757,tracking,0.37910887403052934,-0.0012832213960377757,tracking,1.4216315489265974,0,0,0
440,4.399999999999951,2.4254095554351807,1.8682829141616821,-0.005539384204894304,0.3786458671092987,0.37910887403052934,-0.0012832213960377757,tracking,0.37910887403052934,-0.0012832213960377757,tracking,1.4254179311968966,0,0,0
441,4.40999999999995,2.4291958808898926,1.8682621717453003,-0.005352366715669632,0.378645658493042,0.37864470149661367,0.0019516298448762981,tracking,0.37864470149661367,0.0019516298448762981,tracking,1.429204313467196,0,1,1
442,4.41999999999995,2.4329822063446045,1.8682423830032349,-0.00516534922644496,0.37864547967910767,0.37864470149661367,0.0019516298448762981,tracking,0.37864470149661367,0.0019516298448762981,tracking,1.43299069063321,0,0,0
443,4.42999999999995,2.4367685317993164,1.8682230710983276,-0.004978331737220287,0.3786453306674957,0.37864470149661367,0.0019516298448762981,tracking,0.37864470149661367,0.0019516298448762981,tracking,1.4367770653371543,0,0,0
444,4.43999999999995,2.4405548572540283,1.8682047128677368,-0.004791314713656902,0.3786452114582062,0.37864470149661367,0.0019516298448762981,tracking,0.37864470149661367,0.0019516298448762981,tracking,1.4405634352971066,0,0,0
445,4.4499999999999496,2.4443411827087402,1.8681868314743042,-0.004604297690093517,0.378645122051239,0.37864470149661367,0.0019516298448762981,tracking,0.37864470149661367,0.0019516298448762981,tracking,1.4443498029751367,0,0,0
446,4.459999999999949,2.448126792907715,1.868169903755188,-0.00441731046885252,0.37846240401268005,0.37768451719718377,-0.0033342952360553976,tracking,0.37768451719718377,-0.0033342952360553976,tracking,1.448135451020882,0,1,1
447,4.469999999999949,2.4519107341766357,1.8681529760360718,-0.004604188725352287,0.37831443548202515,0.37768451719718377,-0.0033342952360553976,tracking,0.37768451719718377,-0.0033342952360553976,tracking,1.4519194301532659,0,0,0
448,4.479999999999949,2.455693244934082,1.8681350946426392,-0.00479102274402976,0.3781946301460266,0.37768451719718377,-0.0033342952360553976,tracking,0.37768451719718377,-0.0033342952360553976,tracking,1.4557019831766125,0,0,0
449,4.489999999999949,2.459474563598633,1.8681167364120483,-0.004977785516530275,0.3780975937843323,0.37768451719718377,-0.0033342952360553976,tracking,0.37768451719718377,-0.0033342952360553976,tracking,1.4594833464053318,0,0,0
450,4.4999999999999485,2.4632551670074463,1.8680974245071411,-0.005164519418030977,0.3780190348625183,0.37768451719718377,-0.0033342952360553976,tracking,0.37768451719718377,-0.0033342952360553976,tracking,1.463263999137917,0,0,0
451,4.509999999999948,2.4670355319976807,1.8680776357650757,-0.005351247265934944,0.3780798017978668,0.3792968223495986,-0.0010125758165780057,tracking,0.3792968223495986,-0.0010125758165780057,tracking,1.467044415920985,0,1,1
452,4.519999999999948,2.4708166122436523,1.8680568933486938,-0.005537994671612978,0.3781376779079437,0.3792968223495986,-0.0010125758165780057,tracking,0.3792968223495986,-0.0010125758165780057,tracking,1.4708255530613588,0,0,0
453,4.529999999999948,2.4745981693267822,1.8680356740951538,-0.005724779330193996,0.3781927824020386,0.3792968223495986,-0.0010125758165780057,tracking,0.3792968223495986,-0.0010125758165780057,tracking,1.474607169677264,0,0,0
454,4.539999999999948,2.4783802032470703,1.8680135011672974,-0.005911581683903933,0.3782452642917633,0.3792968223495986,-0.0010125758165780057,tracking,0.3792968223495986,-0.0010125758165780057,tracking,1.4783892685935986,0,0,0
455,4.549999999999947,2.4821629524230957,1.8679908514022827,-0.006098418030887842,0.37829527258872986,0.3792968223495986,-0.0010125758165780057,tracking,0.3792968223495986,-0.0010125758165780057,tracking,1.4821720855784097,0,0,0
456,4.559999999999947,2.4859423637390137,1.8679673671722412,-0.006285146810114384,0.37759315967559814,0.37460386205144997,-0.00030232395954877395,tracking,0.37460386205144997,-0.00030232395954877395,tracking,1.4859515698559203,0,1,1
457,4.569999999999947,2.489715337753296,1.8679434061050415,-0.006471457425504923,0.3770245909690857,0.37460386205144997,-0.00030232395954877395,tracking,0.37460386205144997,-0.00030232395954877395,tracking,1.4897246199543406,0,0,0
458,4.579999999999947,2.493483304977417,1.867918610572815,-0.006657598540186882,0.3765641748905182,0.37460386205144997,-0.00030232395954877395,tracking,0.37460386205144997,-0.00030232395954877395,tracking,1.4934926687624732,0,0,0
459,4.589999999999947,2.4972469806671143,1.8678933382034302,-0.00684346491470933,0.37619131803512573,0.37460386205144997,-0.00030232395954877395,tracking,0.37460386205144997,-0.00030232395954877395,tracking,1.4972564293008008,0,0,0
460,4.599999999999946,2.501007318496704,1.867867112159729,-0.007029220461845398,0.375889390707016,0.37460386205144997,-0.00030232395954877395,tracking,0.37460386205144997,-0.00030232395954877395,tracking,1.5010168585845414,0,0,0
461,4.609999999999946,2.504758596420288,1.8678405284881592,-0.007214383687824011,0.37439247965812683,0.3680191677640376,-0.0009397484876349704,tracking,0.3680191677640376,-0.0009397484876349704,tracking,1.5047682307003896,0,1,1
462,4.619999999999946,2.5084962844848633,1.8678131103515625,-0.007399100810289383,0.3731802701950073,0.3680191677640376,-0.0009397484876349704,tracking,0.3680191677640376,-0.0009397484876349704,tracking,1.5085060193276774,0,0,0
463,4.629999999999946,2.5122230052948,1.8677853345870972,-0.007583095692098141,0.3721986413002014,0.3680191677640376,-0.0009397484876349704,tracking,0.3680191677640376,-0.0009397484876349704,tracking,1.5122328436444792,0,0,0
464,4.6399999999999455,2.5159409046173096,1.867756724357605,-0.007766798138618469,0.37140369415283203,0.3680191677640376,-0.0009397484876349704,tracking,0.3680191677640376,-0.0009397484876349704,tracking,1.5159508530470427,0,0,0
465,4.649999999999945,2.5196516513824463,1.8677276372909546,-0.007950026541948318,0.3707599639892578,0.3680191677640376,-0.0009397484876349704,tracking,0.3680191677640376,-0.0009397484876349704,tracking,1.5196617138113964,0,0,0
466,4.659999999999945,2.523350715637207,1.867697834968567,-0.008132868446409702,0.36905527114868164,0.36179727799874395,-0.0012465210821837344,tracking,0.36179727799874395,-0.0012465210821837344,tracking,1.523360898118682,0,1,1
467,4.669999999999945,2.527034282684326,1.8676676750183105,-0.00831469427794218,0.3676747977733612,0.36179727799874395,-0.0012465210821837344,tracking,0.36179727799874395,-0.0012465210821837344,tracking,1.5270445886340784,0,0,0
468,4.679999999999945,2.530705213546753,1.8676366806030273,-0.008496109396219254,0.36655688285827637,0.36179727799874395,-0.0012465210821837344,tracking,0.36179727799874395,-0.0012465210821837344,tracking,1.5307156503402468,0,0,0
469,4.689999999999944,2.5343661308288574,1.8676053285598755,-0.008676857687532902,0.36565160751342773,0.36179727799874395,-0.0012465210821837344,tracking,0.36179727799874395,-0.0012465210821837344,tracking,1.5343767018691141,0,0,0
470,4.699999999999944,2.5380189418792725,1.8675731420516968,-0.008857336826622486,0.3649185001850128,0.36179727799874395,-0.0012465210821837344,tracking,0.36179727799874395,-0.0012465210821837344,tracking,1.5380296547214438,0,0,0
471,4.709999999999944,2.541658639907837,1.8675410747528076,-0.008677719160914421,0.3630364239215851,0.355023324286239,0.0014488686438622722,tracking,0.355023324286239,0.0014488686438622722,tracking,1.5416694940105875,0,1,1
472,4.719999999999944,2.545281171798706,1.8675100803375244,-0.008498662151396275,0.36151233315467834,0.355023324286239,0.0014488686438622722,tracking,0.355023324286239,0.0014488686438622722,tracking,1.5452921584932773,0,0,0
473,4.729999999999944,2.5488901138305664,1.867479681968689,-0.008320513181388378,0.3602781295776367,0.355023324286239,0.0014488686438622722,tracking,0.355023324286239,0.0014488686438622722,tracking,1.5489012285466506,0,0,0
474,4.739999999999943,2.552487850189209,1.8674501180648804,-0.008142732083797455,0.35927867889404297,0.355023324286239,0.0014488686438622722,tracking,0.355023324286239,0.0014488686438622722,tracking,1.5524990863718997,0,0,0
475,4.749999999999943,2.5560765266418457,1.8674211502075195,-0.007965547032654285,0.35846930742263794,0.355023324286239,0.0014488686438622722,tracking,0.355023324286239,0.0014488686438622722,tracking,1.5560878797371507,0,0,0
476,4.759999999999943,2.5596511363983154,1.867393136024475,-0.007788821589201689,0.35648423433303833,0.348032534636892,0.011099082661651247,tracking,0.348032534636892,0.011099082661651247,tracking,1.5596625992653794,0,1,1
477,4.769999999999943,2.5632078647613525,1.8673655986785889,-0.007613279391080141,0.35487672686576843,0.348032534636892,0.011099082661651247,tracking,0.348032534636892,0.011099082661651247,tracking,1.5632194342283559,0,0,0
478,4.7799999999999425,2.5667500495910645,1.867339015007019,-0.007438215892761946,0.3535749614238739,0.348032534636892,0.011099082661651247,tracking,0.348032534636892,0.011099082661651247,tracking,1.5667617188102938,0,0,0
479,4.789999999999942,2.5702803134918213,1.8673129081726074,-0.007263928186148405,0.35252079367637634,0.348032534636892,0.011099082661651247,tracking,0.348032534636892,0.011099082661651247,tracking,1.5702920792417214,0,0,0
480,4.799999999999942,2.573801279067993,1.8672877550125122,-0.007089954800903797,0.3516671359539032,0.348032534636892,0.011099082661651247,tracking,0.348032534636892,0.011099082661651247,tracking,1.5738131346616275,0,0,0
481,4.809999999999942,2.577308416366577,1.8672627210617065,-0.00726302620023489,0.3497808575630188,0.3417498045809308,-0.01345698950783324,tracking,0.3417498045809308,-0.010900917338348755,tracking,1.5773203613052609,0,1,1
482,4.819999999999942,2.580798387527466,1.8672369718551636,-0.007435535546392202,0.3482533395290375,0.3417498045809308,-0.01345698950783324,tracking,0.3417498045809308,-0.01345698950783324,tracking,1.580810427454415,0,0,0
483,4.8299999999999415,2.5842745304107666,1.8672109842300415,-0.007607134524732828,0.3470163643360138,0.3417498045809308,-0.01345698950783324,tracking,0.3417498045809308,-0.01345698950783324,tracking,1.5842866674780298,0,0,0
484,4.839999999999941,2.5877394676208496,1.8671842813491821,-0.0077783651649951935,0.34601467847824097,0.3417498045809308,-0.01345698950783324,tracking,0.3417498045809308,-0.01345698950783324,tracking,1.5877517075807797,0,0,0
485,4.849999999999941,2.5911953449249268,1.867157220840454,-0.007948998361825943,0.3452034890651703,0.3417498045809308,-0.01345698950783324,tracking,0.3417498045809308,-0.01345698950783324,tracking,1.5912076908289983,0,0,0
486,4.859999999999941,2.5946381092071533,1.8671294450759888,-0.008119194768369198,0.3433583676815033,0.33550247996475496,-0.018776241129482646,tracking,0.33550247996475496,-0.018776241129482646,tracking,1.5946505671549889,0,1,1
487,4.869999999999941,2.5980641841888428,1.8671014308929443,-0.008288291282951832,0.3418641686439514,0.33550247996475496,-0.018776241129482646,tracking,0.33550247996475496,-0.018776241129482646,tracking,1.5980767566673495,0,0,0
488,4.87999999999994,2.6014766693115234,1.8670728206634521,-0.0084569426253438,0.3406541645526886,0.33550247996475496,-0.018776241129482646,tracking,0.33550247996475496,-0.018776241129482646,tracking,1.6014893617218129,0,0,0
489,4.88999999999994,2.6048781871795654,1.8670438528060913,-0.008624873124063015,0.33967432379722595,0.33550247996475496,-0.018776241129482646,tracking,0.33550247996475496,-0.018776241129482646,tracking,1.604891002935017,0,0,0
490,4.89999999999994,2.6082708835601807,1.8670141696929932,-0.008792511187493801,0.33888083696365356,0.33550247996475496,-0.018776241129482646,tracking,0.33550247996475496,-0.018776241129482646,tracking,1.60828382916373,0,0,0
491,4.90999999999994,2.611649513244629,1.866984248161316,-0.008959225378930569,0.33686697483062744,0.32829270537004607,-0.005606551259671917,tracking,0.32829270537004607,-0.005606551259671917,tracking,1.6116625913398372,0,1,1
492,4.9199999999999395,2.6150097846984863,1.866953730583191,-0.009125339798629284,0.33523616194725037,0.32829270537004607,-0.005606551259671917,tracking,0.32829270537004607,-0.005606551259671917,tracking,1.6150230013693103,0,0,0
493,4.929999999999939,2.6183555126190186,1.8669229745864868,-0.0092904819175601,0.33391550183296204,0.32829270537004607,-0.005606551259671917,tracking,0.32829270537004607,-0.005606551259671917,tracking,1.6183688706509114,0,0,0
494,4.939999999999939,2.6216890811920166,1.866891622543335,-0.00945523101836443,0.3328460454940796,0.32829270537004607,-0.005606551259671917,tracking,0.32829270537004607,-0.005606551259671917,tracking,1.6217025866528363,0,0,0
495,4.949999999999939,2.6250131130218506,1.866860032081604,-0.009619342163205147,0.33197999000549316,0.32829270537004607,-0.005606551259671917,tracking,0.32829270537004607,-0.005606551259671917,tracking,1.6250267685917532,0,0,0
496,4.959999999999939,2.628324508666992,1.8668278455734253,-0.009783037938177586,0.33032405376434326,0.32327369739274203,-0.011272775667761453,tracking,0.32327369739274203,-0.011272775667761453,tracking,1.6283383206583788,0,1,1
497,4.9699999999999385,2.6316208839416504,1.8667954206466675,-0.009945747442543507,0.3289830684661865,0.32327369739274203,-0.011272775667761453,tracking,0.32327369739274203,-0.011272775667761453,tracking,1.6316348554037217,0,0,0
498,4.979999999999938,2.6349050998687744,1.866762399673462,-0.010108057409524918,0.3278971314430237,0.32327369739274203,-0.011272775667761453,tracking,0.32327369739274203,-0.011272775667761453,tracking,1.6349192373304542,0,0,0
499,4.989999999999938,2.6381795406341553,1.8667291402816772,-0.01026972010731697,0.32701775431632996,0.32327369739274203,-0.011272775667761453,tracking,0.32327369739274203,-0.011272775667761453,tracking,1.638193847003855,0,0,0
500,4.999999999999938,2.6414458751678467,1.8666952848434448,-0.010431121103465557,0.326305627822876,0.32327369739274203,-0.011272775667761453,tracking,0.32327369739274203,-0.011272775667761453,tracking,1.641460356988025,0,0,0
501,5.009999999999938,2.644698143005371,1.8666611909866333,-0.010591596364974976,0.3242073655128479,0.3096716835640548,-0.10127277566776113,tracking,0.315273697392742,-0.033272775667761455,tracking,1.6447128035253362,0,1,1
502,5.019999999999937,2.647926092147827,1.866626262664795,-0.011070036329329014,0.3214426636695862,0.3096716835640548,-0.10127277566776113,tracking,0.3096716835640548,-0.05527277566776145,tracking,1.6479409416348274,0,0,0
503,5.029999999999937,2.6511290073394775,1.8665896654129028,-0.01186253223568201,0.31920382380485535,0.3096716835640548,-0.10127277566776113,tracking,0.3096716835640548,-0.07727277566776146,tracking,1.6511440659039982,0,0,0
504,5.039999999999937,2.6543116569519043,1.8665502071380615,-0.012967387214303017,0.3173907995223999,0.3096716835640548,-0.10127277566776113,tracking,0.3096716835640548,-0.09927277566776146,tracking,1.654326960107539,0,0,0
505,5.049999999999937,2.657477855682373,1.8665072917938232,-0.014066820032894611,0.3159226179122925,0.3096716835640548,-0.10127277566776113,tracking,0.3096716835640548,-0.10127277566776113,tracking,1.6574934496665923,0,0,0
506,5.0599999999999365,2.66062331199646,1.8664613962173462,-0.015158651396632195,0.3132120966911316,0.2696716835640549,-0.1912727756677608,tracking,0.30167168356405477,-0.12327277566776114,tracking,1.6606392407956676,0,1,1
507,5.069999999999936,2.663736343383789,1.8664121627807617,-0.016551900655031204,0.3094955086708069,0.2696716835640549,-0.1912727756677608,tracking,0.29367168356405476,-0.14527277566776114,tracking,1.6637526614787386,0,0,0
508,5.079999999999936,2.6668081283569336,1.866358757019043,-0.018238015472888947,0.30496421456336975,0.2696716835640549,-0.1912727756677608,tracking,0.28567168356405476,-0.16727277566776114,tracking,1.6668249106705557,0,0,0
509,5.089999999999936,2.6698312759399414,1.8663010597229004,-0.019898271188139915,0.2997731864452362,0.2696716835640549,-0.1912727756677608,tracking,0.27767168356405475,-0.18927277566776113,tracking,1.6698486087848898,0,0,0
510,5.099999999999936,2.672799825668335,1.8662396669387817,-0.021527638658881187,0.29404789209365845,0.2696716835640549,-0.1912727756677608,tracking,0.2696716835640549,-0.1912727756677608,tracking,1.6728177932796437,0,0,0
511,5.1099999999999355,2.675708770751953,1.866174340248108,-0.023422639816999435,0.28788992762565613,0.22967168356405435,-0.2812727756677621,tracking,0.2616716835640549,-0.2132727756677608,tracking,1.6757274717972845,0,1,1
512,5.119999999999935,2.6785542964935303,1.8661047220230103,-0.025572115555405617,0.28138160705566406,0.22967168356405435,-0.2812727756677621,tracking,0.2536716835640549,-0.23527277566776078,tracking,1.6785738490462176,0,0,0
513,5.129999999999935,2.681333065032959,1.8660303354263306,-0.027964746579527855,0.27458956837654114,0.22967168356405435,-0.2812727756677621,tracking,0.2456716835640549,-0.2572727756677608,tracking,1.681353613058051,0,0,0
514,5.139999999999935,2.6840426921844482,1.865951418876648,-0.030251111835241318,0.26756778359413147,0.22967168356405435,-0.2812727756677621,tracking,0.23767168356405488,-0.2792727756677608,tracking,1.68406438916867,0,0,0
515,5.149999999999935,2.686681032180786,1.8658686876296997,-0.03247622773051262,0.2603599429130554,0.22967168356405435,-0.2812727756677621,tracking,0.22967168356405487,-0.2812727756677621,tracking,1.6867040259610142,0,0,0
516,5.159999999999934,2.689246416091919,1.8657824993133545,-0.034641217440366745,0.25300145149230957,0.19409902650536437,-0.2676974018322753,tracking,0.22167168356405487,-0.2676974018322753,tracking,1.6892708572833597,0,1,1
517,5.169999999999934,2.691737413406372,1.8656935691833496,-0.03674233332276344,0.2455209344625473,0.19409902650536437,-0.2676974018322753,tracking,0.21367168356405486,-0.2676974018322753,tracking,1.6917634415223846,0,0,0
518,5.179999999999934,2.694153070449829,1.8656022548675537,-0.038781289011240005,0.23794160783290863,0.19409902650536437,-0.2676974018322753,tracking,0.20567168356405485,-0.2676974018322753,tracking,1.6941808238371774,0,0,0
519,5.189999999999934,2.6964924335479736,1.865509271621704,-0.04075464978814125,0.230282261967659,0.19409902650536437,-0.2676974018322753,tracking,0.19767168356405485,-0.2676974018322753,tracking,1.6965220341201228,0,0,0
520,5.199999999999934,2.698758840560913,1.8654146194458008,-0.042667992413043976,0.22340020537376404,0.19409902650536437,-0.2676974018322753,tracking,0.19409902650536437,-0.2676974018322753,tracking,1.6987904167559902,0,0,0
521,5.209999999999933,2.700970411300659,1.8653182983398438,-0.04430195689201355,0.2193487137556076,0.2112999921672097,-0.24292801127921798,tracking,0.20209902650536438,-0.24569740183227531,tracking,1.701004084050855,0,1,1
522,5.219999999999933,2.703152894973755,1.8652198314666748,-0.045913975685834885,0.21758942306041718,0.2112999921672097,-0.24292801127921798,tracking,0.21009902650536438,-0.24292801127921798,tracking,1.7031887878542207,0,0,0
523,5.229999999999933,2.705320358276367,1.8651185035705566,-0.047515347599983215,0.21639317274093628,0.2112999921672097,-0.24292801127921798,tracking,0.2112999921672097,-0.24292801127921798,tracking,1.705358618380023,0,0,0
524,5.239999999999933,2.707476854324341,1.8650143146514893,-0.04910854250192642,0.21542444825172424,0.2112999921672097,-0.24292801127921798,tracking,0.2112999921672097,-0.24292801127921798,tracking,1.7075176298519197,0,0,0
525,5.2499999999999325,2.7096245288848877,1.8649070262908936,-0.050695423036813736,0.21463997662067413,0.2112999921672097,-0.24292801127921798,tracking,0.2112999921672097,-0.24292801127921798,tracking,1.7096679825695777,0,0,0
526,5.259999999999932,2.711766242980957,1.8647966384887695,-0.05227798596024513,0.21428148448467255,0.21275518044239836,-0.24083254016294636,tracking,0.21275518044239836,-0.24083254016294636,tracking,1.7118125395718884,0,1,1
527,5.269999999999932,2.713904619216919,1.8646830320358276,-0.053858209401369095,0.213991180062294,0.21275518044239836,-0.24083254016294636,tracking,0.21275518044239836,-0.24083254016294636,tracking,1.7139539314913363,0,0,0
528,5.279999999999932,2.7160401344299316,1.8645662069320679,-0.055436450988054276,0.21375608444213867,0.21275518044239836,-0.24083254016294636,tracking,0.21275518044239836,-0.24083254016294636,tracking,1.7160926398234557,0,0,0
529,5.289999999999932,2.7181732654571533,1.8644460439682007,-0.05701315775513649,0.21356570720672607,0.21275518044239836,-0.24083254016294636,tracking,0.21275518044239836,-0.24083254016294636,tracking,1.7182291526638527,0,0,0
530,5.299999999999931,2.720304489135742,1.8643227815628052,-0.05858856439590454,0.21341153979301453,0.21275518044239836,-0.24083254016294636,tracking,0.21275518044239836,-0.24083254016294636,tracking,1.7203639378963202,0,0,0
531,5.309999999999931,2.722426652908325,1.8641964197158813,-0.060380969196558,0.2117650955915451,0.18,-0.288,tracking,0.20475518044239835,-0.2628325401629464,tracking,1.7224898603770382,0,1,1
532,5.319999999999931,2.7245261669158936,1.8640674352645874,-0.062341876327991486,0.20891021192073822,0.18,-0.288,tracking,0.19675518044239834,-0.2848325401629464,tracking,1.7245933327578056,0,0,0
533,5.329999999999931,2.7265920639038086,1.8639365434646606,-0.06419794261455536,0.20507672429084778,0.18,-0.288,tracking,0.18875518044239833,-0.288,tracking,1.7266633721361664,0,0,0
534,5.339999999999931,2.7286155223846436,1.8638046979904175,-0.0660153329372406,0.20045076310634613,0.18,-0.288,tracking,0.18075518044239833,-0.288,tracking,1.7286911214926552,0,0,0
535,5.34999999999993,2.7305960655212402,1.8636720180511475,-0.0677599310874939,0.1965610235929489,0.18,-0.288,tracking,0.18,-0.288,tracking,1.7306761038810419,0,0,0
536,5.35999999999993,2.73254132270813,1.863538384437561,-0.06947297602891922,0.19341111183166504,0.18,-0.288,tracking,0.18,-0.288,tracking,1.7326259457889477,0,1,1
537,5.36999999999993,2.7344579696655273,1.8634033203125,-0.07122968882322311,0.190860316157341,0.18,-0.288,tracking,0.18,-0.288,tracking,1.7345473457673954,0,0,0
538,5.37999999999993,2.736351251602173,1.8632665872573853,-0.07296530157327652,0.18879468739032745,0.18,-0.288,tracking,0.18,-0.288,tracking,1.7364455587217262,0,0,0
539,5.3899999999999295,2.7382256984710693,1.8631279468536377,-0.07468382269144058,0.1871219426393509,0.18,-0.288,tracking,0.18,-0.288,tracking,1.738325125753217,0,0,0
540,5.399999999999929,2.7400848865509033,1.8629872798919678,-0.07638850063085556,0.18576735258102417,0.18,-0.288,tracking,0.18,-0.288,tracking,1.7401896277001998,0,0,0
541,5.409999999999929,2.741931438446045,1.8628443479537964,-0.07808197289705276,0.18467040359973907,0.18,-0.288,tracking,0.18,-0.288,tracking,1.742041703141536,0,1,1
542,5.419999999999929,2.7437679767608643,1.8626991510391235,-0.07976637035608292,0.18378210067749023,0.18,-0.288,tracking,0.18,-0.288,tracking,1.7438839721571333,0,0,0
543,5.429999999999929,2.745596170425415,1.8625514507293701,-0.0814434140920639,0.18306274712085724,0.18,-0.288,tracking,0.18,-0.288,tracking,1.7457181224935574,0,0,0
544,5.4399999999999284,2.747417688369751,1.8624012470245361,-0.08311451226472855,0.18248021602630615,0.18,-0.288,tracking,0.18,-0.288,tracking,1.7475458228996643,0,0,0
545,5.449999999999928,2.7492337226867676,1.862248420715332,-0.08478078991174698,0.18200847506523132,0.18,-0.288,tracking,0.18,-0.288,tracking,1.7493682763342866,0,0,0
546,5.459999999999928,2.7510452270507812,1.8620929718017578,-0.08634612709283829,0.18162646889686584,0.18,-0.1980000000000003,opening_bridge,0.18,-0.26599999999999996,opening_bridge,1.7511864381603,0,1,1
547,5.469999999999928,2.7528531551361084,1.8619352579116821,-0.08771692961454391,0.18131712079048157,0.18,-0.1980000000000003,opening_bridge,0.18,-0.24399999999999997,opening_bridge,1.7530012322623505,0,0,0
548,5.479999999999928,2.7546579837799072,1.8617753982543945,-0.08889733254909515,0.1810666024684906,0.18,-0.1980000000000003,opening_bridge,0.18,-0.22199999999999998,opening_bridge,1.754813126724924,0,0,0
549,5.489999999999927,2.756460428237915,1.8616137504577637,-0.09007622301578522,0.18086373805999756,0.18,-0.1980000000000003,opening_bridge,0.18,-0.19999999999999998,opening_bridge,1.7566228051588892,0,0,0
550,5.499999999999927,2.758260726928711,1.8614500761032104,-0.09125394374132156,0.1806994527578354,0.18,-0.1980000000000003,opening_bridge,0.18,-0.1980000000000003,opening_bridge,1.7584305287744952,0,0,0
551,5.509999999999927,2.760059356689453,1.8612844944000244,-0.09224551916122437,0.18056641519069672,0.18,-0.10800000000000061,opening_bridge,0.18,-0.1760000000000003,opening_bridge,1.760236764173511,0,1,1
552,5.519999999999927,2.7618567943573,1.8611174821853638,-0.09305346757173538,0.1804586797952652,0.18,-0.10800000000000061,opening_bridge,0.18,-0.1540000000000003,opening_bridge,1.7620419442890785,0,0,0
553,5.5299999999999265,2.763653039932251,1.860949158668518,-0.09386096149682999,0.18037143349647522,0.18,-0.10800000000000061,opening_bridge,0.18,-0.1320000000000003,opening_bridge,1.7638460592997844,0,0,0
554,5.539999999999926,2.7654483318328857,1.8607794046401978,-0.09466812014579773,0.1803007870912552,0.18,-0.10800000000000061,opening_bridge,0.18,-0.1100000000000003,opening_bridge,1.7656493588973599,0,0,0
555,5.549999999999926,2.767242908477783,1.860608458518982,-0.09529396146535873,0.180243581533432,0.18,-0.10800000000000061,opening_bridge,0.18,-0.10800000000000061,opening_bridge,1.7674520590695377,0,0,0
556,5.559999999999926,2.7690370082855225,1.8604365587234497,-0.09573994576931,0.18019725382328033,0.18,-0.018000000000000932,opening_bridge,0.18,-0.0860000000000006,opening_bridge,1.7692543752626166,0,1,1
557,5.569999999999926,2.7708303928375244,1.8602639436721802,-0.09609634429216385,0.18015973269939423,0.18,-0.018000000000000932,opening_bridge,0.18,-0.0640000000000006,opening_bridge,1.7710560478486554,0,0,0
558,5.5799999999999255,2.7726235389709473,1.8600908517837524,-0.09636345505714417,0.18012934923171997,0.18,-0.018000000000000932,opening_bridge,0.18,-0.04200000000000059,opening_bridge,1.7728575288664985,0,0,0
559,5.589999999999925,2.774416446685791,1.859917402267456,-0.09645242244005203,0.18010474741458893,0.18,-0.018000000000000932,opening_bridge,0.18,-0.02000000000000059,opening_bridge,1.7746588069706928,0,0,0
560,5.599999999999925,2.7762091159820557,1.8597439527511597,-0.0965413749217987,0.18008482456207275,0.18,-0.018000000000000932,opening_bridge,0.18,-0.018000000000000932,opening_bridge,1.7764598477643656,0,0,0
561,5.609999999999925,2.778001546859741,1.8595702648162842,-0.09663031995296478,0.18006868660449982,0.18,0.0,opening_bridge,0.18,0.0,opening_bridge,1.7782606742274103,0,1,1
562,5.619999999999925,2.7797937393188477,1.8593965768814087,-0.09663031995296478,0.1800556182861328,0.18,0.0,opening_bridge,0.18,0.0,opening_bridge,1.7800612633835475,0,0,0
563,5.629999999999924,2.781585931777954,1.8592228889465332,-0.09663031995296478,0.18004503846168518,0.18,0.0,opening_bridge,0.18,0.0,opening_bridge,1.7818618525396848,0,0,0
564,5.639999999999924,2.7833778858184814,1.8590492010116577,-0.09663031995296478,0.18003647029399872,0.18,0.0,opening_bridge,0.18,0.0,opening_bridge,1.7836622043892085,0,0,0
565,5.649999999999924,2.785169839859009,1.8588755130767822,-0.09663031995296478,0.18002954125404358,0.18,0.0,opening_bridge,0.18,0.0,opening_bridge,1.7854625562387323,0,0,0
566,5.659999999999924,2.786961793899536,1.8587018251419067,-0.09663031995296478,0.1800239235162735,0.18,0.0,opening_bridge,0.18,0.0,opening_bridge,1.787262908088256,0,1,1
567,5.6699999999999235,2.7887535095214844,1.8585281372070312,-0.09663031995296478,0.18001937866210938,0.18,0.0,opening_bridge,0.18,0.0,opening_bridge,1.78906302263146,0,0,0
568,5.679999999999923,2.7905452251434326,1.8583544492721558,-0.09663031995296478,0.1800156980752945,0.18,0.0,opening_bridge,0.18,0.0,opening_bridge,1.7908631371746642,0,0,0
569,5.689999999999923,2.792336940765381,1.8581807613372803,-0.09663031995296478,0.18001271784305573,0.18,0.0,opening_bridge,0.18,0.0,opening_bridge,1.7926632517178682,0,0,0
570,5.699999999999923,2.794128656387329,1.8580070734024048,-0.09663031995296478,0.18001030385494232,0.18,0.0,opening_bridge,0.18,0.0,opening_bridge,1.7944633662610723,0,0,0
571,5.709999999999923,2.7959203720092773,1.8578333854675293,-0.09663031995296478,0.18000835180282593,0.18,0.0,opening_bridge,0.18,0.0,opening_bridge,1.7962634808042763,0,1,1
572,5.7199999999999225,2.7977120876312256,1.8576596975326538,-0.09663031995296478,0.18000675737857819,0.18,0.0,opening_bridge,0.18,0.0,opening_bridge,1.7980635953474804,0,0,0
573,5.729999999999922,2.799503803253174,1.8574860095977783,-0.09663031995296478,0.18000547587871552,0.18,0.0,opening_bridge,0.18,0.0,opening_bridge,1.7998637098906844,0,0,0
574,5.739999999999922,2.801295518875122,1.8573123216629028,-0.09663031995296478,0.18000443279743195,0.18,0.0,opening_bridge,0.18,0.0,opening_bridge,1.8016638244338885,0,0,0
575,5.749999999999922,2.8030872344970703,1.8571386337280273,-0.09663031995296478,0.1800035983324051,0.18,0.0,opening_bridge,0.18,0.0,opening_bridge,1.8034639389770926,0,0,0
576,5.759999999999922,2.8048789501190186,1.8569649457931519,-0.09663031995296478,0.18000291287899017,0.18,0.0,opening_bridge,0.18,0.0,opening_bridge,1.8052640535202966,0,1,1
577,5.769999999999921,2.806670665740967,1.8567912578582764,-0.09663031995296478,0.180002361536026,0.18,0.0,opening_bridge,0.18,0.0,opening_bridge,1.8070641680635007,0,0,0
578,5.779999999999921,2.808462381362915,1.8566175699234009,-0.09663031995296478,0.18000191450119019,0.18,0.0,opening_bridge,0.18,0.0,opening_bridge,1.8088642826067047,0,0,0
579,5.789999999999921,2.8102540969848633,1.8564438819885254,-0.09663031995296478,0.18000155687332153,0.18,0.0,opening_bridge,0.18,0.0,opening_bridge,1.8106643971499088,0,0,0
580,5.799999999999921,2.8120458126068115,1.85627019405365,-0.09663031995296478,0.18000125885009766,0.18,0.0,opening_bridge,0.18,0.0,opening_bridge,1.8124645116931128,0,0,0
581,5.809999999999921,2.8138375282287598,1.8560965061187744,-0.09663031995296478,0.18000102043151855,0.18,0.0,opening_bridge,0.18,0.0,opening_bridge,1.814264626236317,0,1,1
582,5.81999999999992,2.815629243850708,1.855922818183899,-0.09663031995296478,0.18000082671642303,0.18,0.0,opening_bridge,0.18,0.0,opening_bridge,1.816064740779521,0,0,0
583,5.82999999999992,2.8174209594726562,1.8557491302490234,-0.09663031995296478,0.1800006777048111,0.18,0.0,opening_bridge,0.18,0.0,opening_bridge,1.817864855322725,0,0,0
584,5.83999999999992,2.8192126750946045,1.855575442314148,-0.09663031995296478,0.18000054359436035,0.18,0.0,opening_bridge,0.18,0.0,opening_bridge,1.819664969865929,0,0,0
585,5.84999999999992,2.8210043907165527,1.8554017543792725,-0.09663031995296478,0.180000439286232,0.18,0.0,opening_bridge,0.18,0.0,opening_bridge,1.8214650844091331,0,0,0
586,5.8599999999999195,2.822796106338501,1.855228066444397,-0.09663031995296478,0.18000034987926483,0.18,0.0,opening_bridge,0.18,0.0,opening_bridge,1.8232651989523372,0,1,1
587,5.869999999999919,2.824587821960449,1.8550543785095215,-0.09663031995296478,0.18000029027462006,0.18,0.0,opening_bridge,0.18,0.0,opening_bridge,1.8250653134955412,0,0,0
588,5.879999999999919,2.8263795375823975,1.854880690574646,-0.09663031995296478,0.18000023066997528,0.18,0.0,opening_bridge,0.18,0.0,opening_bridge,1.8268654280387453,0,0,0
589,5.889999999999919,2.8281712532043457,1.8547070026397705,-0.09663031995296478,0.1800001859664917,0.18,0.0,opening_bridge,0.18,0.0,opening_bridge,1.8286655425819494,0,0,0
590,5.899999999999919,2.829962968826294,1.854533314704895,-0.09663031995296478,0.1800001561641693,0.18,0.0,opening_bridge,0.18,0.0,opening_bridge,1.8304656571251534,0,0,0
591,5.909999999999918,2.831754684448242,1.8543596267700195,-0.09663031995296478,0.18000012636184692,0.18,0.0,opening_bridge,0.18,0.0,opening_bridge,1.8322657716683575,0,1,1
592,5.919999999999918,2.8335464000701904,1.854185938835144,-0.09663031995296478,0.18000009655952454,0.18,0.0,opening_bridge,0.18,0.0,opening_bridge,1.8340658862115615,0,0,0
593,5.929999999999918,2.8353381156921387,1.8540122509002686,-0.09663031995296478,0.18000008165836334,0.18,0.0,opening_bridge,0.18,0.0,opening_bridge,1.8358660007547656,0,0,0
594,5.939999999999918,2.837129831314087,1.853838562965393,-0.09663031995296478,0.18000006675720215,0.18,0.0,opening_bridge,0.18,0.0,opening_bridge,1.8376661152979696,0,0,0
595,5.949999999999918,2.838921546936035,1.8536648750305176,-0.09663031995296478,0.18000005185604095,0.18,0.0,opening_bridge,0.18,0.0,opening_bridge,1.8394662298411737,0,0,0
596,5.959999999999917,2.8407132625579834,1.853491187095642,-0.09663031995296478,0.18000003695487976,0.18,0.0,opening_bridge,0.18,0.0,opening_bridge,1.8412663443843778,0,1,1
597,5.969999999999917,2.8425049781799316,1.8533174991607666,-0.09663031995296478,0.18000003695487976,0.18,0.0,opening_bridge,0.18,0.0,opening_bridge,1.8430664589275818,0,0,0
598,5.979999999999917,2.84429669380188,1.8531438112258911,-0.09663031995296478,0.18000003695487976,0.18,0.0,opening_bridge,0.18,0.0,opening_bridge,1.8448665734707859,0,0,0
599,5.989999999999917,2.846088409423828,1.8529701232910156,-0.09663031995296478,0.18000003695487976,0.18,0.0,opening_bridge,0.18,0.0,opening_bridge,1.84666668801399,0,0,0
600,5.9999999999999165,2.8478801250457764,1.8527964353561401,-0.09663031995296478,0.18000003695487976,0.18,0.0,opening_bridge,0.18,0.0,opening_bridge,1.848466802557194,0,0,0
601,6.009999999999916,2.8496718406677246,1.8526227474212646,-0.09663031995296478,0.18000003695487976,0.18,0.0,opening_bridge,0.18,0.0,opening_bridge,1.850266917100398,0,1,1
602,6.019999999999916,2.851463556289673,1.8524490594863892,-0.09663031995296478,0.18000003695487976,0.18,0.0,opening_bridge,0.18,0.0,opening_bridge,1.852067031643602,0,0,0
603,6.029999999999916,2.853255271911621,1.8522753715515137,-0.09663031995296478,0.18000003695487976,0.18,0.0,opening_bridge,0.18,0.0,opening_bridge,1.8538671461868061,0,0,0
604,6.039999999999916,2.8550469875335693,1.8521016836166382,-0.09663031995296478,0.18000003695487976,0.18,0.0,opening_bridge,0.18,0.0,opening_bridge,1.8556672607300102,0,0,0
605,6.0499999999999154,2.8568387031555176,1.8519279956817627,-0.09663031995296478,0.18000003695487976,0.18,0.0,opening_bridge,0.18,0.0,opening_bridge,1.8574673752732143,0,0,0
606,6.059999999999915,2.858630418777466,1.8517543077468872,-0.09663031995296478,0.18000003695487976,0.18,0.0,opening_bridge,0.18,0.0,opening_bridge,1.8592674898164183,0,1,1
607,6.069999999999915,2.860422134399414,1.8515806198120117,-0.09663031995296478,0.18000003695487976,0.18,0.0,opening_bridge,0.18,0.0,opening_bridge,1.8610676043596224,0,0,0
608,6.079999999999915,2.8622138500213623,1.8514069318771362,-0.09663031995296478,0.18000003695487976,0.18,0.0,opening_bridge,0.18,0.0,opening_bridge,1.8628677189028264,0,0,0
609,6.089999999999915,2.8640055656433105,1.8512332439422607,-0.09663031995296478,0.18000003695487976,0.18,0.0,opening_bridge,0.18,0.0,opening_bridge,1.8646678334460305,0,0,0
610,6.099999999999914,2.865797281265259,1.8510595560073853,-0.09663031995296478,0.18000003695487976,0.18,0.0,opening_bridge,0.18,0.0,opening_bridge,1.8664679479892345,0,0,0
611,6.109999999999914,2.867588996887207,1.8508858680725098,-0.09663031995296478,0.18000003695487976,0.18,0.0,opening_bridge,0.18,0.0,opening_bridge,1.8682680625324386,0,1,1
612,6.119999999999914,2.8693807125091553,1.8507121801376343,-0.09663031995296478,0.18000003695487976,0.18,0.0,opening_bridge,0.18,0.0,opening_bridge,1.8700681770756427,0,0,0
613,6.129999999999914,2.8711724281311035,1.8505384922027588,-0.09663031995296478,0.18000003695487976,0.18,0.0,opening_bridge,0.18,0.0,opening_bridge,1.8718682916188467,0,0,0
614,6.1399999999999135,2.8729641437530518,1.8503648042678833,-0.09663031995296478,0.18000003695487976,0.18,0.0,opening_bridge,0.18,0.0,opening_bridge,1.8736684061620508,0,0,0
615,6.149999999999913,2.874755859375,1.8501911163330078,-0.09663031995296478,0.18000003695487976,0.18,0.0,opening_bridge,0.18,0.0,opening_bridge,1.8754685207052548,0,0,0
616,6.159999999999913,2.8765475749969482,1.8500174283981323,-0.09663031995296478,0.18000003695487976,0.18,0.0,opening_bridge,0.18,0.0,opening_bridge,1.8772686352484589,0,1,1
617,6.169999999999913,2.8783392906188965,1.8498437404632568,-0.09663031995296478,0.18000003695487976,0.18,0.0,opening_bridge,0.18,0.0,opening_bridge,1.879068749791663,0,0,0
618,6.179999999999913,2.8801310062408447,1.8496700525283813,-0.09663031995296478,0.18000003695487976,0.18,0.0,opening_bridge,0.18,0.0,opening_bridge,1.880868864334867,0,0,0
619,6.1899999999999125,2.881922721862793,1.8494963645935059,-0.09663031995296478,0.18000003695487976,0.18,0.0,opening_bridge,0.18,0.0,opening_bridge,1.882668978878071,0,0,0
620,6.199999999999912,2.883714437484741,1.8493226766586304,-0.09663031995296478,0.18000003695487976,0.18,0.0,opening_bridge,0.18,0.0,opening_bridge,1.884469093421275,0,0,0
621,6.209999999999912,2.8855061531066895,1.8491489887237549,-0.09663031995296478,0.18000003695487976,0.18,0.0,opening_bridge,0.18,0.0,opening_bridge,1.8862692079644792,0,1,1
622,6.219999999999912,2.8872978687286377,1.8489753007888794,-0.09663031995296478,0.18000003695487976,0.18,0.0,opening_bridge,0.18,0.0,opening_bridge,1.8880693225076832,0,0,0
623,6.229999999999912,2.889089584350586,1.848801612854004,-0.09663031995296478,0.18000003695487976,0.18,0.0,opening_bridge,0.18,0.0,opening_bridge,1.8898694370508873,0,0,0
624,6.239999999999911,2.890881299972534,1.8486279249191284,-0.09663031995296478,0.18000003695487976,0.18,0.0,opening_bridge,0.18,0.0,opening_bridge,1.8916695515940913,0,0,0
625,6.249999999999911,2.8926730155944824,1.848454236984253,-0.09663031995296478,0.18000003695487976,0.18,0.0,opening_bridge,0.18,0.0,opening_bridge,1.8934696661372954,0,0,0
626,6.259999999999911,2.8944647312164307,1.8482805490493774,-0.09663031995296478,0.18000003695487976,0.18,0.0,opening_bridge,0.18,0.0,opening_bridge,1.8952697806804994,0,1,1
627,6.269999999999911,2.896256446838379,1.848106861114502,-0.09663031995296478,0.18000003695487976,0.18,0.0,opening_bridge,0.18,0.0,opening_bridge,1.8970698952237035,0,0,0
628,6.2799999999999105,2.898048162460327,1.8479331731796265,-0.09663031995296478,0.18000003695487976,0.18,0.0,opening_bridge,0.18,0.0,opening_bridge,1.8988700097669076,0,0,0
629,6.28999999999991,2.8998398780822754,1.847759485244751,-0.09663031995296478,0.18000003695487976,0.18,0.0,opening_bridge,0.18,0.0,opening_bridge,1.9006701243101116,0,0,0
630,6.29999999999991,2.9016315937042236,1.8475857973098755,-0.09663031995296478,0.18000003695487976,0.18,0.0,opening_bridge,0.18,0.0,opening_bridge,1.9024702388533157,0,0,0
631,6.30999999999991,2.903423309326172,1.847412109375,-0.09663031995296478,0.18000003695487976,0.18,0.0,opening_bridge,0.18,0.0,opening_bridge,1.9042703533965197,0,1,1
632,6.31999999999991,2.90521502494812,1.8472384214401245,-0.09663031995296478,0.18000003695487976,0.18,0.0,opening_bridge,0.18,0.0,opening_bridge,1.9060704679397238,0,0,0
633,6.3299999999999095,2.9070067405700684,1.847064733505249,-0.09663031995296478,0.18000003695487976,0.18,0.0,opening_bridge,0.18,0.0,opening_bridge,1.9078705824829278,0,0,0
634,6.339999999999909,2.9087984561920166,1.8468910455703735,-0.09663031995296478,0.18000003695487976,0.18,0.0,opening_bridge,0.18,0.0,opening_bridge,1.909670697026132,0,0,0
635,6.349999999999909,2.910590171813965,1.846717357635498,-0.09663031995296478,0.18000003695487976,0.18,0.0,opening_bridge,0.18,0.0,opening_bridge,1.911470811569336,0,0,0
636,6.359999999999909,2.912381887435913,1.8465436697006226,-0.09663031995296478,0.18000003695487976,0.18,0.0,opening_bridge,0.18,0.0,opening_bridge,1.91327092611254,0,1,1
637,6.369999999999909,2.9141736030578613,1.846369981765747,-0.09663031995296478,0.18000003695487976,0.18,0.0,opening_bridge,0.18,0.0,opening_bridge,1.915071040655744,0,0,0
638,6.379999999999908,2.9159653186798096,1.8461962938308716,-0.09663031995296478,0.18000003695487976,0.18,0.0,opening_bridge,0.18,0.0,opening_bridge,1.9168711551989481,0,0,0
639,6.389999999999908,2.917757034301758,1.846022605895996,-0.09663031995296478,0.18000003695487976,0.18,0.0,opening_bridge,0.18,0.0,opening_bridge,1.9186712697421522,0,0,0
640,6.399999999999908,2.919548749923706,1.8458489179611206,-0.09663031995296478,0.18000003695487976,0.18,0.0,opening_bridge,0.18,0.0,opening_bridge,1.9204713842853562,0,0,0
641,6.409999999999908,2.9213404655456543,1.8456752300262451,-0.09663031995296478,0.18000003695487976,0.18,0.0,opening_bridge,0.18,0.0,opening_bridge,1.9222714988285603,0,1,1
642,6.419999999999908,2.9231321811676025,1.8455015420913696,-0.09663031995296478,0.18000003695487976,0.18,0.0,opening_bridge,0.18,0.0,opening_bridge,1.9240716133717644,0,0,0
643,6.429999999999907,2.924923896789551,1.8453278541564941,-0.09663031995296478,0.18000003695487976,0.18,0.0,opening_bridge,0.18,0.0,opening_bridge,1.9258717279149684,0,0,0
644,6.439999999999907,2.926715612411499,1.8451541662216187,-0.09663031995296478,0.18000003695487976,0.18,0.0,opening_bridge,0.18,0.0,opening_bridge,1.9276718424581725,0,0,0
645,6.449999999999907,2.9285073280334473,1.8449804782867432,-0.09663031995296478,0.18000003695487976,0.18,0.0,opening_bridge,0.18,0.0,opening_bridge,1.9294719570013765,0,0,0
646,6.459999999999907,2.9302990436553955,1.8448067903518677,-0.09663031995296478,0.18000003695487976,0.18,0.0,opening_bridge,0.18,0.0,opening_bridge,1.9312720715445806,0,1,1
647,6.4699999999999065,2.9320907592773438,1.8446331024169922,-0.09663031995296478,0.18000003695487976,0.18,0.0,opening_bridge,0.18,0.0,opening_bridge,1.9330721860877846,0,0,0
648,6.479999999999906,2.933882474899292,1.8444594144821167,-0.09663031995296478,0.18000003695487976,0.18,0.0,opening_bridge,0.18,0.0,opening_bridge,1.9348723006309887,0,0,0
649,6.489999999999906,2.9356741905212402,1.8442857265472412,-0.09663031995296478,0.18000003695487976,0.18,0.0,opening_bridge,0.18,0.0,opening_bridge,1.9366724151741928,0,0,0
650,6.499999999999906,2.9374659061431885,1.8441120386123657,-0.09663031995296478,0.18000003695487976,0.18,0.0,opening_bridge,0.18,0.0,opening_bridge,1.9384725297173968,0,0,0
651,6.509999999999906,2.9392576217651367,1.8439383506774902,-0.09663031995296478,0.18000003695487976,0.18,0.0,opening_bridge,0.18,0.0,opening_bridge,1.9402726442606009,0,1,1
652,6.519999999999905,2.941049337387085,1.8437646627426147,-0.09663031995296478,0.18000003695487976,0.18,0.0,opening_bridge,0.18,0.0,opening_bridge,1.942072758803805,0,0,0
653,6.529999999999905,2.942841053009033,1.8435909748077393,-0.09663031995296478,0.18000003695487976,0.18,0.0,opening_bridge,0.18,0.0,opening_bridge,1.943872873347009,0,0,0
654,6.539999999999905,2.9446327686309814,1.8434172868728638,-0.09663031995296478,0.18000003695487976,0.18,0.0,opening_bridge,0.18,0.0,opening_bridge,1.945672987890213,0,0,0
655,6.549999999999905,2.9464244842529297,1.8432435989379883,-0.09663031995296478,0.18000003695487976,0.18,0.0,opening_bridge,0.18,0.0,opening_bridge,1.947473102433417,0,0,0
656,6.559999999999905,2.948216199874878,1.8430699110031128,-0.09663031995296478,0.18000003695487976,0.18,0.0,opening_bridge,0.18,0.0,opening_bridge,1.9492732169766211,0,1,1
657,6.569999999999904,2.950007915496826,1.8428962230682373,-0.09663031995296478,0.18000003695487976,0.18,0.0,opening_bridge,0.18,0.0,opening_bridge,1.9510733315198252,0,0,0
658,6.579999999999904,2.9517996311187744,1.8427225351333618,-0.09663031995296478,0.18000003695487976,0.18,0.0,opening_bridge,0.18,0.0,opening_bridge,1.9528734460630293,0,0,0
659,6.589999999999904,2.9535913467407227,1.8425488471984863,-0.09663031995296478,0.18000003695487976,0.18,0.0,opening_bridge,0.18,0.0,opening_bridge,1.9546735606062333,0,0,0
660,6.599999999999904,2.955383062362671,1.8423751592636108,-0.09663031995296478,0.18000003695487976,0.18,0.0,opening_bridge,0.18,0.0,opening_bridge,1.9564736751494374,0,0,0
661,6.6099999999999035,2.957174777984619,1.8422014713287354,-0.09663031995296478,0.18000003695487976,0.18,0.0,opening_bridge,0.18,0.0,opening_bridge,1.9582737896926414,0,1,1
662,6.619999999999903,2.9589664936065674,1.8420277833938599,-0.09663031995296478,0.18000003695487976,0.18,0.0,opening_bridge,0.18,0.0,opening_bridge,1.9600739042358455,0,0,0
663,6.629999999999903,2.9607582092285156,1.8418540954589844,-0.09663031995296478,0.18000003695487976,0.18,0.0,opening_bridge,0.18,0.0,opening_bridge,1.9618740187790495,0,0,0
664,6.639999999999903,2.962549924850464,1.8416804075241089,-0.09663031995296478,0.18000003695487976,0.18,0.0,opening_bridge,0.18,0.0,opening_bridge,1.9636741333222536,0,0,0
665,6.649999999999903,2.964341640472412,1.8415067195892334,-0.09663031995296478,0.18000003695487976,0.18,0.0,opening_bridge,0.18,0.0,opening_bridge,1.9654742478654577,0,0,0
666,6.659999999999902,2.9661333560943604,1.841333031654358,-0.09663031995296478,0.18000003695487976,0.18,0.0,opening_bridge,0.18,0.0,opening_bridge,1.9672743624086617,0,1,1
667,6.669999999999902,2.9679250717163086,1.8411593437194824,-0.09663031995296478,0.18000003695487976,0.18,0.0,opening_bridge,0.18,0.0,opening_bridge,1.9690744769518658,0,0,0
668,6.679999999999902,2.969716787338257,1.840985655784607,-0.09663031995296478,0.18000003695487976,0.18,0.0,opening_bridge,0.18,0.0,opening_bridge,1.9708745914950698,0,0,0
669,6.689999999999902,2.971508502960205,1.8408119678497314,-0.09663031995296478,0.18000003695487976,0.18,0.0,opening_bridge,0.18,0.0,opening_bridge,1.9726747060382739,0,0,0
670,6.699999999999902,2.9733002185821533,1.840638279914856,-0.09663031995296478,0.18000003695487976,0.18,0.0,opening_bridge,0.18,0.0,opening_bridge,1.974474820581478,0,0,0
671,6.709999999999901,2.9750919342041016,1.8404645919799805,-0.09663031995296478,0.18000003695487976,0.18,0.0,opening_bridge,0.18,0.0,opening_bridge,1.976274935124682,0,1,1
672,6.719999999999901,2.97688364982605,1.840290904045105,-0.09663031995296478,0.18000003695487976,0.18,0.0,opening_bridge,0.18,0.0,opening_bridge,1.978075049667886,0,0,0
673,6.729999999999901,2.978675365447998,1.8401172161102295,-0.09663031995296478,0.18000003695487976,0.18,0.0,opening_bridge,0.18,0.0,opening_bridge,1.97987516421109,0,0,0
674,6.739999999999901,2.9804670810699463,1.839943528175354,-0.09663031995296478,0.18000003695487976,0.18,0.0,opening_bridge,0.18,0.0,opening_bridge,1.9816752787542942,0,0,0
675,6.7499999999999005,2.9822587966918945,1.8397698402404785,-0.09663031995296478,0.18000003695487976,0.18,0.0,opening_bridge,0.18,0.0,opening_bridge,1.9834753932974982,0,0,0
676,6.7599999999999,2.9840505123138428,1.839596152305603,-0.09663031995296478,0.18000003695487976,0.18,0.0,opening_bridge,0.18,0.0,opening_bridge,1.9852755078407023,0,1,1
677,6.7699999999999,2.985842227935791,1.8394224643707275,-0.09663031995296478,0.18000003695487976,0.18,0.0,opening_bridge,0.18,0.0,opening_bridge,1.9870756223839063,0,0,0
678,6.7799999999999,2.9876339435577393,1.839248776435852,-0.09663031995296478,0.18000003695487976,0.18,0.0,opening_bridge,0.18,0.0,opening_bridge,1.9888757369271104,0,0,0
679,6.7899999999999,2.9894256591796875,1.8390750885009766,-0.09663031995296478,0.18000003695487976,0.18,0.0,opening_bridge,0.18,0.0,opening_bridge,1.9906758514703145,0,0,0
680,6.7999999999998995,2.9912173748016357,1.838901400566101,-0.09663031995296478,0.18000003695487976,0.18,0.0,opening_bridge,0.18,0.0,opening_bridge,1.9924759660135185,0,0,0
681,6.809999999999899,2.993009090423584,1.8387277126312256,-0.09663031995296478,0.18000003695487976,0.18,0.0,opening_bridge,0.18,0.0,opening_bridge,1.9942760805567226,0,1,1
682,6.819999999999899,2.9948008060455322,1.83855402469635,-0.09663031995296478,0.18000003695487976,0.18,0.0,opening_bridge,0.18,0.0,opening_bridge,1.9960761950999266,0,0,0
683,6.829999999999899,2.9965925216674805,1.8383803367614746,-0.09663031995296478,0.18000003695487976,0.18,0.0,opening_bridge,0.18,0.0,opening_bridge,1.9978763096431307,0,0,0
684,6.839999999999899,2.9983842372894287,1.8382066488265991,-0.09663031995296478,0.18000003695487976,0.18,0.0,opening_bridge,0.18,0.0,opening_bridge,1.9996764241863347,0,0,0
685,6.849999999999898,3.000175952911377,1.8380329608917236,-0.09663031995296478,0.18000003695487976,0.18,0.0,opening_bridge,0.18,0.0,opening_bridge,2.0014765387295386,0,0,0
686,6.859999999999898,3.001967668533325,1.8378592729568481,-0.09663031995296478,0.18000003695487976,0.18,0.0,opening_bridge,0.18,0.0,opening_bridge,2.0032766532727426,0,1,1
687,6.869999999999898,3.0037593841552734,1.8376855850219727,-0.09663031995296478,0.18000003695487976,0.18,0.0,opening_bridge,0.18,0.0,opening_bridge,2.0050767678159467,0,0,0
688,6.879999999999898,3.0055510997772217,1.8375118970870972,-0.09663031995296478,0.18000003695487976,0.18,0.0,opening_bridge,0.18,0.0,opening_bridge,2.0068768823591507,0,0,0
689,6.8899999999998975,3.00734281539917,1.8373382091522217,-0.09663031995296478,0.18000003695487976,0.18,0.0,opening_bridge,0.18,0.0,opening_bridge,2.008676996902355,0,0,0
690,6.899999999999897,3.009134531021118,1.8371645212173462,-0.09663031995296478,0.18000003695487976,0.18,0.0,opening_bridge,0.18,0.0,opening_bridge,2.010477111445559,0,0,0
691,6.909999999999897,3.010910987854004,1.8369923830032349,-0.09663031995296478,0.17695683240890503,0.0,0.0,front_clearance_stop,0.16399999999999998,0.0,front_clearance_stop,2.012261888866938,0,1,1
692,6.919999999999897,3.0126450061798096,1.8368242979049683,-0.09663031995296478,0.17144924402236938,0.0,0.0,front_clearance_stop,0.14799999999999996,0.0,front_clearance_stop,2.0140040347145893,0,0,0
693,6.929999999999897,3.0143141746520996,1.8366625308990479,-0.09663031995296478,0.1639460027217865,0.0,0.0,front_clearance_stop,0.13199999999999995,0.0,front_clearance_stop,2.015681023668963,0,0,0
694,6.9399999999998965,3.0159006118774414,1.8365087509155273,-0.09663031995296478,0.15482667088508606,0.0,0.0,front_clearance_stop,0.11599999999999995,0.0,front_clearance_stop,2.017274896735829,0,0,0
695,6.949999999999896,3.0173897743225098,1.8363643884658813,-0.09663031995296478,0.14439864456653595,0.0,0.0,front_clearance_stop,0.09999999999999995,0.0,front_clearance_stop,2.01877104021313,0,0,0
696,6.959999999999896,3.0187697410583496,1.8362306356430054,-0.09663031995296478,0.132910817861557,0.0,0.0,front_clearance_stop,0.08399999999999995,0.0,front_clearance_stop,2.0201574737707344,0,1,1
697,6.969999999999896,3.020031213760376,1.8361083269119263,-0.09663031995296478,0.1205647811293602,0.0,0.0,front_clearance_stop,0.06799999999999995,0.0,front_clearance_stop,2.0214248619526485,0,0,0
698,6.979999999999896,3.0211663246154785,1.835998296737671,-0.09663031995296478,0.10752376168966293,0.0,0.0,front_clearance_stop,0.05199999999999995,0.0,front_clearance_stop,2.0225652931397957,0,0,0
699,6.989999999999895,3.0221688747406006,1.835901141166687,-0.09663031995296478,0.09391994029283524,0.0,0.0,front_clearance_stop,0.03599999999999995,0.0,front_clearance_stop,2.023572539861486,0,0,0
700,6.999999999999895,3.023033618927002,1.8358173370361328,-0.09663031995296478,0.07986036688089371,0.0,0.0,front_clearance_stop,0.01999999999999995,0.0,front_clearance_stop,2.0244413353726465,0,0,0
701,7.009999999999895,3.023756742477417,1.835747241973877,-0.09663031995296478,0.06543172150850296,0.0,0.0,front_clearance_stop,0.003999999999999948,0.0,front_clearance_stop,2.025167848267864,0,1,1
702,7.019999999999895,3.024346113204956,1.8356901407241821,-0.09663031995296478,0.05298660695552826,0.0,0.0,front_clearance_stop,0.0,0.0,front_clearance_stop,2.0257599786649867,0,0,0
703,7.0299999999998946,3.0248234272003174,1.8356438875198364,-0.09663031995296478,0.042908553034067154,0.0,0.0,front_clearance_stop,0.0,0.0,front_clearance_stop,2.0262395284633183,0,0,0
704,7.039999999999894,3.025209903717041,1.8356064558029175,-0.09663031995296478,0.034747347235679626,0.0,0.0,front_clearance_stop,0.0,0.0,front_clearance_stop,2.0266278134506797,0,0,0
705,7.049999999999894,3.0255229473114014,1.8355761766433716,-0.09663031995296478,0.028138400986790657,0.0,0.0,front_clearance_stop,0.0,0.0,front_clearance_stop,2.0269423180126065,0,0,0
706,7.059999999999894,3.0257763862609863,1.8355516195297241,-0.09663031995296478,0.022786477580666542,0.0,0.0,front_clearance_stop,0.0,0.0,front_clearance_stop,2.027196943920553,0,1,1
707,7.069999999999894,3.0259816646575928,1.8355317115783691,-0.09663031995296478,0.018452489748597145,0.0,0.0,front_clearance_stop,0.0,0.0,front_clearance_stop,2.027403185397081,0,0,0
