step,sim_time_s,x_m,y_m,yaw_rad,actual_speed_mps,requested_speed_mps,requested_steering_rad,request_reason,applied_speed_mps,applied_steering_rad,applied_reason,distance_travelled_m,collision,scan_event,request_published
1,0.01,1.0,1.8730000257492065,0.0,0.0,0.0,0.0,wall_lost,0.0,0.0,wall_lost,0.0,0,1,1
2,0.02,1.0,1.8730000257492065,0.0,0.0,0.0,0.0,wall_lost,0.0,0.0,wall_lost,0.0,0,0,0
3,0.03,1.0,1.8730000257492065,0.0,0.0,0.0,0.0,wall_lost,0.0,0.0,wall_lost,0.0,0,0,0
4,0.04,1.0,1.8730000257492065,0.0,0.0,0.0,0.0,wall_lost,0.0,0.0,wall_lost,0.0,0,0,0
5,0.05,1.0,1.8730000257492065,0.0,0.0,0.0,0.0,wall_lost,0.0,0.0,wall_lost,0.0,0,0,0
6,0.060000000000000005,1.0,1.8730000257492065,0.0,0.0,0.0,0.0,recovery_gate,0.0,0.0,recovery_gate,0.0,0,1,1
7,0.07,1.0,1.8730000257492065,0.0,0.0,0.0,0.0,recovery_gate,0.0,0.0,recovery_gate,0.0,0,0,0
8,0.08,1.0,1.8730000257492065,0.0,0.0,0.0,0.0,recovery_gate,0.0,0.0,recovery_gate,0.0,0,0,0
9,0.09,1.0,1.8730000257492065,0.0,0.0,0.0,0.0,recovery_gate,0.0,0.0,recovery_gate,0.0,0,0,0
10,0.09999999999999999,1.0,1.8730000257492065,0.0,0.0,0.0,0.0,recovery_gate,0.0,0.0,recovery_gate,0.0,0,0,0
11,0.10999999999999999,1.0,1.8730000257492065,0.0,0.0,0.0,0.0,recovery_gate,0.0,0.0,recovery_gate,0.0,0,1,1
12,0.11999999999999998,1.0,1.8730000257492065,0.0,0.0,0.0,0.0,recovery_gate,0.0,0.0,recovery_gate,0.0,0,0,0
13,0.12999999999999998,1.0,1.8730000257492065,0.0,0.0,0.0,0.0,recovery_gate,0.0,0.0,recovery_gate,0.0,0,0,0
14,0.13999999999999999,1.0,1.8730000257492065,0.0,0.0,0.0,0.0,recovery_gate,0.0,0.0,recovery_gate,0.0,0,0,0
15,0.15,1.0,1.8730000257492065,0.0,0.0,0.0,0.0,recovery_gate,0.0,0.0,recovery_gate,0.0,0,0,0
16,0.16,1.0,1.8730000257492065,0.0,0.0,0.0,0.0,recovery_gate,0.0,0.0,recovery_gate,0.0,0,1,1
17,0.17,1.0,1.8730000257492065,0.0,0.0,0.0,0.0,recovery_gate,0.0,0.0,recovery_gate,0.0,0,0,0
18,0.18000000000000002,1.0,1.8730000257492065,0.0,0.0,0.0,0.0,recovery_gate,0.0,0.0,recovery_gate,0.0,0,0,0
19,0.19000000000000003,1.0,1.8730000257492065,0.0,0.0,0.0,0.0,recovery_gate,0.0,0.0,recovery_gate,0.0,0,0,0
20,0.20000000000000004,1.0,1.8730000257492065,0.0,0.0,0.0,0.0,recovery_gate,0.0,0.0,recovery_gate,0.0,0,0,0
21,0.21000000000000005,1.0000003576278687,1.8730000257492065,-2.505225893401075e-08,7.608000305481255e-05,0.040000000000000015,-0.010152866136682056,tracking,0.008,-0.010152866136682056,tracking,3.5762786865234375e-07,0,1,1
22,0.22000000000000006,1.0000048875808716,1.8730000257492065,-1.8727878625668382e-07,0.0008332624565809965,0.040000000000000015,-0.010152866136682056,tracking,0.016,-0.010152866136682056,tracking,4.887580871582031e-06,0,0,0
23,0.23000000000000007,1.0000187158584595,1.8730000257492065,-9.61573618951661e-07,0.0019348408095538616,0.040000000000000015,-0.010152866136682056,tracking,0.024,-0.010152866136682056,tracking,1.8715858459472656e-05,0,0,0
24,0.24000000000000007,1.0000451803207397,1.8730000257492065,-2.1525586362258764e-06,0.003364439122378826,0.040000000000000015,-0.010152866136682056,tracking,0.032,-0.010152866136682056,tracking,4.5180320739746094e-05,0,0,0
25,0.25000000000000006,1.0000874996185303,1.8730000257492065,-4.387920853332616e-06,0.005106459837406874,0.040000000000000015,-0.010152866136682056,tracking,0.04,-0.010152866136682056,tracking,8.749961853027344e-05,0,0,0
26,0.26000000000000006,1.0001487731933594,1.8730000257492065,-7.2458233262295835e-06,0.007146047428250313,0.08000000000000002,-0.008351608672981905,tracking,0.048,-0.008351608672981905,tracking,0.000148773193359375,0,1,1
27,0.2700000000000001,1.0002318620681763,1.8730000257492065,-1.15402772280504e-05,0.009469052776694298,0.08000000000000002,-0.008351608672981905,tracking,0.056,-0.008351608672981905,tracking,0.00023186206817626953,0,0,0
28,0.2800000000000001,1.0003395080566406,1.8730000257492065,-1.6644009519950487e-05,0.012061999179422855,0.08000000000000002,-0.008351608672981905,tracking,0.064,-0.008351608672981905,tracking,0.000339508056640625,0,0,0
29,0.2900000000000001,1.0004743337631226,1.8730000257492065,-2.3540058464277536e-05,0.014912051148712635,0.08000000000000002,-0.008351608672981905,tracking,0.07200000000000001,-0.008351608672981905,tracking,0.0004743337631225586,0,0,0
30,0.3000000000000001,1.0006389617919922,1.8730000257492065,-3.141479101032019e-05,0.018006982281804085,0.08000000000000002,-0.008351608672981905,tracking,0.08000000000000002,-0.008351608672981905,tracking,0.0006389617919921875,0,0,0
31,0.3100000000000001,1.000835657119751,1.8730000257492065,-4.1404575313208625e-05,0.02133515104651451,0.12000000000000001,-0.007361105335459224,tracking,0.08800000000000002,-0.007361105335459224,tracking,0.0008356571197509766,0,1,1
32,0.3200000000000001,1.00106680393219,1.8730000257492065,-5.252671689959243e-05,0.02488546445965767,0.12000000000000001,-0.007361105335459224,tracking,0.09600000000000003,-0.007361105335459224,tracking,0.0010668039321899414,0,0,0
33,0.3300000000000001,1.0013344287872314,1.8730000257492065,-6.605668022530153e-05,0.02864736132323742,0.12000000000000001,-0.007361105335459224,tracking,0.10400000000000004,-0.007361105335459224,tracking,0.0013344287872314453,0,0,0
34,0.34000000000000014,1.0016406774520874,1.8730000257492065,-8.085840818239376e-05,0.032610777765512466,0.12000000000000001,-0.007361105335459224,tracking,0.11200000000000004,-0.007361105335459224,tracking,0.0016406774520874023,0,0,0
35,0.35000000000000014,1.0019875764846802,1.8730000257492065,-9.833355579758063e-05,0.036766134202480316,0.12000000000000001,-0.007361105335459224,tracking,0.12000000000000001,-0.007361105335459224,tracking,0.0019875764846801758,0,0,0
36,0.36000000000000015,1.002376914024353,1.8730000257492065,-0.00011720693873940036,0.041104305535554886,0.16000000000000003,-0.006525438893171845,tracking,0.128,-0.006525438893171845,tracking,0.0023769140243530273,0,1,1
37,0.37000000000000016,1.0028104782104492,1.8730000257492065,-0.00013899467012379318,0.045616596937179565,0.16000000000000003,-0.006525438893171845,tracking,0.136,-0.006525438893171845,tracking,0.0028104782104492188,0,0,0
38,0.38000000000000017,1.003290057182312,1.872999906539917,-0.0001622953568585217,0.050294727087020874,0.16000000000000003,-0.006525438893171845,tracking,0.14400000000000002,-0.006525438893171845,tracking,0.003290057197127981,0,0,0
39,0.3900000000000002,1.0038172006607056,1.8729997873306274,-0.000188728969078511,0.055130813270807266,0.16000000000000003,-0.006525438893171845,tracking,0.15200000000000002,-0.006525438893171845,tracking,0.00381720068900065,0,0,0
40,0.4000000000000002,1.004393458366394,1.872999668121338,-0.00021677960467059165,0.060117341578006744,0.16000000000000003,-0.006525438893171845,tracking,0.16000000000000003,-0.006525438893171845,tracking,0.004393458407019421,0,0,0
41,0.4100000000000002,1.005020260810852,1.8729995489120483,-0.0002481614355929196,0.06524716317653656,0.2,-0.005231178834436438,tracking,0.16800000000000004,-0.005231178834436438,tracking,0.005020260862813421,0,1,1
42,0.4200000000000002,1.0056990385055542,1.8729993104934692,-0.0002812547027133405,0.07051345705986023,0.2,-0.005231178834436438,tracking,0.17600000000000005,-0.005231178834436438,tracking,0.005699038599387465,0,0,0
43,0.4300000000000002,1.0064311027526855,1.8729990720748901,-0.0003178590559400618,0.07590974122285843,0.2,-0.005231178834436438,tracking,0.18400000000000005,-0.005231178834436438,tracking,0.0064311028853428764,0,0,0
44,0.4400000000000002,1.0072177648544312,1.872998833656311,-0.00035626048338599503,0.08142983168363571,0.2,-0.005231178834436438,tracking,0.19200000000000006,-0.005231178834436438,tracking,0.007217765023217982,0,0,0
45,0.45000000000000023,1.0080602169036865,1.8729984760284424,-0.00039833615301176906,0.08706784248352051,0.2,-0.005231178834436438,tracking,0.2,-0.005231178834436438,tracking,0.008060217148381345,0,0,0
46,0.46000000000000024,1.0089596509933472,1.8729981184005737,-0.0004422866040840745,0.09281816333532333,0.24,-0.00497375170639352,tracking,0.20800000000000002,-0.00497375170639352,tracking,0.008959651309140967,0,1,1
47,0.47000000000000025,1.009917140007019,1.8729976415634155,-0.0004900593194179237,0.09867545962333679,0.24,-0.00497375170639352,tracking,0.21600000000000003,-0.00497375170639352,tracking,0.009917140441547187,0,0,0
48,0.48000000000000026,1.0109336376190186,1.8729971647262573,-0.00053977727657184,0.10463464260101318,0.24,-0.00497375170639352,tracking,0.22400000000000003,-0.00497375170639352,tracking,0.01093363816538841,0,0,0
49,0.49000000000000027,1.0120102167129517,1.8729965686798096,-0.0005934517830610275,0.11069086194038391,0.24,-0.00497375170639352,tracking,0.23200000000000004,-0.00497375170639352,tracking,0.012010217424321627,0,0,0
50,0.5000000000000002,1.0131478309631348,1.8729958534240723,-0.0006491355015896261,0.11683951318264008,0.24,-0.00497375170639352,tracking,0.24,-0.00497375170639352,tracking,0.01314783189935719,0,0,0
51,0.5100000000000002,1.0143474340438843,1.8729950189590454,-0.0007088975398801267,0.1230761930346489,0.27999999999999997,-0.00324648674677068,tracking,0.248,-0.00324648674677068,tracking,0.01434743527034095,0,1,1
52,0.5200000000000002,1.0156097412109375,1.872994065284729,-0.0007707267650403082,0.1293967217206955,0.27999999999999997,-0.00324648674677068,tracking,0.256,-0.00324648674677068,tracking,0.015609742797645067,0,0,0
53,0.5300000000000002,1.0169357061386108,1.872992992401123,-0.0008367448463104665,0.13579711318016052,0.27999999999999997,-0.00324648674677068,tracking,0.264,-0.00324648674677068,tracking,0.01693570815937176,0,0,0
54,0.5400000000000003,1.0183260440826416,1.8729918003082275,-0.0009048827923834324,0.14227356016635895,0.27999999999999997,-0.00324648674677068,tracking,0.272,-0.00324648674677068,tracking,0.018326046614460002,0,0,0
55,0.5500000000000003,1.019781470298767,1.8729904890060425,-0.000977309769950807,0.14882245659828186,0.27999999999999997,-0.00324648674677068,tracking,0.27999999999999997,-0.00324648674677068,tracking,0.01978147342131041,0,0,0
56,0.5600000000000003,1.0213028192520142,1.8729889392852783,-0.0010519044008105993,0.1554403454065323,0.32,-0.0026263054201434237,tracking,0.288,-0.0026263054201434237,tracking,0.02130282316386812,0,1,1
57,0.5700000000000003,1.0228906869888306,1.8729872703552246,-0.0011308790417388082,0.16212396323680878,0.32,-0.0026263054201434237,tracking,0.296,-0.0026263054201434237,tracking,0.022890691777749626,0,0,0
58,0.5800000000000003,1.024545669555664,1.8729853630065918,-0.0012120645260438323,0.16887016594409943,0.32,-0.0026263054201434237,tracking,0.304,-0.0026263054201434237,tracking,0.024545675443681587,0,0,0
59,0.5900000000000003,1.0262683629989624,1.8729832172393799,-0.0012977125588804483,0.17567598819732666,0.32,-0.0026263054201434237,tracking,0.312,-0.0026263054201434237,tracking,0.026268370223350934,0,0,0
60,0.6000000000000003,1.028059482574463,1.8729808330535889,-0.0013856106670573354,0.18253859877586365,0.32,-0.0026263054201434237,tracking,0.32,-0.0026263054201434237,tracking,0.028059491385663226,0,0,0
61,0.6100000000000003,1.0299195051193237,1.8729782104492188,-0.001478046178817749,0.1894552856683731,0.36,-0.0020714261398467456,tracking,0.328,-0.0020714261398467456,tracking,0.0299195157794399,0,1,1
62,0.6200000000000003,1.0318489074707031,1.87297523021698,-0.0015727675054222345,0.1964234858751297,0.36,-0.0020714261398467456,tracking,0.336,-0.0020714261398467456,tracking,0.03184892043251103,0,0,0
63,0.6300000000000003,1.0338482856750488,1.872972011566162,-0.00167209398932755,0.20344075560569763,0.36,-0.0020714261398467456,tracking,0.34400000000000003,-0.0020714261398467456,tracking,0.03384830122758878,0,0,0
64,0.6400000000000003,1.0359179973602295,1.8729684352874756,-0.001773738651536405,0.21050474047660828,0.36,-0.0020714261398467456,tracking,0.35200000000000004,-0.0020714261398467456,tracking,0.03591801600251373,0,0,0
65,0.6500000000000004,1.0380586385726929,1.87296462059021,-0.0018800500547513366,0.21761323511600494,0.36,-0.0020714261398467456,tracking,0.36,-0.0020714261398467456,tracking,0.03805866061393617,0,0,0
66,0.6600000000000004,1.0402705669403076,1.8729603290557861,-0.001988708972930908,0.2247641235589981,0.37956277530818655,-0.0006296035562113438,tracking,0.368,-0.0006296035562113438,tracking,0.04027059314471701,0,1,1
67,0.6700000000000004,1.0425541400909424,1.8729556798934937,-0.002102090511471033,0.2319553941488266,0.37956277530818655,-0.0006296035562113438,tracking,0.376,-0.0006296035562113438,tracking,0.04255417102799798,0,0,0
68,0.6800000000000004,1.0449087619781494,1.872950553894043,-0.0022178112994879484,0.23897412419319153,0.37956277530818655,-0.0006296035562113438,tracking,0.37956277530818655,-0.0006296035562113438,tracking,0.04490879849483531,0,0,0
69,0.6900000000000004,1.0473319292068481,1.8729450702667236,-0.0023380445782095194,0.24565911293029785,0.37956277530818655,-0.0006296035562113438,tracking,0.37956277530818655,-0.0006296035562113438,tracking,0.047331971928250276,0,0,0
70,0.7000000000000004,1.0498203039169312,1.8729389905929565,-0.002460426650941372,0.252026230096817,0.37956277530818655,-0.0006296035562113438,tracking,0.37956277530818655,-0.0006296035562113438,tracking,0.049820354065345344,0,0,0
71,0.7100000000000004,1.0523709058761597,1.8729327917099,-0.002333951648324728,0.25808870792388916,0.3795231089838483,0.0006867230632585063,tracking,0.3795231089838483,0.0006867230632585063,tracking,0.05237096355732398,0,1,1
72,0.7200000000000004,1.0549806356430054,1.872926950454712,-0.002205528086051345,0.2638629078865051,0.3795231089838483,0.0006867230632585063,tracking,0.3795231089838483,0.0006867230632585063,tracking,0.05498069986128702,0,0,0
73,0.7300000000000004,1.0576467514038086,1.8729212284088135,-0.0020733922719955444,0.26936253905296326,0.3795231089838483,0.0006867230632585063,tracking,0.3795231089838483,0.0006867230632585063,tracking,0.057646821762440945,0,0,0
74,0.7400000000000004,1.0603665113449097,1.8729158639907837,-0.001939488691277802,0.27460068464279175,0.3795231089838483,0.0006867230632585063,tracking,0.3795231089838483,0.0006867230632585063,tracking,0.06036658699388996,0,0,0
75,0.7500000000000004,1.063137412071228,1.8729106187820435,-0.00180221744813025,0.2795897424221039,0.3795231089838483,0.0006867230632585063,tracking,0.3795231089838483,0.0006867230632585063,tracking,0.0631374926846933,0,0,0
76,0.7600000000000005,1.065956950187683,1.8729058504104614,-0.0016633457271382213,0.2843230366706848,0.379133270538523,-0.0012480904245268428,tracking,0.379133270538523,-0.0012480904245268428,tracking,0.06595703483325406,0,1,1
77,0.7700000000000005,1.0688227415084839,1.8729009628295898,-0.0018052606610581279,0.28883126378059387,0.379133270538523,-0.0012480904245268428,tracking,0.379133270538523,-0.0012480904245268428,tracking,0.06882283032191404,0,0,0
78,0.7800000000000005,1.071732521057129,1.8728954792022705,-0.0019486246164888144,0.29312512278556824,0.379133270538523,-0.0012480904245268428,tracking,0.379133270538523,-0.0012480904245268428,tracking,0.07173261503764154,0,0,0
79,0.7900000000000005,1.0746842622756958,1.8728896379470825,-0.002094749128445983,0.2972148060798645,0.379133270538523,-0.0012480904245268428,tracking,0.379133270538523,-0.0012480904245268428,tracking,0.07468436203588665,0,0,0
80,0.8000000000000005,1.0776759386062622,1.8728830814361572,-0.0022421882022172213,0.30111002922058105,0.379133270538523,-0.0012480904245268428,tracking,0.379133270538523,-0.0012480904245268428,tracking,0.07767604555101768,0,0,0
81,0.8100000000000005,1.0807057619094849,1.8728764057159424,-0.0020922331605106592,0.30485519766807556,0.37987272407200495,0.00018327733631288978,tracking,0.37987272407200495,0.00018327733631288978,tracking,0.08070587620866035,0,1,1
82,0.8200000000000005,1.0837721824645996,1.8728703260421753,-0.0019410745007917285,0.3084222674369812,0.37987272407200495,0.00018327733631288978,tracking,0.37987272407200495,0.00018327733631288978,tracking,0.08377230279073652,0,0,0
83,0.8300000000000005,1.0868734121322632,1.8728644847869873,-0.0017876224592328072,0.31181973218917847,0.37987272407200495,0.00018327733631288978,tracking,0.37987272407200495,0.00018327733631288978,tracking,0.08687353795948122,0,0,0
84,0.8400000000000005,1.0900077819824219,1.872859239578247,-0.0016330784419551492,0.31505563855171204,0.37987272407200495,0.00018327733631288978,tracking,0.37987272407200495,0.00018327733631288978,tracking,0.09000791219843204,0,0,0
85,0.8500000000000005,1.0931737422943115,1.872854232788086,-0.001476453966461122,0.3181377053260803,0.37987272407200495,0.00018327733631288978,tracking,0.37987272407200495,0.00018327733631288978,tracking,0.09317387646929931,0,0,0
86,0.8600000000000005,1.0963695049285889,1.8728498220443726,-0.0013188474113121629,0.3210212290287018,0.37877960406414274,-0.001757370147634425,tracking,0.37877960406414274,-0.001757370147634425,tracking,0.0963696421473964,0,1,1
87,0.8700000000000006,1.0995934009552002,1.8728454113006592,-0.001478307880461216,0.32376763224601746,0.37877960406414274,-0.001757370147634425,tracking,0.37877960406414274,-0.001757370147634425,tracking,0.09959354119126555,0,0,0
88,0.8800000000000006,1.1028441190719604,1.8728402853012085,-0.0016386510105803609,0.32638344168663025,0.37877960406414274,-0.001757370147634425,tracking,0.37877960406414274,-0.001757370147634425,tracking,0.10284426334957188,0,0,0
89,0.8900000000000006,1.1061203479766846,1.8728346824645996,-0.0018006759928539395,0.3288748860359192,0.37877960406414274,-0.001757370147634425,tracking,0.37877960406414274,-0.001757370147634425,tracking,0.10612049704513266,0,0,0
90,0.9000000000000006,1.1094210147857666,1.8728283643722534,-0.0019635017961263657,0.33124786615371704,0.37877960406414274,-0.001757370147634425,tracking,0.37877960406414274,-0.001757370147634425,tracking,0.10942116990121316,0,0,0
91,0.9100000000000006,1.1127450466156006,1.8728218078613281,-0.0019635017961263657,0.33356359601020813,0.3799488428488855,7.366629760484703e-05,tracking,0.3799488428488855,7.366629760484703e-05,tracking,0.11274520819725985,0,1,1
92,0.9200000000000006,1.1160917282104492,1.8728152513504028,-0.0019635017961263657,0.3357692062854767,0.3799488428488855,7.366629760484703e-05,tracking,0.3799488428488855,7.366629760484703e-05,tracking,0.11609189621455905,0,0,0
93,0.9300000000000006,1.119459867477417,1.8728086948394775,-0.0019635017961263657,0.33786994218826294,0.3799488428488855,7.366629760484703e-05,tracking,0.3799488428488855,7.366629760484703e-05,tracking,0.11946004186306146,0,0,0
94,0.9400000000000006,1.1228485107421875,1.8728020191192627,-0.0019635017961263657,0.33987078070640564,0.3799488428488855,7.366629760484703e-05,tracking,0.3799488428488855,7.366629760484703e-05,tracking,0.12284869170350159,0,0,0
95,0.9500000000000006,1.1262567043304443,1.8727953433990479,-0.0019635017961263657,0.3417764902114868,0.3799488428488855,7.366629760484703e-05,tracking,0.3799488428488855,7.366629760484703e-05,tracking,0.12625689182970828,0,0,0
96,0.9600000000000006,1.129683494567871,1.872788667678833,-0.0019635017961263657,0.3435926139354706,0.3799706248533681,-4.230021114997023e-05,tracking,0.3799706248533681,-4.230021114997023e-05,tracking,0.12968368856960455,0,1,1
97,0.9700000000000006,1.133128046989441,1.8727818727493286,-0.0019635017961263657,0.3453224003314972,0.3799706248533681,-4.230021114997023e-05,tracking,0.3799706248533681,-4.230021114997023e-05,tracking,0.1331282476932094,0,0,0
98,0.9800000000000006,1.136589527130127,1.8727750778198242,-0.0019635017961263657,0.34696993231773376,0.3799706248533681,-4.230021114997023e-05,tracking,0.3799706248533681,-4.230021114997023e-05,tracking,0.1365897345031555,0,0,0
99,0.9900000000000007,1.1400671005249023,1.8727682828903198,-0.0019635017961263657,0.3485391139984131,0.3799706248533681,-4.230021114997023e-05,tracking,0.3799706248533681,-4.230021114997023e-05,tracking,0.1400673145363275,0,0,0
100,1.0000000000000007,1.1435599327087402,1.8727613687515259,-0.0019635017961263657,0.3500336706638336,0.3799706248533681,-4.230021114997023e-05,tracking,0.3799706248533681,-4.230021114997023e-05,tracking,0.14356015356350427,0,0,0
101,1.0100000000000007,1.1470674276351929,1.872754454612732,-0.0019635017961263657,0.35145795345306396,0.37998710908909,-1.8562911710369272e-05,tracking,0.37998710908909,-1.8562911710369272e-05,tracking,0.1470676553046879,0,1,1
102,1.0200000000000007,1.1505887508392334,1.872747540473938,-0.0019635017961263657,0.35281452536582947,0.37998710908909,-1.8562911710369272e-05,tracking,0.37998710908909,-1.8562911710369272e-05,tracking,0.15058898529669795,0,0,0
103,1.0300000000000007,1.154123306274414,1.872740626335144,-0.0019635017961263657,0.3541065752506256,0.37998710908909,-1.8562911710369272e-05,tracking,0.37998710908909,-1.8562911710369272e-05,tracking,0.15412354749443624,0,0,0
104,1.0400000000000007,1.157670497894287,1.87273371219635,-0.0019635017961263657,0.3553372025489807,0.37998710908909,-1.8562911710369272e-05,tracking,0.37998710908909,-1.8562911710369272e-05,tracking,0.15767074585277663,0,0,0
105,1.0500000000000007,1.1612297296524048,1.8727266788482666,-0.0019635017961263657,0.3565092980861664,0.37998710908909,-1.8562911710369272e-05,tracking,0.37998710908909,-1.8562911710369272e-05,tracking,0.1612299845601379,0,0,0
106,1.0600000000000007,1.1648004055023193,1.872719645500183,-0.0019635017961263657,0.35762324929237366,0.37993642532829186,-9.154752725971764e-05,tracking,0.37993642532829186,-9.154752725971764e-05,tracking,0.16480066733702362,0,1,1
107,1.0700000000000007,1.168381929397583,1.8727126121520996,-0.0019635017961263657,0.358684241771698,0.37993642532829186,-9.154752725971764e-05,tracking,0.37993642532829186,-9.154752725971764e-05,tracking,0.16838219813827746,0,0,0
108,1.0800000000000007,1.1719738245010376,1.8727055788040161,-0.0019635017961263657,0.35969477891921997,0.37993642532829186,-9.154752725971764e-05,tracking,0.37993642532829186,-9.154752725971764e-05,tracking,0.17197410012778194,0,0,0
109,1.0900000000000007,1.175575613975525,1.8726985454559326,-0.0019635017961263657,0.360657274723053,0.37993642532829186,-9.154752725971764e-05,tracking,0.37993642532829186,-9.154752725971764e-05,tracking,0.17557589646940272,0,0,0
110,1.1000000000000008,1.1791868209838867,1.8726915121078491,-0.0019635017961263657,0.3615739941596985,0.37993642532829186,-9.154752725971764e-05,tracking,0.37993642532829186,-9.154752725971764e-05,tracking,0.1791871103269895,0,0,0
111,1.1100000000000008,1.1828068494796753,1.8726842403411865,-0.0021423727739602327,0.3624410629272461,0.3798086650192193,-0.00027552237232425416,tracking,0.3798086650192193,-0.00027552237232425416,tracking,0.18280714612638593,0,1,1
112,1.1200000000000008,1.186435341835022,1.8726760149002075,-0.0023215224500745535,0.36326688528060913,0.3798086650192193,-0.00027552237232425416,tracking,0.3798086650192193,-0.00027552237232425416,tracking,0.18643564780485994,0,0,0
113,1.1300000000000008,1.190071940422058,1.8726673126220703,-0.0025012032128870487,0.3640534579753876,0.3798086650192193,-0.00027552237232425416,tracking,0.3798086650192193,-0.00027552237232425416,tracking,0.19007225680403458,0,0,0
114,1.1400000000000008,1.1937161684036255,1.8726577758789062,-0.002681136829778552,0.36480262875556946,0.3798086650192193,-0.00027552237232425416,tracking,0.3798086650192193,-0.00027552237232425416,tracking,0.19371649726414542,0,0,0
115,1.1500000000000008,1.197367787361145,1.872647762298584,-0.0028615519404411316,0.36551615595817566,0.3798086650192193,-0.00027552237232425416,tracking,0.3798086650192193,-0.00027552237232425416,tracking,0.19736812995141106,0,0,0
116,1.1600000000000008,1.2010260820388794,1.8726367950439453,-0.0030421901028603315,0.36615777015686035,0.37900956278483555,0.0014262295898368298,tracking,0.37900956278483555,0.0014262295898368298,tracking,0.20102644106855433,0,1,1
117,1.1700000000000008,1.20469069480896,1.8726258277893066,-0.002861139364540577,0.36676886677742004,0.37900956278483555,0.0014262295898368298,tracking,0.37900956278483555,0.0014262295898368298,tracking,0.204691070249701,0,0,0
118,1.1800000000000008,1.208361268043518,1.8726158142089844,-0.0026798921171575785,0.36735090613365173,0.37900956278483555,0.0014262295898368298,tracking,0.37900956278483555,0.0014262295898368298,tracking,0.2083616571431072,0,0,0
119,1.1900000000000008,1.2120375633239746,1.8726061582565308,-0.0024982707109302282,0.36790528893470764,0.37900956278483555,0.0014262295898368298,tracking,0.37900956278483555,0.0014262295898368298,tracking,0.21203796510443537,0,0,0
120,1.2000000000000008,1.215719223022461,1.8725974559783936,-0.002316471189260483,0.36843329668045044,0.37900956278483555,0.0014262295898368298,tracking,0.37900956278483555,0.0014262295898368298,tracking,0.2157196350876228,0,0,0
121,1.2100000000000009,1.2194061279296875,1.872589111328125,-0.0021343277767300606,0.36894989013671875,0.3792977965945224,0.0010111729038877661,tracking,0.3792977965945224,0.0010111729038877661,tracking,0.21940654943814944,0,1,1
122,1.2200000000000009,1.2230980396270752,1.8725817203521729,-0.0019520182395353913,0.3694419264793396,0.3792977965945224,0.0010111729038877661,tracking,0.3792977965945224,0.0010111729038877661,tracking,0.22309846853366516,0,0,0
123,1.2300000000000009,1.2267948389053345,1.8725746870040894,-0.0017693924019113183,0.3699105679988861,0.3792977965945224,0.0010111729038877661,tracking,0.3792977965945224,0.0010111729038877661,tracking,0.22679527450256906,0,0,0
124,1.2400000000000009,1.2304961681365967,1.8725686073303223,-0.0015866159228608012,0.3703569173812866,0.3792977965945224,0.0010111729038877661,tracking,0.3792977965945224,0.0010111729038877661,tracking,0.2304966087269575,0,0,0
125,1.2500000000000009,1.2342019081115723,1.8725630044937134,-0.0014035524800419807,0.3707820475101471,0.3792977965945224,0.0010111729038877661,tracking,0.3792977965945224,0.0010111729038877661,tracking,0.23420235293749203,0,0,0
126,1.260000000000001,1.237911581993103,1.8725582361221313,-0.0012203569058328867,0.37115931510925293,0.37871630549621943,-0.0018485200854440349,tracking,0.37871630549621943,-0.0018485200854440349,tracking,0.23791202988362617,0,1,1
127,1.270000000000001,1.2416249513626099,1.8725534677505493,-0.001403795089572668,0.37151864171028137,0.37871630549621943,-0.0018485200854440349,tracking,0.37871630549621943,-0.0018485200854440349,tracking,0.24162540231468654,0,0,0
128,1.280000000000001,1.2453418970108032,1.8725477457046509,-0.0015873487573117018,0.37186089158058167,0.37871630549621943,-0.0018485200854440349,tracking,0.37871630549621943,-0.0018485200854440349,tracking,0.2453423523672744,0,0,0
129,1.290000000000001,1.249062180519104,1.8725416660308838,-0.0017711224500089884,0.3721868693828583,0.37871630549621943,-0.0018485200854440349,tracking,0.37871630549621943,-0.0018485200854440349,tracking,0.2490626408432622,0,0,0
130,1.300000000000001,1.252785563468933,1.8725346326828003,-0.0019550009164959192,0.3724973499774933,0.37871630549621943,-0.0018485200854440349,tracking,0.37871630549621943,-0.0018485200854440349,tracking,0.25278603043596715,0,0,0
131,1.310000000000001,1.2565122842788696,1.8725271224975586,-0.002139096846804023,0.3728468716144562,0.3798478886250636,-0.0002190403799084452,tracking,0.3798478886250636,-0.0002190403799084452,tracking,0.25651275881325686,0,1,1
132,1.320000000000001,1.2602424621582031,1.8725186586380005,-0.0023233050014823675,0.37317976355552673,0.3798478886250636,-0.0002190403799084452,tracking,0.3798478886250636,-0.0002190403799084452,tracking,0.26024294629492417,0,0,0
133,1.330000000000001,1.2639758586883545,1.8725097179412842,-0.00250772712752223,0.3734968304634094,0.3798478886250636,-0.0002190403799084452,tracking,0.3798478886250636,-0.0002190403799084452,tracking,0.263976353530601,0,0,0
134,1.340000000000001,1.2677123546600342,1.872499942779541,-0.002692251233384013,0.37379881739616394,0.3798478886250636,-0.0002190403799084452,tracking,0.3798478886250636,-0.0002190403799084452,tracking,0.2677128622888091,0,0,0
135,1.350000000000001,1.271451711654663,1.8724896907806396,-0.0028769695200026035,0.3740864396095276,0.3798478886250636,-0.0002190403799084452,tracking,0.3798478886250636,-0.0002190403799084452,tracking,0.27145223333709534,0,0,0
136,1.360000000000001,1.2751935720443726,1.8724784851074219,-0.0030617702286690474,0.3742992877960205,0.3785627682848883,0.002069613669760921,tracking,0.3785627682848883,0.002069613669760921,tracking,0.27519411050546805,0,1,1
137,1.370000000000001,1.278937578201294,1.872467279434204,-0.0028768328484147787,0.3745020031929016,0.3785627682848883,0.002069613669760921,tracking,0.3785627682848883,0.002069613669760921,tracking,0.27893813343143653,0,0,0
138,1.380000000000001,1.2826834917068481,1.8724569082260132,-0.002691830275580287,0.3746950924396515,0.3785627682848883,0.002069613669760921,tracking,0.3785627682848883,0.002069613669760921,tracking,0.2826840612942033,0,0,0
139,1.390000000000001,1.2864313125610352,1.8724470138549805,-0.0025067036040127277,0.37487900257110596,0.3785627682848883,0.002069613669760921,tracking,0.3785627682848883,0.002069613669760921,tracking,0.286431895209101,0,0,0
140,1.400000000000001,1.2901809215545654,1.8724380731582642,-0.0023215177934616804,0.37505418062210083,0.3785627682848883,0.002069613669760921,tracking,0.3785627682848883,0.002069613669760921,tracking,0.2901815148618686,0,0,0
141,1.410000000000001,1.293932318687439,1.872429609298706,-0.002136213704943657,0.37523844838142395,0.37892915768855734,0.0015420129284774422,tracking,0.37892915768855734,0.0015420129284774422,tracking,0.29393292154276185,0,1,1
142,1.420000000000001,1.2976856231689453,1.8724220991134644,-0.0019508502446115017,0.3754139542579651,0.37892915768855734,0.0015420129284774422,tracking,0.37892915768855734,0.0015420129284774422,tracking,0.2976862335380239,0,0,0
143,1.430000000000001,1.3014405965805054,1.8724149465560913,-0.0017653739778324962,0.37558111548423767,0.37892915768855734,0.0015420129284774422,tracking,0.37892915768855734,0.0015420129284774422,tracking,0.3014412137617535,0,0,0
144,1.440000000000001,1.3051972389221191,1.8724087476730347,-0.0015798439271748066,0.37574031949043274,0.37892915768855734,0.0015420129284774422,tracking,0.37892915768855734,0.0015420129284774422,tracking,0.30519786121779147,0,0,0
145,1.450000000000001,1.308955430984497,1.8724030256271362,-0.0013942115474492311,0.37589195370674133,0.37892915768855734,0.0015420129284774422,tracking,0.37892915768855734,0.0015420129284774422,tracking,0.3089560576362254,0,0,0
146,1.460000000000001,1.3127151727676392,1.8723982572555542,-0.0012085279449820518,0.3760518729686737,0.3792553224204355,-0.0010723357145728243,tracking,0.3792553224204355,-0.0010723357145728243,tracking,0.31271580244316005,0,1,1
147,1.470000000000001,1.3164764642715454,1.8723934888839722,-0.0013943144585937262,0.3762041926383972,0.3792553224204355,-0.0010723357145728243,tracking,0.3792553224204355,-0.0010723357145728243,tracking,0.316477096969613,0,0,0
148,1.480000000000001,1.3202391862869263,1.8723877668380737,-0.0015801498666405678,0.3763492703437805,0.3792553224204355,-0.0010723357145728243,tracking,0.3792553224204355,-0.0010723357145728243,tracking,0.32023982333580564,0,0,0
149,1.490000000000001,1.3240033388137817,1.872381567955017,-0.0017660786397755146,0.37648746371269226,0.3792553224204355,-0.0010723357145728243,tracking,0.3792553224204355,-0.0010723357145728243,tracking,0.3240039809668811,0,0,0
150,1.500000000000001,1.3277689218521118,1.872374415397644,-0.0019520517671480775,0.3766190707683563,0.3792553224204355,-0.0010723357145728243,tracking,0.3792553224204355,-0.0010723357145728243,tracking,0.32776957079818725,0,0,0
151,1.5100000000000011,1.331535816192627,1.8723667860031128,-0.0021381189581006765,0.3767732083797455,0.3798605551689291,-0.00020080055674214382,tracking,0.3798605551689291,-0.00020080055674214382,tracking,0.3315364728649081,0,1,1
152,1.5200000000000011,1.3353042602539062,1.8723582029342651,-0.0023242358583956957,0.37692001461982727,0.3798605551689291,-0.00020080055674214382,tracking,0.3798605551689291,-0.00020080055674214382,tracking,0.3353049267006426,0,0,0
153,1.5300000000000011,1.3390741348266602,1.8723492622375488,-0.0025104470551013947,0.37705984711647034,0.3798605551689291,-0.00020080055674214382,tracking,0.3798605551689291,-0.00020080055674214382,tracking,0.3390748118753335,0,0,0
154,1.5400000000000011,1.3428454399108887,1.8723393678665161,-0.002696703188121319,0.37719303369522095,0.3798605551689291,-0.00020080055674214382,tracking,0.3798605551689291,-0.00020080055674214382,tracking,0.3428461299389428,0,0,0
155,1.5500000000000012,1.3466179370880127,1.8723289966583252,-0.0028830450028181076,0.377319872379303,0.3798605551689291,-0.00020080055674214382,tracking,0.3798605551689291,-0.00020080055674214382,tracking,0.3466186413721088,0,0,0
156,1.5600000000000012,1.3503915071487427,1.8723176717758179,-0.003069419413805008,0.37739118933677673,0.3788199970750169,0.0016992042119756672,tracking,0.3788199970750169,0.0016992042119756672,tracking,0.35039222842638507,0,1,1
157,1.5700000000000012,1.35416579246521,1.8723063468933105,-0.002882999135181308,0.3774591386318207,0.3788199970750169,0.0016992042119756672,tracking,0.3788199970750169,0.0016992042119756672,tracking,0.3541665307331783,0,0,0
158,1.5800000000000012,1.357940673828125,1.8722959756851196,-0.002696557203307748,0.37752383947372437,0.3788199970750169,0.0016992042119756672,tracking,0.3788199970750169,0.0016992042119756672,tracking,0.3579414263431313,0,0,0
159,1.5900000000000012,1.3617161512374878,1.872286081314087,-0.002510073594748974,0.3775854706764221,0.3788199970750169,0.0016992042119756672,tracking,0.3788199970750169,0.0016992042119756672,tracking,0.3617169167175313,0,0,0
160,1.6000000000000012,1.365492343902588,1.872277021408081,-0.0023235701955854893,0.3776441812515259,0.3788199970750169,0.0016992042119756672,tracking,0.3788199970750169,0.0016992042119756672,tracking,0.3654931202509565,0,0,0
161,1.6100000000000012,1.3692691326141357,1.8722684383392334,-0.002137020928785205,0.3777245879173279,0.37933543197555847,0.0009569779551957857,tracking,0.37933543197555847,0.0009569779551957857,tracking,0.36926991871536335,0,1,1
162,1.6200000000000012,1.3730467557907104,1.8722608089447021,-0.001950445817783475,0.37780117988586426,0.37933543197555847,0.0009569779551957857,tracking,0.37933543197555847,0.0009569779551957857,tracking,0.3730475495962006,0,0,0
163,1.6300000000000012,1.3768250942230225,1.872253656387329,-0.0017638214631006122,0.37787413597106934,0.37933543197555847,0.0009569779551957857,tracking,0.37933543197555847,0.0009569779551957857,tracking,0.37682589479855616,0,0,0
164,1.6400000000000012,1.3806041479110718,1.8722474575042725,-0.0015771737089380622,0.37794363498687744,0.37933543197555847,0.0009569779551957857,tracking,0.37933543197555847,0.0009569779551957857,tracking,0.38060495357069907,0,0,0
165,1.6500000000000012,1.3843839168548584,1.872241735458374,-0.0013904812512919307,0.3780098259449005,0.37933543197555847,0.0009569779551957857,tracking,0.37933543197555847,0.0009569779551957857,tracking,0.3843847268456751,0,0,0
166,1.6600000000000013,1.3881642818450928,1.872236967086792,-0.0012037698179483414,0.3780587911605835,0.3790392887490303,-0.0013834242013963738,tracking,0.3790392887490303,-0.0013834242013963738,tracking,0.3881650948432062,0,1,1
167,1.6700000000000013,1.3919451236724854,1.87223219871521,-0.0013905127998441458,0.37810540199279785,0.3790392887490303,-0.0013834242013963738,tracking,0.3790392887490303,-0.0013834242013963738,tracking,0.39194593967751623,0,0,0
168,1.6800000000000013,1.3957264423370361,1.8722264766693115,-0.001577270682901144,0.3781498074531555,0.3790392887490303,-0.0013834242013963738,tracking,0.3790392887490303,-0.0013834242013963738,tracking,0.39572726267148134,0,0,0
169,1.6900000000000013,1.3995081186294556,1.8722202777862549,-0.0017640572041273117,0.37819209694862366,0.3790392887490303,-0.0013834242013963738,tracking,0.3790392887490303,-0.0013834242013963738,tracking,0.3995089440444685,0,0,0
170,1.7000000000000013,1.4032902717590332,1.8722131252288818,-0.0019508572295308113,0.3782323896884918,0.3790392887490303,-0.0013834242013963738,tracking,0.3790392887490303,-0.0013834242013963738,tracking,0.40329110393726136,0,0,0
171,1.7100000000000013,1.407072901725769,1.8722059726715088,-0.0017640228616073728,0.3782963752746582,0.37957772685565644,0.0006080733278547284,tracking,0.37957772685565644,0.0006080733278547284,tracking,0.4070737406663599,0,1,1
172,1.7200000000000013,1.4108561277389526,1.8721997737884521,-0.0015771678881719708,0.37835729122161865,0.37957772685565644,0.0006080733278547284,tracking,0.37957772685565644,0.0006080733278547284,tracking,0.4108569717580301,0,0,0
173,1.7300000000000013,1.414639949798584,1.8721940517425537,-0.001390273799188435,0.3784153163433075,0.37957772685565644,0.0006080733278547284,tracking,0.37957772685565644,0.0006080733278547284,tracking,0.41464079814421145,0,0,0
174,1.7400000000000013,1.418424367904663,1.8721892833709717,-0.001203361083753407,0.37847059965133667,0.37957772685565644,0.0006080733278547284,tracking,0.37957772685565644,0.0006080733278547284,tracking,0.4184252192543665,0,0,0
175,1.7500000000000013,1.42220938205719,1.8721849918365479,-0.0010164128616452217,0.37852323055267334,0.37957772685565644,0.0006080733278547284,tracking,0.37957772685565644,0.0006080733278547284,tracking,0.4222102358398118,0,0,0
176,1.7600000000000013,1.4259947538375854,1.8721816539764404,-0.0008294524159282446,0.3785445988178253,0.37897255894463466,-0.0014795151197260926,tracking,0.37897255894463466,-0.0014795151197260926,tracking,0.425995609091834,0,1,1
177,1.7700000000000014,1.4297802448272705,1.872178316116333,-0.0010164267150685191,0.3785649538040161,0.37897255894463466,-0.0014795151197260926,tracking,0.37897255894463466,-0.0014795151197260926,tracking,0.42978110155309934,0,0,0
178,1.7800000000000014,1.4335659742355347,1.8721740245819092,-0.001203407533466816,0.3785843253135681,0.37897255894463466,-0.0014795151197260926,tracking,0.37897255894463466,-0.0014795151197260926,tracking,0.43356683339382235,0,0,0
179,1.7900000000000014,1.437351942062378,1.8721692562103271,-0.0013904008083045483,0.3786027729511261,0.37897255894463466,-0.0014795151197260926,tracking,0.37897255894463466,-0.0014795151197260926,tracking,0.43735280422351186,0,0,0
180,1.8000000000000014,1.4411380290985107,1.8721635341644287,-0.0015774000203236938,0.37862035632133484,0.37897255894463466,-0.0014795151197260926,tracking,0.37897255894463466,-0.0014795151197260926,tracking,0.44113889558360636,0,0,0
181,1.8100000000000014,1.4449244737625122,1.8721578121185303,-0.0013903757790103555,0.3786790370941162,0.37985454289181014,0.00020945823579339353,tracking,0.37985454289181014,0.00020945823579339353,tracking,0.4449253445711611,0,1,1
182,1.8200000000000014,1.4487115144729614,1.8721530437469482,-0.0012033326784148812,0.3787349462509155,0.37985454289181014,0.00020945823579339353,tracking,0.37985454289181014,0.00020945823579339353,tracking,0.4487123882836059,0,0,0
183,1.8300000000000014,1.4524991512298584,1.8721487522125244,-0.0010162536054849625,0.37878817319869995,0.37985454289181014,0.00020945823579339353,tracking,0.37985454289181014,0.00020945823579339353,tracking,0.45250002747173673,0,0,0
184,1.8400000000000014,1.4562872648239136,1.872145414352417,-0.000829157477710396,0.3788388669490814,0.37985454289181014,0.00020945823579339353,tracking,0.37985454289181014,0.00020945823579339353,tracking,0.4562881425363534,0,0,0
185,1.8500000000000014,1.460075855255127,1.8721425533294678,-0.0006420287536457181,0.3788871765136719,0.37985454289181014,0.00020945823579339353,tracking,0.37985454289181014,0.00020945823579339353,tracking,0.4600767340478434,0,0,0
186,1.8600000000000014,1.4638642072677612,1.872140645980835,-0.0004549080040305853,0.37879031896591187,0.3783780066023783,-0.0023356704925752356,tracking,0.3783780066023783,-0.0023356704925752356,tracking,0.46386508654063086,0,1,1
187,1.8700000000000014,1.4676517248153687,1.8721387386322021,-0.0006419710698537529,0.37871190905570984,0.3783780066023783,-0.0023356704925752356,tracking,0.3783780066023783,-0.0023356704925752356,tracking,0.4676526045684973,0,0,0
188,1.8800000000000014,1.4714385271072388,1.872135877609253,-0.0008290107944048941,0.37864840030670166,0.3783780066023783,-0.0023356704925752356,tracking,0.3783780066023783,-0.0023356704925752356,tracking,0.4714394079411541,0,0,0
189,1.8900000000000015,1.4752247333526611,1.8721325397491455,-0.0010160126257687807,0.3785969614982605,0.3783780066023783,-0.0023356704925752356,tracking,0.3783780066023783,-0.0023356704925752356,tracking,0.47522561565787874,0,0,0
190,1.9000000000000015,1.4790104627609253,1.8721282482147217,-0.001202999148517847,0.3785553276538849,0.3783780066023783,-0.0023356704925752356,tracking,0.3783780066023783,-0.0023356704925752356,tracking,0.47901134749860175,0,0,0
191,1.9100000000000015,1.4827960729599,1.8721234798431396,-0.0013899779878556728,0.3785734176635742,0.3789356591037758,-0.0015326508905628548,tracking,0.3789356591037758,-0.0015326508905628548,tracking,0.48279696070070627,0,1,1
192,1.9200000000000015,1.4865819215774536,1.8721177577972412,-0.00157696264795959,0.3785906434059143,0.3789356591037758,-0.0015326508905628548,tracking,0.3789356591037758,-0.0015326508905628548,tracking,0.48658281364249395,0,0,0
193,1.9300000000000015,1.4903678894042969,1.8721115589141846,-0.0017639583675190806,0.37860703468322754,0.3789356591037758,-0.0015326508905628548,tracking,0.3789356591037758,-0.0015326508905628548,tracking,0.49036878654414595,0,0,0
194,1.9400000000000015,1.4941539764404297,1.8721044063568115,-0.0019509593257680535,0.3786226511001587,0.3789356591037758,-0.0015326508905628548,tracking,0.3789356591037758,-0.0015326508905628548,tracking,0.4941548803364667,0,0,0
195,1.9500000000000015,1.4979403018951416,1.8720967769622803,-0.0021379704121500254,0.37863752245903015,0.3789356591037758,-0.0015326508905628548,tracking,0.3789356591037758,-0.0015326508905628548,tracking,0.4979412134777342,0,0,0
196,1.9600000000000015,1.501726746559143,1.8720881938934326,-0.002324986970052123,0.3786562383174896,0.37903140581497163,0.001394775626440828,tracking,0.37903140581497163,0.001394775626440828,tracking,0.5017276678697236,0,1,1
197,1.9700000000000015,1.5055134296417236,1.872079610824585,-0.002137958537787199,0.37867408990859985,0.37903140581497163,0.001394775626440828,tracking,0.37903140581497163,0.001394775626440828,tracking,0.5055143606796796,0,0,0
198,1.9800000000000015,1.5093002319335938,1.8720719814300537,-0.0019509242847561836,0.37869107723236084,0.37903140581497163,0.001394775626440828,tracking,0.37903140581497163,0.001394775626440828,tracking,0.5093011706571373,0,0,0
199,1.9900000000000015,1.513087272644043,1.8720648288726807,-0.0017638790886849165,0.37870725989341736,0.37903140581497163,0.001394775626440828,tracking,0.37903140581497163,0.001394775626440828,tracking,0.5130882181220732,0,0,0
200,2.0000000000000013,1.5168744325637817,1.872058629989624,-0.001576828770339489,0.3787226676940918,0.37903140581497163,0.001394775626440828,tracking,0.37903140581497163,0.001394775626440828,tracking,0.5168753831150233,0,0,0
201,2.010000000000001,1.5206619501113892,1.8720529079437256,-0.0013897570315748453,0.3787720203399658,0.3797603114051655,0.00034515157656173946,tracking,0.3797603114051655,0.00034515157656173946,tracking,0.5206629049849594,0,1,1
202,2.020000000000001,1.5244499444961548,1.8720481395721436,-0.0012026694603264332,0.3788190186023712,0.3797603114051655,0.00034515157656173946,tracking,0.3797603114051655,0.00034515157656173946,tracking,0.5244509023709647,0,0,0
203,2.0300000000000007,1.528238296508789,1.8720438480377197,-0.0010155517375096679,0.37886378169059753,0.3797603114051655,0.00034515157656173946,tracking,0.3797603114051655,0.00034515157656173946,tracking,0.5282392568143739,0,0,0
204,2.0400000000000005,1.5320271253585815,1.8720405101776123,-0.000828419579192996,0.37890639901161194,0.3797603114051655,0.00034515157656173946,tracking,0.3797603114051655,0.00034515157656173946,tracking,0.5320280871344503,0,0,0
205,2.0500000000000003,1.5358164310455322,1.872037649154663,-0.0006412600050680339,0.378946989774704,0.3797603114051655,0.00034515157656173946,tracking,0.3797603114051655,0.00034515157656173946,tracking,0.5358173939014736,0,0,0
206,2.06,1.5396053791046143,1.8720357418060303,-0.00045411186874844134,0.37883713841438293,0.3783693590004519,-0.002348123039349282,tracking,0.3783693590004519,-0.002348123039349282,tracking,0.5396063424406333,0,1,1
207,2.07,1.5433932542800903,1.8720338344573975,-0.0006411946378648281,0.37874817848205566,0.3783693590004519,-0.002348123039349282,tracking,0.3783693590004519,-0.002348123039349282,tracking,0.543394218096323,0,0,0
208,2.0799999999999996,1.547180414199829,1.8720309734344482,-0.0008282508351840079,0.3786761164665222,0.3783693590004519,-0.002348123039349282,tracking,0.3783693590004519,-0.002348123039349282,tracking,0.5471813790967465,0,0,0
209,2.0899999999999994,1.5509668588638306,1.8720276355743408,-0.0010152640752494335,0.3786177635192871,0.3783693590004519,-0.002348123039349282,tracking,0.3783693590004519,-0.002348123039349282,tracking,0.5509678252319576,0,0,0
210,2.099999999999999,1.5547528266906738,1.872023344039917,-0.001202259911224246,0.3785705268383026,0.3783693590004519,-0.002348123039349282,tracking,0.3783693590004519,-0.002348123039349282,tracking,0.5547537954911066,0,0,0
211,2.109999999999999,1.5585386753082275,1.872018575668335,-0.001389252720400691,0.37860849499702454,0.3793689091162749,-0.0009087708725641734,tracking,0.3793689091162749,-0.0009087708725641734,tracking,0.5585396471116011,0,1,1
212,2.1199999999999988,1.56232488155365,1.8720128536224365,-0.0015762577531859279,0.3786446452140808,0.3793689091162749,-0.0009087708725641734,tracking,0.3793689091162749,-0.0009087708725641734,tracking,0.562325857680849,0,0,0
213,2.1299999999999986,1.566111445426941,1.8720066547393799,-0.00176328606903553,0.378679096698761,0.3793689091162749,-0.0009087708725641734,tracking,0.3793689091162749,-0.0009087708725641734,tracking,0.5661124266281499,0,0,0
214,2.1399999999999983,1.5698983669281006,1.8719995021820068,-0.0019503254443407059,0.37871190905570984,0.3793689091162749,-0.0009087708725641734,tracking,0.3793689091162749,-0.0009087708725641734,tracking,0.5698993548840088,0,0,0
215,2.149999999999998,1.573685646057129,1.8719918727874756,-0.002137386007234454,0.37874314188957214,0.3793689091162749,-0.0009087708725641734,tracking,0.3793689091162749,-0.0009087708725641734,tracking,0.5736866416976572,0,0,0
216,2.159999999999998,1.5774731636047363,1.871983289718628,-0.002324456349015236,0.3787720799446106,0.37935176151852446,0.0009334634133248108,tracking,0.37935176151852446,0.0009334634133248108,tracking,0.5774741689704969,0,1,1
217,2.1699999999999977,1.5812610387802124,1.8719747066497803,-0.002137367380782962,0.3787996470928192,0.37935176151852446,0.0009334634133248108,tracking,0.37935176151852446,0.0009334634133248108,tracking,0.5812620538702871,0,0,0
218,2.1799999999999975,1.5850491523742676,1.871967077255249,-0.001950269564986229,0.3788259029388428,0.37935176151852446,0.0009334634133248108,tracking,0.37935176151852446,0.0009334634133248108,tracking,0.5850501751472694,0,0,0
219,2.1899999999999973,1.5888375043869019,1.871959924697876,-0.0017631548689678311,0.37885090708732605,0.37935176151852446,0.0009334634133248108,tracking,0.37935176151852446,0.0009334634133248108,tracking,0.5888385339120523,0,0,0
220,2.199999999999997,1.5926260948181152,1.8719537258148193,-0.0015760321402922273,0.3788747191429138,0.37935176151852446,0.0009334634133248108,tracking,0.37935176151852446,0.0009334634133248108,tracking,0.5926271294145615,0,0,0
221,2.209999999999997,1.5964150428771973,1.8719475269317627,-0.00176317582372576,0.37891459465026855,0.37971339335176346,-0.00041271357346064647,tracking,0.37971339335176346,-0.00041271357346064647,tracking,0.5964160825444607,0,1,1
222,2.2199999999999966,1.600204348564148,1.8719403743743896,-0.0019503323128446937,0.3789525628089905,0.37971339335176346,-0.00041271357346064647,tracking,0.37971339335176346,-0.00041271357346064647,tracking,0.6002053949818605,0,0,0
223,2.2299999999999964,1.6039940118789673,1.8719327449798584,-0.002137513365596533,0.37898874282836914,0.37971339335176346,-0.00041271357346064647,tracking,0.37971339335176346,-0.00041271357346064647,tracking,0.6039950659764652,0,0,0
224,2.239999999999996,1.6077840328216553,1.8719241619110107,-0.002324705943465233,0.3790231943130493,0.37971339335176346,-0.00041271357346064647,tracking,0.37971339335176346,-0.00041271357346064647,tracking,0.6077850966379619,0,0,0
225,2.249999999999996,1.611574411392212,1.8719151020050049,-0.00251192064024508,0.37905600666999817,0.37971339335176346,-0.00041271357346064647,tracking,0.37971339335176346,-0.00041271357346064647,tracking,0.6115754860361678,0,0,0
226,2.259999999999996,1.6153641939163208,1.8719050884246826,-0.0026991141494363546,0.3788939118385315,0.3782037629994866,0.002586581280739287,tracking,0.3782037629994866,0.002586581280739287,tracking,0.6153652817894812,0,1,1
227,2.2699999999999956,1.6191524267196655,1.8718950748443604,-0.0025120172649621964,0.3787626326084137,0.3782037629994866,0.002586581280739287,tracking,0.3782037629994866,0.002586581280739287,tracking,0.6191535278274424,0,0,0
228,2.2799999999999954,1.6229394674301147,1.8718860149383545,-0.002324959496036172,0.3786563277244568,0.3782037629994866,0.002586581280739287,tracking,0.3782037629994866,0.002586581280739287,tracking,0.6229405793750842,0,0,0
229,2.289999999999995,1.6267255544662476,1.8718774318695068,-0.0021379650570452213,0.3785702586174011,0.3782037629994866,0.002586581280739287,tracking,0.3782037629994866,0.002586581280739287,tracking,0.6267266761401239,0,0,0
230,2.299999999999995,1.630510926246643,1.8718698024749756,-0.0019509963458403945,0.3785005509853363,0.3782037629994866,0.002586581280739287,tracking,0.3782037629994866,0.002586581280739287,tracking,0.6305120556090115,0,0,0
231,2.3099999999999947,1.6342960596084595,1.8718626499176025,-0.0017640383448451757,0.3785379230976105,0.3792864983401658,0.0010274423901612418,tracking,0.3792864983401658,0.0010274423901612418,tracking,0.6342971957287181,0,1,1
232,2.3199999999999945,1.638081669807434,1.871856451034546,-0.001577068236656487,0.3785735070705414,0.3792864983401658,0.0010274423901612418,tracking,0.3792864983401658,0.0010274423901612418,tracking,0.6380828110029809,0,0,0
233,2.3299999999999943,1.6418675184249878,1.8718507289886475,-0.0013900753110647202,0.3786074221134186,0.3792864983401658,0.0010274423901612418,tracking,0.3792864983401658,0.0010274423901612418,tracking,0.6418686639447686,0,0,0
234,2.339999999999994,1.6456537246704102,1.8718459606170654,-0.0012030714424327016,0.37863969802856445,0.3792864983401658,0.0010274423901612418,tracking,0.3792864983401658,0.0010274423901612418,tracking,0.6456548731928481,0,0,0
235,2.349999999999994,1.6494402885437012,1.8718416690826416,-0.0010160468518733978,0.37867045402526855,0.3792864983401658,0.0010274423901612418,tracking,0.3792864983401658,0.0010274423901612418,tracking,0.6494414394980619,0,0,0
236,2.3599999999999937,1.6532270908355713,1.8718383312225342,-0.0008290125988423824,0.37869828939437866,0.37925560209077863,-0.0010719329892787764,tracking,0.37925560209077863,-0.0010719329892787764,tracking,0.6532282432610027,0,1,1
237,2.3699999999999934,1.65701425075531,1.8718349933624268,-0.0010160647798329592,0.3787247836589813,0.37925560209077863,-0.0010719329892787764,tracking,0.37925560209077863,-0.0010719329892787764,tracking,0.6570154046516733,0,0,0
238,2.3799999999999932,1.660801649093628,1.871830701828003,-0.0012031254591420293,0.3787500262260437,0.37925560209077863,-0.0010719329892787764,tracking,0.37925560209077863,-0.0010719329892787764,tracking,0.6608028054213781,0,0,0
239,2.389999999999993,1.664589285850525,1.871825933456421,-0.0013902023201808333,0.37877407670021057,0.37925560209077863,-0.0010719329892787764,tracking,0.37925560209077863,-0.0010719329892787764,tracking,0.6645904451797983,0,0,0
240,2.399999999999993,1.668377161026001,1.8718202114105225,-0.0015772869810461998,0.3787969648838043,0.37925560209077863,-0.0010719329892787764,tracking,0.37925560209077863,-0.0010719329892787764,tracking,0.6683783246771948,0,0,0
241,2.4099999999999926,1.6721652746200562,1.871814489364624,-0.0013901859056204557,0.3788242042064667,0.3793699507725526,0.0009072708875243049,tracking,0.3793699507725526,0.0009072708875243049,tracking,0.6721664425928985,0,1,1
242,2.4199999999999924,1.6759536266326904,1.871809720993042,-0.0012030760990455747,0.37885016202926636,0.3793699507725526,0.0009072708875243049,tracking,0.3793699507725526,0.0009072708875243049,tracking,0.6759547976064891,0,0,0
243,2.429999999999992,1.6797422170639038,1.8718054294586182,-0.0010159495286643505,0.37887486815452576,0.3793699507725526,0.0009072708875243049,tracking,0.3793699507725526,0.0009072708875243049,tracking,0.6797433904683244,0,0,0
244,2.439999999999992,1.6835310459136963,1.8718020915985107,-0.0008288150420412421,0.37889841198921204,0.3793699507725526,0.0009072708875243049,tracking,0.3793699507725526,0.0009072708875243049,tracking,0.6835322207884008,0,0,0
245,2.4499999999999917,1.6873201131820679,1.8717992305755615,-0.0006416654214262962,0.3789208233356476,0.3793699507725526,0.0009072708875243049,tracking,0.3793699507725526,0.0009072708875243049,tracking,0.687321289136913,0,0,0
246,2.4599999999999915,1.6911088228225708,1.8717973232269287,-0.0004545298870652914,0.37881287932395935,0.37835334721007824,-0.002371180017487349,tracking,0.37835334721007824,-0.002371180017487349,tracking,0.6911099992575238,0,1,1
247,2.4699999999999913,1.6948964595794678,1.871795415878296,-0.0006416011601686478,0.37872546911239624,0.37835334721007824,-0.002371180017487349,tracking,0.37835334721007824,-0.002371180017487349,tracking,0.6948976364946646,0,0,0
248,2.479999999999991,1.6986833810806274,1.8717925548553467,-0.0008286463562399149,0.37865468859672546,0.37835334721007824,-0.002371180017487349,tracking,0.37835334721007824,-0.002371180017487349,tracking,0.698684559076577,0,0,0
249,2.489999999999991,1.7024695873260498,1.8717892169952393,-0.0010156494099646807,0.3785973787307739,0.37835334721007824,-0.002371180017487349,tracking,0.37835334721007824,-0.002371180017487349,tracking,0.7024707667933017,0,0,0
250,2.4999999999999907,1.706255316734314,1.8717849254608154,-0.0012026353506371379,0.3785509765148163,0.37835334721007824,-0.002371180017487349,tracking,0.37835334721007824,-0.002371180017487349,tracking,0.7062564986340246,0,0,0
251,2.5099999999999905,1.7100406885147095,1.8717801570892334,-0.0013895937008783221,0.3785133957862854,0.37835334721007824,-0.002371180017487349,tracking,0.37835334721007824,-0.002371180017487349,tracking,0.7100418734177392,0,1,0
252,2.5199999999999902,1.7138257026672363,1.871774435043335,-0.0015765407588332891,0.37848296761512756,0.37835334721007824,-0.002371180017487349,tracking,0.37835334721007824,-0.002371180017487349,tracking,0.7138268918954533,0,0,0
253,2.52999999999999,1.7176103591918945,1.8717682361602783,-0.001763469772413373,0.37845832109451294,0.37835334721007824,-0.002371180017487349,tracking,0.37835334721007824,-0.002371180017487349,tracking,0.7176115534966786,0,0,0
254,2.53999999999999,1.7213947772979736,1.8717610836029053,-0.0019503914518281817,0.3784383535385132,0.37835334721007824,-0.002371180017487349,tracking,0.37835334721007824,-0.002371180017487349,tracking,0.7213959783619251,0,0,0
255,2.5499999999999896,1.7251790761947632,1.871753454208374,-0.002137301256880164,0.37842220067977905,0.37835334721007824,-0.002371180017487349,tracking,0.37835334721007824,-0.002371180017487349,tracking,0.7251802849493865,0,0,0
256,2.5599999999999894,1.7289632558822632,1.8717448711395264,-0.002324206056073308,0.37840911746025085,0.37835334721007824,-0.002371180017487349,tracking,0.37835334721007824,-0.002371180017487349,tracking,0.728964474370697,0,1,0
257,2.569999999999989,1.7327473163604736,1.8717358112335205,-0.0025111031718552113,0.37839850783348083,0.37835334721007824,-0.002371180017487349,tracking,0.37835334721007824,-0.002371180017487349,tracking,0.7327485456946352,0,0,0
258,2.579999999999989,1.7365312576293945,1.8717257976531982,-0.0026979970280081034,0.3783899247646332,0.37835334721007824,-0.002371180017487349,tracking,0.37835334721007824,-0.002371180017487349,tracking,0.7365325002131824,0,0,0
259,2.5899999999999888,1.7403150796890259,1.8717153072357178,-0.002884885761886835,0.37838298082351685,0.37835334721007824,-0.002371180017487349,tracking,0.37835334721007824,-0.002371180017487349,tracking,0.7403163368148094,0,0,0
260,2.5999999999999885,1.7440989017486572,1.871703863143921,-0.0030717726331204176,0.37837734818458557,0.37835334721007824,-0.002371180017487349,tracking,0.37835334721007824,-0.002371180017487349,tracking,0.744100176180611,0,0,0
261,2.6099999999999883,1.747882604598999,1.8716920614242554,-0.0032586560118943453,0.37837278842926025,0.37835334721007824,-0.002371180017487349,tracking,0.37835334721007824,-0.002371180017487349,tracking,0.7478838974362364,0,1,0
262,2.619999999999988,1.7516663074493408,1.8716793060302734,-0.003445537993684411,0.3783690929412842,0.37835334721007824,-0.002371180017487349,tracking,0.37835334721007824,-0.002371180017487349,tracking,0.7516676217866298,0,0,0
263,2.629999999999988,1.7554500102996826,1.8716660737991333,-0.003632417879998684,0.3783661127090454,0.37835334721007824,-0.002371180017487349,tracking,0.37835334721007824,-0.002371180017487349,tracking,0.7554513477745451,0,0,0
264,2.6399999999999877,1.7592335939407349,1.8716518878936768,-0.003819296834990382,0.378363698720932,0.37835334721007824,-0.002371180017487349,tracking,0.37835334721007824,-0.002371180017487349,tracking,0.7592349580093277,0,0,0
265,2.6499999999999875,1.763017177581787,1.871637225151062,-0.0040061743929982185,0.3783617317676544,0.37835334721007824,-0.002371180017487349,tracking,0.37835334721007824,-0.002371180017487349,tracking,0.7630185700619646,0,0,0
266,2.6599999999999873,1.7668007612228394,1.8716216087341309,-0.004193051252514124,0.37836015224456787,0.37835334721007824,-0.002371180017487349,tracking,0.37835334721007824,-0.002371180017487349,tracking,0.7668021859305902,0,1,0
267,2.669999999999987,1.770569086074829,1.8716057538986206,-0.004193051252514124,0.37531566619873047,0.37835334721007824,-0.002371180017487349,tracking,0.3623533472100782,0.0,request_watchdog_timeout,0.7705705441362194,0,0,0
268,2.679999999999987,1.7742946147918701,1.8715901374816895,-0.004193051252514124,0.36980703473091125,0.37835334721007824,-0.002371180017487349,tracking,0.3463533472100782,0.0,request_watchdog_timeout,0.7742961055830319,0,0,0
269,2.6899999999999866,1.777955174446106,1.8715747594833374,-0.004193051252514124,0.3623029589653015,0.37835334721007824,-0.002371180017487349,tracking,0.3303533472100782,0.0,request_watchdog_timeout,0.7779566975385839,0,0,0
270,2.6999999999999864,1.7815325260162354,1.871559739112854,-0.004193051252514124,0.35318294167518616,0.37835334721007824,-0.002371180017487349,tracking,0.3143533472100782,0.0,request_watchdog_timeout,0.7815340806418923,0,0,0
271,2.709999999999986,1.785012125968933,1.8715451955795288,-0.004193051252514124,0.3427543640136719,0.37835334721007824,-0.002371180017487349,tracking,0.29835334721007817,0.0,request_watchdog_timeout,0.7850137109879457,0,1,0
272,2.719999999999986,1.7883821725845337,1.8715310096740723,-0.004193051252514124,0.3312660753726959,0.37835334721007824,-0.002371180017487349,tracking,0.28235334721007815,0.0,request_watchdog_timeout,0.7883837874605549,0,0,0
273,2.7299999999999858,1.791633129119873,1.8715174198150635,-0.004193051252514124,0.31891965866088867,0.37835334721007824,-0.002371180017487349,tracking,0.26635334721007814,0.0,request_watchdog_timeout,0.7916347724003745,0,0,0
274,2.7399999999999856,1.7947571277618408,1.871504306793213,-0.004193051252514124,0.30587834119796753,0.37835334721007824,-0.002371180017487349,tracking,0.2503533472100781,0.0,request_watchdog_timeout,0.7947587985632545,0,0,0
275,2.7499999999999853,1.7977478504180908,1.87149178981781,-0.004193051252514124,0.2922742962837219,0.37835334721007824,-0.002371180017487349,tracking,0.2343533472100781,0.0,request_watchdog_timeout,0.7977495474128372,0,0,0
276,2.759999999999985,1.800600290298462,1.871479868888855,-0.004193051252514124,0.27821454405784607,0.37835334721007824,-0.002371180017487349,tracking,0.2183533472100781,0.0,request_watchdog_timeout,0.8006020122030982,0,1,0
277,2.769999999999985,1.8033102750778198,1.8714685440063477,-0.004193051252514124,0.2637857496738434,0.37835334721007824,-0.002371180017487349,tracking,0.20235334721007808,0.0,request_watchdog_timeout,0.8033120206453942,0,0,0
278,2.7799999999999847,1.8058744668960571,1.871457815170288,-0.004193051252514124,0.24905811250209808,0.37835334721007824,-0.002371180017487349,tracking,0.18635334721007807,0.0,request_watchdog_timeout,0.805876234908797,0,0,0
279,2.7899999999999845,1.8082901239395142,1.8714476823806763,-0.004193051252514124,0.2340884655714035,0.37835334721007824,-0.002371180017487349,tracking,0.17035334721007805,0.0,request_watchdog_timeout,0.8082919132038167,0,0,0
280,2.7999999999999843,1.8105552196502686,1.8714381456375122,-0.004193051252514124,0.21892285346984863,0.37835334721007824,-0.002371180017487349,tracking,0.15435334721007804,0.0,request_watchdog_timeout,0.8105570289907794,0,0,0
281,2.809999999999984,1.8126678466796875,1.8714293241500854,-0.004193051252514124,0.2035985291004181,0.37835334721007824,-0.002371180017487349,tracking,0.13835334721007803,0.0,request_watchdog_timeout,0.8126696744376237,0,1,0
282,2.819999999999984,1.8146265745162964,1.8714210987091064,-0.004193051252514124,0.1881456971168518,0.37835334721007824,-0.002371180017487349,tracking,0.12235334721007803,0.0,request_watchdog_timeout,0.8146284195450294,0,0,0
283,2.8299999999999836,1.8164302110671997,1.8714135885238647,-0.004193051252514124,0.1725887954235077,0.37835334721007824,-0.002371180017487349,tracking,0.10635334721007803,0.0,request_watchdog_timeout,0.816432071731743,0,0,0
284,2.8399999999999834,1.8180779218673706,1.8714066743850708,-0.004193051252514124,0.15694761276245117,0.37835334721007824,-0.002371180017487349,tracking,0.09035334721007802,0.0,request_watchdog_timeout,0.8180797970384356,0,0,0
285,2.849999999999983,1.8195688724517822,1.8714004755020142,-0.004193051252514124,0.14123818278312683,0.37835334721007824,-0.002371180017487349,tracking,0.07435334721007802,0.0,request_watchdog_timeout,0.8195707605092518,0,0,0
286,2.859999999999983,1.8209024667739868,1.8713948726654053,-0.004193051252514124,0.1254734843969345,0.37835334721007824,-0.002371180017487349,tracking,0.058353347210078024,0.0,request_watchdog_timeout,0.8209043666010174,0,1,0
287,2.869999999999983,1.8220781087875366,1.8713899850845337,-0.004193051252514124,0.10966403782367706,0.37835334721007824,-0.002371180017487349,tracking,0.042353347210078024,0.0,request_watchdog_timeout,0.8220800187742686,0,0,0
288,2.8799999999999826,1.8230955600738525,1.8713856935501099,-0.004193051252514124,0.09381834417581558,0.37835334721007824,-0.002371180017487349,tracking,0.026353347210078024,0.0,request_watchdog_timeout,0.823097479111232,0,0,0
289,2.8899999999999824,1.8239543437957764,1.8713821172714233,-0.004193051252514124,0.07794330269098282,0.37835334721007824,-0.002371180017487349,tracking,0.010353347210078023,0.0,request_watchdog_timeout,0.8239562702795672,0,0,0
290,2.899999999999982,1.8246597051620483,1.8713791370391846,-0.004193051252514124,0.06311848759651184,0.37835334721007824,-0.002371180017487349,tracking,0.0,0.0,request_watchdog_timeout,0.8246616379417216,0,0,0
291,2.909999999999982,1.8252308368682861,1.8713767528533936,-0.004193051252514124,0.05111335217952728,0.37835334721007824,-0.002371180017487349,tracking,0.0,0.0,request_watchdog_timeout,0.8252327746243222,0,1,0
292,2.9199999999999817,1.8256933689117432,1.8713748455047607,-0.004193051252514124,0.04139159247279167,0.37835334721007824,-0.002371180017487349,tracking,0.0,0.0,request_watchdog_timeout,0.8256953106004401,0,0,0
293,2.9299999999999815,1.8260679244995117,1.8713732957839966,-0.004193051252514124,0.03351891040802002,0.37835334721007824,-0.002371180017487349,tracking,0.0,0.0,request_watchdog_timeout,0.8260698693941736,0,0,0
294,2.9399999999999813,1.826371192932129,1.8713719844818115,-0.004193051252514124,0.02714361436665058,0.37835334721007824,-0.002371180017487349,tracking,0.0,0.0,request_watchdog_timeout,0.8263731406617468,0,0,0
295,2.949999999999981,1.8266167640686035,1.8713709115982056,-0.004193051252514124,0.021980898454785347,0.37835334721007824,-0.002371180017487349,tracking,0.0,0.0,request_watchdog_timeout,0.826618714141888,0,0,0
296,2.959999999999981,1.8268157243728638,1.8713700771331787,-0.004193051252514124,0.01780013181269169,0.37835334721007824,-0.002371180017487349,tracking,0.0,0.0,request_watchdog_timeout,0.8268176761960673,0,1,0
297,2.9699999999999807,1.8269767761230469,1.8713693618774414,-0.004193051252514124,0.014414547011256218,0.37835334721007824,-0.002371180017487349,tracking,0.0,0.0,request_watchdog_timeout,0.8269787295345232,0,0,0
298,2.9799999999999804,1.8271071910858154,1.8713687658309937,-0.004193051252514124,0.011672900058329105,0.37835334721007824,-0.002371180017487349,tracking,0.0,0.0,request_watchdog_timeout,0.8271091458593652,0,0,0
299,2.9899999999999802,1.8272128105163574,1.8713682889938354,-0.004193051252514124,0.009452714584767818,0.37835334721007824,-0.002371180017487349,tracking,0.0,0.0,request_watchdog_timeout,0.8272147663662835,0,0,0
300,2.99999999999998,1.8272984027862549,1.8713679313659668,-0.004193051252514124,0.007654808461666107,0.37835334721007824,-0.002371180017487349,tracking,0.0,0.0,request_watchdog_timeout,0.8273003593833111,0,0,0
301,3.00999999999998,1.8273676633834839,1.8713676929473877,-0.004193051252514124,0.006198863964527845,0.37835334721007824,-0.002371180017487349,tracking,0.0,0.0,request_watchdog_timeout,0.8273696203908979,0,1,0
302,3.0199999999999796,1.8274238109588623,1.8713674545288086,-0.004193051252514124,0.005019839853048325,0.37835334721007824,-0.002371180017487349,tracking,0.0,0.0,request_watchdog_timeout,0.8274257684724706,0,0,0
303,3.0299999999999794,1.8274692296981812,1.8713672161102295,-0.004193051252514124,0.004065066110342741,0.37835334721007824,-0.002371180017487349,tracking,0.0,0.0,request_watchdog_timeout,0.8274711878375557,0,0,0
304,3.039999999999979,1.8275060653686523,1.87136709690094,-0.004193051252514124,0.0032918904908001423,0.37835334721007824,-0.002371180017487349,tracking,0.0,0.0,request_watchdog_timeout,0.8275080237009217,0,0,0
305,3.049999999999979,1.82753586769104,1.8713669776916504,-0.004193051252514124,0.0026657728012651205,0.37835334721007824,-0.002371180017487349,tracking,0.0,0.0,request_watchdog_timeout,0.827537826261727,0,0,0
306,3.0599999999999787,1.8275599479675293,1.8713668584823608,-0.004193051252514124,0.0021587428636848927,0.37835334721007824,-0.002371180017487349,tracking,0.0,0.0,request_watchdog_timeout,0.827561906833287,0,1,0
307,3.0699999999999785,1.8275794982910156,1.8713667392730713,-0.004193051252514124,0.0017481499817222357,0.37835334721007824,-0.002371180017487349,tracking,0.0,0.0,request_watchdog_timeout,0.827581457520213,0,0,0
308,3.0799999999999783,1.8275953531265259,1.8713666200637817,-0.004193051252514124,0.0014156518736854196,0.37835334721007824,-0.002371180017487349,tracking,0.0,0.0,request_watchdog_timeout,0.827597312803872,0,0,0
309,3.089999999999978,1.8276081085205078,1.8713666200637817,-0.004193051252514124,0.001146394875831902,0.37835334721007824,-0.002371180017487349,tracking,0.0,0.0,request_watchdog_timeout,0.827610068197854,0,0,0
310,3.099999999999978,1.8276184797286987,1.8713666200637817,-0.004193051252514124,0.0009283505496568978,0.37835334721007824,-0.002371180017487349,tracking,0.0,0.0,request_watchdog_timeout,0.8276204394060449,0,0,0
311,3.1099999999999777,1.8276294469833374,1.8713666200637817,-0.004192482214421034,0.0012646075338125229,0.37623718455959626,0.0054184542341813614,tracking,0.008,0.0054184542341813614,tracking,0.8276314066606836,0,1,1
312,3.1199999999999775,1.8276455402374268,1.8713665008544922,-0.004191742278635502,0.001965275499969721,0.37623718455959626,0.0054184542341813614,tracking,0.016,0.0054184542341813614,tracking,0.8276475003562828,0,0,0
313,3.1299999999999772,1.8276704549789429,1.8713663816452026,-0.0041904267854988575,0.0030130266677588224,0.37623718455959626,0.0054184542341813614,tracking,0.024,0.0054184542341813614,tracking,0.827672415382987,0,0,0
314,3.139999999999977,1.8277075290679932,1.871366262435913,-0.004188711754977703,0.0043913573026657104,0.37623718455959626,0.0054184542341813614,tracking,0.032,0.0054184542341813614,tracking,0.8277094896636916,0,0,0
315,3.149999999999977,1.827759861946106,1.871366024017334,-0.004185985308140516,0.006084548309445381,0.37623718455959626,0.0054184542341813614,tracking,0.04,0.0054184542341813614,tracking,0.8277618230848963,0,0,0
316,3.1599999999999766,1.8278306722640991,1.8713657855987549,-0.0041826521046459675,0.00807762797921896,0.3764210254771146,0.0051537233129549664,tracking,0.048,0.0051537233129549664,tracking,0.8278326338042664,0,1,1
317,3.1699999999999764,1.8279228210449219,1.8713654279708862,-0.004177912138402462,0.010356336832046509,0.3764210254771146,0.0051537233129549664,tracking,0.056,0.0051537233129549664,tracking,0.8279247832790604,0,0,0
318,3.179999999999976,1.8280391693115234,1.871364951133728,-0.004172377288341522,0.01290709339082241,0.3764210254771146,0.0051537233129549664,tracking,0.064,0.0051537233129549664,tracking,0.8280411325227832,0,0,0
319,3.189999999999976,1.828182339668274,1.8713643550872803,-0.004165077116340399,0.01571696065366268,0.3764210254771146,0.0051537233129549664,tracking,0.07200000000000001,0.0051537233129549664,tracking,0.8281843041202578,0,0,0
320,3.1999999999999758,1.828354835510254,1.871363639831543,-0.004156811162829399,0.018773619085550308,0.3764210254771146,0.0051537233129549664,tracking,0.08000000000000002,0.0051537233129549664,tracking,0.8283568014451389,0,0,0
321,3.2099999999999755,1.8285590410232544,1.8713628053665161,-0.004146454855799675,0.022065334022045135,0.3759986210088253,0.0057619857472915315,tracking,0.08800000000000002,0.0057619857472915315,tracking,0.8285610086631104,0,1,1
322,3.2199999999999753,1.8287972211837769,1.8713618516921997,-0.004134977702051401,0.02558092772960663,0.3759986210088253,0.0057619857472915315,tracking,0.09600000000000003,0.0057619857472915315,tracking,0.8287991907328831,0,0,0
323,3.229999999999975,1.8290716409683228,1.8713606595993042,-0.00412111496552825,0.029309755191206932,0.3759986210088253,0.0057619857472915315,tracking,0.10400000000000004,0.0057619857472915315,tracking,0.8290736131066716,0,0,0
324,3.239999999999975,1.829384446144104,1.8713593482971191,-0.004105991218239069,0.03324167802929878,0.3759986210088253,0.0057619857472915315,tracking,0.11200000000000004,0.0057619857472915315,tracking,0.8293864210309781,0,0,0
325,3.2499999999999747,1.8297375440597534,1.8713579177856445,-0.004088214132934809,0.03736703470349312,0.3759986210088253,0.0057619857472915315,tracking,0.12000000000000005,0.0057619857472915315,tracking,0.8297395218443432,0,0,0
326,3.2599999999999745,1.8301327228546143,1.8713562488555908,-0.004069048445671797,0.041676633059978485,0.375843506804329,0.00598535020176629,tracking,0.12800000000000006,0.00598535020176629,tracking,0.8301347041633241,0,1,1
327,3.2699999999999743,1.8305718898773193,1.8713544607162476,-0.004046986810863018,0.0461617112159729,0.375843506804329,0.00598535020176629,tracking,0.13600000000000007,0.00598535020176629,tracking,0.8305738748263629,0,0,0
328,3.279999999999974,1.8310567140579224,1.8713525533676147,-0.004023421090096235,0.05081392079591751,0.375843506804329,0.00598535020176629,tracking,0.14400000000000007,0.00598535020176629,tracking,0.8310587027588051,0,0,0
329,3.289999999999974,1.831588864326477,1.8713504076004028,-0.003996739163994789,0.055625319480895996,0.375843506804329,0.00598535020176629,tracking,0.15200000000000008,0.00598535020176629,tracking,0.8315908573534858,0,0,0
330,3.2999999999999736,1.8321698904037476,1.8713481426239014,-0.003968448378145695,0.06058833375573158,0.375843506804329,0.00598535020176629,tracking,0.1600000000000001,0.00598535020176629,tracking,0.8321718878454455,0,0,0
331,3.3099999999999734,1.832801342010498,1.8713456392288208,-0.003936841152608395,0.06569575518369675,0.3763584882070478,0.0052437769818511415,tracking,0.1680000000000001,0.0052437769818511415,tracking,0.8328033444145416,0,1,1
332,3.319999999999973,1.8334845304489136,1.8713430166244507,-0.003903529839590192,0.07094072550535202,0.3763584882070478,0.0052437769818511415,tracking,0.1760000000000001,0.0052437769818511415,tracking,0.8334865378867282,0,0,0
333,3.329999999999973,1.8342207670211792,1.8713401556015015,-0.0038667211774736643,0.07631669193506241,0.3763584882070478,0.0052437769818511415,tracking,0.1840000000000001,0.0052437769818511415,tracking,0.8342227800179552,0,0,0
334,3.3399999999999728,1.8350114822387695,1.8713371753692627,-0.0038281220477074385,0.08181743323802948,0.3763584882070478,0.0052437769818511415,tracking,0.19200000000000012,0.0052437769818511415,tracking,0.8350135008518234,0,0,0
335,3.3499999999999726,1.8358577489852905,1.8713339567184448,-0.0037858609575778246,0.08743701130151749,0.3763584882070478,0.0052437769818511415,tracking,0.20000000000000012,0.0052437769818511415,tracking,0.8358597737191542,0,0,0
336,3.3599999999999723,1.8367607593536377,1.8713306188583374,-0.0037417311687022448,0.09316977858543396,0.3763917829922791,0.005195832491118118,tracking,0.20800000000000013,0.005195832491118118,tracking,0.8367627902564627,0,1,1
337,3.369999999999972,1.8377217054367065,1.8713270425796509,-0.0036937904078513384,0.09901035577058792,0.3763917829922791,0.005195832491118118,tracking,0.21600000000000014,0.005195832491118118,tracking,0.8377237429942883,0,0,0
338,3.379999999999972,1.8387415409088135,1.8713233470916748,-0.003643909702077508,0.10495361685752869,0.3763917829922791,0.005195832491118118,tracking,0.22400000000000014,0.005195832491118118,tracking,0.8387435851618804,0,0,0
339,3.3899999999999717,1.839821219444275,1.8713194131851196,-0.003590082749724388,0.11099467426538467,0.3763917829922791,0.005195832491118118,tracking,0.23200000000000015,0.005195832491118118,tracking,0.8398232708640905,0,0,0
340,3.3999999999999715,1.8409618139266968,1.871315360069275,-0.003534251358360052,0.1171288788318634,0.3763917829922791,0.005195832491118118,tracking,0.24000000000000016,0.005195832491118118,tracking,0.840963872547887,0,0,0
341,3.4099999999999713,1.842164158821106,1.8713111877441406,-0.003474351018667221,0.1233517974615097,0.3766474271734383,0.004827704870248833,tracking,0.24800000000000016,0.004827704870248833,tracking,0.8421662246815853,0,1,1
342,3.419999999999971,1.8434292078018188,1.8713068962097168,-0.0034123877994716167,0.12965922057628632,0.3766474271734383,0.004827704870248833,tracking,0.25600000000000017,0.004827704870248833,tracking,0.8434312809415478,0,0,0
343,3.429999999999971,1.8447576761245728,1.8713023662567139,-0.003346244106069207,0.1360471248626709,0.3766474271734383,0.004827704870248833,tracking,0.2640000000000002,0.004827704870248833,tracking,0.8447597569876378,0,0,0
344,3.4399999999999706,1.846150517463684,1.8712977170944214,-0.003277984680607915,0.14251168072223663,0.3766474271734383,0.004827704870248833,tracking,0.2720000000000002,0.004827704870248833,tracking,0.8461526060859422,0,0,0
345,3.4499999999999704,1.8476083278656006,1.8712929487228394,-0.0032054437324404716,0.14904925227165222,0.3766474271734383,0.004827704870248833,tracking,0.2800000000000002,0.004827704870248833,tracking,0.8476104242863032,0,0,0
346,3.45999999999997,1.8491318225860596,1.8712881803512573,-0.0031307388562709093,0.1556563526391983,0.3771042611124869,0.004169863998018879,tracking,0.2880000000000002,0.004169863998018879,tracking,0.8491339264689842,0,1,1
347,3.46999999999997,1.8507217168807983,1.8712832927703857,-0.00305166095495224,0.16232968866825104,0.3771042611124869,0.004169863998018879,tracking,0.2960000000000002,0.004169863998018879,tracking,0.8507238282762949,0,0,0
348,3.47999999999997,1.8523787260055542,1.8712782859802246,-0.0029703755863010883,0.16906611621379852,0.3771042611124869,0.004169863998018879,tracking,0.3040000000000002,0.004169863998018879,tracking,0.8523808449652488,0,0,0
349,3.4899999999999696,1.8541033267974854,1.871273159980774,-0.0028846338391304016,0.1758626252412796,0.3771042611124869,0.004169863998018879,tracking,0.3120000000000002,0.004169863998018879,tracking,0.8541054533751204,0,0,0
350,3.4999999999999694,1.855896234512329,1.8712680339813232,-0.0027966450434178114,0.18271635472774506,0.3771042611124869,0.004169863998018879,tracking,0.32000000000000023,0.004169863998018879,tracking,0.8558983684176745,0,0,0
351,3.509999999999969,1.8577579259872437,1.8712629079818726,-0.002704124664887786,0.1896245926618576,0.37735228926333964,0.0038127034607909342,tracking,0.32800000000000024,0.0038127034607909342,tracking,0.8577600669495641,0,1,1
352,3.519999999999969,1.8596889972686768,1.8712577819824219,-0.0026093211490660906,0.19658474624156952,0.37735228926333964,0.0038127034607909342,tracking,0.33600000000000024,0.0038127034607909342,tracking,0.8596911450344291,0,0,0
353,3.5299999999999687,1.8616899251937866,1.8712526559829712,-0.0025099175982177258,0.20359434187412262,0.37735228926333964,0.0038127034607909342,tracking,0.34400000000000025,0.0038127034607909342,tracking,0.8616920795254495,0,0,0
354,3.5399999999999685,1.8637611865997314,1.87124764919281,-0.0024081983137875795,0.21065102517604828,0.37735228926333964,0.0038127034607909342,tracking,0.35200000000000026,0.0038127034607909342,tracking,0.8637633469827577,0,0,0
355,3.5499999999999683,1.8659031391143799,1.8712425231933594,-0.0023018168285489082,0.2177525758743286,0.37735228926333964,0.0038127034607909342,tracking,0.36000000000000026,0.0038127034607909342,tracking,0.8659053056310232,0,0,0
356,3.559999999999968,1.8681163787841797,1.8712376356124878,-0.002193090273067355,0.2248968482017517,0.3792542414013731,0.0010738923820227137,tracking,0.36800000000000027,0.0010738923820227137,tracking,0.8681185506975313,0,1,1
357,3.569999999999968,1.8704012632369995,1.8712327480316162,-0.0020796451717615128,0.232081800699234,0.3792542414013731,0.0010738923820227137,tracking,0.3760000000000003,0.0010738923820227137,tracking,0.8704034403778407,0,0,0
358,3.5799999999999677,1.872757077217102,1.8712279796600342,-0.0019638652447611094,0.23907984793186188,0.3792542414013731,0.0010738923820227137,tracking,0.3792542414013731,0.0010738923820227137,tracking,0.8727592591837369,0,0,0
359,3.5899999999999674,1.8751811981201172,1.8712233304977417,-0.0018435862148180604,0.24574513733386993,0.3792542414013731,0.0010738923820227137,tracking,0.3792542414013731,0.0010738923820227137,tracking,0.8751833845450053,0,0,0
360,3.5999999999999672,1.877670407295227,1.8712189197540283,-0.0017211647937074304,0.25209349393844604,0.3792542414013731,0.0010738923820227137,tracking,0.3792542414013731,0.0010738923820227137,tracking,0.8776725976279115,0,0,0
361,3.609999999999967,1.8802216053009033,1.8712146282196045,-0.0015946562634781003,0.2581571936607361,0.379615960299358,0.0005530171689244719,tracking,0.379615960299358,0.0005530171689244719,tracking,0.8802237992431184,0,1,1
362,3.619999999999967,1.8828320503234863,1.8712106943130493,-0.0014661987079307437,0.26393255591392517,0.379615960299358,0.0005530171689244719,tracking,0.379615960299358,0.0005530171689244719,tracking,0.8828342472298727,0,0,0
363,3.6299999999999666,1.8854988813400269,1.8712068796157837,-0.001334028085693717,0.26943328976631165,0.379615960299358,0.0005530171689244719,tracking,0.379615960299358,0.0005530171689244719,tracking,0.8855010809747278,0,0,0
364,3.6399999999999664,1.8882193565368652,1.8712035417556763,-0.0012000894639641047,0.2746724784374237,0.379615960299358,0.0005530171689244719,tracking,0.379615960299358,0.0005530171689244719,tracking,0.8882215582192426,0,0,0
365,3.649999999999966,1.890990972518921,1.8712003231048584,-0.0010627824813127518,0.279662549495697,0.379615960299358,0.0005530171689244719,tracking,0.379615960299358,0.0005530171689244719,tracking,0.8909931760701917,0,0,0
366,3.659999999999966,1.8938112258911133,1.8711975812911987,-0.0009238761267624795,0.28438735008239746,0.37902722063986655,-0.001400802278592169,tracking,0.37902722063986655,-0.001400802278592169,tracking,0.8938134307751615,0,1,1
367,3.6699999999999657,1.8966776132583618,1.871194839477539,-0.001065820106305182,0.28888747096061707,0.37902722063986655,-0.001400802278592169,tracking,0.37902722063986655,-0.001400802278592169,tracking,0.8966798194537368,0,0,0
368,3.6799999999999655,1.899587869644165,1.8711915016174316,-0.001209210604429245,0.293173611164093,0.37902722063986655,-0.001400802278592169,tracking,0.37902722063986655,-0.001400802278592169,tracking,0.8995900777536852,0,0,0
369,3.6899999999999653,1.9025399684906006,1.8711878061294556,-0.0013553566532209516,0.2972559630870819,0.37902722063986655,-0.001400802278592169,tracking,0.37902722063986655,-0.001400802278592169,tracking,0.9025421789131575,0,0,0
370,3.699999999999965,1.9055320024490356,1.8711835145950317,-0.0015028149355202913,0.30114418268203735,0.37902722063986655,-0.001400802278592169,tracking,0.37902722063986655,-0.001400802278592169,tracking,0.9055342159493079,0,0,0
371,3.709999999999965,1.9085620641708374,1.8711791038513184,-0.0013528465060517192,0.30487924814224243,0.37969476580298006,0.0004395372437086924,tracking,0.37969476580298006,0.0004395372437086924,tracking,0.9085642808813825,0,1,1
372,3.7199999999999647,1.9116286039352417,1.8711752891540527,-0.0012016774853691459,0.30843672156333923,0.37969476580298006,0.0004395372437086924,tracking,0.37969476580298006,0.0004395372437086924,tracking,0.911630823018479,0,0,0
373,3.7299999999999645,1.9147299528121948,1.8711717128753662,-0.0010482213692739606,0.3118250370025635,0.37969476580298006,0.0004395372437086924,tracking,0.37969476580298006,0.0004395372437086924,tracking,0.9147321739574003,0,0,0
374,3.7399999999999642,1.9178643226623535,1.8711687326431274,-0.0008936761878430843,0.31505224108695984,0.37969476580298006,0.0004395372437086924,tracking,0.37969476580298006,0.0004395372437086924,tracking,0.9178665452243959,0,0,0
375,3.749999999999964,1.9210301637649536,1.8711661100387573,-0.0007370561361312866,0.31812599301338196,0.37969476580298006,0.0004395372437086924,tracking,0.37969476580298006,0.0004395372437086924,tracking,0.9210323874132875,0,0,0
376,3.759999999999964,1.924225926399231,1.871164083480835,-0.0005794510361738503,0.32103610038757324,0.3793269729886837,-0.0009691588962955251,tracking,0.3793269729886837,-0.0009691588962955251,tracking,0.9242281506901245,0,1,1
377,3.7699999999999636,1.927450180053711,1.8711620569229126,-0.0007389271631836891,0.32380783557891846,0.3793269729886837,-0.0009691588962955251,tracking,0.3793269729886837,-0.0009691588962955251,tracking,0.9274524049814863,0,0,0
378,3.7799999999999634,1.930701494216919,1.871159315109253,-0.0008992941584438086,0.3264477849006653,0.3793269729886837,-0.0009691588962955251,tracking,0.3793269729886837,-0.0009691588962955251,tracking,0.9307037203007715,0,0,0
379,3.789999999999963,1.93397855758667,1.8711562156677246,-0.0010613584890961647,0.32896217703819275,0.3793269729886837,-0.0009691588962955251,tracking,0.3793269729886837,-0.0009691588962955251,tracking,0.9339807851362457,0,0,0
380,3.799999999999963,1.9372801780700684,1.871152400970459,-0.0012242309749126434,0.33135703206062317,0.3793269729886837,-0.0009691588962955251,tracking,0.3793269729886837,-0.0009691588962955251,tracking,0.9372824078233969,0,0,0
381,3.8099999999999627,1.9406052827835083,1.8711481094360352,-0.0013886499218642712,0.3336588144302368,0.37976447514225636,-0.0003391557951508547,tracking,0.37976447514225636,-0.0003391557951508547,tracking,0.9406075153062624,0,1,1
382,3.8199999999999625,1.9439527988433838,1.871143102645874,-0.001553808804601431,0.33585113286972046,0.37976447514225636,-0.0003391557951508547,tracking,0.37976447514225636,-0.0003391557951508547,tracking,0.9439550351103968,0,0,0
383,3.8299999999999623,1.9473217725753784,1.8711377382278442,-0.0017203771276399493,0.33793920278549194,0.37976447514225636,-0.0003391557951508547,tracking,0.37976447514225636,-0.0003391557951508547,tracking,0.9473240131132711,0,0,0
384,3.839999999999962,1.9507111310958862,1.8711315393447876,-0.0018876165850088,0.33992800116539,0.37976447514225636,-0.0003391557951508547,tracking,0.37976447514225636,-0.0003391557951508547,tracking,0.9507133773024208,0,0,0
385,3.849999999999962,1.9541199207305908,1.8711248636245728,-0.002056134631857276,0.34182223677635193,0.37976447514225636,-0.0003391557951508547,tracking,0.37976447514225636,-0.0003391557951508547,tracking,0.954122173473932,0,0,0
386,3.8599999999999617,1.9575468301773071,1.8711174726486206,-0.002225251868367195,0.3435668349266052,0.37851183396623644,0.0021429590886195655,tracking,0.37851183396623644,0.0021429590886195655,tracking,0.9575490908908709,0,1,1
387,3.8699999999999615,1.9609907865524292,1.871109962463379,-0.0020550130866467953,0.3452284634113312,0.37851183396623644,0.0021429590886195655,tracking,0.37851183396623644,0.0021429590886195655,tracking,0.9609930554546587,0,0,0
388,3.8799999999999613,1.9644509553909302,1.871103286743164,-0.0018842403078451753,0.34681108593940735,0.37851183396623644,0.0021429590886195655,tracking,0.37851183396623644,0.0021429590886195655,tracking,0.9644532307329031,0,0,0
389,3.889999999999961,1.9679266214370728,1.8710969686508179,-0.0017124500591307878,0.3483184576034546,0.37851183396623644,0.0021429590886195655,tracking,0.37851183396623644,0.0021429590886195655,tracking,0.9679289025215793,0,0,0
390,3.899999999999961,1.97141695022583,1.871091365814209,-0.0015401752898469567,0.3497541546821594,0.37851183396623644,0.0021429590886195655,tracking,0.37851183396623644,0.0021429590886195655,tracking,0.9714192358072994,0,0,0
391,3.9099999999999606,1.974921464920044,1.8710861206054688,-0.001366968615911901,0.3511485755443573,0.37907980264579116,0.0013250841900607222,tracking,0.37907980264579116,0.0013250841900607222,tracking,0.9749237544267643,0,1,1
392,3.9199999999999604,1.9784395694732666,1.8710817098617554,-0.0011933137429878116,0.35247671604156494,0.37907980264579116,0.0013250841900607222,tracking,0.37907980264579116,0.0013250841900607222,tracking,0.9784418617449208,0,0,0
393,3.92999999999996,1.9819706678390503,1.8710776567459106,-0.0010188049636781216,0.35374170541763306,0.37907980264579116,0.0013250841900607222,tracking,0.37907980264579116,0.0013250841900607222,tracking,0.9819729624368564,0,0,0
394,3.93999999999996,1.9855141639709473,1.8710744380950928,-0.0008438895456492901,0.3549465239048004,0.37907980264579116,0.0013250841900607222,tracking,0.37907980264579116,0.0013250841900607222,tracking,0.9855164600305457,0,0,0
395,3.9499999999999598,1.9890693426132202,1.871071696281433,-0.0006681995582766831,0.3560940623283386,0.37907980264579116,0.0013250841900607222,tracking,0.37907980264579116,0.0013250841900607222,tracking,0.9890716397300849,0,0,0
396,3.9599999999999596,1.992635726928711,1.8710697889328003,-0.0004921406507492065,0.3571874499320984,0.37908854567528966,-0.0013124942275828787,tracking,0.37908854567528966,-0.0013124942275828787,tracking,0.992638024555613,0,1,1
397,3.9699999999999593,1.9962128400802612,1.871067762374878,-0.000668902590405196,0.3582288324832916,0.37908854567528966,-0.0013124942275828787,tracking,0.37908854567528966,-0.0013124942275828787,tracking,0.9962151382812208,0,0,0
398,3.979999999999959,1.9998000860214233,1.8710649013519287,-0.0008459992241114378,0.3592207133769989,0.37908854567528966,-0.0013124942275828787,tracking,0.37908854567528966,-0.0013124942275828787,tracking,0.9998023853632931,0,0,0
399,3.989999999999959,2.003396987915039,1.8710616827011108,-0.0010237335227429867,0.36016541719436646,0.37908854567528966,-0.0013124942275828787,tracking,0.37908854567528966,-0.0013124942275828787,tracking,1.003399288696997,0,0,0
400,3.9999999999999587,2.00700306892395,1.8710575103759766,-0.0012017714325338602,0.36106520891189575,0.37908854567528966,-0.0013124942275828787,tracking,0.37908854567528966,-0.0013124942275828787,tracking,1.007005372119649,0,0,0
401,4.009999999999959,2.010618209838867,1.8710533380508423,-0.0010231456253677607,0.36195066571235657,0.37968654090823395,0.0004513810921430803,tracking,0.37968654090823395,0.0004513810921430803,tracking,1.0106205154422578,0,1,1
402,4.019999999999959,2.014241933822632,1.8710501194000244,-0.0008442352409474552,0.36279401183128357,0.37968654090823395,0.0004513810921430803,tracking,0.37968654090823395,0.0004513810921430803,tracking,1.0142442408554513,0,0,0
403,4.0299999999999585,2.017874002456665,1.8710472583770752,-0.0006647826521657407,0.36359724402427673,0.37968654090823395,0.0004513810921430803,tracking,0.37968654090823395,0.0004513810921430803,tracking,1.017876310616315,0,0,0
404,4.039999999999958,2.0215137004852295,1.8710452318191528,-0.0004850718833040446,0.36436229944229126,0.37968654090823395,0.0004513810921430803,tracking,0.37968654090823395,0.0004513810921430803,tracking,1.0215160092090658,0,0,0
405,4.049999999999958,2.025161027908325,1.8710436820983887,-0.0003048692597076297,0.3650909662246704,0.37968654090823395,0.0004513810921430803,tracking,0.37968654090823395,0.0004513810921430803,tracking,1.0251633369613935,0,0,0
406,4.059999999999958,2.028815269470215,1.8710429668426514,-0.00012443956802599132,0.3657415807247162,0.37877374620412896,-0.0017658054660542846,tracking,0.37877374620412896,-0.0017658054660542846,tracking,1.0288175785932827,0,1,1
407,4.069999999999958,2.032475709915161,1.871042251586914,-0.00030528762727044523,0.36636126041412354,0.37877374620412896,-0.0017658054660542846,tracking,0.37877374620412896,-0.0017658054660542846,tracking,1.03247801910811,0,0,0
408,4.079999999999957,2.036142349243164,1.87104070186615,-0.0004863348149228841,0.36695146560668945,0.37877374620412896,-0.0017658054660542846,tracking,0.37877374620412896,-0.0017658054660542846,tracking,1.036144658763611,0,0,0
409,4.089999999999957,2.0398147106170654,1.8710386753082275,-0.0006677614874206483,0.36751362681388855,0.37877374620412896,-0.0017658054660542846,tracking,0.37877374620412896,-0.0017658054660542846,tracking,1.0398170206966806,0,0,0
410,4.099999999999957,2.043492555618286,1.8710358142852783,-0.0008493688073940575,0.3680490553379059,0.37877374620412896,-0.0017658054660542846,tracking,0.37877374620412896,-0.0017658054660542846,tracking,1.0434948668107067,0,0,0
411,4.109999999999957,2.047175884246826,1.871032476425171,-0.0010313336970284581,0.3685995638370514,0.37962634416111296,-0.0005380644079973681,tracking,0.37962634416111296,-0.0005380644079973681,tracking,1.0471781969516434,0,1,1
412,4.119999999999957,2.0508644580841064,1.871028184890747,-0.0012134755961596966,0.3691238760948181,0.37962634416111296,-0.0005380644079973681,tracking,0.37962634416111296,-0.0005380644079973681,tracking,1.0508667732854524,0,0,0
413,4.129999999999956,2.054558277130127,1.8710235357284546,-0.001395954517647624,0.3696232736110687,0.37962634416111296,-0.0005380644079973681,tracking,0.37962634416111296,-0.0005380644079973681,tracking,1.054560595257266,0,0,0
414,4.139999999999956,2.0582568645477295,1.8710179328918457,-0.0015785939758643508,0.37009891867637634,0.37962634416111296,-0.0005380644079973681,tracking,0.37962634416111296,-0.0005380644079973681,tracking,1.0582591869186186,0,0,0
415,4.149999999999956,2.061960220336914,1.8710118532180786,-0.001761539257131517,0.3705519437789917,0.37962634416111296,-0.0005380644079973681,tracking,0.37962634416111296,-0.0005380644079973681,tracking,1.061962547698197,0,0,0
416,4.159999999999956,2.0656676292419434,1.8710048198699951,-0.0019446233054623008,0.37094181776046753,0.3787513632820192,0.0017980368738924014,tracking,0.3787513632820192,0.0017980368738924014,tracking,1.0656699632747242,0,1,1
417,4.1699999999999555,2.0693788528442383,1.8709977865219116,-0.0017612886149436235,0.3713131546974182,0.3787513632820192,0.0017980368738924014,tracking,0.3787513632820192,0.0017980368738924014,tracking,1.0693811935416595,0,0,0
418,4.179999999999955,2.0730936527252197,1.8709917068481445,-0.0015778345987200737,0.3716668486595154,0.3787513632820192,0.0017980368738924014,tracking,0.3787513632820192,0.0017980368738924014,tracking,1.0730959983976611,0,0,0
419,4.189999999999955,2.0768120288848877,1.8709861040115356,-0.0013941532233729959,0.3720037043094635,0.3787513632820192,0.0017980368738924014,tracking,0.3787513632820192,0.0017980368738924014,tracking,1.0768143787784943,0,0,0
420,4.199999999999955,2.080533742904663,1.8709813356399536,-0.001210363581776619,0.37232455611228943,0.3787513632820192,0.0017980368738924014,tracking,0.3787513632820192,0.0017980368738924014,tracking,1.0805360958529588,0,0,0
421,4.209999999999955,2.084258794784546,1.8709770441055298,-0.0010263535659760237,0.37267276644706726,0.3796475183157371,0.0005075736253385438,tracking,0.3796475183157371,0.0005075736253385438,tracking,1.0842611502049229,0,1,1
422,4.2199999999999545,2.087987184524536,1.8709737062454224,-0.0008422316168434918,0.37300440669059753,0.3796475183157371,0.0005075736253385438,tracking,0.3796475183157371,0.0005075736253385438,tracking,1.087989541439031,0,0,0
423,4.229999999999954,2.091718912124634,1.8709708452224731,-0.0006578964530490339,0.3733202815055847,0.3796475183157371,0.0005075736253385438,tracking,0.3796475183157371,0.0005075736253385438,tracking,1.0917212701358663,0,0,0
424,4.239999999999954,2.0954535007476807,1.8709688186645508,-0.0004734597750939429,0.3736211359500885,0.3796475183157371,0.0005075736253385438,tracking,0.3796475183157371,0.0005075736253385438,tracking,1.0954558593087644,0,0,0
425,4.249999999999954,2.099191188812256,1.8709672689437866,-0.00028882967308163643,0.3739076852798462,0.3796475183157371,0.0005075736253385438,tracking,0.3796475183157371,0.0005075736253385438,tracking,1.0991935476946124,0,0,0
426,4.259999999999954,2.102931499481201,1.8709666728973389,-0.00010411517723696306,0.3741338551044464,0.37866444096267365,-0.0019232050137499147,tracking,0.37866444096267365,-0.0019232050137499147,tracking,1.10293385841105,0,1,1
427,4.269999999999953,2.1066739559173584,1.8709660768508911,-0.00028897516313008964,0.37434929609298706,0.37866444096267365,-0.0019232050137499147,tracking,0.37866444096267365,-0.0019232050137499147,tracking,1.106676314894672,0,0,0
428,4.279999999999953,2.1104185581207275,1.870964527130127,-0.00047390436520799994,0.37455448508262634,0.37866444096267365,-0.0019232050137499147,tracking,0.37866444096267365,-0.0019232050137499147,tracking,1.1104209174187207,0,0,0
429,4.289999999999953,2.1141650676727295,1.8709625005722046,-0.0006589654949493706,0.37474989891052246,0.37866444096267365,-0.0019232050137499147,tracking,0.37866444096267365,-0.0019232050137499147,tracking,1.1141674275188245,0,0,0
430,4.299999999999953,2.1179134845733643,1.8709595203399658,-0.0008440894307568669,0.374936044216156,0.37866444096267365,-0.0019232050137499147,tracking,0.37866444096267365,-0.0019232050137499147,tracking,1.117915845604197,0,0,0
431,4.3099999999999525,2.121664047241211,1.8709561824798584,-0.001029352773912251,0.37517333030700684,0.37992658358308257,-0.00010571964036109726,tracking,0.37992658358308257,-0.00010571964036109726,tracking,1.1216664097573286,0,1,1
432,4.319999999999952,2.1254169940948486,1.8709518909454346,-0.0012146923691034317,0.3753993511199951,0.37992658358308257,-0.00010571964036109726,tracking,0.37992658358308257,-0.00010571964036109726,tracking,1.125419359064673,0,0,0
433,4.329999999999952,2.1291720867156982,1.8709471225738525,-0.0014001773670315742,0.37561461329460144,0.37992658358308257,-0.00010571964036109726,tracking,0.37992658358308257,-0.00010571964036109726,tracking,1.1291744547130589,0,0,0
434,4.339999999999952,2.1329293251037598,1.870941400527954,-0.001585731515660882,0.3758196532726288,0.37992658358308257,-0.00010571964036109726,tracking,0.37992658358308257,-0.00010571964036109726,tracking,1.1329316974582821,0,0,0
435,4.349999999999952,2.136688470840454,1.8709352016448975,-0.0017714174464344978,0.37601494789123535,0.37992658358308257,-0.00010571964036109726,tracking,0.37992658358308257,-0.00010571964036109726,tracking,1.1366908483059948,0,0,0
436,4.3599999999999515,2.140449285507202,1.8709280490875244,-0.0019571585580706596,0.3761540651321411,0.37894050353805303,0.0015256749052036758,tracking,0.37894050353805303,0.0015256749052036758,tracking,1.1404516697743317,0,1,1
437,4.369999999999951,2.144211530685425,1.8709208965301514,-0.0017713281558826566,0.3762865662574768,0.37894050353805303,0.0015256749052036758,tracking,0.37894050353805303,0.0015256749052036758,tracking,1.144213921751557,0,0,0
438,4.379999999999951,2.147974967956543,1.8709146976470947,-0.0015854551456868649,0.3764127492904663,0.37894050353805303,0.0015256749052036758,tracking,0.37894050353805303,0.0015256749052036758,tracking,1.1479773641278652,0,0,0
439,4.389999999999951,2.1517395973205566,1.8709089756011963,-0.0013995009940117598,0.3765329420566559,0.37894050353805303,0.0015256749052036758,tracking,0.37894050353805303,0.0015256749052036758,tracking,1.1517419978404864,0,0,0
440,4.399999999999951,2.155505418777466,1.8709042072296143,-0.0012135081924498081,0.376647412776947,0.37894050353805303,0.0015256749052036758,tracking,0.37894050353805303,0.0015256749052036758,tracking,1.1555078223163064,0,0,0
441,4.40999999999995,2.1592726707458496,1.8708999156951904,-0.0010274266824126244,0.376802533864975,0.37990986555364353,0.00012979360275334334,tracking,0.37990986555364353,0.00012979360275334334,tracking,1.1592750767290796,0,1,1
442,4.41999999999995,2.163041353225708,1.8708964586257935,-0.0008412952884100378,0.37695029377937317,0.37990986555364353,0.00012979360275334334,tracking,0.37990986555364353,0.00012979360275334334,tracking,1.1630437607945487,0,0,0
443,4.42999999999995,2.166811466217041,1.8708934783935547,-0.0006550688995048404,0.37709102034568787,0.37990986555364353,0.00012979360275334334,tracking,0.37990986555364353,0.00012979360275334334,tracking,1.1668138749638017,0,0,0
444,4.43999999999995,2.1705830097198486,1.8708914518356323,-0.00046879728324711323,0.3772250711917877,0.37990986555364353,0.00012979360275334334,tracking,0.37990986555364353,0.00012979360275334334,tracking,1.170585419011073,0,0,0
445,4.4499999999999496,2.174355983734131,1.8708899021148682,-0.0002824394905474037,0.3773527443408966,0.37990986555364353,0.00012979360275334334,tracking,0.37990986555364353,0.00012979360275334334,tracking,1.1743583933436232,0,0,0
446,4.459999999999949,2.1781299114227295,1.8708893060684204,-9.604995284462348e-05,0.3774178922176361,0.3787227289268157,-0.0018392703453854,tracking,0.3787227289268157,-0.0018392703453854,tracking,1.1781323210792911,0,1,1
447,4.469999999999949,2.1819043159484863,1.8708887100219727,-0.00028248142916709185,0.3774799406528473,0.3787227289268157,-0.0018392703453854,tracking,0.3787227289268157,-0.0018392703453854,tracking,1.1819067256521112,0,0,0
448,4.479999999999949,2.1856794357299805,1.8708871603012085,-0.0004689328488893807,0.3775390386581421,0.3787227289268157,-0.0018392703453854,tracking,0.3787227289268157,-0.0018392703453854,tracking,1.1856818457516924,0,0,0
449,4.489999999999949,2.189455032348633,1.8708851337432861,-0.000655422278214246,0.37759533524513245,0.3787227289268157,-0.0018392703453854,tracking,0.3787227289268157,-0.0018392703453854,tracking,1.189457442914224,0,0,0
450,4.4999999999999485,2.1932313442230225,1.8708821535110474,-0.0008419297519139946,0.3776489496231079,0.3787227289268157,-0.0018392703453854,tracking,0.3787227289268157,-0.0018392703453854,tracking,1.1932337559646,0,0,0
451,4.509999999999948,2.1970081329345703,1.8708786964416504,-0.0010284777963533998,0.3777182996273041,0.3791076035973225,-0.0012850508198556034,tracking,0.3791076035973225,-0.0012850508198556034,tracking,1.1970105462583553,0,1,1
452,4.519999999999948,2.2007856369018555,1.870874285697937,-0.0012150481343269348,0.3777843713760376,0.3791076035973225,-0.0012850508198556034,tracking,0.3791076035973225,-0.0012850508198556034,tracking,1.2007880528007078,0,0,0
453,4.529999999999948,2.204563856124878,1.870869517326355,-0.0014016608474776149,0.377847284078598,0.3791076035973225,-0.0012850508198556034,tracking,0.3791076035973225,-0.0012850508198556034,tracking,1.2045662750327348,0,0,0
454,4.539999999999948,2.2083425521850586,1.8708637952804565,-0.0015882938168942928,0.3779072165489197,0.3791076035973225,-0.0012850508198556034,tracking,0.3791076035973225,-0.0012850508198556034,tracking,1.2083449754253346,0,0,0
455,4.549999999999947,2.2121219635009766,1.8708575963974,-0.0017749653197824955,0.3779642879962921,0.3791076035973225,-0.0012850508198556034,tracking,0.3791076035973225,-0.0012850508198556034,tracking,1.212124391824865,0,0,0
456,4.559999999999947,2.2159018516540527,1.8708504438400269,-0.0019616526551544666,0.3780028820037842,0.378776221524412,0.0017622410048467253,tracking,0.378776221524412,0.0017622410048467253,tracking,1.215904286745209,0,1,1
457,4.569999999999947,2.219681978225708,1.8708432912826538,-0.0017749406397342682,0.3780396580696106,0.378776221524412,0.0017622410048467253,tracking,0.378776221524412,0.0017622410048467253,tracking,1.2196844200837054,0,0,0
458,4.579999999999947,2.2234625816345215,1.8708370923995972,-0.0015882167499512434,0.37807467579841614,0.378776221524412,0.0017622410048467253,tracking,0.378776221524412,0.0017622410048467253,tracking,1.2234650285745283,0,0,0
459,4.589999999999947,2.227243423461914,1.8708313703536987,-0.001401470392011106,0.37810802459716797,0.378776221524412,0.0017622410048467253,tracking,0.378776221524412,0.0017622410048467253,tracking,1.2272458747318813,0,0,0
460,4.599999999999946,2.231024742126465,1.8708264827728271,-0.0012147133238613605,0.37813979387283325,0.378776221524412,0.0017622410048467253,tracking,0.378776221524412,0.0017622410048467253,tracking,1.2310271965551762,0,0,0
461,4.609999999999946,2.234806537628174,1.8708220720291138,-0.0010279184207320213,0.37822282314300537,0.3798858046352164,0.0001644413252884537,tracking,0.3798858046352164,0.0001644413252884537,tracking,1.2348089946290304,0,1,1
462,4.619999999999946,2.23858904838562,1.8708186149597168,-0.0008410968584939837,0.3783018887042999,0.3798858046352164,0.0001644413252884537,tracking,0.3798858046352164,0.0001644413252884537,tracking,1.2385915069662905,0,0,0
463,4.629999999999946,2.242372512817383,1.870815634727478,-0.0006542244227603078,0.37837719917297363,0.3798858046352164,0.0001644413252884537,tracking,0.3798858046352164,0.0001644413252884537,tracking,1.2423749725718165,0,0,0
464,4.6399999999999455,2.246156692504883,1.8708136081695557,-0.0004673278017435223,0.3784489333629608,0.3798858046352164,0.0001644413252884537,tracking,0.3798858046352164,0.0001644413252884537,tracking,1.246159152801962,0,0,0
465,4.649999999999945,2.24994158744812,1.8708120584487915,-0.00028038505115546286,0.3785172700881958,0.3798858046352164,0.0001644413252884537,tracking,0.3798858046352164,0.0001644413252884537,tracking,1.2499440480624648,0,0,0
466,4.659999999999945,2.2537264823913574,1.8708114624023438,-9.34427953325212e-05,0.37844598293304443,0.3781424783702474,-0.0026748311468437354,tracking,0.3781424783702474,-0.0026748311468437354,tracking,1.2537289430526348,0,1,1
467,4.669999999999945,2.2575106620788574,1.870810866355896,-0.00028034261777065694,0.37838825583457947,0.3781424783702474,-0.0026748311468437354,tracking,0.3781424783702474,-0.0026748311468437354,tracking,1.2575131227870764,0,0,0
468,4.679999999999945,2.261294364929199,1.8708093166351318,-0.00046722523984499276,0.3783414959907532,0.3781424783702474,-0.0026748311468437354,tracking,0.3781424783702474,-0.0026748311468437354,tracking,1.2612968259547839,0,0,0
469,4.689999999999944,2.265077590942383,1.8708072900772095,-0.0006540800095535815,0.3783036470413208,0.3781424783702474,-0.0026748311468437354,tracking,0.3781424783702474,-0.0026748311468437354,tracking,1.2650800525107497,0,0,0
470,4.699999999999944,2.2688605785369873,1.8708043098449707,-0.0008409234578721225,0.37827298045158386,0.3781424783702474,-0.0026748311468437354,tracking,0.3781424783702474,-0.0026748311468437354,tracking,1.2688630412792654,0,0,0
471,4.709999999999944,2.272643566131592,1.8708008527755737,-0.001027771271765232,0.3783169090747833,0.3791970769181793,-0.0011562092378218816,tracking,0.3791970769181793,-0.0011562092378218816,tracking,1.2726460304534848,0,1,1
472,4.719999999999944,2.2764270305633545,1.8707964420318604,-0.0012146332301199436,0.37835875153541565,0.3791970769181793,-0.0011562092378218816,tracking,0.3791970769181793,-0.0011562092378218816,tracking,1.276429497456258,0,0,0
473,4.729999999999944,2.2802107334136963,1.8707915544509888,-0.0014015220804139972,0.3783986270427704,0.3791970769181793,-0.0011562092378218816,tracking,0.3791970769181793,-0.0011562092378218816,tracking,1.2802132034633535,0,0,0
474,4.739999999999943,2.2839949131011963,1.8707858324050903,-0.0015884237363934517,0.3784365952014923,0.3791970769181793,-0.0011562092378218816,tracking,0.3791970769181793,-0.0011562092378218816,tracking,1.2839973874769945,0,0,0
475,4.749999999999943,2.2877795696258545,1.8707796335220337,-0.0017753498395904899,0.3784727454185486,0.3791970769181793,-0.0011562092378218816,tracking,0.3791970769181793,-0.0011562092378218816,tracking,1.28778204907822,0,0,0
476,4.759999999999943,2.291564464569092,1.8707724809646606,-0.0019622843246906996,0.3784872889518738,0.37877869404235753,0.00175868057900517,tracking,0.37877869404235753,0.00175868057900517,tracking,1.2915669507797731,0,1,1
477,4.769999999999943,2.295349359512329,1.8707653284072876,-0.0017753405263647437,0.37850114703178406,0.37877869404235753,0.00175868057900517,tracking,0.37877869404235753,0.00175868057900517,tracking,1.2953518524813263,0,0,0
478,4.7799999999999425,2.2991344928741455,1.870759129524231,-0.0015883923042565584,0.3785143494606018,0.37877869404235753,0.00175868057900517,tracking,0.37877869404235753,0.00175868057900517,tracking,1.2991369909190702,0,0,0
479,4.789999999999942,2.302919626235962,1.8707534074783325,-0.0014014355838298798,0.3785269260406494,0.37877869404235753,0.00175868057900517,tracking,0.37877869404235753,0.00175868057900517,tracking,1.3029221286059378,0,0,0
480,4.799999999999942,2.3067049980163574,1.870748519897461,-0.001214474905282259,0.37853890657424927,0.37877869404235753,0.00175868057900517,tracking,0.37877869404235753,0.00175868057900517,tracking,1.3067075035416953,0,0,0
481,4.809999999999942,2.310490846633911,1.8707438707351685,-0.001214474905282259,0.378608375787735,0.37999988345153535,-1.678297890995474e-07,tracking,0.37999988345153535,-1.678297890995474e-07,tracking,1.3104933550139197,0,1,1
482,4.819999999999942,2.314277172088623,1.870739221572876,-0.001214474905282259,0.37867453694343567,0.37999988345153535,-1.678297890995474e-07,tracking,0.37999988345153535,-1.678297890995474e-07,tracking,1.3142796833229429,0,0,0
483,4.8299999999999415,2.3180642127990723,1.8707345724105835,-0.001214474905282259,0.37873756885528564,0.37999988345153535,-1.678297890995474e-07,tracking,0.37999988345153535,-1.678297890995474e-07,tracking,1.3180667268871642,0,0,0
484,4.839999999999941,2.321851968765259,1.870729923248291,-0.001214474905282259,0.37879759073257446,0.37999988345153535,-1.678297890995474e-07,tracking,0.37999988345153535,-1.678297890995474e-07,tracking,1.321854485706584,0,0,0
485,4.849999999999941,2.3256402015686035,1.8707252740859985,-0.001214474905282259,0.37885475158691406,0.37999988345153535,-1.678297890995474e-07,tracking,0.37999988345153535,-1.678297890995474e-07,tracking,1.3256427213628026,0,0,0
486,4.859999999999941,2.3294289112091064,1.870720386505127,-0.0014016046188771725,0.37888190150260925,0.3794259049357972,-0.0008266968924520212,tracking,0.3794259049357972,-0.0008266968924520212,tracking,1.3294314341558877,0,1,1
487,4.869999999999941,2.3332178592681885,1.870714545249939,-0.0015887429472059011,0.3789077699184418,0.3794259049357972,-0.0008266968924520212,tracking,0.3794259049357972,-0.0008266968924520212,tracking,1.3332203867175707,0,0,0
488,4.87999999999994,2.3370070457458496,1.8707083463668823,-0.001775897922925651,0.3789324164390564,0.3794259049357972,-0.0008266968924520212,tracking,0.3794259049357972,-0.0008266968924520212,tracking,1.3370095782657299,0,0,0
489,4.88999999999994,2.34079647064209,1.8707011938095093,-0.0019630608148872852,0.3789558708667755,0.3794259049357972,-0.0008266968924520212,tracking,0.3794259049357972,-0.0008266968924520212,tracking,1.340799009912207,0,0,0
490,4.89999999999994,2.344586133956909,1.870693564414978,-0.002150238724425435,0.3789782226085663,0.3794259049357972,-0.0008266968924520212,tracking,0.3794259049357972,-0.0008266968924520212,tracking,1.3445886809068117,0,0,0
491,4.90999999999994,2.3483760356903076,1.8706849813461304,-0.002337424550205469,0.3790034353733063,0.37950862446059075,-0.0007075807767493504,tracking,0.37950862446059075,-0.0007075807767493504,tracking,1.3483785923593246,0,1,1
492,4.9199999999999395,2.352166175842285,1.8706759214401245,-0.002524626674130559,0.37902745604515076,0.37950862446059075,-0.0007075807767493504,tracking,0.37950862446059075,-0.0007075807767493504,tracking,1.3521687433396326,0,0,0
493,4.929999999999939,2.355956554412842,1.8706659078598022,-0.0027118364814668894,0.3790503442287445,0.37950862446059075,-0.0007075807767493504,tracking,0.37950862446059075,-0.0007075807767493504,tracking,1.3559591351373133,0,0,0
494,4.939999999999939,2.3597471714019775,1.8706554174423218,-0.00289906095713377,0.3790721297264099,0.37950862446059075,-0.0007075807767493504,tracking,0.37950862446059075,-0.0007075807767493504,tracking,1.3597497666423772,0,0,0
495,4.949999999999939,2.3635380268096924,1.870643973350525,-0.00308629241771996,0.37909287214279175,0.37950862446059075,-0.0007075807767493504,tracking,0.37950862446059075,-0.0007075807767493504,tracking,1.3635406393241536,0,0,0
496,4.959999999999939,2.367326259613037,1.870632529258728,-0.002899223007261753,0.37858009338378906,0.376396843762812,0.005188544981550719,tracking,0.376396843762812,0.005188544981550719,tracking,1.3673288894135187,0,1,1
497,4.9699999999999385,2.371109962463379,1.8706220388412476,-0.002712306333705783,0.3781648278236389,0.376396843762812,0.005188544981550719,tracking,0.376396843762812,0.005188544981550719,tracking,1.3711126068063142,0,0,0
498,4.979999999999938,2.374889850616455,1.8706120252609253,-0.0025256371591240168,0.37782856822013855,0.376396843762812,0.005188544981550719,tracking,0.376396843762812,0.005188544981550719,tracking,1.374892508223224,0,0,0
499,4.989999999999938,2.378666877746582,1.8706029653549194,-0.002339068101719022,0.3775562644004822,0.376396843762812,0.005188544981550719,tracking,0.376396843762812,0.005188544981550719,tracking,1.3786695462192748,0,0,0
500,4.999999999999938,2.382441282272339,1.8705943822860718,-0.0021526613272726536,0.37733572721481323,0.376396843762812,0.005188544981550719,tracking,0.376396843762812,0.005188544981550719,tracking,1.3824439605040513,0,0,0
501,5.009999999999938,2.3862152099609375,1.8705867528915405,-0.0019662706181406975,0.37745875120162964,0.37992301920152266,-0.00011085234980741116,tracking,0.37992301920152266,-0.00011085234980741116,tracking,1.3862178959044567,0,1,1
502,5.019999999999937,2.3899903297424316,1.8705791234970093,-0.002152740489691496,0.37757593393325806,0.37992301920152266,-0.00011085234980741116,tracking,0.37992301920152266,-0.00011085234980741116,tracking,1.3899930233953222,0,0,0
503,5.029999999999937,2.3937666416168213,1.8705705404281616,-0.0023392478469759226,0.3776875436306,0.37992301920152266,-0.00011085234980741116,tracking,0.37992301920152266,-0.00011085234980741116,tracking,1.3937693450238022,0,0,0
504,5.039999999999937,2.3975441455841064,1.8705614805221558,-0.0025258271489292383,0.3777938485145569,0.37992301920152266,-0.00011085234980741116,tracking,0.37992301920152266,-0.00011085234980741116,tracking,1.3975468598556398,0,0,0
505,5.049999999999937,2.401322603225708,1.8705514669418335,-0.0027124404441565275,0.3778950870037079,0.37992301920152266,-0.00011085234980741116,tracking,0.37992301920152266,-0.00011085234980741116,tracking,1.4013253307660964,0,0,0
506,5.0599999999999365,2.405101776123047,1.8705414533615112,-0.0025257719680666924,0.3779613673686981,0.3792889922833252,0.0010238511120117572,tracking,0.3792889922833252,0.0010238511120117572,tracking,1.4051045169297793,0,1,1
507,5.069999999999936,2.408881664276123,1.8705323934555054,-0.002339082071557641,0.37802448868751526,0.3792889922833252,0.0010238511120117572,tracking,0.3792889922833252,0.0010238511120117572,tracking,1.408884415940555,0,0,0
508,5.079999999999936,2.4126622676849365,1.8705238103866577,-0.002152351662516594,0.37808462977409363,0.3792889922833252,0.0010238511120117572,tracking,0.3792889922833252,0.0010238511120117572,tracking,1.4126650290923866,0,0,0
509,5.089999999999936,2.416443347930908,1.8705161809921265,-0.0019656019285321236,0.3781419098377228,0.3792889922833252,0.0010238511120117572,tracking,0.3792889922833252,0.0010238511120117572,tracking,1.4164461170355767,0,0,0
510,5.099999999999936,2.420225143432617,1.8705090284347534,-0.0017788154073059559,0.37819644808769226,0.3792889922833252,0.0010238511120117572,tracking,0.3792889922833252,0.0010238511120117572,tracking,1.4202279193011405,0,0,0
511,5.1099999999999355,2.424006700515747,1.8705028295516968,-0.0015920317964628339,0.3781241476535797,0.3778163534176052,-0.003144451078648514,tracking,0.3778163534176052,-0.003144451078648514,tracking,1.4240094814649982,0,1,1
512,5.119999999999935,2.4277875423431396,1.8704966306686401,-0.0017787724500522017,0.3780656158924103,0.3778163534176052,-0.003144451078648514,tracking,0.3778163534176052,-0.003144451078648514,tracking,1.4277903283740798,0,0,0
513,5.129999999999935,2.431567907333374,1.870489478111267,-0.0019654955249279737,0.37801820039749146,0.3778163534176052,-0.003144451078648514,tracking,0.3778163534176052,-0.003144451078648514,tracking,1.4315707001307285,0,0,0
514,5.139999999999935,2.43534779548645,1.8704818487167358,-0.002152190310880542,0.3779798150062561,0.3778163534176052,-0.003144451078648514,tracking,0.3778163534176052,-0.003144451078648514,tracking,1.4353505959834507,0,0,0
515,5.149999999999935,2.4391274452209473,1.8704732656478882,-0.002338873688131571,0.37794873118400574,0.3778163534176052,-0.003144451078648514,tracking,0.3778163534176052,-0.003144451078648514,tracking,1.4391302554634244,0,0,0
516,5.159999999999934,2.4429070949554443,1.8704642057418823,-0.002525560325011611,0.37798935174942017,0.3788031025012986,-0.0017235323981299713,tracking,0.3788031025012986,-0.0017235323981299713,tracking,1.442909916056306,0,1,1
517,5.169999999999934,2.4466872215270996,1.87045419216156,-0.0027122600004076958,0.3780280351638794,0.3788031025012986,-0.0017235323981299713,tracking,0.3788031025012986,-0.0017235323981299713,tracking,1.4466900558909581,0,0,0
518,5.179999999999934,2.450467586517334,1.8704437017440796,-0.0028989845886826515,0.378064900636673,0.3788031025012986,-0.0017235323981299713,tracking,0.3788031025012986,-0.0017235323981299713,tracking,1.4504704354364863,0,0,0
519,5.189999999999934,2.4542484283447266,1.8704322576522827,-0.0030857210513204336,0.3781000077724457,0.3788031025012986,-0.0017235323981299713,tracking,0.3788031025012986,-0.0017235323981299713,tracking,1.4542512945836907,0,0,0
520,5.199999999999934,2.4580295085906982,1.8704203367233276,-0.00327248009853065,0.3781334459781647,0.3788031025012986,-0.0017235323981299713,tracking,0.3788031025012986,-0.0017235323981299713,tracking,1.4580323936216721,0,0,0
521,5.209999999999933,2.461811065673828,1.8704074621200562,-0.0034592498559504747,0.37816622853279114,0.3788226261825739,0.0016954182970935875,tracking,0.3788226261825739,0.0016954182970935875,tracking,1.4618139726210293,0,1,1
522,5.219999999999933,2.465592861175537,1.8703945875167847,-0.0032724589109420776,0.37819743156433105,0.3788226261825739,0.0016954182970935875,tracking,0.3788226261825739,0.0016954182970935875,tracking,1.465595790037584,0,0,0
523,5.229999999999933,2.469374895095825,1.8703826665878296,-0.0030856579542160034,0.378227174282074,0.3788226261825739,0.0016954182970935875,tracking,0.3788226261825739,0.0016954182970935875,tracking,1.4693778427451434,0,0,0
524,5.239999999999933,2.4731574058532715,1.8703712224960327,-0.0028988379053771496,0.3782554864883423,0.3788226261825739,0.0016954182970935875,tracking,0.3788226261825739,0.0016954182970935875,tracking,1.4731603708147596,0,0,0
525,5.2499999999999325,2.476940155029297,1.8703607320785522,-0.0027120087761431932,0.37828245759010315,0.3788226261825739,0.0016954182970935875,tracking,0.3788226261825739,0.0016954182970935875,tracking,1.476943134536905,0,0,0
526,5.259999999999932,2.4807231426239014,1.87035071849823,-0.0025251656770706177,0.3782980442047119,0.3786101907608318,0.002001325304402224,tracking,0.3786101907608318,0.002001325304402224,tracking,1.480726135384476,0,1,1
527,5.269999999999932,2.484506130218506,1.8703416585922241,-0.0023383174557238817,0.378312885761261,0.3786101907608318,0.002001325304402224,tracking,0.3786101907608318,0.002001325304402224,tracking,1.4845091338278842,0,0,0
528,5.279999999999932,2.4882893562316895,1.8703330755233765,-0.002151459688320756,0.37832701206207275,0.3786101907608318,0.002001325304402224,tracking,0.3786101907608318,0.002001325304402224,tracking,1.488292369577332,0,0,0
529,5.289999999999932,2.492072582244873,1.8703254461288452,-0.0019645974971354008,0.378340482711792,0.3786101907608318,0.002001325304402224,tracking,0.3786101907608318,0.002001325304402224,tracking,1.4920756032833684,0,0,0
530,5.299999999999931,2.4958560466766357,1.8703182935714722,-0.0017777265748009086,0.3783532977104187,0.3786101907608318,0.002001325304402224,tracking,0.3786101907608318,0.002001325304402224,tracking,1.4958590744760023,0,0,0
531,5.309999999999931,2.4996395111083984,1.8703120946884155,-0.0015908529749140143,0.3783571422100067,0.37843406680914504,-0.0022549437948311234,tracking,0.37843406680914504,-0.0022549437948311234,tracking,1.4996425439859316,0,1,1
532,5.319999999999931,2.5034232139587402,1.8703058958053589,-0.0017777291359379888,0.3783608078956604,0.37843406680914504,-0.0022549437948311234,tracking,0.37843406680914504,-0.0022549437948311234,tracking,1.50342625191412,0,0,0
533,5.329999999999931,2.507206916809082,1.8702987432479858,-0.0019646065775305033,0.37836429476737976,0.37843406680914504,-0.0022549437948311234,tracking,0.37843406680914504,-0.0022549437948311234,tracking,1.5072099615249068,0,0,0
534,5.339999999999931,2.510990619659424,1.8702911138534546,-0.0021514862310141325,0.3783676028251648,0.37843406680914504,-0.0022549437948311234,tracking,0.37843406680914504,-0.0022549437948311234,tracking,1.510993672067132,0,0,0
535,5.34999999999993,2.5147743225097656,1.870282530784607,-0.0023383668158203363,0.3783707618713379,0.37843406680914504,-0.0022549437948311234,tracking,0.37843406680914504,-0.0022549437948311234,tracking,1.514777384652511,0,0,0
536,5.35999999999993,2.5185582637786865,1.870273470878601,-0.0025252706836909056,0.3784378170967102,0.3797809726531041,-0.0003153993795300704,tracking,0.3797809726531041,-0.0003153993795300704,tracking,1.5185613367675013,0,1,1
537,5.36999999999993,2.5223429203033447,1.8702634572982788,-0.002712195971980691,0.37850168347358704,0.3797809726531041,-0.0003153993795300704,tracking,0.3797809726531041,-0.0003153993795300704,tracking,1.5223460065392818,0,0,0
538,5.37999999999993,2.5261282920837402,1.8702529668807983,-0.0028991622384637594,0.3785625100135803,0.3797809726531041,-0.0003153993795300704,tracking,0.3797809726531041,-0.0003153993795300704,tracking,1.5261313928557194,0,0,0
539,5.3899999999999295,2.529914140701294,1.8702415227890015,-0.003086148062720895,0.378620445728302,0.3797809726531041,-0.0003153993795300704,tracking,0.3797809726531041,-0.0003153993795300704,tracking,1.5299172587701795,0,0,0
540,5.399999999999929,2.533700704574585,1.8702296018600464,-0.003273171139881015,0.378675639629364,0.3797809726531041,-0.0003153993795300704,tracking,0.3797809726531041,-0.0003153993795300704,tracking,1.5337038414082662,0,0,0
541,5.409999999999929,2.537487506866455,1.870216727256775,-0.003460208885371685,0.3787086009979248,0.3793687954556254,0.0009089345438994553,tracking,0.3793687954556254,0.0009089345438994553,tracking,1.537490665586007,0,1,1
542,5.419999999999929,2.5412747859954834,1.8702038526535034,-0.0032731499522924423,0.37873998284339905,0.3793687954556254,0.0009089345438994553,tracking,0.3793687954556254,0.0009089345438994553,tracking,1.5412779665981504,0,0,0
543,5.429999999999929,2.545062303543091,1.8701919317245483,-0.0030860810074955225,0.3787698745727539,0.3793687954556254,0.0009089345438994553,tracking,0.3793687954556254,0.0009089345438994553,tracking,1.5450655029058287,0,0,0
544,5.4399999999999284,2.5488500595092773,1.8701804876327515,-0.002898992970585823,0.37879836559295654,0.3793687954556254,0.0009089345438994553,tracking,0.3793687954556254,0.0009089345438994553,tracking,1.5488532761602116,0,0,0
545,5.449999999999928,2.552638053894043,1.870169997215271,-0.0027118956204503775,0.37882548570632935,0.3793687954556254,0.0009089345438994553,tracking,0.3793687954556254,0.0009089345438994553,tracking,1.5526412850709554,0,0,0
546,5.459999999999928,2.5564253330230713,1.8701595067977905,-0.0028989440761506557,0.3786495625972748,0.3779005567187916,-0.003023198324940121,tracking,0.3779005567187916,-0.003023198324940121,tracking,1.5564285787287053,0,1,1
547,5.469999999999928,2.560211181640625,1.8701480627059937,-0.0030859399121254683,0.3785071074962616,0.3779005567187916,-0.003023198324940121,tracking,0.3779005567187916,-0.003023198324940121,tracking,1.5602144446431654,0,0,0
548,5.479999999999928,2.563995599746704,1.8701361417770386,-0.0032728509977459908,0.37839174270629883,0.3779005567187916,-0.003023198324940121,tracking,0.3779005567187916,-0.003023198324940121,tracking,1.5639988815246797,0,0,0
549,5.489999999999927,2.567779064178467,1.870123267173767,-0.0034597276244312525,0.3782983124256134,0.3779005567187916,-0.003023198324940121,tracking,0.3779005567187916,-0.003023198324940121,tracking,1.5677823678616212,0,0,0
550,5.499999999999927,2.571561574935913,1.8701099157333374,-0.003646548604592681,0.37822267413139343,0.3779005567187916,-0.003023198324940121,tracking,0.3779005567187916,-0.003023198324940121,tracking,1.5715649021828346,0,0,0
551,5.509999999999927,2.5753438472747803,1.8700956106185913,-0.0038333632983267307,0.3782607316970825,0.379022895050353,0.0014070311274916687,tracking,0.379022895050353,0.0014070311274916687,tracking,1.5753472015736374,0,1,1
552,5.519999999999927,2.5791265964508057,1.8700813055038452,-0.0036465241573750973,0.37829697132110596,0.379022895050353,0.0014070311274916687,tracking,0.379022895050353,0.0014070311274916687,tracking,1.5791299777981884,0,0,0
553,5.5299999999999265,2.5829098224639893,1.8700679540634155,-0.003459673374891281,0.3783314824104309,0.379022895050353,0.0014070311274916687,tracking,0.379022895050353,0.0014070311274916687,tracking,1.5829132273706843,0,0,0
554,5.539999999999926,2.586693286895752,1.870055079460144,-0.003272800240665674,0.37836435437202454,0.379022895050353,0.0014070311274916687,tracking,0.379022895050353,0.0014070311274916687,tracking,1.5866967137076258,0,0,0
555,5.549999999999926,2.5904769897460938,1.870043158531189,-0.003085916629061103,0.378395676612854,0.379022895050353,0.0014070311274916687,tracking,0.379022895050353,0.0014070311274916687,tracking,1.5904804353369522,0,0,0
556,5.559999999999926,2.5942611694335938,1.8700312376022339,-0.003272830042988062,0.3784545660018921,0.37963410942594483,-0.000526882426639456,tracking,0.37963410942594483,-0.000526882426639456,tracking,1.5942646338010704,0,1,1
557,5.569999999999926,2.598046064376831,1.8700183629989624,-0.003459762316197157,0.37851065397262573,0.37963410942594483,-0.000526882426639456,tracking,0.37963410942594483,-0.000526882426639456,tracking,1.5980495506412074,0,0,0
558,5.5799999999999255,2.6018314361572266,1.8700050115585327,-0.0036467306781560183,0.3785640597343445,0.37963410942594483,-0.000526882426639456,tracking,0.37963410942594483,-0.000526882426639456,tracking,1.6018349459675605,0,0,0
559,5.589999999999925,2.6056172847747803,1.8699907064437866,-0.00383371626958251,0.3786149322986603,0.37963410942594483,-0.000526882426639456,tracking,0.37963410942594483,-0.000526882426639456,tracking,1.6056208216114956,0,0,0
560,5.599999999999925,2.609403610229492,1.8699759244918823,-0.004020734690129757,0.37866339087486267,0.37963410942594483,-0.000526882426639456,tracking,0.37963410942594483,-0.000526882426639456,tracking,1.6094071759207358,0,0,0
561,5.609999999999925,2.613187551498413,1.8699601888656616,-0.0042076725512743,0.3781279921531677,0.37584852727803614,0.005978120719627932,tracking,0.37584852727803614,0.005978120719627932,tracking,1.6131911499080374,0,1,1
562,5.619999999999925,2.616966724395752,1.8699445724487305,-0.004021053668111563,0.37769442796707153,0.37584852727803614,0.005978120719627932,tracking,0.37584852727803614,0.005978120719627932,tracking,1.6169703550705627,0,0,0
563,5.629999999999924,2.620741844177246,1.8699299097061157,-0.00383456377312541,0.3773433268070221,0.37584852727803614,0.005978120719627932,tracking,0.37584852727803614,0.005978120719627932,tracking,1.6207455033273401,0,0,0
564,5.639999999999924,2.624513864517212,1.8699157238006592,-0.0036482831928879023,0.3770590126514435,0.37584852727803614,0.005978120719627932,tracking,0.37584852727803614,0.005978120719627932,tracking,1.62451755034256,0,0,0
565,5.649999999999924,2.6282832622528076,1.869902491569519,-0.0034620873630046844,0.37682878971099854,0.37584852727803614,0.005978120719627932,tracking,0.37584852727803614,0.005978120719627932,tracking,1.6282869713035373,0,0,0
566,5.659999999999924,2.632051706314087,1.869889259338379,-0.003648220794275403,0.3768693208694458,0.3776813935427266,-0.0033387932984736395,tracking,0.3776813935427266,-0.0033387932984736395,tracking,1.6320554385960757,0,1,1
567,5.6699999999999235,2.6358206272125244,1.8698750734329224,-0.003834367264062166,0.37690794467926025,0.3776813935427266,-0.0033387932984736395,tracking,0.3776813935427266,-0.0033387932984736395,tracking,1.6358243861917041,0,0,0
568,5.679999999999923,2.639589786529541,1.8698604106903076,-0.0040205386467278,0.37694472074508667,0.3776813935427266,-0.0033387932984736395,tracking,0.3776813935427266,-0.0033387932984736395,tracking,1.6395935740290337,0,0,0
569,5.689999999999923,2.643359422683716,1.8698447942733765,-0.004206721670925617,0.3769797384738922,0.3776813935427266,-0.0033387932984736395,tracking,0.3776813935427266,-0.0033387932984736395,tracking,1.6433632425300215,0,0,0
570,5.699999999999923,2.6471292972564697,1.869828701019287,-0.004392927512526512,0.37701311707496643,0.3776813935427266,-0.0033387932984736395,tracking,0.3776813935427266,-0.0033387932984736395,tracking,1.647133151452943,0,0,0
571,5.709999999999923,2.650893211364746,1.8698116540908813,-0.004578933119773865,0.3757656514644623,0.370454384648832,0.013745686105681923,tracking,0.370454384648832,0.013745686105681923,tracking,1.6508971041641562,0,1,1
572,5.7199999999999225,2.6546456813812256,1.8697947263717651,-0.004393670707941055,0.3747554421424866,0.370454384648832,0.013745686105681923,tracking,0.370454384648832,0.013745686105681923,tracking,1.6546496123616492,0,0,0
573,5.729999999999922,2.658389091491699,1.8697787523269653,-0.004208709578961134,0.37393736839294434,0.370454384648832,0.013745686105681923,tracking,0.370454384648832,0.013745686105681923,tracking,1.6583930565545422,0,0,0
574,5.739999999999922,2.6621251106262207,1.8697632551193237,-0.004024235997349024,0.37327489256858826,0.370454384648832,0.013745686105681923,tracking,0.370454384648832,0.013745686105681923,tracking,1.6621291078305493,0,0,0
575,5.749999999999922,2.6658551692962646,1.8697487115859985,-0.0038399596232920885,0.37273842096328735,0.370454384648832,0.013745686105681923,tracking,0.370454384648832,0.013745686105681923,tracking,1.6658591948531711,0,0,0
576,5.759999999999922,2.6695728302001953,1.8697344064712524,-0.0038399596232920885,0.37078240513801575,0.33045438464883214,0.0,opening_bridge,0.362454384648832,0.0,opening_bridge,1.6695768832791857,0,1,1
577,5.769999999999921,2.673264980316162,1.869720220565796,-0.0038399596232920885,0.36767682433128357,0.33045438464883214,0.0,opening_bridge,0.354454384648832,0.0,opening_bridge,1.6732690606474534,0,0,0
578,5.779999999999921,2.6769216060638428,1.869706153869629,-0.0038399596232920885,0.36364030838012695,0.33045438464883214,0.0,opening_bridge,0.346454384648832,0.0,opening_bridge,1.6769257134516642,0,0,0
579,5.789999999999921,2.6805341243743896,1.869692325592041,-0.0038399596232920885,0.3588499426841736,0.33045438464883214,0.0,opening_bridge,0.338454384648832,0.0,opening_bridge,1.6805382582285906,0,0,0
580,5.799999999999921,2.684095621109009,1.8696786165237427,-0.0038399596232920885,0.35344910621643066,0.33045438464883214,0.0,opening_bridge,0.33045438464883214,0.0,opening_bridge,1.6840997813478833,0,0,0
581,5.809999999999921,2.687600612640381,1.8696651458740234,-0.0038399596232920885,0.34755390882492065,0.2904543846488323,0.0,opening_bridge,0.32245438464883214,0.0,opening_bridge,1.687604798764872,0,1,1
582,5.81999999999992,2.691044569015503,1.8696519136428833,-0.0038399596232920885,0.34125837683677673,0.2904543846488323,0.0,opening_bridge,0.31445438464883213,0.0,opening_bridge,1.6910487805600742,0,0,0
583,5.82999999999992,2.6944239139556885,1.8696389198303223,-0.0038399596232920885,0.33463865518569946,0.2904543846488323,0.0,opening_bridge,0.3064543846488321,0.0,opening_bridge,1.6944281504812166,0,0,0
584,5.83999999999992,2.6977357864379883,1.8696261644363403,-0.0038399596232920885,0.327756404876709,0.2904543846488323,0.0,opening_bridge,0.2984543846488321,0.0,opening_bridge,1.6977400475265805,0,0,0
585,5.84999999999992,2.7009778022766113,1.869613766670227,-0.0038399596232920885,0.3206615746021271,0.2904543846488323,0.0,opening_bridge,0.2904543846488323,0.0,opening_bridge,1.7009820870702146,0,0,0
586,5.8599999999999195,2.704148054122925,1.8696016073226929,-0.0038399596232920885,0.31339457631111145,0.2504543846488317,0.0,opening_bridge,0.28245438464883227,0.0,opening_bridge,1.7041523622347368,0,1,1
587,5.869999999999919,2.707244873046875,1.8695896863937378,-0.0038399596232920885,0.3059881627559662,0.2504543846488317,0.0,opening_bridge,0.27445438464883226,0.0,opening_bridge,1.7072492041028797,0,0,0
588,5.879999999999919,2.7102670669555664,1.8695781230926514,-0.0038399596232920885,0.29846882820129395,0.2504543846488317,0.0,opening_bridge,0.26645438464883225,0.0,opening_bridge,1.710271420132826,0,0,0
589,5.889999999999919,2.7132136821746826,1.869566798210144,-0.0038399596232920885,0.29085808992385864,0.2504543846488317,0.0,opening_bridge,0.25845438464883225,0.0,opening_bridge,1.7132180571146225,0,0,0
590,5.899999999999919,2.7160837650299072,1.8695558309555054,-0.0038399596232920885,0.2831732928752899,0.2504543846488317,0.0,opening_bridge,0.25045438464883224,0.0,opening_bridge,1.716088160923987,0,0,0
591,5.909999999999918,2.718876838684082,1.8695451021194458,-0.0038399596232920885,0.27542856335639954,0.21045438464883182,0.0,opening_bridge,0.24245438464883223,0.0,opening_bridge,1.718881255184045,0,1,1
592,5.919999999999918,2.7215921878814697,1.8695347309112549,-0.0038399596232920885,0.2676352858543396,0.21045438464883182,0.0,opening_bridge,0.23445438464883223,0.0,opening_bridge,1.7215966241876455,0,0,0
593,5.929999999999918,2.724229335784912,1.869524598121643,-0.0038399596232920885,0.2598026692867279,0.21045438464883182,0.0,opening_bridge,0.22645438464883222,0.0,opening_bridge,1.7242337915577712,0,0,0
594,5.939999999999918,2.72678804397583,1.8695148229599,-0.0038399596232920885,0.25193822383880615,0.21045438464883182,0.0,opening_bridge,0.2184543846488322,0.0,opening_bridge,1.7267925184208923,0,0,0
595,5.949999999999918,2.7292680740356445,1.8695052862167358,-0.0038399596232920885,0.24404799938201904,0.21045438464883182,0.0,opening_bridge,0.2104543846488322,0.0,opening_bridge,1.7292725668170035,0,0,0
596,5.959999999999917,2.7316689491271973,1.8694961071014404,-0.0038399596232920885,0.23613689839839935,0.18,0.0,opening_bridge,0.2024543846488322,0.0,opening_bridge,1.7316734594554604,0,1,1
597,5.969999999999917,2.7339906692504883,1.8694871664047241,-0.0038399596232920885,0.22820888459682465,0.18,0.0,opening_bridge,0.1944543846488322,0.0,opening_bridge,1.7339951967935225,0,0,0
598,5.979999999999917,2.7362329959869385,1.8694785833358765,-0.0038399596232920885,0.2202671766281128,0.18,0.0,opening_bridge,0.18645438464883218,0.0,opening_bridge,1.7362375399568386,0,0,0
599,5.989999999999917,2.7383973598480225,1.869470238685608,-0.0038399596232920885,0.21260836720466614,0.18,0.0,opening_bridge,0.18,0.0,opening_bridge,1.7384019199041572,0,0,0
600,5.9999999999999165,2.740492343902588,1.869462251663208,-0.0038399596232920885,0.20640625059604645,0.18,0.0,opening_bridge,0.18,0.0,opening_bridge,1.7404969191837298,0,0,0
601,6.009999999999916,2.7425312995910645,1.8694543838500977,-0.0038399596232920885,0.2013837844133377,0.18,0.0,opening_bridge,0.18,0.0,opening_bridge,1.742535890052098,0,1,1
602,6.019999999999916,2.7445247173309326,1.8694467544555664,-0.0038399596232920885,0.19731658697128296,0.18,0.0,opening_bridge,0.18,0.0,opening_bridge,1.7445293223918783,0,0,0
603,6.029999999999916,2.746481418609619,1.8694392442703247,-0.0038399596232920885,0.19402296841144562,0.18,0.0,opening_bridge,0.18,0.0,opening_bridge,1.7464860380832592,0,0,0
604,6.039999999999916,2.748408317565918,1.8694318532943726,-0.0038399596232920885,0.19135579466819763,0.18,0.0,opening_bridge,0.18,0.0,opening_bridge,1.7484129512142308,0,0,0
605,6.0499999999999154,2.7503111362457275,1.86942458152771,-0.0038399596232920885,0.1891959309577942,0.18,0.0,opening_bridge,0.18,0.0,opening_bridge,1.750315783788795,0,0,0
606,6.059999999999915,2.752194404602051,1.8694173097610474,-0.0038399596232920885,0.18744686245918274,0.18,0.0,opening_bridge,0.18,0.0,opening_bridge,1.7521990661841143,0,1,1
607,6.069999999999915,2.754061698913574,1.8694101572036743,-0.0038399596232920885,0.18603047728538513,0.18,0.0,opening_bridge,0.18,0.0,opening_bridge,1.7540663741943057,0,0,0
608,6.079999999999915,2.7559163570404053,1.8694030046463013,-0.0038399596232920885,0.1848834753036499,0.18,0.0,opening_bridge,0.18,0.0,opening_bridge,1.7559210461131358,0,0,0
609,6.089999999999915,2.757760524749756,1.8693959712982178,-0.0038399596232920885,0.1839546412229538,0.18,0.0,opening_bridge,0.18,0.0,opening_bridge,1.757765227234446,0,0,0
610,6.099999999999914,2.759596347808838,1.8693889379501343,-0.0038399596232920885,0.18320247530937195,0.18,0.0,opening_bridge,0.18,0.0,opening_bridge,1.7596010637664505,0,0,0
611,6.109999999999914,2.761425256729126,1.8693819046020508,-0.0038399596232920885,0.18259336054325104,0.18,0.0,opening_bridge,0.18,0.0,opening_bridge,1.7614299862105949,0,1,1
612,6.119999999999914,2.7632486820220947,1.8693748712539673,-0.0038399596232920885,0.1821001023054123,0.18,0.0,opening_bridge,0.18,0.0,opening_bridge,1.76325342506809,0,0,0
613,6.129999999999914,2.7650675773620605,1.8693678379058838,-0.0038399596232920885,0.18170066177845,0.18,0.0,opening_bridge,0.18,0.0,opening_bridge,1.7650723340063645,0,0,0
614,6.1399999999999135,2.76688289642334,1.8693609237670898,-0.0038399596232920885,0.18137720227241516,0.18,0.0,opening_bridge,0.18,0.0,opening_bridge,1.7668876662347897,0,0,0
615,6.149999999999913,2.76869535446167,1.869354009628296,-0.0038399596232920885,0.1811152547597885,0.18,0.0,opening_bridge,0.18,0.0,opening_bridge,1.7687001374610503,0,0,0
616,6.159999999999913,2.770505428314209,1.869347095489502,-0.0038399596232920885,0.1809031367301941,0.18,0.0,opening_bridge,0.18,0.0,opening_bridge,1.7705102245188906,0,1,1
617,6.169999999999913,2.7723135948181152,1.869340181350708,-0.0038399596232920885,0.18073135614395142,0.18,0.0,opening_bridge,0.18,0.0,opening_bridge,1.7723184042420277,0,0,0
618,6.179999999999913,2.7741200923919678,1.869333267211914,-0.0038399596232920885,0.18059225380420685,0.18,0.0,opening_bridge,0.18,0.0,opening_bridge,1.7741249150473235,0,0,0
619,6.1899999999999125,2.775925397872925,1.8693263530731201,-0.0038399596232920885,0.18047961592674255,0.18,0.0,opening_bridge,0.18,0.0,opening_bridge,1.7759302337684608,0,0,0
620,6.199999999999912,2.7777297496795654,1.8693194389343262,-0.0038399596232920885,0.18038839101791382,0.18,0.0,opening_bridge,0.18,0.0,opening_bridge,1.7777345988222797,0,0,0
621,6.209999999999912,2.7795331478118896,1.8693125247955322,-0.0038399596232920885,0.18031452596187592,0.18,0.0,opening_bridge,0.18,0.0,opening_bridge,1.7795380102087874,0,1,1
622,6.219999999999912,2.7813360691070557,1.8693056106567383,-0.0038399596232920885,0.18025469779968262,0.18,0.0,opening_bridge,0.18,0.0,opening_bridge,1.7813409447616424,0,0,0
623,6.229999999999912,2.7831382751464844,1.8692986965179443,-0.0038399596232920885,0.18020625412464142,0.18,0.0,opening_bridge,0.18,0.0,opening_bridge,1.7831431640640216,0,0,0
624,6.239999999999911,2.784940242767334,1.8692917823791504,-0.0038399596232920885,0.18016701936721802,0.18,0.0,opening_bridge,0.18,0.0,opening_bridge,1.7849451449495766,0,0,0
625,6.249999999999911,2.7867417335510254,1.8692848682403564,-0.0038399596232920885,0.18013525009155273,0.18,0.0,opening_bridge,0.18,0.0,opening_bridge,1.7867466490014845,0,0,0
626,6.259999999999911,2.7885429859161377,1.8692779541015625,-0.0038399596232920885,0.18010953068733215,0.18,0.0,opening_bridge,0.18,0.0,opening_bridge,1.7885479146365695,0,1,1
627,6.269999999999911,2.790343999862671,1.8692710399627686,-0.0038399596232920885,0.18008869886398315,0.18,0.0,opening_bridge,0.18,0.0,opening_bridge,1.790348941854832,0,0,0
628,6.2799999999999105,2.792144775390625,1.8692641258239746,-0.0038399596232920885,0.18007183074951172,0.18,0.0,opening_bridge,0.18,0.0,opening_bridge,1.7921497306562726,0,0,0
629,6.28999999999991,2.7939453125,1.8692572116851807,-0.0038399596232920885,0.18005816638469696,0.18,0.0,opening_bridge,0.18,0.0,opening_bridge,1.7939502810408916,0,0,0
630,6.29999999999991,2.795745849609375,1.8692502975463867,-0.0038399596232920885,0.18004710972309113,0.18,0.0,opening_bridge,0.18,0.0,opening_bridge,1.7957508314255106,0,0,0
631,6.30999999999991,2.797546148300171,1.8692433834075928,-0.0038399596232920885,0.18003815412521362,0.18,0.0,opening_bridge,0.18,0.0,opening_bridge,1.7975511433933087,0,1,1
632,6.31999999999991,2.799346446990967,1.8692364692687988,-0.0038399596232920885,0.18003089725971222,0.18,0.0,opening_bridge,0.18,0.0,opening_bridge,1.7993514553611067,0,0,0
633,6.3299999999999095,2.8011467456817627,1.8692295551300049,-0.0038399596232920885,0.18002502620220184,0.18,0.0,opening_bridge,0.18,0.0,opening_bridge,1.8011517673289048,0,0,0
634,6.339999999999909,2.8029470443725586,1.869222640991211,-0.0038399596232920885,0.180020272731781,0.18,0.0,opening_bridge,0.18,0.0,opening_bridge,1.8029520792967029,0,0,0
635,6.349999999999909,2.8047471046447754,1.869215726852417,-0.0038399596232920885,0.1800164133310318,0.18,0.0,opening_bridge,0.18,0.0,opening_bridge,1.8047521528476802,0,0,0
636,6.359999999999909,2.806547164916992,1.869208812713623,-0.0038399596232920885,0.18001329898834229,0.18,0.0,opening_bridge,0.18,0.0,opening_bridge,1.8065522263986575,0,1,1
637,6.369999999999909,2.808347225189209,1.869201898574829,-0.0038399596232920885,0.18001076579093933,0.18,0.0,opening_bridge,0.18,0.0,opening_bridge,1.8083522999496349,0,0,0
638,6.379999999999908,2.810147285461426,1.8691949844360352,-0.0038399596232920885,0.18000872433185577,0.18,0.0,opening_bridge,0.18,0.0,opening_bridge,1.8101523735006122,0,0,0
639,6.389999999999908,2.8119473457336426,1.8691880702972412,-0.0038399596232920885,0.18000707030296326,0.18,0.0,opening_bridge,0.18,0.0,opening_bridge,1.8119524470515895,0,0,0
640,6.399999999999908,2.8137474060058594,1.8691811561584473,-0.0038399596232920885,0.1800057291984558,0.18,0.0,opening_bridge,0.18,0.0,opening_bridge,1.8137525206025669,0,0,0
641,6.409999999999908,2.815547466278076,1.8691742420196533,-0.0038399596232920885,0.18000464141368866,0.18,0.0,opening_bridge,0.18,0.0,opening_bridge,1.8155525941535442,0,1,1
642,6.419999999999908,2.817347526550293,1.8691673278808594,-0.0038399596232920885,0.18000376224517822,0.18,0.0,opening_bridge,0.18,0.0,opening_bridge,1.8173526677045215,0,0,0
643,6.429999999999907,2.8191475868225098,1.8691604137420654,-0.0038399596232920885,0.18000304698944092,0.18,0.0,opening_bridge,0.18,0.0,opening_bridge,1.8191527412554989,0,0,0
644,6.439999999999907,2.8209476470947266,1.8691534996032715,-0.0038399596232920885,0.18000246584415436,0.18,0.0,opening_bridge,0.18,0.0,opening_bridge,1.8209528148064762,0,0,0
645,6.449999999999907,2.8227477073669434,1.8691465854644775,-0.0038399596232920885,0.18000200390815735,0.18,0.0,opening_bridge,0.18,0.0,opening_bridge,1.8227528883574535,0,0,0
646,6.459999999999907,2.82454776763916,1.8691396713256836,-0.0038399596232920885,0.1800016313791275,0.18,0.0,opening_bridge,0.18,0.0,opening_bridge,1.8245529619084309,0,1,1
647,6.4699999999999065,2.826347827911377,1.8691327571868896,-0.0038399596232920885,0.18000131845474243,0.18,0.0,opening_bridge,0.18,0.0,opening_bridge,1.8263530354594082,0,0,0
648,6.479999999999906,2.8281478881835938,1.8691258430480957,-0.0038399596232920885,0.18000106513500214,0.18,0.0,opening_bridge,0.18,0.0,opening_bridge,1.8281531090103855,0,0,0
649,6.489999999999906,2.8299479484558105,1.8691189289093018,-0.0038399596232920885,0.18000085651874542,0.18,0.0,opening_bridge,0.18,0.0,opening_bridge,1.8299531825613629,0,0,0
650,6.499999999999906,2.8317480087280273,1.8691120147705078,-0.0038399596232920885,0.1800006926059723,0.18,0.0,opening_bridge,0.18,0.0,opening_bridge,1.8317532561123402,0,0,0
651,6.509999999999906,2.833548069000244,1.8691051006317139,-0.0038399596232920885,0.18000055849552155,0.18,0.0,opening_bridge,0.18,0.0,opening_bridge,1.8335533296633175,0,1,1
652,6.519999999999905,2.835348129272461,1.86909818649292,-0.0038399596232920885,0.1800004541873932,0.18,0.0,opening_bridge,0.18,0.0,opening_bridge,1.8353534032142949,0,0,0
653,6.529999999999905,2.8371481895446777,1.869091272354126,-0.0038399596232920885,0.18000036478042603,0.18,0.0,opening_bridge,0.18,0.0,opening_bridge,1.8371534767652722,0,0,0
654,6.539999999999905,2.8389482498168945,1.869084358215332,-0.0038399596232920885,0.18000029027462006,0.18,0.0,opening_bridge,0.18,0.0,opening_bridge,1.8389535503162495,0,0,0
655,6.549999999999905,2.8407483100891113,1.869077444076538,-0.0038399596232920885,0.18000023066997528,0.18,0.0,opening_bridge,0.18,0.0,opening_bridge,1.8407536238672269,0,0,0
656,6.559999999999905,2.842548370361328,1.8690705299377441,-0.0038399596232920885,0.1800001859664917,0.18,0.0,opening_bridge,0.18,0.0,opening_bridge,1.8425536974182042,0,1,1
657,6.569999999999904,2.844348430633545,1.8690636157989502,-0.0038399596232920885,0.1800001561641693,0.18,0.0,opening_bridge,0.18,0.0,opening_bridge,1.8443537709691815,0,0,0
658,6.579999999999904,2.8461484909057617,1.8690567016601562,-0.0038399596232920885,0.18000012636184692,0.18,0.0,opening_bridge,0.18,0.0,opening_bridge,1.8461538445201588,0,0,0
659,6.589999999999904,2.8479485511779785,1.8690497875213623,-0.0038399596232920885,0.18000009655952454,0.18,0.0,opening_bridge,0.18,0.0,opening_bridge,1.8479539180711362,0,0,0
660,6.599999999999904,2.8497486114501953,1.8690428733825684,-0.0038399596232920885,0.18000008165836334,0.18,0.0,opening_bridge,0.18,0.0,opening_bridge,1.8497539916221135,0,0,0
661,6.6099999999999035,2.851548671722412,1.8690359592437744,-0.0038399596232920885,0.18000006675720215,0.18,0.0,opening_bridge,0.18,0.0,opening_bridge,1.8515540651730908,0,1,1
662,6.619999999999903,2.853348731994629,1.8690290451049805,-0.0038399596232920885,0.18000005185604095,0.18,0.0,opening_bridge,0.18,0.0,opening_bridge,1.8533541387240682,0,0,0
663,6.629999999999903,2.8551487922668457,1.8690221309661865,-0.0038399596232920885,0.18000003695487976,0.18,0.0,opening_bridge,0.18,0.0,opening_bridge,1.8551542122750455,0,0,0
664,6.639999999999903,2.8569488525390625,1.8690152168273926,-0.0038399596232920885,0.18000003695487976,0.18,0.0,opening_bridge,0.18,0.0,opening_bridge,1.8569542858260228,0,0,0
665,6.649999999999903,2.8587489128112793,1.8690083026885986,-0.0038399596232920885,0.18000003695487976,0.18,0.0,opening_bridge,0.18,0.0,opening_bridge,1.8587543593770002,0,0,0
666,6.659999999999902,2.860548973083496,1.8690013885498047,-0.0038399596232920885,0.18000003695487976,0.18,0.0,opening_bridge,0.18,0.0,opening_bridge,1.8605544329279775,0,1,1
667,6.669999999999902,2.862349033355713,1.8689944744110107,-0.0038399596232920885,0.18000003695487976,0.18,0.0,opening_bridge,0.18,0.0,opening_bridge,1.8623545064789548,0,0,0
668,6.679999999999902,2.8641490936279297,1.8689875602722168,-0.0038399596232920885,0.18000003695487976,0.18,0.0,opening_bridge,0.18,0.0,opening_bridge,1.8641545800299322,0,0,0
669,6.689999999999902,2.8659491539001465,1.8689806461334229,-0.0038399596232920885,0.18000003695487976,0.18,0.0,opening_bridge,0.18,0.0,opening_bridge,1.8659546535809095,0,0,0
670,6.699999999999902,2.8677492141723633,1.868973731994629,-0.0038399596232920885,0.18000003695487976,0.18,0.0,opening_bridge,0.18,0.0,opening_bridge,1.8677547271318868,0,0,0
671,6.709999999999901,2.86954927444458,1.868966817855835,-0.0038399596232920885,0.18000003695487976,0.18,0.0,opening_bridge,0.18,0.0,opening_bridge,1.8695548006828642,0,1,1
672,6.719999999999901,2.871349334716797,1.868959903717041,-0.0038399596232920885,0.18000003695487976,0.18,0.0,opening_bridge,0.18,0.0,opening_bridge,1.8713548742338415,0,0,0
673,6.729999999999901,2.8731493949890137,1.868952989578247,-0.0038399596232920885,0.18000003695487976,0.18,0.0,opening_bridge,0.18,0.0,opening_bridge,1.8731549477848188,0,0,0
674,6.739999999999901,2.8749494552612305,1.8689460754394531,-0.0038399596232920885,0.18000003695487976,0.18,0.0,opening_bridge,0.18,0.0,opening_bridge,1.8749550213357962,0,0,0
675,6.7499999999999005,2.8767495155334473,1.8689391613006592,-0.0038399596232920885,0.18000003695487976,0.18,0.0,opening_bridge,0.18,0.0,opening_bridge,1.8767550948867735,0,0,0
676,6.7599999999999,2.878549575805664,1.8689322471618652,-0.0038399596232920885,0.18000003695487976,0.18,0.0,opening_bridge,0.18,0.0,opening_bridge,1.8785551684377508,0,1,1
677,6.7699999999999,2.880349636077881,1.8689253330230713,-0.0038399596232920885,0.18000003695487976,0.18,0.0,opening_bridge,0.18,0.0,opening_bridge,1.8803552419887282,0,0,0
678,6.7799999999999,2.8821496963500977,1.8689184188842773,-0.0038399596232920885,0.18000003695487976,0.18,0.0,opening_bridge,0.18,0.0,opening_bridge,1.8821553155397055,0,0,0
679,6.7899999999999,2.8839497566223145,1.8689115047454834,-0.0038399596232920885,0.18000003695487976,0.18,0.0,opening_bridge,0.18,0.0,opening_bridge,1.8839553890906828,0,0,0
680,6.7999999999998995,2.8857498168945312,1.8689045906066895,-0.0038399596232920885,0.18000003695487976,0.18,0.0,opening_bridge,0.18,0.0,opening_bridge,1.8857554626416602,0,0,0
681,6.809999999999899,2.887549877166748,1.8688976764678955,-0.0038399596232920885,0.18000003695487976,0.18,0.0,opening_bridge,0.18,0.0,opening_bridge,1.8875555361926375,0,1,1
682,6.819999999999899,2.889349937438965,1.8688907623291016,-0.0038399596232920885,0.18000003695487976,0.18,0.0,opening_bridge,0.18,0.0,opening_bridge,1.8893556097436148,0,0,0
683,6.829999999999899,2.8911499977111816,1.8688838481903076,-0.0038399596232920885,0.18000003695487976,0.18,0.0,opening_bridge,0.18,0.0,opening_bridge,1.8911556832945922,0,0,0
684,6.839999999999899,2.8929500579833984,1.8688769340515137,-0.0038399596232920885,0.18000003695487976,0.18,0.0,opening_bridge,0.18,0.0,opening_bridge,1.8929557568455695,0,0,0
685,6.849999999999898,2.8947501182556152,1.8688700199127197,-0.0038399596232920885,0.18000003695487976,0.18,0.0,opening_bridge,0.18,0.0,opening_bridge,1.8947558303965468,0,0,0
686,6.859999999999898,2.896550178527832,1.8688631057739258,-0.0038399596232920885,0.18000003695487976,0.18,0.0,opening_bridge,0.18,0.0,opening_bridge,1.8965559039475242,0,1,1
687,6.869999999999898,2.898350238800049,1.8688561916351318,-0.0038399596232920885,0.18000003695487976,0.18,0.0,opening_bridge,0.18,0.0,opening_bridge,1.8983559774985015,0,0,0
688,6.879999999999898,2.9001502990722656,1.868849277496338,-0.0038399596232920885,0.18000003695487976,0.18,0.0,opening_bridge,0.18,0.0,opening_bridge,1.9001560510494788,0,0,0
689,6.8899999999998975,2.9019503593444824,1.868842363357544,-0.0038399596232920885,0.18000003695487976,0.18,0.0,opening_bridge,0.18,0.0,opening_bridge,1.9019561246004562,0,0,0
690,6.899999999999897,2.903750419616699,1.86883544921875,-0.0038399596232920885,0.18000003695487976,0.18,0.0,opening_bridge,0.18,0.0,opening_bridge,1.9037561981514335,0,0,0
691,6.909999999999897,2.905550479888916,1.868828535079956,-0.0038399596232920885,0.18000003695487976,0.18,0.0,opening_bridge,0.18,0.0,opening_bridge,1.9055562717024108,0,1,1
692,6.919999999999897,2.907350540161133,1.868821620941162,-0.0038399596232920885,0.18000003695487976,0.18,0.0,opening_bridge,0.18,0.0,opening_bridge,1.9073563452533882,0,0,0
693,6.929999999999897,2.9091506004333496,1.8688147068023682,-0.0038399596232920885,0.18000003695487976,0.18,0.0,opening_bridge,0.18,0.0,opening_bridge,1.9091564188043655,0,0,0
694,6.9399999999998965,2.9109506607055664,1.8688077926635742,-0.0038399596232920885,0.18000003695487976,0.18,0.0,opening_bridge,0.18,0.0,opening_bridge,1.9109564923553428,0,0,0
695,6.949999999999896,2.912750720977783,1.8688008785247803,-0.0038399596232920885,0.18000003695487976,0.18,0.0,opening_bridge,0.18,0.0,opening_bridge,1.9127565659063201,0,0,0
696,6.959999999999896,2.91455078125,1.8687939643859863,-0.0038399596232920885,0.18000003695487976,0.18,0.0,opening_bridge,0.18,0.0,opening_bridge,1.9145566394572975,0,1,1
697,6.969999999999896,2.916350841522217,1.8687870502471924,-0.0038399596232920885,0.18000003695487976,0.18,0.0,opening_bridge,0.18,0.0,opening_bridge,1.9163567130082748,0,0,0
698,6.979999999999896,2.9181509017944336,1.8687801361083984,-0.0038399596232920885,0.18000003695487976,0.18,0.0,opening_bridge,0.18,0.0,opening_bridge,1.9181567865592521,0,0,0
699,6.989999999999895,2.9199509620666504,1.8687732219696045,-0.0038399596232920885,0.18000003695487976,0.18,0.0,opening_bridge,0.18,0.0,opening_bridge,1.9199568601102295,0,0,0
700,6.999999999999895,2.921751022338867,1.8687663078308105,-0.0038399596232920885,0.18000003695487976,0.18,0.0,opening_bridge,0.18,0.0,opening_bridge,1.9217569336612068,0,0,0
701,7.009999999999895,2.923551082611084,1.8687593936920166,-0.0038399596232920885,0.18000003695487976,0.18,0.0,opening_bridge,0.18,0.0,opening_bridge,1.9235570072121841,0,1,1
702,7.019999999999895,2.925351142883301,1.8687524795532227,-0.0038399596232920885,0.18000003695487976,0.18,0.0,opening_bridge,0.18,0.0,opening_bridge,1.9253570807631615,0,0,0
703,7.0299999999998946,2.9271512031555176,1.8687455654144287,-0.0038399596232920885,0.18000003695487976,0.18,0.0,opening_bridge,0.18,0.0,opening_bridge,1.9271571543141388,0,0,0
704,7.039999999999894,2.9289512634277344,1.8687386512756348,-0.0038399596232920885,0.18000003695487976,0.18,0.0,opening_bridge,0.18,0.0,opening_bridge,1.9289572278651161,0,0,0
705,7.049999999999894,2.930751323699951,1.8687317371368408,-0.0038399596232920885,0.18000003695487976,0.18,0.0,opening_bridge,0.18,0.0,opening_bridge,1.9307573014160935,0,0,0
706,7.059999999999894,2.932551383972168,1.8687248229980469,-0.0038399596232920885,0.18000003695487976,0.18,0.0,opening_bridge,0.18,0.0,opening_bridge,1.9325573749670708,0,1,1
707,7.069999999999894,2.9343514442443848,1.868717908859253,-0.0038399596232920885,0.18000003695487976,0.18,0.0,opening_bridge,0.18,0.0,opening_bridge,1.9343574485180481,0,0,0
708,7.0799999999998935,2.9361515045166016,1.868710994720459,-0.0038399596232920885,0.18000003695487976,0.18,0.0,opening_bridge,0.18,0.0,opening_bridge,1.9361575220690255,0,0,0
709,7.089999999999893,2.9379515647888184,1.868704080581665,-0.0038399596232920885,0.18000003695487976,0.18,0.0,opening_bridge,0.18,0.0,opening_bridge,1.9379575956200028,0,0,0
710,7.099999999999893,2.939751625061035,1.868697166442871,-0.0038399596232920885,0.18000003695487976,0.18,0.0,opening_bridge,0.18,0.0,opening_bridge,1.9397576691709801,0,0,0
711,7.109999999999893,2.941551685333252,1.8686902523040771,-0.0038399596232920885,0.18000003695487976,0.18,0.0,opening_bridge,0.18,0.0,opening_bridge,1.9415577427219575,0,1,1
712,7.119999999999893,2.9433517456054688,1.8686833381652832,-0.0038399596232920885,0.18000003695487976,0.18,0.0,opening_bridge,0.18,0.0,opening_bridge,1.9433578162729348,0,0,0
713,7.129999999999892,2.9451518058776855,1.8686764240264893,-0.0038399596232920885,0.18000003695487976,0.18,0.0,opening_bridge,0.18,0.0,opening_bridge,1.9451578898239121,0,0,0
714,7.139999999999892,2.9469518661499023,1.8686695098876953,-0.0038399596232920885,0.18000003695487976,0.18,0.0,opening_bridge,0.18,0.0,opening_bridge,1.9469579633748895,0,0,0
715,7.149999999999892,2.948751926422119,1.8686625957489014,-0.0038399596232920885,0.18000003695487976,0.18,0.0,opening_bridge,0.18,0.0,opening_bridge,1.9487580369258668,0,0,0
716,7.159999999999892,2.950551986694336,1.8686556816101074,-0.0038399596232920885,0.18000003695487976,0.18,0.0,opening_bridge,0.18,0.0,opening_bridge,1.9505581104768441,0,1,1
717,7.169999999999892,2.9523520469665527,1.8686487674713135,-0.0038399596232920885,0.18000003695487976,0.18,0.0,opening_bridge,0.18,0.0,opening_bridge,1.9523581840278215,0,0,0
718,7.179999999999891,2.9541521072387695,1.8686418533325195,-0.0038399596232920885,0.18000003695487976,0.18,0.0,opening_bridge,0.18,0.0,opening_bridge,1.9541582575787988,0,0,0
719,7.189999999999891,2.9559521675109863,1.8686349391937256,-0.0038399596232920885,0.18000003695487976,0.18,0.0,opening_bridge,0.18,0.0,opening_bridge,1.9559583311297761,0,0,0
720,7.199999999999891,2.957752227783203,1.8686280250549316,-0.0038399596232920885,0.18000003695487976,0.18,0.0,opening_bridge,0.18,0.0,opening_bridge,1.9577584046807535,0,0,0
721,7.209999999999891,2.95955228805542,1.8686211109161377,-0.0038399596232920885,0.18000003695487976,0.18,0.0,opening_bridge,0.18,0.0,opening_bridge,1.9595584782317308,0,1,1
722,7.2199999999998905,2.9613523483276367,1.8686141967773438,-0.0038399596232920885,0.18000003695487976,0.18,0.0,opening_bridge,0.18,0.0,opening_bridge,1.9613585517827081,0,0,0
723,7.22999999999989,2.9631524085998535,1.8686072826385498,-0.0038399596232920885,0.18000003695487976,0.18,0.0,opening_bridge,0.18,0.0,opening_bridge,1.9631586253336855,0,0,0
724,7.23999999999989,2.9649524688720703,1.8686003684997559,-0.0038399596232920885,0.18000003695487976,0.18,0.0,opening_bridge,0.18,0.0,opening_bridge,1.9649586988846628,0,0,0
725,7.24999999999989,2.966752529144287,1.868593454360962,-0.0038399596232920885,0.18000003695487976,0.18,0.0,opening_bridge,0.18,0.0,opening_bridge,1.9667587724356401,0,0,0
726,7.25999999999989,2.968552589416504,1.868586540222168,-0.0038399596232920885,0.18000003695487976,0.18,0.0,opening_bridge,0.18,0.0,opening_bridge,1.9685588459866175,0,1,1
727,7.269999999999889,2.9703526496887207,1.868579626083374,-0.0038399596232920885,0.18000003695487976,0.18,0.0,opening_bridge,0.18,0.0,opening_bridge,1.9703589195375948,0,0,0
728,7.279999999999889,2.9721527099609375,1.86857271194458,-0.0038399596232920885,0.18000003695487976,0.18,0.0,opening_bridge,0.18,0.0,opening_bridge,1.9721589930885721,0,0,0
729,7.289999999999889,2.9739527702331543,1.8685657978057861,-0.0038399596232920885,0.18000003695487976,0.18,0.0,opening_bridge,0.18,0.0,opening_bridge,1.9739590666395495,0,0,0
730,7.299999999999889,2.975752830505371,1.8685588836669922,-0.0038399596232920885,0.18000003695487976,0.18,0.0,opening_bridge,0.18,0.0,opening_bridge,1.9757591401905268,0,0,0
731,7.309999999999889,2.977552890777588,1.8685519695281982,-0.0038399596232920885,0.18000003695487976,0.18,0.0,opening_bridge,0.18,0.0,opening_bridge,1.9775592137415041,0,1,1
732,7.319999999999888,2.9793529510498047,1.8685450553894043,-0.0038399596232920885,0.18000003695487976,0.18,0.0,opening_bridge,0.18,0.0,opening_bridge,1.9793592872924815,0,0,0
733,7.329999999999888,2.9811530113220215,1.8685381412506104,-0.0038399596232920885,0.18000003695487976,0.18,0.0,opening_bridge,0.18,0.0,opening_bridge,1.9811593608434588,0,0,0
734,7.339999999999888,2.9829530715942383,1.8685312271118164,-0.0038399596232920885,0.18000003695487976,0.18,0.0,opening_bridge,0.18,0.0,opening_bridge,1.9829594343944361,0,0,0
735,7.349999999999888,2.984753131866455,1.8685243129730225,-0.0038399596232920885,0.18000003695487976,0.18,0.0,opening_bridge,0.18,0.0,opening_bridge,1.9847595079454134,0,0,0
736,7.3599999999998875,2.986553192138672,1.8685173988342285,-0.0038399596232920885,0.18000003695487976,0.18,0.0,opening_bridge,0.18,0.0,opening_bridge,1.9865595814963908,0,1,1
737,7.369999999999887,2.9883532524108887,1.8685104846954346,-0.0038399596232920885,0.18000003695487976,0.18,0.0,opening_bridge,0.18,0.0,opening_bridge,1.9883596550473681,0,0,0
738,7.379999999999887,2.9901533126831055,1.8685035705566406,-0.0038399596232920885,0.18000003695487976,0.18,0.0,opening_bridge,0.18,0.0,opening_bridge,1.9901597285983454,0,0,0
739,7.389999999999887,2.9919533729553223,1.8684966564178467,-0.0038399596232920885,0.18000003695487976,0.18,0.0,opening_bridge,0.18,0.0,opening_bridge,1.9919598021493228,0,0,0
740,7.399999999999887,2.993753433227539,1.8684897422790527,-0.0038399596232920885,0.18000003695487976,0.18,0.0,opening_bridge,0.18,0.0,opening_bridge,1.9937598757003,0,0,0
741,7.4099999999998865,2.995553493499756,1.8684828281402588,-0.0038399596232920885,0.18000003695487976,0.18,0.0,opening_bridge,0.18,0.0,opening_bridge,1.9955599492512774,0,1,1
742,7.419999999999886,2.9973535537719727,1.8684759140014648,-0.0038399596232920885,0.18000003695487976,0.18,0.0,opening_bridge,0.18,0.0,opening_bridge,1.9973600228022548,0,0,0
743,7.429999999999886,2.9991536140441895,1.868468999862671,-0.0038399596232920885,0.18000003695487976,0.18,0.0,opening_bridge,0.18,0.0,opening_bridge,1.999160096353232,0,0,0
744,7.439999999999886,3.0009536743164062,1.868462085723877,-0.0038399596232920885,0.18000003695487976,0.18,0.0,opening_bridge,0.18,0.0,opening_bridge,2.0009601699042094,0,0,0
745,7.449999999999886,3.002753734588623,1.868455171585083,-0.0038399596232920885,0.18000003695487976,0.18,0.0,opening_bridge,0.18,0.0,opening_bridge,2.002760243455187,0,0,0
746,7.459999999999885,3.00455379486084,1.868448257446289,-0.0038399596232920885,0.18000003695487976,0.18,0.0,opening_bridge,0.18,0.0,opening_bridge,2.0045603170061645,0,1,1
747,7.469999999999885,3.0063538551330566,1.8684413433074951,-0.0038399596232920885,0.18000003695487976,0.18,0.0,opening_bridge,0.18,0.0,opening_bridge,2.006360390557142,0,0,0
748,7.479999999999885,3.0081539154052734,1.8684344291687012,-0.0038399596232920885,0.18000003695487976,0.18,0.0,opening_bridge,0.18,0.0,opening_bridge,2.0081604641081197,0,0,0
749,7.489999999999885,3.0099539756774902,1.8684275150299072,-0.0038399596232920885,0.18000003695487976,0.18,0.0,opening_bridge,0.18,0.0,opening_bridge,2.009960537659097,0,0,0
750,7.4999999999998845,3.011754035949707,1.8684206008911133,-0.0038399596232920885,0.18000003695487976,0.18,0.0,opening_bridge,0.18,0.0,opening_bridge,2.0117606112100748,0,0,0
751,7.509999999999884,3.013554096221924,1.8684136867523193,-0.0038399596232920885,0.18000003695487976,0.18,0.0,opening_bridge,0.18,0.0,opening_bridge,2.0135606847610523,0,1,1
752,7.519999999999884,3.0153541564941406,1.8684067726135254,-0.0038399596232920885,0.18000003695487976,0.18,0.0,opening_bridge,0.18,0.0,opening_bridge,2.01536075831203,0,0,0
753,7.529999999999884,3.0171542167663574,1.8683998584747314,-0.0038399596232920885,0.18000003695487976,0.18,0.0,opening_bridge,0.18,0.0,opening_bridge,2.0171608318630074,0,0,0
754,7.539999999999884,3.018954277038574,1.8683929443359375,-0.0038399596232920885,0.18000003695487976,0.18,0.0,opening_bridge,0.18,0.0,opening_bridge,2.018960905413985,0,0,0
755,7.5499999999998835,3.020754337310791,1.8683860301971436,-0.0038399596232920885,0.18000003695487976,0.18,0.0,opening_bridge,0.18,0.0,opening_bridge,2.0207609789649625,0,0,0
756,7.559999999999883,3.022554397583008,1.8683791160583496,-0.0038399596232920885,0.18000003695487976,0.18,0.0,opening_bridge,0.18,0.0,opening_bridge,2.02256105251594,0,1,1
757,7.569999999999883,3.0243544578552246,1.8683722019195557,-0.0038399596232920885,0.18000003695487976,0.18,0.0,opening_bridge,0.18,0.0,opening_bridge,2.0243611260669176,0,0,0
758,7.579999999999883,3.0261545181274414,1.8683652877807617,-0.0038399596232920885,0.18000003695487976,0.18,0.0,opening_bridge,0.18,0.0,opening_bridge,2.026161199617895,0,0,0
759,7.589999999999883,3.027954578399658,1.8683583736419678,-0.0038399596232920885,0.18000003695487976,0.18,0.0,opening_bridge,0.18,0.0,opening_bridge,2.0279612731688728,0,0,0
760,7.599999999999882,3.029754638671875,1.8683514595031738,-0.0038399596232920885,0.18000003695487976,0.18,0.0,opening_bridge,0.18,0.0,opening_bridge,2.0297613467198503,0,0,0
761,7.609999999999882,3.031554698944092,1.8683445453643799,-0.0038399596232920885,0.18000003695487976,0.18,0.0,opening_bridge,0.18,0.0,opening_bridge,2.031561420270828,0,1,1
762,7.619999999999882,3.0333547592163086,1.868337631225586,-0.0038399596232920885,0.18000003695487976,0.18,0.0,opening_bridge,0.18,0.0,opening_bridge,2.0333614938218054,0,0,0
763,7.629999999999882,3.0351548194885254,1.868330717086792,-0.0038399596232920885,0.18000003695487976,0.18,0.0,opening_bridge,0.18,0.0,opening_bridge,2.035161567372783,0,0,0
764,7.6399999999998816,3.036954879760742,1.868323802947998,-0.0038399596232920885,0.18000003695487976,0.18,0.0,opening_bridge,0.18,0.0,opening_bridge,2.0369616409237605,0,0,0
765,7.649999999999881,3.038754940032959,1.868316888809204,-0.0038399596232920885,0.18000003695487976,0.18,0.0,opening_bridge,0.18,0.0,opening_bridge,2.038761714474738,0,0,0
766,7.659999999999881,3.040555000305176,1.8683099746704102,-0.0038399596232920885,0.18000003695487976,0.18,0.0,opening_bridge,0.18,0.0,opening_bridge,2.0405617880257156,0,1,1
767,7.669999999999881,3.0423550605773926,1.8683030605316162,-0.0038399596232920885,0.18000003695487976,0.18,0.0,opening_bridge,0.18,0.0,opening_bridge,2.042361861576693,0,0,0
768,7.679999999999881,3.0441551208496094,1.8682961463928223,-0.0038399596232920885,0.18000003695487976,0.18,0.0,opening_bridge,0.18,0.0,opening_bridge,2.0441619351276707,0,0,0
769,7.6899999999998805,3.045955181121826,1.8682892322540283,-0.0038399596232920885,0.18000003695487976,0.18,0.0,opening_bridge,0.18,0.0,opening_bridge,2.0459620086786483,0,0,0
770,7.69999999999988,3.047755241394043,1.8682823181152344,-0.0038399596232920885,0.18000003695487976,0.18,0.0,opening_bridge,0.18,0.0,opening_bridge,2.047762082229626,0,0,0
771,7.70999999999988,3.0495553016662598,1.8682754039764404,-0.0038399596232920885,0.18000003695487976,0.18,0.0,opening_bridge,0.18,0.0,opening_bridge,2.0495621557806034,0,1,1
772,7.71999999999988,3.0513553619384766,1.8682684898376465,-0.0038399596232920885,0.18000003695487976,0.18,0.0,opening_bridge,0.18,0.0,opening_bridge,2.051362229331581,0,0,0
773,7.72999999999988,3.0531554222106934,1.8682615756988525,-0.0038399596232920885,0.18000003695487976,0.18,0.0,opening_bridge,0.18,0.0,opening_bridge,2.0531623028825585,0,0,0
774,7.739999999999879,3.05495548248291,1.8682546615600586,-0.0038399596232920885,0.18000003695487976,0.18,0.0,opening_bridge,0.18,0.0,opening_bridge,2.054962376433536,0,0,0
775,7.749999999999879,3.056755542755127,1.8682477474212646,-0.0038399596232920885,0.18000003695487976,0.18,0.0,opening_bridge,0.18,0.0,opening_bridge,2.0567624499845136,0,0,0
776,7.759999999999879,3.0585556030273438,1.8682408332824707,-0.0038399596232920885,0.18000003695487976,0.18,0.0,opening_bridge,0.18,0.0,opening_bridge,2.058562523535491,0,1,1
777,7.769999999999879,3.0603556632995605,1.8682339191436768,-0.0038399596232920885,0.18000003695487976,0.18,0.0,opening_bridge,0.18,0.0,opening_bridge,2.0603625970864687,0,0,0
778,7.779999999999879,3.0621557235717773,1.8682270050048828,-0.0038399596232920885,0.18000003695487976,0.18,0.0,opening_bridge,0.18,0.0,opening_bridge,2.0621626706374463,0,0,0
779,7.789999999999878,3.063955783843994,1.8682200908660889,-0.0038399596232920885,0.18000003695487976,0.18,0.0,opening_bridge,0.18,0.0,opening_bridge,2.063962744188424,0,0,0
780,7.799999999999878,3.065755844116211,1.868213176727295,-0.0038399596232920885,0.18000003695487976,0.18,0.0,opening_bridge,0.18,0.0,opening_bridge,2.0657628177394014,0,0,0
781,7.809999999999878,3.0675559043884277,1.868206262588501,-0.0038399596232920885,0.18000003695487976,0.18,0.0,opening_bridge,0.18,0.0,opening_bridge,2.067562891290379,0,1,1
782,7.819999999999878,3.0693559646606445,1.868199348449707,-0.0038399596232920885,0.18000003695487976,0.18,0.0,opening_bridge,0.18,0.0,opening_bridge,2.0693629648413565,0,0,0
783,7.8299999999998775,3.0711560249328613,1.868192434310913,-0.0038399596232920885,0.18000003695487976,0.18,0.0,opening_bridge,0.18,0.0,opening_bridge,2.071163038392334,0,0,0
784,7.839999999999877,3.072956085205078,1.8681855201721191,-0.0038399596232920885,0.18000003695487976,0.18,0.0,opening_bridge,0.18,0.0,opening_bridge,2.0729631119433116,0,0,0
785,7.849999999999877,3.074756145477295,1.8681786060333252,-0.0038399596232920885,0.18000003695487976,0.18,0.0,opening_bridge,0.18,0.0,opening_bridge,2.074763185494289,0,0,0
786,7.859999999999877,3.0765562057495117,1.8681716918945312,-0.0038399596232920885,0.18000003695487976,0.18,0.0,opening_bridge,0.18,0.0,opening_bridge,2.0765632590452667,0,1,1
787,7.869999999999877,3.0783562660217285,1.8681647777557373,-0.0038399596232920885,0.18000003695487976,0.18,0.0,opening_bridge,0.18,0.0,opening_bridge,2.0783633325962443,0,0,0
788,7.879999999999876,3.0801563262939453,1.8681578636169434,-0.0038399596232920885,0.18000003695487976,0.18,0.0,opening_bridge,0.18,0.0,opening_bridge,2.080163406147222,0,0,0
789,7.889999999999876,3.081956386566162,1.8681509494781494,-0.0038399596232920885,0.18000003695487976,0.18,0.0,opening_bridge,0.18,0.0,opening_bridge,2.0819634796981994,0,0,0
790,7.899999999999876,3.083756446838379,1.8681440353393555,-0.0038399596232920885,0.18000003695487976,0.18,0.0,opening_bridge,0.18,0.0,opening_bridge,2.083763553249177,0,0,0
791,7.909999999999876,3.0855565071105957,1.8681371212005615,-0.0038399596232920885,0.18000003695487976,0.18,0.0,opening_bridge,0.18,0.0,opening_bridge,2.0855636268001545,0,1,1
792,7.919999999999876,3.0873565673828125,1.8681302070617676,-0.0038399596232920885,0.18000003695487976,0.18,0.0,opening_bridge,0.18,0.0,opening_bridge,2.087363700351132,0,0,0
793,7.929999999999875,3.0891566276550293,1.8681232929229736,-0.0038399596232920885,0.18000003695487976,0.18,0.0,opening_bridge,0.18,0.0,opening_bridge,2.0891637739021096,0,0,0
794,7.939999999999875,3.090956687927246,1.8681163787841797,-0.0038399596232920885,0.18000003695487976,0.18,0.0,opening_bridge,0.18,0.0,opening_bridge,2.090963847453087,0,0,0
795,7.949999999999875,3.092756748199463,1.8681094646453857,-0.0038399596232920885,0.18000003695487976,0.18,0.0,opening_bridge,0.18,0.0,opening_bridge,2.0927639210040647,0,0,0
796,7.959999999999875,3.0945568084716797,1.8681025505065918,-0.0038399596232920885,0.18000003695487976,0.18,0.0,opening_bridge,0.18,0.0,opening_bridge,2.0945639945550423,0,1,1
797,7.9699999999998745,3.0963568687438965,1.8680956363677979,-0.0038399596232920885,0.18000003695487976,0.18,0.0,opening_bridge,0.18,0.0,opening_bridge,2.09636406810602,0,0,0
798,7.979999999999874,3.0981569290161133,1.868088722229004,-0.0038399596232920885,0.18000003695487976,0.18,0.0,opening_bridge,0.18,0.0,opening_bridge,2.0981641416569974,0,0,0
799,7.989999999999874,3.09995698928833,1.86808180809021,-0.0038399596232920885,0.18000003695487976,0.18,0.0,opening_bridge,0.18,0.0,opening_bridge,2.099964215207975,0,0,0
800,7.999999999999874,3.101757049560547,1.868074893951416,-0.0038399596232920885,0.18000003695487976,0.18,0.0,opening_bridge,0.18,0.0,opening_bridge,2.1017642887589525,0,0,0
801,8.009999999999874,3.1035571098327637,1.868067979812622,-0.0038399596232920885,0.18000003695487976,0.18,0.0,opening_bridge,0.18,0.0,opening_bridge,2.10356436230993,0,1,1
802,8.019999999999873,3.1053571701049805,1.8680610656738281,-0.0038399596232920885,0.18000003695487976,0.18,0.0,opening_bridge,0.18,0.0,opening_bridge,2.1053644358609076,0,0,0
803,8.029999999999873,3.1071572303771973,1.8680541515350342,-0.0038399596232920885,0.18000003695487976,0.18,0.0,opening_bridge,0.18,0.0,opening_bridge,2.107164509411885,0,0,0
804,8.039999999999873,3.108957290649414,1.8680472373962402,-0.0038399596232920885,0.18000003695487976,0.18,0.0,opening_bridge,0.18,0.0,opening_bridge,2.1089645829628627,0,0,0
805,8.049999999999873,3.110757350921631,1.8680403232574463,-0.0038399596232920885,0.18000003695487976,0.18,0.0,opening_bridge,0.18,0.0,opening_bridge,2.1107646565138403,0,0,0
806,8.059999999999873,3.1125574111938477,1.8680334091186523,-0.0038399596232920885,0.18000003695487976,0.18,0.0,opening_bridge,0.18,0.0,opening_bridge,2.112564730064818,0,1,1
807,8.069999999999872,3.1143574714660645,1.8680264949798584,-0.0038399596232920885,0.18000003695487976,0.18,0.0,opening_bridge,0.18,0.0,opening_bridge,2.1143648036157954,0,0,0
808,8.079999999999872,3.1161575317382812,1.8680195808410645,-0.0038399596232920885,0.18000003695487976,0.18,0.0,opening_bridge,0.18,0.0,opening_bridge,2.116164877166773,0,0,0
809,8.089999999999872,3.117957592010498,1.8680126667022705,-0.0038399596232920885,0.18000003695487976,0.18,0.0,opening_bridge,0.18,0.0,opening_bridge,2.1179649507177505,0,0,0
810,8.099999999999872,3.119757652282715,1.8680057525634766,-0.0038399596232920885,0.18000003695487976,0.18,0.0,opening_bridge,0.18,0.0,opening_bridge,2.119765024268728,0,0,0
811,8.109999999999872,3.1215577125549316,1.8679988384246826,-0.0038399596232920885,0.18000003695487976,0.18,0.0,opening_bridge,0.18,0.0,opening_bridge,2.1215650978197056,0,1,1
812,8.119999999999871,3.1233577728271484,1.8679919242858887,-0.0038399596232920885,0.18000003695487976,0.18,0.0,opening_bridge,0.18,0.0,opening_bridge,2.123365171370683,0,0,0
813,8.129999999999871,3.1251578330993652,1.8679850101470947,-0.0038399596232920885,0.18000003695487976,0.18,0.0,opening_bridge,0.18,0.0,opening_bridge,2.1251652449216607,0,0,0
814,8.139999999999871,3.126957893371582,1.8679780960083008,-0.0038399596232920885,0.18000003695487976,0.18,0.0,opening_bridge,0.18,0.0,opening_bridge,2.1269653184726383,0,0,0
815,8.14999999999987,3.128757953643799,1.8679711818695068,-0.0038399596232920885,0.18000003695487976,0.18,0.0,opening_bridge,0.18,0.0,opening_bridge,2.128765392023616,0,0,0
816,8.15999999999987,3.1305580139160156,1.867964267730713,-0.0038399596232920885,0.18000003695487976,0.18,0.0,opening_bridge,0.18,0.0,opening_bridge,2.1305654655745934,0,1,1
817,8.16999999999987,3.1323580741882324,1.867957353591919,-0.0038399596232920885,0.18000003695487976,0.18,0.0,opening_bridge,0.18,0.0,opening_bridge,2.132365539125571,0,0,0
818,8.17999999999987,3.134158134460449,1.867950439453125,-0.0038399596232920885,0.18000003695487976,0.18,0.0,opening_bridge,0.18,0.0,opening_bridge,2.1341656126765485,0,0,0
819,8.18999999999987,3.135958194732666,1.867943525314331,-0.0038399596232920885,0.18000003695487976,0.18,0.0,opening_bridge,0.18,0.0,opening_bridge,2.135965686227526,0,0,0
820,8.19999999999987,3.137758255004883,1.867936611175537,-0.0038399596232920885,0.18000003695487976,0.18,0.0,opening_bridge,0.18,0.0,opening_bridge,2.1377657597785036,0,0,0
821,8.20999999999987,3.1395583152770996,1.8679296970367432,-0.0038399596232920885,0.18000003695487976,0.18,0.0,opening_bridge,0.18,0.0,opening_bridge,2.139565833329481,0,1,1
822,8.21999999999987,3.1413583755493164,1.8679227828979492,-0.0038399596232920885,0.18000003695487976,0.18,0.0,opening_bridge,0.18,0.0,opening_bridge,2.1413659068804587,0,0,0
823,8.229999999999869,3.143158435821533,1.8679158687591553,-0.0038399596232920885,0.18000003695487976,0.18,0.0,opening_bridge,0.18,0.0,opening_bridge,2.1431659804314362,0,0,0
824,8.239999999999869,3.14495849609375,1.8679089546203613,-0.0038399596232920885,0.18000003695487976,0.18,0.0,opening_bridge,0.18,0.0,opening_bridge,2.144966053982414,0,0,0
825,8.249999999999869,3.146758556365967,1.8679020404815674,-0.0038399596232920885,0.18000003695487976,0.18,0.0,opening_bridge,0.18,0.0,opening_bridge,2.1467661275333914,0,0,0
826,8.259999999999868,3.1485586166381836,1.8678951263427734,-0.0038399596232920885,0.18000003695487976,0.18,0.0,opening_bridge,0.18,0.0,opening_bridge,2.148566201084369,0,1,1
827,8.269999999999868,3.1503586769104004,1.8678882122039795,-0.0038399596232920885,0.18000003695487976,0.18,0.0,opening_bridge,0.18,0.0,opening_bridge,2.1503662746353465,0,0,0
828,8.279999999999868,3.152158737182617,1.8678812980651855,-0.0038399596232920885,0.18000003695487976,0.18,0.0,opening_bridge,0.18,0.0,opening_bridge,2.152166348186324,0,0,0
829,8.289999999999868,3.153958797454834,1.8678743839263916,-0.0038399596232920885,0.18000003695487976,0.18,0.0,opening_bridge,0.18,0.0,opening_bridge,2.1539664217373016,0,0,0
830,8.299999999999867,3.155758857727051,1.8678674697875977,-0.0038399596232920885,0.18000003695487976,0.18,0.0,opening_bridge,0.18,0.0,opening_bridge,2.155766495288279,0,0,0
831,8.309999999999867,3.1575589179992676,1.8678605556488037,-0.0038399596232920885,0.18000003695487976,0.18,0.0,opening_bridge,0.18,0.0,opening_bridge,2.1575665688392567,0,1,1
832,8.319999999999867,3.1593589782714844,1.8678536415100098,-0.0038399596232920885,0.18000003695487976,0.18,0.0,opening_bridge,0.18,0.0,opening_bridge,2.1593666423902342,0,0,0
833,8.329999999999867,3.161159038543701,1.8678467273712158,-0.0038399596232920885,0.18000003695487976,0.18,0.0,opening_bridge,0.18,0.0,opening_bridge,2.161166715941212,0,0,0
834,8.339999999999867,3.162959098815918,1.8678398132324219,-0.0038399596232920885,0.18000003695487976,0.18,0.0,opening_bridge,0.18,0.0,opening_bridge,2.1629667894921893,0,0,0
835,8.349999999999866,3.1647591590881348,1.867832899093628,-0.0038399596232920885,0.18000003695487976,0.18,0.0,opening_bridge,0.18,0.0,opening_bridge,2.164766863043167,0,0,0
836,8.359999999999866,3.1665592193603516,1.867825984954834,-0.0038399596232920885,0.18000003695487976,0.18,0.0,opening_bridge,0.18,0.0,opening_bridge,2.1665669365941445,0,1,1
837,8.369999999999866,3.1683592796325684,1.86781907081604,-0.0038399596232920885,0.18000003695487976,0.18,0.0,opening_bridge,0.18,0.0,opening_bridge,2.168367010145122,0,0,0
838,8.379999999999866,3.170159339904785,1.867812156677246,-0.0038399596232920885,0.18000003695487976,0.18,0.0,opening_bridge,0.18,0.0,opening_bridge,2.1701670836960996,0,0,0
839,8.389999999999866,3.171959400177002,1.8678052425384521,-0.0038399596232920885,0.18000003695487976,0.18,0.0,opening_bridge,0.18,0.0,opening_bridge,2.171967157247077,0,0,0
840,8.399999999999865,3.1737594604492188,1.8677983283996582,-0.0038399596232920885,0.18000003695487976,0.18,0.0,opening_bridge,0.18,0.0,opening_bridge,2.1737672307980547,0,0,0
841,8.409999999999865,3.1755595207214355,1.8677914142608643,-0.0038399596232920885,0.18000003695487976,0.18,0.0,opening_bridge,0.18,0.0,opening_bridge,2.1755673043490322,0,1,1
842,8.419999999999865,3.1773595809936523,1.8677845001220703,-0.0038399596232920885,0.18000003695487976,0.18,0.0,opening_bridge,0.18,0.0,opening_bridge,2.17736737790001,0,0,0
843,8.429999999999865,3.179159641265869,1.8677775859832764,-0.0038399596232920885,0.18000003695487976,0.18,0.0,opening_bridge,0.18,0.0,opening_bridge,2.1791674514509873,0,0,0
844,8.439999999999864,3.180959701538086,1.8677706718444824,-0.0038399596232920885,0.18000003695487976,0.18,0.0,opening_bridge,0.18,0.0,opening_bridge,2.180967525001965,0,0,0
845,8.449999999999864,3.1827597618103027,1.8677637577056885,-0.0038399596232920885,0.18000003695487976,0.18,0.0,opening_bridge,0.18,0.0,opening_bridge,2.1827675985529424,0,0,0
846,8.459999999999864,3.1845598220825195,1.8677568435668945,-0.0038399596232920885,0.18000003695487976,0.18,0.0,opening_bridge,0.18,0.0,opening_bridge,2.18456767210392,0,1,1
847,8.469999999999864,3.1863598823547363,1.8677499294281006,-0.0038399596232920885,0.18000003695487976,0.18,0.0,opening_bridge,0.18,0.0,opening_bridge,2.1863677456548976,0,0,0
848,8.479999999999864,3.188159942626953,1.8677430152893066,-0.0038399596232920885,0.18000003695487976,0.18,0.0,opening_bridge,0.18,0.0,opening_bridge,2.188167819205875,0,0,0
849,8.489999999999863,3.18996000289917,1.8677361011505127,-0.0038399596232920885,0.18000003695487976,0.18,0.0,opening_bridge,0.18,0.0,opening_bridge,2.1899678927568527,0,0,0
850,8.499999999999863,3.1917600631713867,1.8677291870117188,-0.0038399596232920885,0.18000003695487976,0.18,0.0,opening_bridge,0.18,0.0,opening_bridge,2.19176796630783,0,0,0
851,8.509999999999863,3.1935601234436035,1.8677222728729248,-0.0038399596232920885,0.18000003695487976,0.18,0.0,opening_bridge,0.18,0.0,opening_bridge,2.1935680398588078,0,1,1
852,8.519999999999863,3.1953601837158203,1.8677153587341309,-0.0038399596232920885,0.18000003695487976,0.18,0.0,opening_bridge,0.18,0.0,opening_bridge,2.1953681134097853,0,0,0
853,8.529999999999863,3.197160243988037,1.867708444595337,-0.0038399596232920885,0.18000003695487976,0.18,0.0,opening_bridge,0.18,0.0,opening_bridge,2.197168186960763,0,0,0
854,8.539999999999862,3.198960304260254,1.867701530456543,-0.0038399596232920885,0.18000003695487976,0.18,0.0,opening_bridge,0.18,0.0,opening_bridge,2.1989682605117404,0,0,0
855,8.549999999999862,3.2007603645324707,1.867694616317749,-0.0038399596232920885,0.18000003695487976,0.18,0.0,opening_bridge,0.18,0.0,opening_bridge,2.200768334062718,0,0,0
856,8.559999999999862,3.2025604248046875,1.867687702178955,-0.0038399596232920885,0.18000003695487976,0.18,0.0,opening_bridge,0.18,0.0,opening_bridge,2.2025684076136955,0,1,1
857,8.569999999999862,3.2043604850769043,1.8676807880401611,-0.0038399596232920885,0.18000003695487976,0.18,0.0,opening_bridge,0.18,0.0,opening_bridge,2.204368481164673,0,0,0
858,8.579999999999862,3.206160545349121,1.8676738739013672,-0.0038399596232920885,0.18000003695487976,0.18,0.0,opening_bridge,0.18,0.0,opening_bridge,2.2061685547156507,0,0,0
859,8.589999999999861,3.207960605621338,1.8676669597625732,-0.0038399596232920885,0.18000003695487976,0.18,0.0,opening_bridge,0.18,0.0,opening_bridge,2.207968628266628,0,0,0
860,8.599999999999861,3.2097606658935547,1.8676600456237793,-0.0038399596232920885,0.18000003695487976,0.18,0.0,opening_bridge,0.18,0.0,opening_bridge,2.2097687018176058,0,0,0
861,8.60999999999986,3.2115607261657715,1.8676531314849854,-0.0038399596232920885,0.18000003695487976,0.18,0.0,opening_bridge,0.18,0.0,opening_bridge,2.2115687753685833,0,1,1
862,8.61999999999986,3.2133607864379883,1.8676462173461914,-0.0038399596232920885,0.18000003695487976,0.18,0.0,opening_bridge,0.18,0.0,opening_bridge,2.213368848919561,0,0,0
863,8.62999999999986,3.215160846710205,1.8676393032073975,-0.0038399596232920885,0.18000003695487976,0.18,0.0,opening_bridge,0.18,0.0,opening_bridge,2.2151689224705384,0,0,0
864,8.63999999999986,3.216960906982422,1.8676323890686035,-0.0038399596232920885,0.18000003695487976,0.18,0.0,opening_bridge,0.18,0.0,opening_bridge,2.216968996021516,0,0,0
865,8.64999999999986,3.2187609672546387,1.8676254749298096,-0.0038399596232920885,0.18000003695487976,0.18,0.0,opening_bridge,0.18,0.0,opening_bridge,2.2187690695724935,0,0,0
866,8.65999999999986,3.2205610275268555,1.8676185607910156,-0.0038399596232920885,0.18000003695487976,0.18,0.0,opening_bridge,0.18,0.0,opening_bridge,2.220569143123471,0,1,1
867,8.66999999999986,3.2223610877990723,1.8676116466522217,-0.0038399596232920885,0.18000003695487976,0.18,0.0,opening_bridge,0.18,0.0,opening_bridge,2.2223692166744486,0,0,0
868,8.67999999999986,3.224161148071289,1.8676047325134277,-0.0038399596232920885,0.18000003695487976,0.18,0.0,opening_bridge,0.18,0.0,opening_bridge,2.224169290225426,0,0,0
869,8.68999999999986,3.225961208343506,1.8675978183746338,-0.0038399596232920885,0.18000003695487976,0.18,0.0,opening_bridge,0.18,0.0,opening_bridge,2.2259693637764038,0,0,0
870,8.699999999999859,3.2277612686157227,1.8675909042358398,-0.0038399596232920885,0.18000003695487976,0.18,0.0,opening_bridge,0.18,0.0,opening_bridge,2.2277694373273813,0,0,0
871,8.709999999999859,3.2295613288879395,1.867583990097046,-0.0038399596232920885,0.18000003695487976,0.18,0.0,opening_bridge,0.18,0.0,opening_bridge,2.229569510878359,0,1,1
872,8.719999999999859,3.2313613891601562,1.867577075958252,-0.0038399596232920885,0.18000003695487976,0.18,0.0,opening_bridge,0.18,0.0,opening_bridge,2.2313695844293364,0,0,0
873,8.729999999999858,3.233161449432373,1.867570161819458,-0.0038399596232920885,0.18000003695487976,0.18,0.0,opening_bridge,0.18,0.0,opening_bridge,2.233169657980314,0,0,0
874,8.739999999999858,3.23496150970459,1.867563247680664,-0.0038399596232920885,0.18000003695487976,0.18,0.0,opening_bridge,0.18,0.0,opening_bridge,2.2349697315312915,0,0,0
875,8.749999999999858,3.2367615699768066,1.8675563335418701,-0.0038399596232920885,0.18000003695487976,0.18,0.0,opening_bridge,0.18,0.0,opening_bridge,2.236769805082269,0,0,0
876,8.759999999999858,3.2385616302490234,1.8675494194030762,-0.0038399596232920885,0.18000003695487976,0.18,0.0,opening_bridge,0.18,0.0,opening_bridge,2.2385698786332466,0,1,1
877,8.769999999999857,3.2403616905212402,1.8675425052642822,-0.0038399596232920885,0.18000003695487976,0.18,0.0,opening_bridge,0.18,0.0,opening_bridge,2.240369952184224,0,0,0
878,8.779999999999857,3.242161750793457,1.8675355911254883,-0.0038399596232920885,0.18000003695487976,0.18,0.0,opening_bridge,0.18,0.0,opening_bridge,2.2421700257352017,0,0,0
879,8.789999999999857,3.243961811065674,1.8675286769866943,-0.0038399596232920885,0.18000003695487976,0.18,0.0,opening_bridge,0.18,0.0,opening_bridge,2.2439700992861793,0,0,0
880,8.799999999999857,3.2457618713378906,1.8675217628479004,-0.0038399596232920885,0.18000003695487976,0.18,0.0,opening_bridge,0.18,0.0,opening_bridge,2.245770172837157,0,0,0
881,8.809999999999857,3.2475619316101074,1.8675148487091064,-0.0038399596232920885,0.18000003695487976,0.18,0.0,opening_bridge,0.18,0.0,opening_bridge,2.2475702463881344,0,1,1
882,8.819999999999856,3.249361991882324,1.8675079345703125,-0.0038399596232920885,0.18000003695487976,0.18,0.0,opening_bridge,0.18,0.0,opening_bridge,2.249370319939112,0,0,0
883,8.829999999999856,3.251162052154541,1.8675010204315186,-0.0038399596232920885,0.18000003695487976,0.18,0.0,opening_bridge,0.18,0.0,opening_bridge,2.2511703934900895,0,0,0
884,8.839999999999856,3.252962112426758,1.8674941062927246,-0.0038399596232920885,0.18000003695487976,0.18,0.0,opening_bridge,0.18,0.0,opening_bridge,2.252970467041067,0,0,0
885,8.849999999999856,3.2547621726989746,1.8674871921539307,-0.0038399596232920885,0.18000003695487976,0.18,0.0,opening_bridge,0.18,0.0,opening_bridge,2.2547705405920446,0,0,0
886,8.859999999999856,3.2565622329711914,1.8674802780151367,-0.0038399596232920885,0.18000003695487976,0.18,0.0,opening_bridge,0.18,0.0,opening_bridge,2.256570614143022,0,1,1
887,8.869999999999855,3.258362293243408,1.8674733638763428,-0.0038399596232920885,0.18000003695487976,0.18,0.0,opening_bridge,0.18,0.0,opening_bridge,2.2583706876939997,0,0,0
888,8.879999999999855,3.260162353515625,1.8674664497375488,-0.0038399596232920885,0.18000003695487976,0.18,0.0,opening_bridge,0.18,0.0,opening_bridge,2.2601707612449773,0,0,0
889,8.889999999999855,3.261962413787842,1.8674595355987549,-0.0038399596232920885,0.18000003695487976,0.18,0.0,opening_bridge,0.18,0.0,opening_bridge,2.261970834795955,0,0,0
890,8.899999999999855,3.2637624740600586,1.867452621459961,-0.0038399596232920885,0.18000003695487976,0.18,0.0,opening_bridge,0.18,0.0,opening_bridge,2.2637709083469324,0,0,0
891,8.909999999999854,3.2655625343322754,1.867445707321167,-0.0038399596232920885,0.18000003695487976,0.18,0.0,opening_bridge,0.18,0.0,opening_bridge,2.26557098189791,0,1,1
892,8.919999999999854,3.267362594604492,1.867438793182373,-0.0038399596232920885,0.18000003695487976,0.18,0.0,opening_bridge,0.18,0.0,opening_bridge,2.2673710554488875,0,0,0
893,8.929999999999854,3.269162654876709,1.867431879043579,-0.0038399596232920885,0.18000003695487976,0.18,0.0,opening_bridge,0.18,0.0,opening_bridge,2.269171128999865,0,0,0
894,8.939999999999854,3.270962715148926,1.8674249649047852,-0.0038399596232920885,0.18000003695487976,0.18,0.0,opening_bridge,0.18,0.0,opening_bridge,2.2709712025508426,0,0,0
895,8.949999999999854,3.2727627754211426,1.8674180507659912,-0.0038399596232920885,0.18000003695487976,0.18,0.0,opening_bridge,0.18,0.0,opening_bridge,2.27277127610182,0,0,0
896,8.959999999999853,3.2745628356933594,1.8674111366271973,-0.0038399596232920885,0.18000003695487976,0.18,0.0,opening_bridge,0.18,0.0,opening_bridge,2.2745713496527977,0,1,1
897,8.969999999999853,3.276362895965576,1.8674042224884033,-0.0038399596232920885,0.18000003695487976,0.18,0.0,opening_bridge,0.18,0.0,opening_bridge,2.2763714232037753,0,0,0
898,8.979999999999853,3.278162956237793,1.8673973083496094,-0.0038399596232920885,0.18000003695487976,0.18,0.0,opening_bridge,0.18,0.0,opening_bridge,2.278171496754753,0,0,0
899,8.989999999999853,3.2799630165100098,1.8673903942108154,-0.0038399596232920885,0.18000003695487976,0.18,0.0,opening_bridge,0.18,0.0,opening_bridge,2.2799715703057304,0,0,0
900,8.999999999999853,3.2817630767822266,1.8673834800720215,-0.0038399596232920885,0.18000003695487976,0.18,0.0,opening_bridge,0.18,0.0,opening_bridge,2.281771643856708,0,0,0
901,9.009999999999852,3.2835631370544434,1.8673765659332275,-0.0038399596232920885,0.18000003695487976,0.18,0.0,opening_bridge,0.18,0.0,opening_bridge,2.2835717174076855,0,1,1
902,9.019999999999852,3.28536319732666,1.8673696517944336,-0.0038399596232920885,0.18000003695487976,0.18,0.0,opening_bridge,0.18,0.0,opening_bridge,2.285371790958663,0,0,0
903,9.029999999999852,3.287163257598877,1.8673627376556396,-0.0038399596232920885,0.18000003695487976,0.18,0.0,opening_bridge,0.18,0.0,opening_bridge,2.2871718645096406,0,0,0
904,9.039999999999852,3.2889633178710938,1.8673558235168457,-0.0038399596232920885,0.18000003695487976,0.18,0.0,opening_bridge,0.18,0.0,opening_bridge,2.288971938060618,0,0,0
905,9.049999999999851,3.2907633781433105,1.8673489093780518,-0.0038399596232920885,0.18000003695487976,0.18,0.0,opening_bridge,0.18,0.0,opening_bridge,2.2907720116115957,0,0,0
906,9.059999999999851,3.2925634384155273,1.8673419952392578,-0.0038399596232920885,0.18000003695487976,0.18,0.0,opening_bridge,0.18,0.0,opening_bridge,2.2925720851625733,0,1,1
907,9.069999999999851,3.294363498687744,1.8673350811004639,-0.0038399596232920885,0.18000003695487976,0.18,0.0,opening_bridge,0.18,0.0,opening_bridge,2.294372158713551,0,0,0
908,9.07999999999985,3.296163558959961,1.86732816696167,-0.0038399596232920885,0.18000003695487976,0.18,0.0,opening_bridge,0.18,0.0,opening_bridge,2.2961722322645284,0,0,0
909,9.08999999999985,3.2979636192321777,1.867321252822876,-0.0038399596232920885,0.18000003695487976,0.18,0.0,opening_bridge,0.18,0.0,opening_bridge,2.297972305815506,0,0,0
910,9.09999999999985,3.2997636795043945,1.867314338684082,-0.0038399596232920885,0.18000003695487976,0.18,0.0,opening_bridge,0.18,0.0,opening_bridge,2.2997723793664835,0,0,0
911,9.10999999999985,3.3015637397766113,1.867307424545288,-0.0038399596232920885,0.18000003695487976,0.18,0.0,opening_bridge,0.18,0.0,opening_bridge,2.301572452917461,0,1,1
912,9.11999999999985,3.303363800048828,1.8673005104064941,-0.0038399596232920885,0.18000003695487976,0.18,0.0,opening_bridge,0.18,0.0,opening_bridge,2.3033725264684386,0,0,0
913,9.12999999999985,3.305163860321045,1.8672935962677002,-0.0038399596232920885,0.18000003695487976,0.18,0.0,opening_bridge,0.18,0.0,opening_bridge,2.305172600019416,0,0,0
914,9.13999999999985,3.3069639205932617,1.8672866821289062,-0.0038399596232920885,0.18000003695487976,0.18,0.0,opening_bridge,0.18,0.0,opening_bridge,2.3069726735703937,0,0,0
915,9.14999999999985,3.3087639808654785,1.8672797679901123,-0.0038399596232920885,0.18000003695487976,0.18,0.0,opening_bridge,0.18,0.0,opening_bridge,2.3087727471213713,0,0,0
916,9.15999999999985,3.3105640411376953,1.8672728538513184,-0.0038399596232920885,0.18000003695487976,0.18,0.0,opening_bridge,0.18,0.0,opening_bridge,2.310572820672349,0,1,1
917,9.169999999999849,3.312364101409912,1.8672659397125244,-0.0038399596232920885,0.18000003695487976,0.18,0.0,opening_bridge,0.18,0.0,opening_bridge,2.3123728942233264,0,0,0
918,9.179999999999849,3.314164161682129,1.8672590255737305,-0.0038399596232920885,0.18000003695487976,0.18,0.0,opening_bridge,0.18,0.0,opening_bridge,2.314172967774304,0,0,0
919,9.189999999999849,3.3159642219543457,1.8672521114349365,-0.0038399596232920885,0.18000003695487976,0.18,0.0,opening_bridge,0.18,0.0,opening_bridge,2.3159730413252815,0,0,0
920,9.199999999999848,3.3177642822265625,1.8672451972961426,-0.0038399596232920885,0.18000003695487976,0.18,0.0,opening_bridge,0.18,0.0,opening_bridge,2.317773114876259,0,0,0
921,9.209999999999848,3.3195643424987793,1.8672382831573486,-0.0038399596232920885,0.18000003695487976,0.18,0.0,opening_bridge,0.18,0.0,opening_bridge,2.3195731884272366,0,1,1
922,9.219999999999848,3.321364402770996,1.8672313690185547,-0.0038399596232920885,0.18000003695487976,0.18,0.0,opening_bridge,0.18,0.0,opening_bridge,2.321373261978214,0,0,0
923,9.229999999999848,3.323164463043213,1.8672244548797607,-0.0038399596232920885,0.18000003695487976,0.18,0.0,opening_bridge,0.18,0.0,opening_bridge,2.3231733355291917,0,0,0
924,9.239999999999847,3.3249645233154297,1.8672175407409668,-0.0038399596232920885,0.18000003695487976,0.18,0.0,opening_bridge,0.18,0.0,opening_bridge,2.3249734090801693,0,0,0
925,9.249999999999847,3.3267645835876465,1.8672106266021729,-0.0038399596232920885,0.18000003695487976,0.18,0.0,opening_bridge,0.18,0.0,opening_bridge,2.326773482631147,0,0,0
926,9.259999999999847,3.3285646438598633,1.867203712463379,-0.0038399596232920885,0.18000003695487976,0.18,0.0,opening_bridge,0.18,0.0,opening_bridge,2.3285735561821244,0,1,1
927,9.269999999999847,3.33036470413208,1.867196798324585,-0.0038399596232920885,0.18000003695487976,0.18,0.0,opening_bridge,0.18,0.0,opening_bridge,2.330373629733102,0,0,0
928,9.279999999999847,3.332164764404297,1.867189884185791,-0.0038399596232920885,0.18000003695487976,0.18,0.0,opening_bridge,0.18,0.0,opening_bridge,2.3321737032840795,0,0,0
929,9.289999999999846,3.3339648246765137,1.867182970046997,-0.0038399596232920885,0.18000003695487976,0.18,0.0,opening_bridge,0.18,0.0,opening_bridge,2.333973776835057,0,0,0
930,9.299999999999846,3.3357648849487305,1.8671760559082031,-0.0038399596232920885,0.18000003695487976,0.18,0.0,opening_bridge,0.18,0.0,opening_bridge,2.3357738503860346,0,0,0
931,9.309999999999846,3.3375649452209473,1.8671691417694092,-0.0038399596232920885,0.18000003695487976,0.18,0.0,opening_bridge,0.18,0.0,opening_bridge,2.337573923937012,0,1,1
932,9.319999999999846,3.339365005493164,1.8671622276306152,-0.0038399596232920885,0.18000003695487976,0.18,0.0,opening_bridge,0.18,0.0,opening_bridge,2.3393739974879897,0,0,0
933,9.329999999999846,3.341165065765381,1.8671553134918213,-0.0038399596232920885,0.18000003695487976,0.18,0.0,opening_bridge,0.18,0.0,opening_bridge,2.3411740710389672,0,0,0
934,9.339999999999845,3.3429651260375977,1.8671483993530273,-0.0038399596232920885,0.18000003695487976,0.18,0.0,opening_bridge,0.18,0.0,opening_bridge,2.342974144589945,0,0,0
935,9.349999999999845,3.3447651863098145,1.8671414852142334,-0.0038399596232920885,0.18000003695487976,0.18,0.0,opening_bridge,0.18,0.0,opening_bridge,2.3447742181409224,0,0,0
936,9.359999999999845,3.3465652465820312,1.8671345710754395,-0.0038399596232920885,0.18000003695487976,0.18,0.0,opening_bridge,0.18,0.0,opening_bridge,2.3465742916919,0,1,1
937,9.369999999999845,3.348365306854248,1.8671276569366455,-0.0038399596232920885,0.18000003695487976,0.18,0.0,opening_bridge,0.18,0.0,opening_bridge,2.3483743652428775,0,0,0
938,9.379999999999844,3.350165367126465,1.8671207427978516,-0.0038399596232920885,0.18000003695487976,0.18,0.0,opening_bridge,0.18,0.0,opening_bridge,2.350174438793855,0,0,0
939,9.389999999999844,3.3519654273986816,1.8671138286590576,-0.0038399596232920885,0.18000003695487976,0.18,0.0,opening_bridge,0.18,0.0,opening_bridge,2.3519745123448326,0,0,0
940,9.399999999999844,3.3537654876708984,1.8671069145202637,-0.0038399596232920885,0.18000003695487976,0.18,0.0,opening_bridge,0.18,0.0,opening_bridge,2.35377458589581,0,0,0
941,9.409999999999844,3.3555655479431152,1.8671000003814697,-0.0038399596232920885,0.18000003695487976,0.18,0.0,opening_bridge,0.18,0.0,opening_bridge,2.3555746594467877,0,1,1
942,9.419999999999844,3.357365608215332,1.8670930862426758,-0.0038399596232920885,0.18000003695487976,0.18,0.0,opening_bridge,0.18,0.0,opening_bridge,2.3573747329977652,0,0,0
943,9.429999999999843,3.359165668487549,1.8670861721038818,-0.0038399596232920885,0.18000003695487976,0.18,0.0,opening_bridge,0.18,0.0,opening_bridge,2.359174806548743,0,0,0
944,9.439999999999843,3.3609657287597656,1.867079257965088,-0.0038399596232920885,0.18000003695487976,0.18,0.0,opening_bridge,0.18,0.0,opening_bridge,2.3609748800997203,0,0,0
945,9.449999999999843,3.3627657890319824,1.867072343826294,-0.0038399596232920885,0.18000003695487976,0.18,0.0,opening_bridge,0.18,0.0,opening_bridge,2.362774953650698,0,0,0
946,9.459999999999843,3.364565849304199,1.8670654296875,-0.0038399596232920885,0.18000003695487976,0.18,0.0,opening_bridge,0.18,0.0,opening_bridge,2.3645750272016755,0,1,1
947,9.469999999999843,3.366365909576416,1.867058515548706,-0.0038399596232920885,0.18000003695487976,0.18,0.0,opening_bridge,0.18,0.0,opening_bridge,2.366375100752653,0,0,0
948,9.479999999999842,3.368165969848633,1.867051601409912,-0.0038399596232920885,0.18000003695487976,0.18,0.0,opening_bridge,0.18,0.0,opening_bridge,2.3681751743036306,0,0,0
949,9.489999999999842,3.3699660301208496,1.8670446872711182,-0.0038399596232920885,0.18000003695487976,0.18,0.0,opening_bridge,0.18,0.0,opening_bridge,2.369975247854608,0,0,0
950,9.499999999999842,3.3717660903930664,1.8670377731323242,-0.0038399596232920885,0.18000003695487976,0.18,0.0,opening_bridge,0.18,0.0,opening_bridge,2.3717753214055857,0,0,0
951,9.509999999999842,3.373566150665283,1.8670308589935303,-0.0038399596232920885,0.18000003695487976,0.18,0.0,opening_bridge,0.18,0.0,opening_bridge,2.3735753949565632,0,1,1
952,9.519999999999841,3.3753662109375,1.8670239448547363,-0.0038399596232920885,0.18000003695487976,0.18,0.0,opening_bridge,0.18,0.0,opening_bridge,2.3753754685075408,0,0,0
953,9.529999999999841,3.377166271209717,1.8670170307159424,-0.0038399596232920885,0.18000003695487976,0.18,0.0,opening_bridge,0.18,0.0,opening_bridge,2.3771755420585183,0,0,0
954,9.539999999999841,3.3789663314819336,1.8670101165771484,-0.0038399596232920885,0.18000003695487976,0.18,0.0,opening_bridge,0.18,0.0,opening_bridge,2.378975615609496,0,0,0
955,9.54999999999984,3.3807663917541504,1.8670032024383545,-0.0038399596232920885,0.18000003695487976,0.18,0.0,opening_bridge,0.18,0.0,opening_bridge,2.3807756891604734,0,0,0
956,9.55999999999984,3.382566452026367,1.8669962882995605,-0.0038399596232920885,0.18000003695487976,0.18,0.0,opening_bridge,0.18,0.0,opening_bridge,2.382575762711451,0,1,1
957,9.56999999999984,3.384366512298584,1.8669893741607666,-0.0038399596232920885,0.18000003695487976,0.18,0.0,opening_bridge,0.18,0.0,opening_bridge,2.3843758362624285,0,0,0
958,9.57999999999984,3.386166572570801,1.8669824600219727,-0.0038399596232920885,0.18000003695487976,0.18,0.0,opening_bridge,0.18,0.0,opening_bridge,2.386175909813406,0,0,0
959,9.58999999999984,3.3879666328430176,1.8669755458831787,-0.0038399596232920885,0.18000003695487976,0.18,0.0,opening_bridge,0.18,0.0,opening_bridge,2.3879759833643837,0,0,0
960,9.59999999999984,3.3897666931152344,1.8669686317443848,-0.0038399596232920885,0.18000003695487976,0.18,0.0,opening_bridge,0.18,0.0,opening_bridge,2.389776056915361,0,0,0
961,9.60999999999984,3.391566753387451,1.8669617176055908,-0.0038399596232920885,0.18000003695487976,0.18,0.0,opening_bridge,0.18,0.0,opening_bridge,2.3915761304663388,0,1,1
962,9.61999999999984,3.393366813659668,1.8669548034667969,-0.0038399596232920885,0.18000003695487976,0.18,0.0,opening_bridge,0.18,0.0,opening_bridge,2.3933762040173163,0,0,0
963,9.62999999999984,3.3951668739318848,1.866947889328003,-0.0038399596232920885,0.18000003695487976,0.18,0.0,opening_bridge,0.18,0.0,opening_bridge,2.395176277568294,0,0,0
964,9.639999999999839,3.3969669342041016,1.866940975189209,-0.0038399596232920885,0.18000003695487976,0.18,0.0,opening_bridge,0.18,0.0,opening_bridge,2.3969763511192714,0,0,0
965,9.649999999999839,3.3987669944763184,1.866934061050415,-0.0038399596232920885,0.18000003695487976,0.18,0.0,opening_bridge,0.18,0.0,opening_bridge,2.398776424670249,0,0,0
966,9.659999999999838,3.400567054748535,1.866927146911621,-0.0038399596232920885,0.18000003695487976,0.18,0.0,opening_bridge,0.18,0.0,opening_bridge,2.4005764982212265,0,1,1
967,9.669999999999838,3.402367115020752,1.8669202327728271,-0.0038399596232920885,0.18000003695487976,0.18,0.0,opening_bridge,0.18,0.0,opening_bridge,2.402376571772204,0,0,0
968,9.679999999999838,3.4041671752929688,1.8669133186340332,-0.0038399596232920885,0.18000003695487976,0.18,0.0,opening_bridge,0.18,0.0,opening_bridge,2.4041766453231816,0,0,0
969,9.689999999999838,3.4059672355651855,1.8669064044952393,-0.0038399596232920885,0.18000003695487976,0.18,0.0,opening_bridge,0.18,0.0,opening_bridge,2.405976718874159,0,0,0
970,9.699999999999838,3.4077672958374023,1.8668994903564453,-0.0038399596232920885,0.18000003695487976,0.18,0.0,opening_bridge,0.18,0.0,opening_bridge,2.4077767924251368,0,0,0
971,9.709999999999837,3.409569263458252,1.8668925762176514,-0.0039289891719818115,0.1803804337978363,0.22000000000000056,-0.0401673538661097,tracking,0.188,-0.022000000000000002,tracking,2.4095787733106917,0,1,1
972,9.719999999999837,3.411376714706421,1.8668853044509888,-0.004197059664875269,0.18112313747406006,0.22000000000000056,-0.0401673538661097,tracking,0.196,-0.0401673538661097,tracking,2.4113862391867453,0,0,0
973,9.729999999999837,3.413193464279175,1.8668774366378784,-0.004466336220502853,0.18221093714237213,0.22000000000000056,-0.0401673538661097,tracking,0.20400000000000001,-0.0401673538661097,tracking,2.4132030057960225,0,0,0
974,9.739999999999837,3.415022611618042,1.8668690919876099,-0.0047376761212944984,0.1836274117231369,0.22000000000000056,-0.0401673538661097,tracking,0.21200000000000002,-0.0401673538661097,tracking,2.415032172169121,0,0,0
975,9.749999999999837,3.41686749458313,1.866860032081604,-0.00501108868047595,0.18535692989826202,0.22000000000000056,-0.0401673538661097,tracking,0.22000000000000003,-0.0401673538661097,tracking,2.416877077379902,0,0,0
976,9.759999999999836,3.418731212615967,1.8668506145477295,-0.005102972500026226,0.18738460540771484,0.2599999999999997,0.04983264613388838,tracking,0.22800000000000004,-0.0181673538661097,tracking,2.4187408192064073,0,1,1
977,9.769999999999836,3.420616626739502,1.8668410778045654,-0.00500966003164649,0.1896962672472,0.2599999999999997,0.04983264613388838,tracking,0.23600000000000004,0.0038326461338903037,tracking,2.420626257449017,0,0,0
978,9.779999999999836,3.4225263595581055,1.866831660270691,-0.004915541969239712,0.1922784149646759,0.2599999999999997,0.04983264613388838,tracking,0.24400000000000005,0.025832646133890306,tracking,2.4225360134879907,0,0,0
979,9.789999999999836,3.4244632720947266,1.8668222427368164,-0.0048196385614573956,0.19511817395687103,0.2599999999999997,0.04983264613388838,tracking,0.25200000000000006,0.04783264613389031,tracking,2.424472948919146,0,0,0
980,9.799999999999836,3.4264297485351562,1.866813063621521,-0.004527785815298557,0.19820331037044525,0.2599999999999997,0.04983264613388838,tracking,0.2599999999999997,0.04983264613388838,tracking,2.4264394467825885,0,0,0
981,9.809999999999835,3.4284284114837646,1.8668043613433838,-0.004231713712215424,0.20152214169502258,0.30000000000000027,0.061855512538803954,tracking,0.2679999999999997,0.061855512538803954,tracking,2.4284381286761834,0,1,1
982,9.819999999999835,3.4304614067077637,1.8667960166931152,-0.003929989878088236,0.2050635665655136,0.30000000000000027,0.061855512538803954,tracking,0.2759999999999997,0.061855512538803954,tracking,2.430471141025873,0,0,0
983,9.829999999999835,3.4325308799743652,1.8667882680892944,-0.0036234594881534576,0.2088169902563095,0.30000000000000027,0.061855512538803954,tracking,0.2839999999999997,0.061855512538803954,tracking,2.4325406287987383,0,0,0
984,9.839999999999835,3.434638738632202,1.8667808771133423,-0.003310577943921089,0.21277233958244324,0.30000000000000027,0.061855512538803954,tracking,0.2919999999999997,0.061855512538803954,tracking,2.43464850041436,0,0,0
985,9.849999999999834,3.4367871284484863,1.8667742013931274,-0.0029923575930297375,0.21692001819610596,0.30000000000000027,0.061855512538803954,tracking,0.2999999999999997,0.061855512538803954,tracking,2.436796900602396,0,0,0
986,9.859999999999834,3.4389779567718506,1.8667680025100708,-0.002667152089998126,0.22125087678432465,0.3399999999999994,0.04722831212555446,tracking,0.3079999999999997,0.04722831212555446,tracking,2.4389877376955194,0,1,1
987,9.869999999999834,3.4412128925323486,1.866762399673462,-0.0023361246567219496,0.2257561981678009,0.3399999999999994,0.04722831212555446,tracking,0.3159999999999997,0.04722831212555446,tracking,2.4412226804789774,0,0,0
988,9.879999999999834,3.4434938430786133,1.8667573928833008,-0.001997536513954401,0.23042769730091095,0.3399999999999994,0.04722831212555446,tracking,0.32399999999999973,0.04722831212555446,tracking,2.4435036365203016,0,0,0
989,9.889999999999834,3.445822238922119,1.8667532205581665,-0.0016526883700862527,0.23525746166706085,0.3399999999999994,0.04722831212555446,tracking,0.33199999999999974,0.04722831212555446,tracking,2.4458320361020642,0,0,0
990,9.899999999999833,3.44819974899292,1.86674964427948,-0.001299757743254304,0.24023796617984772,0.3399999999999994,0.04722831212555446,tracking,0.3399999999999994,0.04722831212555446,tracking,2.4482095488626037,0,0,0
991,9.909999999999833,3.4506278038024902,1.8667470216751099,-0.0009401694987900555,0.2453620433807373,0.35606281061705836,0.03446955271143599,tracking,0.3479999999999994,0.03446955271143599,tracking,2.4506376050885446,0,1,1
992,9.919999999999833,3.4531078338623047,1.866745114326477,-0.0005720254266634583,0.25062286853790283,0.35606281061705836,0.03446955271143599,tracking,0.35599999999999943,0.03446955271143599,tracking,2.4531176358818136,0,0,0
993,9.929999999999833,3.455639123916626,1.8667441606521606,-0.00019711175991687924,0.2556365430355072,0.35606281061705836,0.03446955271143599,tracking,0.35606281061705836,0.03446955271143599,tracking,2.4556489261157854,0,0,0
994,9.939999999999833,3.458219289779663,1.866744041442871,0.00018586676742415875,0.26041179895401,0.35606281061705836,0.03446955271143599,tracking,0.35606281061705836,0.03446955271143599,tracking,2.4582290919815764,0,0,0
995,9.949999999999832,3.460846185684204,1.866745114326477,0.0005749882548116148,0.26495999097824097,0.35606281061705836,0.03446955271143599,tracking,0.35606281061705836,0.03446955271143599,tracking,2.4608559881052123,0,0,0
996,9.959999999999832,3.463519334793091,1.8667469024658203,0.0007066278485581279,0.2696547508239746,0.3636928785812368,0.023482254843019062,tracking,0.3636928785812368,0.023482254843019062,tracking,2.4635291378121655,0,1,1
997,9.969999999999832,3.466238260269165,1.8667489290237427,0.0008412858005613089,0.274126261472702,0.3636928785812368,0.023482254843019062,tracking,0.3636928785812368,0.023482254843019062,tracking,2.46624806404349,0,0,0
998,9.979999999999832,3.469000816345215,1.8667515516281128,0.0009773810161277652,0.2783851623535156,0.3636928785812368,0.023482254843019062,tracking,0.3636928785812368,0.023482254843019062,tracking,2.4690106213644105,0,0,0
999,9.989999999999831,3.4718048572540283,1.866754412651062,0.001116214320063591,0.28244155645370483,0.3636928785812368,0.023482254843019062,tracking,0.3636928785812368,0.023482254843019062,tracking,2.471814663732805,0,0,0
1000,9.999999999999831,3.4746484756469727,1.866757869720459,0.0012563513591885567,0.2863050699234009,0.3636928785812368,0.023482254843019062,tracking,0.3636928785812368,0.023482254843019062,tracking,2.474658284227178,0,0,0
1001,10.009999999999831,3.4775309562683105,1.8667616844177246,0.0013990479055792093,0.2902144193649292,0.36852033441723725,0.016530718439178343,tracking,0.36852033441723725,0.016530718439178343,tracking,2.477540767372715,0,1,1
1002,10.01999999999983,3.480451822280884,1.866766095161438,0.001543001038953662,0.2939378619194031,0.36852033441723725,0.016530718439178343,tracking,0.36852033441723725,0.016530718439178343,tracking,2.480461636715576,0,0,0
1003,10.02999999999983,3.4834089279174805,1.8667707443237305,0.0016893480205908418,0.29748424887657166,0.36852033441723725,0.016530718439178343,tracking,0.36852033441723725,0.016530718439178343,tracking,2.4834187460068775,0,0,0
1004,10.03999999999983,3.486400604248047,1.8667761087417603,0.001836834941059351,0.30086201429367065,0.36852033441723725,0.016530718439178343,tracking,0.36852033441723725,0.016530718439178343,tracking,2.486410427146948,0,0,0
1005,10.04999999999983,3.4894254207611084,1.8667818307876587,0.001986493356525898,0.30407917499542236,0.36852033441723725,0.016530718439178343,tracking,0.36852033441723725,0.016530718439178343,tracking,2.4894352490722023,0,0,0
1006,10.05999999999983,3.4924821853637695,1.8667882680892944,0.002137209055945277,0.30728328227996826,0.37146315741986724,0.012293053315391144,tracking,0.37146315741986724,0.012293053315391144,tracking,2.492492020453077,0,1,1
1007,10.06999999999983,3.495570182800293,1.8667950630187988,0.0022899846080690622,0.31033504009246826,0.37146315741986724,0.012293053315391144,tracking,0.37146315741986724,0.012293053315391144,tracking,2.4955800253654825,0,0,0
1008,10.07999999999983,3.498687982559204,1.8668025732040405,0.002443741075694561,0.3132416903972626,0.37146315741986724,0.012293053315391144,tracking,0.37146315741986724,0.012293053315391144,tracking,2.4986978341696826,0,0,0
1009,10.08999999999983,3.5018341541290283,1.8668104410171509,0.0025993662420660257,0.31601011753082275,0.37146315741986724,0.012293053315391144,tracking,0.37146315741986724,0.012293053315391144,tracking,2.501844015577239,0,0,0
1010,10.09999999999983,3.50500750541687,1.8668190240859985,0.0027558812871575356,0.3186469078063965,0.37146315741986724,0.012293053315391144,tracking,0.37146315741986724,0.012293053315391144,tracking,2.505017378472515,0,0,0
1011,10.109999999999829,3.508207082748413,1.8668279647827148,0.0029141351114958525,0.32129091024398804,0.37425164515603876,0.008277630975304207,tracking,0.37425164515603876,0.008277630975304207,tracking,2.5082169682956925,0,1,1
1012,10.119999999999829,3.511432647705078,1.866837739944458,0.003073238767683506,0.3238092064857483,0.37425164515603876,0.008277630975304207,tracking,0.37425164515603876,0.008277630975304207,tracking,2.5114425480642693,0,0,0
1013,10.129999999999828,3.5146827697753906,1.8668478727340698,0.0032339615281671286,0.3262077569961548,0.37425164515603876,0.008277630975304207,tracking,0.37425164515603876,0.008277630975304207,tracking,2.5146926859298615,0,0,0
1014,10.139999999999828,3.517956256866455,1.8668588399887085,0.003395455190911889,0.32849225401878357,0.37425164515603876,0.008277630975304207,tracking,0.37425164515603876,0.008277630975304207,tracking,2.5179661913928233,0,0,0
1015,10.149999999999828,3.521252155303955,1.8668701648712158,0.003558417782187462,0.3306681215763092,0.37425164515603876,0.008277630975304207,tracking,0.37425164515603876,0.008277630975304207,tracking,2.5212621092867153,0,0,0
1016,10.159999999999828,3.5245697498321533,1.86688232421875,0.0037220995873212814,0.33286207914352417,0.37680832035951245,0.0045960186823020555,tracking,0.37680832035951245,0.0045960186823020555,tracking,2.5245797260975094,0,1,1
1017,10.169999999999828,3.5279088020324707,1.8668949604034424,0.003887192113325,0.3349517285823822,0.37680832035951245,0.0045960186823020555,tracking,0.37680832035951245,0.0045960186823020555,tracking,2.527918802207694,0,0,0
1018,10.179999999999827,3.531268358230591,1.8669084310531616,0.004052956122905016,0.33694201707839966,0.37680832035951245,0.0045960186823020555,tracking,0.37680832035951245,0.0045960186823020555,tracking,2.5312783854120116,0,0,0
1019,10.189999999999827,3.534647226333618,1.8669222593307495,0.004220000002533197,0.3388376533985138,0.37680832035951245,0.0045960186823020555,tracking,0.37680832035951245,0.0045960186823020555,tracking,2.5346572818115654,0,0,0
1020,10.199999999999827,3.5380446910858154,1.8669369220733643,0.004387652967125177,0.34064316749572754,0.37680832035951245,0.0045960186823020555,tracking,0.37680832035951245,0.0045960186823020555,tracking,2.5380547782042706,0,0,0
1021,10.209999999999827,3.5414602756500244,1.8669520616531372,0.004556509666144848,0.3424931466579437,0.37954910576412637,0.0006492876996580452,tracking,0.37954910576412637,0.0006492876996580452,tracking,2.541470396321411,0,1,1
1022,10.219999999999827,3.544893980026245,1.8669681549072266,0.00472596101462841,0.34425514936447144,0.37954910576412637,0.0006492876996580452,tracking,0.37954910576412637,0.0006492876996580452,tracking,2.544904138410751,0,0,0
1023,10.229999999999826,3.548344850540161,1.8669846057891846,0.0048965453170239925,0.34593337774276733,0.37954910576412637,0.0006492876996580452,tracking,0.37954910576412637,0.0006492876996580452,tracking,2.5483550481365094,0,0,0
1024,10.239999999999826,3.551812171936035,1.867002010345459,0.005067668855190277,0.347531795501709,0.37954910576412637,0.0006492876996580452,tracking,0.37954910576412637,0.0006492876996580452,tracking,2.551822413214038,0,0,0
1025,10.249999999999826,3.555294990539551,1.8670198917388916,0.00523982010781765,0.349054217338562,0.37954910576412637,0.0006492876996580452,tracking,0.37954910576412637,0.0006492876996580452,tracking,2.5553052777203353,0,0,0
1026,10.259999999999826,3.5587925910949707,1.867038607597351,0.005412455182522535,0.35047072172164917,0.37884394731845805,-0.0016647158614203766,tracking,0.37884394731845805,-0.0016647158614203766,tracking,2.5588029283502056,0,1,1
1027,10.269999999999825,3.5623040199279785,1.8670574426651,0.005238909274339676,0.35181987285614014,0.37884394731845805,-0.0016647158614203766,tracking,0.37884394731845805,-0.0016647158614203766,tracking,2.5623144076978677,0,0,0
1028,10.279999999999825,3.565828561782837,1.8670754432678223,0.005064929835498333,0.3531048595905304,0.37884394731845805,-0.0016647158614203766,tracking,0.37884394731845805,-0.0016647158614203766,tracking,2.5658389955189254,0,0,0
1029,10.289999999999825,3.5693657398223877,1.8670932054519653,0.004890124313533306,0.3543287515640259,0.37884394731845805,-0.0016647158614203766,tracking,0.37884394731845805,-0.0016647158614203766,tracking,2.569376218155213,0,0,0
1030,10.299999999999825,3.5729148387908936,1.8671101331710815,0.004714925307780504,0.3554944396018982,0.37884394731845805,-0.0016647158614203766,tracking,0.37884394731845805,-0.0016647158614203766,tracking,2.572925357492563,0,0,0
1031,10.309999999999825,3.5764753818511963,1.867126703262329,0.004538977053016424,0.3566041588783264,0.3788322676012643,-0.0016815346541794144,tracking,0.3788322676012643,-0.0016815346541794144,tracking,2.576485939109686,0,1,1
1032,10.319999999999824,3.5800466537475586,1.8671424388885498,0.004362672101706266,0.35766109824180603,0.3788322676012643,-0.0016815346541794144,tracking,0.3788322676012643,-0.0016815346541794144,tracking,2.5800572456727915,0,0,0
1033,10.329999999999824,3.5836281776428223,1.8671578168869019,0.004185687750577927,0.35866779088974,0.3788322676012643,-0.0016815346541794144,tracking,0.3788322676012643,-0.0016815346541794144,tracking,2.5836388025821786,0,0,0
1034,10.339999999999824,3.587219715118408,1.8671724796295166,0.004008379764854908,0.3596266210079193,0.3788322676012643,-0.0016815346541794144,tracking,0.3788322676012643,-0.0016815346541794144,tracking,2.587230369988557,0,0,0
1035,10.349999999999824,3.590820550918579,1.8671866655349731,0.003830455243587494,0.36053985357284546,0.3788322676012643,-0.0016815346541794144,tracking,0.3788322676012643,-0.0016815346541794144,tracking,2.59083123373212,0,0,0
1036,10.359999999999824,3.594430446624756,1.8672000169754028,0.0036522322334349155,0.3614397943019867,0.379466334896832,0.0007684777485619412,tracking,0.379466334896832,0.0007684777485619412,tracking,2.5944411541288095,0,1,1
1037,10.369999999999823,3.5980491638183594,1.867213487625122,0.00383103359490633,0.3622969686985016,0.379466334896832,0.0007684777485619412,tracking,0.379466334896832,0.0007684777485619412,tracking,2.5980598963945263,0,0,0
1038,10.379999999999823,3.6016762256622314,1.8672277927398682,0.004010110627859831,0.3631133735179901,0.379466334896832,0.0007684777485619412,tracking,0.379466334896832,0.0007684777485619412,tracking,2.601686986447941,0,0,0
1039,10.389999999999823,3.605311155319214,1.8672425746917725,0.004189712461084127,0.36389094591140747,0.379466334896832,0.0007684777485619412,tracking,0.379466334896832,0.0007684777485619412,tracking,2.605321946161241,0,0,0
1040,10.399999999999823,3.6089537143707275,1.8672583103179932,0.004369564354419708,0.3646315634250641,0.379466334896832,0.0007684777485619412,tracking,0.379466334896832,0.0007684777485619412,tracking,2.6089645392010543,0,0,0
1041,10.409999999999823,3.6126034259796143,1.8672740459442139,0.004189244005829096,0.36531344056129456,0.37897208083602324,-0.0014802035961265394,tracking,0.37897208083602324,-0.0014802035961265394,tracking,2.6126142847316323,0,1,1
1042,10.419999999999822,3.616259813308716,1.8672889471054077,0.0040087043307721615,0.3659629225730896,0.37897208083602324,-0.0014802035961265394,tracking,0.37897208083602324,-0.0014802035961265394,tracking,2.6162707024245413,0,0,0
1043,10.429999999999822,3.619922399520874,1.8673033714294434,0.0038277471903711557,0.3665814995765686,0.37897208083602324,-0.0014802035961265394,tracking,0.37897208083602324,-0.0014802035961265394,tracking,2.6199333170401697,0,0,0
1044,10.439999999999822,3.623591184616089,1.8673169612884521,0.0036465914454311132,0.36717066168785095,0.37897208083602324,-0.0014802035961265394,tracking,0.37897208083602324,-0.0014802035961265394,tracking,2.6236021273049746,0,0,0
1045,10.449999999999822,3.627265691757202,1.8673301935195923,0.003465056885033846,0.36773180961608887,0.37897208083602324,-0.0014802035961265394,tracking,0.37897208083602324,-0.0014802035961265394,tracking,2.6272766582712386,0,0,0
1046,10.459999999999821,3.630945920944214,1.867342472076416,0.00328333699144423,0.3682958781719208,0.37959447144723246,0.0005839611159852514,tracking,0.37959447144723246,0.0005839611159852514,tracking,2.630956907941015,0,1,1
1047,10.469999999999821,3.634631633758545,1.8673547506332397,0.003465419402346015,0.36883312463760376,0.37959447144723246,0.0005839611159852514,tracking,0.37959447144723246,0.0005839611159852514,tracking,2.6346426412076367,0,0,0
1048,10.479999999999821,3.638322591781616,1.8673679828643799,0.003647674573585391,0.3693448305130005,0.37959447144723246,0.0005839611159852514,tracking,0.37959447144723246,0.0005839611159852514,tracking,2.638333622949669,0,0,0
1049,10.48999999999982,3.6420185565948486,1.8673816919326782,0.00383025873452425,0.36983218789100647,0.37959447144723246,0.0005839611159852514,tracking,0.37959447144723246,0.0005839611159852514,tracking,2.6420296131876437,0,0,0
1050,10.49999999999982,3.645719051361084,1.867396354675293,0.004012999590486288,0.3702963888645172,0.37959447144723246,0.0005839611159852514,tracking,0.37959447144723246,0.0005839611159852514,tracking,2.645730137003397,0,0,0
1051,10.50999999999982,3.6494240760803223,1.8674110174179077,0.0038299704901874065,0.3707076609134674,0.3789458253473132,-0.001518011499869013,tracking,0.3789458253473132,-0.001518011499869013,tracking,2.649435190736636,0,1,1
1052,10.51999999999982,3.6531331539154053,1.867424726486206,0.0036468091420829296,0.3710993826389313,0.3789458253473132,-0.001518011499869013,tracking,0.3789458253473132,-0.001518011499869013,tracking,2.6531442939065757,0,0,0
1053,10.52999999999982,3.656846046447754,1.8674380779266357,0.003463396104052663,0.37147247791290283,0.3789458253473132,-0.001518011499869013,tracking,0.3789458253473132,-0.001518011499869013,tracking,2.6568572104445187,0,0,0
1054,10.53999999999982,3.660562515258789,1.867450475692749,0.0032798629254102707,0.3718278408050537,0.3789458253473132,-0.001518011499869013,tracking,0.3789458253473132,-0.001518011499869013,tracking,2.660573699934347,0,0,0
1055,10.54999999999982,3.6642825603485107,1.867462396621704,0.003096101339906454,0.37216630578041077,0.3789458253473132,-0.001518011499869013,tracking,0.3789458253473132,-0.001518011499869013,tracking,2.664293764124399,0,0,0
1056,10.55999999999982,3.66800594329834,1.8674734830856323,0.0029122268315404654,0.3725140392780304,0.37947935514429665,0.0007497285922128021,tracking,0.37947935514429665,0.0007497285922128021,tracking,2.6680171635793006,0,1,1
1057,10.569999999999819,3.6717326641082764,1.8674845695495605,0.003096324857324362,0.37284523248672485,0.37947935514429665,0.0007497285922128021,tracking,0.37947935514429665,0.0007497285922128021,tracking,2.6717439008795267,0,0,0
1058,10.579999999999819,3.6754627227783203,1.8674966096878052,0.003280529286712408,0.3731606900691986,0.37947935514429665,0.0007497285922128021,tracking,0.37947935514429665,0.0007497285922128021,tracking,2.6754739789815107,0,0,0
1059,10.589999999999819,3.6791958808898926,1.867509126663208,0.003464936511591077,0.37346115708351135,0.37947935514429665,0.0007497285922128021,tracking,0.37947935514429665,0.0007497285922128021,tracking,2.679207158077224,0,0,0
1060,10.599999999999818,3.682931900024414,1.8675224781036377,0.003649440361186862,0.373747318983078,0.37947935514429665,0.0007497285922128021,tracking,0.37947935514429665,0.0007497285922128021,tracking,2.6829432010687424,0,0,0
1061,10.609999999999818,3.6866705417633057,1.867535948753357,0.0034647576976567507,0.37400388717651367,0.37914339320876084,-0.001233513779384378,tracking,0.37914339320876084,-0.001233513779384378,tracking,2.6866818670755137,0,1,1
1062,10.619999999999818,3.6904118061065674,1.8675484657287598,0.003279992612078786,0.3742482662200928,0.37914339320876084,-0.001233513779384378,tracking,0.37914339320876084,-0.001233513779384378,tracking,2.69042315235745,0,0,0
1063,10.629999999999818,3.69415545463562,1.8675605058670044,0.0030950703658163548,0.3744810223579407,0.37914339320876084,-0.001233513779384378,tracking,0.37914339320876084,-0.001233513779384378,tracking,2.694166820247903,0,0,0
1064,10.639999999999818,3.6979012489318848,1.8675715923309326,0.0029100733809173107,0.37470272183418274,0.37914339320876084,-0.001233513779384378,tracking,0.37914339320876084,-0.001233513779384378,tracking,2.6979126309504893,0,0,0
1065,10.649999999999817,3.7016494274139404,1.8675823211669922,0.0027249339036643505,0.37491387128829956,0.37914339320876084,-0.001233513779384378,tracking,0.37914339320876084,-0.001233513779384378,tracking,2.701660824787695,0,0,0
1066,10.659999999999817,3.705399513244629,1.8675920963287354,0.002539725974202156,0.37511831521987915,0.37921316995248766,0.0011330352684177608,tracking,0.37921316995248766,0.0011330352684177608,tracking,2.705410923358575,0,1,1
1067,10.669999999999817,3.7091517448425293,1.8676018714904785,0.0027250652201473713,0.37531301379203796,0.37921316995248766,0.0011330352684177608,tracking,0.37921316995248766,0.0011330352684177608,tracking,2.7091631676893817,0,0,0
1068,10.679999999999817,3.7129058837890625,1.867612600326538,0.0029104670975357294,0.3754984736442566,0.37921316995248766,0.0011330352684177608,tracking,0.37921316995248766,0.0011330352684177608,tracking,2.712917321966686,0,0,0
1069,10.689999999999817,3.7166616916656494,1.8676238059997559,0.0030959881842136383,0.37567511200904846,0.37921316995248766,0.0011330352684177608,tracking,0.37921316995248766,0.0011330352684177608,tracking,2.716673146559627,0,0,0
1070,10.699999999999816,3.72041916847229,1.8676358461380005,0.0032815660815685987,0.375843346118927,0.37921316995248766,0.0011330352684177608,tracking,0.37921316995248766,0.0011330352684177608,tracking,2.7204306426564147,0,0,0
1071,10.709999999999816,3.7241785526275635,1.8676480054855347,0.0030958689749240875,0.37603703141212463,0.3799167818666516,-0.00011983411202168802,tracking,0.3799167818666516,-0.00011983411202168802,tracking,2.724190046475726,0,1,1
1072,10.719999999999816,3.7279398441314697,1.8676592111587524,0.002910109469667077,0.37622150778770447,0.3799167818666516,-0.00011983411202168802,tracking,0.3799167818666516,-0.00011983411202168802,tracking,2.727951354671616,0,0,0
1073,10.729999999999816,3.7317028045654297,1.867669939994812,0.002724231453612447,0.3763972222805023,0.3799167818666516,-0.00011983411202168802,tracking,0.3799167818666516,-0.00011983411202168802,tracking,2.7317143304004072,0,0,0
1074,10.739999999999815,3.7354676723480225,1.8676797151565552,0.0025382968597114086,0.3765645921230316,0.3799167818666516,-0.00011983411202168802,tracking,0.3799167818666516,-0.00011983411202168802,tracking,2.7354792108731703,0,0,0
1075,10.749999999999815,3.739234209060669,1.8676890134811401,0.0023522546980530024,0.376723974943161,0.3799167818666516,-0.00011983411202168802,tracking,0.3799167818666516,-0.00011983411202168802,tracking,2.7392457590630324,0,0,0
1076,10.759999999999815,3.743001937866211,1.8676973581314087,0.0021661713253706694,0.3768150508403778,0.37863961285948844,0.0019589574823366627,tracking,0.37863961285948844,0.0019589574823366627,tracking,2.7430134971093008,0,1,1
1077,10.769999999999815,3.7467706203460693,1.8677057027816772,0.0023523131385445595,0.3769018054008484,0.37863961285948844,0.0019589574823366627,tracking,0.37863961285948844,0.0019589574823366627,tracking,2.7467821888275474,0,0,0
1078,10.779999999999815,3.750540018081665,1.8677150011062622,0.002538482891395688,0.37698444724082947,0.37863961285948844,0.0019589574823366627,tracking,0.37863961285948844,0.0019589574823366627,tracking,2.7505515980316475,0,0,0
1079,10.789999999999814,3.754310131072998,1.8677247762680054,0.0027247057296335697,0.37706315517425537,0.37863961285948844,0.0019589574823366627,tracking,0.37863961285948844,0.0019589574823366627,tracking,2.7543217236954955,0,0,0
1080,10.799999999999814,3.7580811977386475,1.867735505104065,0.002910953713580966,0.3771381080150604,0.37863961285948844,0.0019589574823366627,tracking,0.37863961285948844,0.0019589574823366627,tracking,2.758092805623099,0,0,0
1081,10.809999999999814,3.7618532180786133,1.8677464723587036,0.002910953713580966,0.3772730231285095,0.37997519907549754,-3.571333128357668e-05,tracking,0.37997519907549754,-3.571333128357668e-05,tracking,2.761864841906831,0,1,1
1082,10.819999999999814,3.7656266689300537,1.8677574396133423,0.002910953713580966,0.3774015009403229,0.37997519907549754,-3.571333128357668e-05,tracking,0.37997519907549754,-3.571333128357668e-05,tracking,2.7656383086959933,0,0,0
1083,10.829999999999814,3.7694013118743896,1.867768406867981,0.002910953713580966,0.37752386927604675,0.37997519907549754,-3.571333128357668e-05,tracking,0.37997519907549754,-3.571333128357668e-05,tracking,2.7694129675730177,0,0,0
1084,10.839999999999813,3.773177146911621,1.8677793741226196,0.002910953713580966,0.37764042615890503,0.37997519907549754,-3.571333128357668e-05,tracking,0.37997519907549754,-3.571333128357668e-05,tracking,2.7731888185379074,0,0,0
1085,10.849999999999813,3.776954174041748,1.8677903413772583,0.002910953713580966,0.3777514398097992,0.37997519907549754,-3.571333128357668e-05,tracking,0.37997519907549754,-3.571333128357668e-05,tracking,2.7769658615906656,0,0,0
1086,10.859999999999813,3.7807321548461914,1.8678010702133179,0.0027243488002568483,0.37783968448638916,0.37960733872996005,-0.0005654322288575471,tracking,0.37960733872996005,-0.0005654322288575471,tracking,2.780743857629132,0,1,1
1087,10.869999999999813,3.784510850906372,1.867810845375061,0.002537715481594205,0.37792372703552246,0.37960733872996005,-0.0005654322288575471,tracking,0.37960733872996005,-0.0005654322288575471,tracking,2.7845225663330426,0,0,0
1088,10.879999999999812,3.788290500640869,1.867820143699646,0.0023510281462222338,0.3780037760734558,0.37960733872996005,-0.0005654322288575471,tracking,0.37960733872996005,-0.0005654322288575471,tracking,2.7883022275049365,0,0,0
1089,10.889999999999812,3.7920708656311035,1.867828607559204,0.0021643151994794607,0.3780800402164459,0.37960733872996005,-0.0005654322288575471,tracking,0.37960733872996005,-0.0005654322288575471,tracking,2.792082601970027,0,0,0
1090,10.899999999999812,3.795851945877075,1.867836594581604,0.0019775531254708767,0.37815266847610474,0.37960733872996005,-0.0005654322288575471,tracking,0.37960733872996005,-0.0005654322288575471,tracking,2.795863690651743,0,0,0
1091,10.909999999999812,3.799633502960205,1.8678436279296875,0.0017907817382365465,0.3781365752220154,0.3780680238827752,0.0027820456088036858,tracking,0.3780680238827752,0.0027820456088036858,tracking,2.7996452542755574,0,1,1
1092,10.919999999999812,3.803414821624756,1.867850661277771,0.0019775433465838432,0.37812355160713196,0.3780680238827752,0.0027820456088036858,tracking,0.3780680238827752,0.0027820456088036858,tracking,2.8034265794812048,0,0,0
1093,10.929999999999811,3.8071959018707275,1.867858648300171,0.002164300996810198,0.3781130015850067,0.3780680238827752,0.0027820456088036858,tracking,0.3780680238827752,0.0027820456088036858,tracking,2.807207668162921,0,0,0
1094,10.939999999999811,3.810976982116699,1.867867112159729,0.0023510523606091738,0.37810444831848145,0.3780680238827752,0.0027820456088036858,tracking,0.3780680238827752,0.0027820456088036858,tracking,2.8109887578819563,0,0,0
1095,10.949999999999811,3.814758062362671,1.8678765296936035,0.0025378011632710695,0.3780975341796875,0.3780680238827752,0.0027820456088036858,tracking,0.3780680238827752,0.0027820456088036858,tracking,2.8147698498560323,0,0,0
1096,10.95999999999981,3.8185393810272217,1.8678863048553467,0.0027245760429650545,0.37818360328674316,0.3799078070340172,0.00013275787101517302,tracking,0.3799078070340172,0.00013275787101517302,tracking,2.818551181155544,0,1,1
1097,10.96999999999981,3.822321653366089,1.8678970336914062,0.0029113786295056343,0.3782655894756317,0.3799078070340172,0.00013275787101517302,tracking,0.3799078070340172,0.00013275787101517302,tracking,2.822333468711149,0,0,0
1098,10.97999999999981,3.8261046409606934,1.867908239364624,0.0030982340686023235,0.3783436715602875,0.3799078070340172,0.00013275787101517302,tracking,0.3799078070340172,0.00013275787101517302,tracking,2.8261164729020063,0,0,0
1099,10.98999999999981,3.829888343811035,1.8679203987121582,0.0032851144205778837,0.37841805815696716,0.3799078070340172,0.00013275787101517302,tracking,0.3799078070340172,0.00013275787101517302,tracking,2.829900195290002,0,0,0
1100,10.99999999999981,3.8336727619171143,1.8679330348968506,0.0034720427356660366,0.3784888982772827,0.3799078070340172,0.00013275787101517302,tracking,0.3799078070340172,0.00013275787101517302,tracking,2.8336846344921534,0,0,0
1101,11.00999999999981,3.8374574184417725,1.8679466247558594,0.0036589757073670626,0.3784467279911041,0.3782671697142891,-0.002495275611423685,tracking,0.3782671697142891,-0.002495275611423685,tracking,2.837469315415812,0,1,1
1102,11.01999999999981,3.8412415981292725,1.8679602146148682,0.0034720676485449076,0.3784125745296478,0.3782671697142891,-0.002495275611423685,tracking,0.3782671697142891,-0.002495275611423685,tracking,2.841253519505387,0,0,0
1103,11.02999999999981,3.8450255393981934,1.8679728507995605,0.0032851698342710733,0.37838491797447205,0.3782671697142891,-0.002495275611423685,tracking,0.3782671697142891,-0.002495275611423685,tracking,2.8450374818730393,0,0,0
1104,11.039999999999809,3.848809242248535,1.8679850101470947,0.0030982885509729385,0.3783625364303589,0.3782671697142891,-0.002495275611423685,tracking,0.3782671697142891,-0.002495275611423685,tracking,2.848821204261035,0,0,0
1105,11.049999999999809,3.852592706680298,1.8679962158203125,0.002911413786932826,0.3783443868160248,0.3782671697142891,-0.002495275611423685,tracking,0.3782671697142891,-0.002495275611423685,tracking,2.8526046852869587,0,0,0
1106,11.059999999999809,3.8563764095306396,1.868006944656372,0.0027245301753282547,0.37839004397392273,0.3793047398963682,-0.0010011745492297924,tracking,0.3793047398963682,-0.0010011745492297924,tracking,2.856388403348285,0,1,1
1107,11.069999999999808,3.8601605892181396,1.8680168390274048,0.002537631895393133,0.3784335255622864,0.3793047398963682,-0.0010011745492297924,tracking,0.3793047398963682,-0.0010011745492297924,tracking,2.860172595971007,0,0,0
1108,11.079999999999808,3.8639450073242188,1.8680262565612793,0.0023507054429501295,0.3784749507904053,0.3793047398963682,-0.0010011745492297924,tracking,0.3793047398963682,-0.0010011745492297924,tracking,2.8639570257948463,0,0,0
1109,11.089999999999808,3.867729902267456,1.8680347204208374,0.0021637657191604376,0.3785144090652466,0.3793047398963682,-0.0010011745492297924,tracking,0.3793047398963682,-0.0010011745492297924,tracking,2.8677419302016,0,0,0
1110,11.099999999999808,3.8715152740478516,1.8680427074432373,0.0019768006168305874,0.37855198979377747,0.3793047398963682,-0.0010011745492297924,tracking,0.3793047398963682,-0.0010011745492297924,tracking,2.8715273104081764,0,0,0
1111,11.109999999999808,3.875300884246826,1.8680497407913208,0.001789826899766922,0.3785673677921295,0.3788755796572705,0.001619165293530512,tracking,0.3788755796572705,0.001619165293530512,tracking,2.8753129271408326,0,1,1
1112,11.119999999999807,3.87908673286438,1.8680567741394043,0.001976810395717621,0.37858203053474426,0.3788755796572705,0.001619165293530512,tracking,0.3788755796572705,0.001619165293530512,tracking,2.8790987822916563,0,0,0
1113,11.129999999999807,3.8828725814819336,1.8680647611618042,0.0021637985482811928,0.3785959780216217,0.3788755796572705,0.001619165293530512,tracking,0.3788755796572705,0.001619165293530512,tracking,2.8828846393343297,0,0,0
1114,11.139999999999807,3.8866586685180664,1.8680732250213623,0.002350795781239867,0.3786092698574066,0.3788755796572705,0.001619165293530512,tracking,0.3788755796572705,0.001619165293530512,tracking,2.886670735830999,0,0,0
1115,11.149999999999807,3.890444755554199,1.8680826425552368,0.0025377972051501274,0.3786219358444214,0.3788755796572705,0.001619165293530512,tracking,0.3788755796572705,0.001619165293530512,tracking,2.8904568345797266,0,0,0
1116,11.159999999999807,3.8942313194274902,1.8680920600891113,0.002350775059312582,0.3786714971065521,0.37966406427466026,-0.00048374744448925885,tracking,0.37966406427466026,-0.00048374744448925885,tracking,2.8942434101641377,0,1,1
1117,11.169999999999806,3.8980183601379395,1.8681005239486694,0.002163737080991268,0.37871870398521423,0.37966406427466026,-0.00048374744448925885,tracking,0.37966406427466026,-0.00048374744448925885,tracking,2.898030460332741,0,0,0
1118,11.179999999999806,3.901805877685547,1.8681085109710693,0.0019766686018556356,0.3787636458873749,0.37966406427466026,-0.00048374744448925885,tracking,0.37966406427466026,-0.00048374744448925885,tracking,2.9018179863017557,0,0,0
1119,11.189999999999806,3.9055936336517334,1.8681155443191528,0.0017895858036354184,0.378806471824646,0.37966406427466026,-0.00048374744448925885,tracking,0.37966406427466026,-0.00048374744448925885,tracking,2.9056057487979223,0,0,0
1120,11.199999999999806,3.909381866455078,1.8681221008300781,0.0016024754149839282,0.37884724140167236,0.37966406427466026,-0.00048374744448925885,tracking,0.37966406427466026,-0.00048374744448925885,tracking,2.9093939872751267,0,0,0
1121,11.209999999999805,3.913170099258423,1.868127703666687,0.0014153673546388745,0.3787924349308014,0.3785590987214479,0.002074897841115016,tracking,0.3785590987214479,0.002074897841115016,tracking,2.9131822242217966,0,1,1
1122,11.219999999999805,3.9169578552246094,1.868133306503296,0.001602442585863173,0.3787480592727661,0.3785590987214479,0.002074897841115016,tracking,0.3785590987214479,0.002074897841115016,tracking,2.9169699843318297,0,0,0
1123,11.229999999999805,3.9207451343536377,1.8681398630142212,0.001789504662156105,0.37871211767196655,0.3785590987214479,0.002074897841115016,tracking,0.3785590987214479,0.002074897841115016,tracking,2.9207572691361467,0,0,0
1124,11.239999999999805,3.924532175064087,1.8681468963623047,0.001976545201614499,0.37868303060531616,0.3785590987214479,0.002074897841115016,tracking,0.3785590987214479,0.002074897841115016,tracking,2.9245443163778093,0,0,0
1125,11.249999999999805,3.928318977355957,1.8681548833847046,0.002163577126339078,0.3786594569683075,0.3785590987214479,0.002074897841115016,tracking,0.3785590987214479,0.002074897841115016,tracking,2.9283311270926773,0,0,0
1126,11.259999999999804,3.932105779647827,1.8681633472442627,0.0023506172001361847,0.3787080645561218,0.37968183984030196,0.00045815062996517513,tracking,0.37968183984030196,0.00045815062996517513,tracking,2.932117938843297,0,1,1
1127,11.269999999999804,3.9358930587768555,1.8681727647781372,0.00253767310641706,0.3787543773651123,0.37968183984030196,0.00045815062996517513,tracking,0.37968183984030196,0.00045815062996517513,tracking,2.9359052296812336,0,0,0
1128,11.279999999999804,3.939680814743042,1.86818265914917,0.002724758582189679,0.3787984848022461,0.37968183984030196,0.00045815062996517513,tracking,0.37968183984030196,0.00045815062996517513,tracking,2.9396929985704294,0,0,0
1129,11.289999999999804,3.9434690475463867,1.868193507194519,0.0029118582606315613,0.37884047627449036,0.37968183984030196,0.00045815062996517513,tracking,0.37968183984030196,0.00045815062996517513,tracking,2.943481246906062,0,0,0
1130,11.299999999999804,3.9472575187683105,1.8682048320770264,0.0030989849474281073,0.37888047099113464,0.37968183984030196,0.00045815062996517513,tracking,0.37968183984030196,0.00045815062996517513,tracking,2.9472697350546917,0,0,0
1131,11.309999999999803,3.9510459899902344,1.8682169914245605,0.0032861081417649984,0.37881866097450256,0.3785555503616741,-0.002080007479189316,tracking,0.3785555503616741,-0.002080007479189316,tracking,2.9510582257896782,0,1,1
1132,11.319999999999803,3.954833984375,1.8682291507720947,0.0030990217346698046,0.3787686228752136,0.3785555503616741,-0.002080007479189316,tracking,0.3785555503616741,-0.002080007479189316,tracking,2.954846239689963,0,0,0
1133,11.329999999999803,3.9586215019226074,1.8682403564453125,0.0029119502287358046,0.37872809171676636,0.3785555503616741,-0.002080007479189316,tracking,0.3785555503616741,-0.002080007479189316,tracking,2.9586337738139736,0,0,0
1134,11.339999999999803,3.9624085426330566,1.8682512044906616,0.0027249029371887445,0.3786952793598175,0.3785555503616741,-0.002080007479189316,tracking,0.3785555503616741,-0.002080007479189316,tracking,2.9624208300616,0,0,0
1135,11.349999999999802,3.9661953449249268,1.8682610988616943,0.002537865424528718,0.3786686956882477,0.3785555503616741,-0.002080007479189316,tracking,0.3785555503616741,-0.002080007479189316,tracking,2.966207645279734,0,0,0
1136,11.359999999999802,3.969982147216797,1.8682705163955688,0.0023508204612880945,0.3787172734737396,0.3796905062761696,-0.0004456709623157128,tracking,0.3796905062761696,-0.0004456709623157128,tracking,2.9699944592819865,0,1,1
1137,11.369999999999802,3.973769426345825,1.868278980255127,0.0021637598983943462,0.3787635564804077,0.3796905062761696,-0.0004456709623157128,tracking,0.3796905062761696,-0.0004456709623157128,tracking,2.9737817478685735,0,0,0
1138,11.379999999999802,3.9775571823120117,1.8682869672775269,0.001976669766008854,0.3788076341152191,0.3796905062761696,-0.0004456709623157128,tracking,0.3796905062761696,-0.0004456709623157128,tracking,2.9775695122556374,0,0,0
1139,11.389999999999802,3.9813454151153564,1.8682940006256104,0.0017895653145387769,0.3788496255874634,0.3796905062761696,-0.0004456709623157128,tracking,0.3796905062761696,-0.0004456709623157128,tracking,2.98135775158814,0,0,0
1140,11.399999999999801,3.9851341247558594,1.8683005571365356,0.0016024339711293578,0.37888962030410767,0.3796905062761696,-0.0004456709623157128,tracking,0.3796905062761696,-0.0004456709623157128,tracking,2.9851464669017886,0,0,0
1141,11.409999999999801,3.9889228343963623,1.8683061599731445,0.001415300415828824,0.3788628578186035,0.378748967725598,0.0018014864751388308,tracking,0.378748967725598,0.0018014864751388308,tracking,2.9889351806850954,0,1,1
1142,11.419999999999801,3.992711305618286,1.8683117628097534,0.0016024179058149457,0.37884119153022766,0.378748967725598,0.0018014864751388308,tracking,0.378748967725598,0.0018014864751388308,tracking,2.992723656050084,0,0,0
1143,11.4299999999998,3.996499538421631,1.8683183193206787,0.0017895289929583669,0.3788236379623413,0.378748967725598,0.0018014864751388308,tracking,0.378748967725598,0.0018014864751388308,tracking,2.996511894527288,0,0,0
1144,11.4399999999998,4.0002875328063965,1.8683253526687622,0.001976629486307502,0.3788094222545624,0.378748967725598,0.0018014864751388308,tracking,0.378748967725598,0.0018014864751388308,tracking,3.000299895441623,0,0,0
1145,11.4499999999998,4.004075527191162,1.868333339691162,0.0021637259051203728,0.3787979185581207,0.378748967725598,0.0018014864751388308,tracking,0.378748967725598,0.0018014864751388308,tracking,3.004087898246736,0,0,0
1146,11.4599999999998,4.007863521575928,1.868341326713562,0.0019766187760978937,0.3788416385650635,0.3797175593795973,-0.00040671449337991187,tracking,0.3797175593795973,-0.00040671449337991187,tracking,3.0078759010518485,0,1,1
1147,11.4699999999998,4.011651992797852,1.8683483600616455,0.0017894976772367954,0.3788833022117615,0.3797175593795973,-0.00040671449337991187,tracking,0.3797175593795973,-0.00040671449337991187,tracking,3.0116643788025197,0,0,0
1148,11.4799999999998,4.015440940856934,1.8683549165725708,0.001602349802851677,0.3789229691028595,0.3797175593795973,-0.00040671449337991187,tracking,0.3797175593795973,-0.00040671449337991187,tracking,3.01545333253439,0,0,0
1149,11.4899999999998,4.019230365753174,1.8683605194091797,0.0014151891227811575,0.3789607584476471,0.3797175593795973,-0.00040671449337991187,tracking,0.3797175593795973,-0.00040671449337991187,tracking,3.0192427615726523,0,0,0
1150,11.4999999999998,4.023020267486572,1.8683656454086304,0.0012280041119083762,0.37899672985076904,0.3797175593795973,-0.00040671449337991187,tracking,0.3797175593795973,-0.00040671449337991187,tracking,3.023032666772613,0,0,0
1151,11.509999999999799,4.0268096923828125,1.8683698177337646,0.0010408270172774792,0.37891289591789246,0.37855597097129573,0.002079401801334116,tracking,0.37855597097129573,0.002079401801334116,tracking,3.02682209396581,0,1,1
1152,11.519999999999799,4.0305986404418945,1.868373990058899,0.0012279540533199906,0.3788450062274933,0.37855597097129573,0.002079401801334116,tracking,0.37855597097129573,0.002079401801334116,tracking,3.030611044322138,0,0,0
1153,11.529999999999799,4.03438663482666,1.8683791160583496,0.0014150608330965042,0.378790020942688,0.37855597097129573,0.002079401801334116,tracking,0.37855597097129573,0.002079401801334116,tracking,3.034399042175211,0,0,0
1154,11.539999999999798,4.038174152374268,1.8683847188949585,0.0016021347837522626,0.37874549627304077,0.37855597097129573,0.002079401801334116,tracking,0.37855597097129573,0.002079401801334116,tracking,3.038186563866926,0,0,0
1155,11.549999999999798,4.041961193084717,1.8683912754058838,0.0017891954630613327,0.37870946526527405,0.37855597097129573,0.002079401801334116,tracking,0.37855597097129573,0.002079401801334116,tracking,3.041973610253021,0,0,0
1156,11.559999999999798,4.045748233795166,1.8683983087539673,0.0019762555602937937,0.37874388694763184,0.3794331872531357,0.0008162103554846052,tracking,0.3794331872531357,0.0008162103554846052,tracking,3.0457606574946836,0,1,1
1157,11.569999999999798,4.049535751342773,1.8684062957763672,0.00216332683339715,0.3787766695022583,0.3794331872531357,0.0008162103554846052,tracking,0.3794331872531357,0.0008162103554846052,tracking,3.049548183463698,0,0,0
1158,11.579999999999798,4.053323745727539,1.8684147596359253,0.002350419294089079,0.3788078725337982,0.3794331872531357,0.0008162103554846052,tracking,0.3794331872531357,0.0008162103554846052,tracking,3.053336187304237,0,0,0
1159,11.589999999999797,4.057111740112305,1.8684241771697998,0.002537521766498685,0.37883761525154114,0.3794331872531357,0.0008162103554846052,tracking,0.3794331872531357,0.0008162103554846052,tracking,3.0571241933957,0,0,0
1160,11.599999999999797,4.0609002113342285,1.8684340715408325,0.0027246433310210705,0.37886592745780945,0.3794331872531357,0.0008162103554846052,tracking,0.3794331872531357,0.0008162103554846052,tracking,3.060912677538193,0,0,0
1161,11.609999999999797,4.064688205718994,1.8684449195861816,0.0029117472004145384,0.37873104214668274,0.3781567230232727,-0.002654318846487299,tracking,0.3781567230232727,-0.002654318846487299,tracking,3.0647006874562246,0,1,1
1162,11.619999999999797,4.068474769592285,1.8684557676315308,0.0027247234247624874,0.37862181663513184,0.3781567230232727,-0.002654318846487299,tracking,0.3781567230232727,-0.002654318846487299,tracking,3.0684872668686496,0,0,0
1163,11.629999999999797,4.07226037979126,1.8684656620025635,0.002537732245400548,0.37853336334228516,0.3781567230232727,-0.002654318846487299,tracking,0.3781567230232727,-0.002654318846487299,tracking,3.0722728899979583,0,0,0
1164,11.639999999999796,4.076045513153076,1.868475079536438,0.002350793918594718,0.37846171855926514,0.3781567230232727,-0.002654318846487299,tracking,0.3781567230232727,-0.002654318846487299,tracking,3.0760580350753206,0,0,0
1165,11.649999999999796,4.079829692840576,1.868483543395996,0.0021638767793774605,0.3784036934375763,0.3781567230232727,-0.002654318846487299,tracking,0.3781567230232727,-0.002654318846487299,tracking,3.0798422242281256,0,0,0
1166,11.659999999999796,4.083613872528076,1.868491530418396,0.0019769594073295593,0.37846291065216064,0.37964885771088364,-0.0005056448963275889,tracking,0.37964885771088364,-0.0005056448963275889,tracking,3.083626412344461,0,1,1
1167,11.669999999999796,4.087399005889893,1.8684985637664795,0.0017900229431688786,0.37851929664611816,0.37964885771088364,-0.0005056448963275889,tracking,0.37964885771088364,-0.0005056448963275889,tracking,3.087411552240782,0,0,0
1168,11.679999999999795,4.091184616088867,1.8685051202774048,0.0016030501574277878,0.3785730004310608,0.37964885771088364,-0.0005056448963275889,tracking,0.37964885771088364,-0.0005056448963275889,tracking,3.091197168117547,0,0,0
1169,11.689999999999795,4.094970703125,1.8685107231140137,0.0014160601422190666,0.37862417101860046,0.37964885771088364,-0.0005056448963275889,tracking,0.37964885771088364,-0.0005056448963275889,tracking,3.0949832592993536,0,0,0
1170,11.699999999999795,4.098757266998291,1.8685158491134644,0.0012290371814742684,0.37867289781570435,0.37964885771088364,-0.0005056448963275889,tracking,0.37964885771088364,-0.0005056448963275889,tracking,3.0987698266422625,0,0,0
1171,11.709999999999795,4.102543830871582,1.8685200214385986,0.001042014337144792,0.378623902797699,0.37841523721096065,0.0022820584162166853,tracking,0.37841523721096065,0.0022820584162166853,tracking,3.102556392814246,0,1,1
1172,11.719999999999795,4.106329917907715,1.868524193763733,0.001229007844813168,0.37858420610427856,0.37841523721096065,0.0022820584162166853,tracking,0.37841523721096065,0.0022820584162166853,tracking,3.1063424821493606,0,0,0
1173,11.729999999999794,4.1101155281066895,1.8685293197631836,0.0014159895945340395,0.37855207920074463,0.37841523721096065,0.0022820584162166853,tracking,0.37841523721096065,0.0022820584162166853,tracking,3.110128095818827,0,0,0
1174,11.739999999999794,4.113901138305664,1.8685349225997925,0.0016029521357268095,0.37852606177330017,0.37841523721096065,0.0022820584162166853,tracking,0.37841523721096065,0.0022820584162166853,tracking,3.1139137101639975,0,0,0
1175,11.749999999999794,4.1176862716674805,1.8685414791107178,0.001789906993508339,0.37850499153137207,0.37841523721096065,0.0022820584162166853,tracking,0.37841523721096065,0.0022820584162166853,tracking,3.1176988492043196,0,0,0
1176,11.759999999999794,4.121471405029297,1.8685485124588013,0.00197687023319304,0.3785516917705536,0.3794873173539262,0.0007382630103462602,tracking,0.3794873173539262,0.0007382630103462602,tracking,3.1214839891006405,0,1,1
1177,11.769999999999794,4.1252570152282715,1.8685564994812012,0.0021638486068695784,0.3785961866378784,0.3794873173539262,0.0007382630103462602,tracking,0.3794873173539262,0.0007382630103462602,tracking,3.1252696077252655,0,0,0
1178,11.779999999999793,4.129043102264404,1.8685649633407593,0.0023508553858846426,0.3786385655403137,0.3794873173539262,0.0007382630103462602,tracking,0.3794873173539262,0.0007382630103462602,tracking,3.1290557042219347,0,0,0
1179,11.789999999999793,4.132829666137695,1.8685743808746338,0.0025378759019076824,0.37867891788482666,0.3794873173539262,0.0007382630103462602,tracking,0.3794873173539262,0.0007382630103462602,tracking,3.1328422798063458,0,0,0
1180,11.799999999999793,4.1366167068481445,1.8685842752456665,0.002724922262132168,0.3787173628807068,0.3794873173539262,0.0007382630103462602,tracking,0.3794873173539262,0.0007382630103462602,tracking,3.136629333442245,0,0,0
1181,11.809999999999793,4.1404032707214355,1.8685951232910156,0.002911962103098631,0.37863847613334656,0.3783025907615547,-0.00244426930336124,tracking,0.3783025907615547,-0.00244426930336124,tracking,3.14041591285467,0,1,1
1182,11.819999999999792,4.144189357757568,1.8686059713363647,0.0027249690610915422,0.37857457995414734,0.3783025907615547,-0.00244426930336124,tracking,0.3783025907615547,-0.00244426930336124,tracking,3.144202015431894,0,0,0
1183,11.829999999999792,4.147974967956543,1.8686158657073975,0.002537995111197233,0.3785228431224823,0.3783025907615547,-0.00244426930336124,tracking,0.3783025907615547,-0.00244426930336124,tracking,3.1479876385612027,0,0,0
1184,11.839999999999792,4.151760101318359,1.868625283241272,0.00235105212777853,0.3784809410572052,0.3783025907615547,-0.00244426930336124,tracking,0.3783025907615547,-0.00244426930336124,tracking,3.151772783638565,0,0,0
1185,11.849999999999792,4.155544757843018,1.86863374710083,0.0021641214843839407,0.378447026014328,0.3783025907615547,-0.00244426930336124,tracking,0.3783025907615547,-0.00244426930336124,tracking,3.1555574496273353,0,0,0
1186,11.859999999999792,4.159329414367676,1.86864173412323,0.0019771859515458345,0.37849605083465576,0.3794777358073233,-0.0007520604374544851,tracking,0.3794777358073233,-0.0007520604374544851,tracking,3.159342114579767,0,1,1
1187,11.869999999999791,4.163114547729492,1.8686487674713135,0.0017902347026392817,0.3785427212715149,0.3794777358073233,-0.0007520604374544851,tracking,0.3794777358073233,-0.0007520604374544851,tracking,3.163127254476088,0,0,0
1188,11.879999999999791,4.166900157928467,1.8686553239822388,0.0016032534185796976,0.37858718633651733,0.3794777358073233,-0.0007520604374544851,tracking,0.3794777358073233,-0.0007520604374544851,tracking,3.1669128703528533,0,0,0
1189,11.889999999999791,4.1706862449646,1.8686609268188477,0.0014162578154355288,0.37862953543663025,0.3794777358073233,-0.0007520604374544851,tracking,0.3794777358073233,-0.0007520604374544851,tracking,3.1706989615346597,0,0,0
1190,11.89999999999979,4.174472808837891,1.8686660528182983,0.0012292349711060524,0.3786698579788208,0.3794777358073233,-0.0007520604374544851,tracking,0.3794777358073233,-0.0007520604374544851,tracking,3.1744855288775686,0,0,0
1191,11.90999999999979,4.178259372711182,1.8686702251434326,0.001042210147716105,0.3786417543888092,0.37852205326054844,0.002128243304810277,tracking,0.37852205326054844,0.002128243304810277,tracking,3.178272095049552,0,1,1
1192,11.91999999999979,4.1820454597473145,1.868674397468567,0.0012292180908843875,0.378618985414505,0.37852205326054844,0.002128243304810277,tracking,0.37852205326054844,0.002128243304810277,tracking,3.1820581843846667,0,0,0
1193,11.92999999999979,4.185831546783447,1.8686795234680176,0.001416219281964004,0.378600537776947,0.37852205326054844,0.002128243304810277,tracking,0.37852205326054844,0.002128243304810277,tracking,3.1858442748908544,0,0,0
1194,11.93999999999979,4.18961763381958,1.8686851263046265,0.001603209413588047,0.3785856068134308,0.37852205326054844,0.002128243304810277,tracking,0.37852205326054844,0.002128243304810277,tracking,3.189630366072661,0,0,0
1195,11.94999999999979,4.193403244018555,1.8686916828155518,0.0017901951214298606,0.3785735070705414,0.37852205326054844,0.002128243304810277,tracking,0.37852205326054844,0.002128243304810277,tracking,3.193415981949426,0,0,0
1196,11.95999999999979,4.1971893310546875,1.8686987161636353,0.0019771952647715807,0.3786294162273407,0.37974954711215136,0.00036065215850201505,tracking,0.37974954711215136,0.00036065215850201505,tracking,3.1972020755184176,0,1,1
1197,11.96999999999979,4.2009758949279785,1.8687067031860352,0.002164213452488184,0.3786826729774475,0.37974954711215136,0.00036065215850201505,tracking,0.37974954711215136,0.00036065215850201505,tracking,3.2009886478152367,0,0,0
1198,11.979999999999789,4.204762935638428,1.8687151670455933,0.0023512658663094044,0.37873339653015137,0.37974954711215136,0.00036065215850201505,tracking,0.37974954711215136,0.00036065215850201505,tracking,3.20477569798384,0,0,0
1199,11.989999999999789,4.208550453186035,1.8687245845794678,0.0025383345782756805,0.3787817060947418,0.37974954711215136,0.00036065215850201505,tracking,0.37974954711215136,0.00036065215850201505,tracking,3.208563227239619,0,0,0
1200,11.999999999999789,4.212338447570801,1.8687344789505005,0.0027254342567175627,0.3788277208805084,0.37974954711215136,0.00036065215850201505,tracking,0.37974954711215136,0.00036065215850201505,tracking,3.2123512345465803,0,0,0
1201,12.009999999999788,4.21612548828125,1.8687453269958496,0.0029125066939741373,0.3786157965660095,0.3777134731930864,-0.0032925986019555747,tracking,0.3777134731930864,-0.0032925986019555747,tracking,3.216138290794207,0,1,1
1202,12.019999999999788,4.219910621643066,1.8687561750411987,0.002725560450926423,0.3784441649913788,0.3777134731930864,-0.0032925986019555747,tracking,0.3777134731930864,-0.0032925986019555747,tracking,3.21992343970103,0,0,0
1203,12.029999999999788,4.223694324493408,1.8687660694122314,0.0025386654306203127,0.37830519676208496,0.3777134731930864,-0.0032925986019555747,tracking,0.3777134731930864,-0.0032925986019555747,tracking,3.223707155488224,0,0,0
1204,12.039999999999788,4.227476596832275,1.868775486946106,0.0023518530651926994,0.378192663192749,0.3777134731930864,-0.0032925986019555747,tracking,0.3777134731930864,-0.0032925986019555747,tracking,3.227489439551499,0,0,0
1205,12.049999999999788,4.231257915496826,1.868783950805664,0.0021650742273777723,0.37810152769088745,0.3777134731930864,-0.0032925986019555747,tracking,0.3777134731930864,-0.0032925986019555747,tracking,3.231270767688516,0,0,0
1206,12.059999999999787,4.235039234161377,1.868791937828064,0.0019783058669418097,0.37816113233566284,0.37935500823455504,-0.0009287881422407858,tracking,0.37935500823455504,-0.0009287881422407858,tracking,3.23505209478828,0,1,1
1207,12.069999999999787,4.238821029663086,1.8687989711761475,0.0017915182979777455,0.3782179057598114,0.37935500823455504,-0.0009287881422407858,tracking,0.37935500823455504,-0.0009287881422407858,tracking,3.238833896830261,0,0,0
1208,12.079999999999787,4.242603302001953,1.8688055276870728,0.0016046942910179496,0.3782719671726227,0.37935500823455504,-0.0009287881422407858,tracking,0.37935500823455504,-0.0009287881422407858,tracking,3.2426161748519293,0,0,0
1209,12.089999999999787,4.2463860511779785,1.8688111305236816,0.0014178529381752014,0.3783234655857086,0.37935500823455504,-0.0009287881422407858,tracking,0.37935500823455504,-0.0009287881422407858,tracking,3.2463989281772863,0,0,0
1210,12.099999999999786,4.25016975402832,1.8688162565231323,0.0012309784069657326,0.37837252020835876,0.37935500823455504,-0.0009287881422407858,tracking,0.37935500823455504,-0.0009287881422407858,tracking,3.250182634499869,0,0,0
1211,12.109999999999786,4.253953456878662,1.8688204288482666,0.001044094213284552,0.37838253378868103,0.3785829532823472,0.0020405472734200403,tracking,0.3785829532823472,0.0020405472734200403,tracking,3.2539663396506415,0,1,1
1212,12.119999999999786,4.257737159729004,1.8688246011734009,0.001230984809808433,0.3783920705318451,0.3785829532823472,0.0020405472734200403,tracking,0.3785829532823472,0.0020405472734200403,tracking,3.257750044801414,0,0,0
1213,12.129999999999786,4.261521339416504,1.8688297271728516,0.0014178784331306815,0.37840116024017334,0.3785829532823472,0.0020405472734200403,tracking,0.3785829532823472,0.0020405472734200403,tracking,3.2615342279607176,0,0,0
1214,12.139999999999786,4.265305519104004,1.8688353300094604,0.0016047778772190213,0.37840980291366577,0.3785829532823472,0.0020405472734200403,tracking,0.3785829532823472,0.0020405472734200403,tracking,3.2653184117959806,0,0,0
1215,12.149999999999785,4.269089698791504,1.8688418865203857,0.001791680115275085,0.3784180283546448,0.3785829532823472,0.0020405472734200403,tracking,0.3785829532823472,0.0020405472734200403,tracking,3.2691025971634176,0,0,0
1216,12.159999999999785,4.272874355316162,1.868848443031311,0.0016047568060457706,0.37847331166267395,0.37958056644326177,-0.0006039843217030311,tracking,0.37958056644326177,-0.0006039843217030311,tracking,3.272887259367297,0,1,1
1217,12.169999999999785,4.2766594886779785,1.86885404586792,0.0014178158016875386,0.378525972366333,0.37958056644326177,-0.0006039843217030311,tracking,0.37958056644326177,-0.0006039843217030311,tracking,3.2766723968758313,0,0,0
1218,12.179999999999785,4.280445098876953,1.8688591718673706,0.001230840920470655,0.3785761296749115,0.37958056644326177,-0.0006039843217030311,tracking,0.37958056644326177,-0.0006039843217030311,tracking,3.280458010545298,0,0,0
1219,12.189999999999785,4.284231185913086,1.8688633441925049,0.0010438498575240374,0.378623902797699,0.37958056644326177,-0.0006039843217030311,tracking,0.37958056644326177,-0.0006039843217030311,tracking,3.2842440998804125,0,0,0
1220,12.199999999999784,4.288017749786377,1.868867039680481,0.0008568281191401184,0.3786693811416626,0.37958056644326177,-0.0006039843217030311,tracking,0.37958056644326177,-0.0006039843217030311,tracking,3.2880306655570046,0,0,0
1221,12.209999999999784,4.29180383682251,1.8688697814941406,0.0006698183715343475,0.378551185131073,0.37804789852140314,0.0028110261291795077,tracking,0.37804789852140314,0.0028110261291795077,tracking,3.2918167535859224,0,1,1
1222,12.219999999999784,4.295588970184326,1.8688725233078003,0.0008567575714550912,0.3784554600715637,0.37804789852140314,0.0028110261291795077,tracking,0.37804789852140314,0.0028110261291795077,tracking,3.295601887940774,0,0,0
1223,12.229999999999784,4.299373149871826,1.8688762187957764,0.0010436682496219873,0.3783779442310333,0.37804789852140314,0.0028110261291795077,tracking,0.37804789852140314,0.0028110261291795077,tracking,3.299386069432711,0,0,0
1224,12.239999999999783,4.30315637588501,1.8688803911209106,0.001230532769113779,0.37831518054008484,0.37804789852140314,0.0028110261291795077,tracking,0.37804789852140314,0.0028110261291795077,tracking,3.303169297746615,0,0,0
1225,12.249999999999783,4.306939125061035,1.8688855171203613,0.0014173785457387567,0.37826433777809143,0.37804789852140314,0.0028110261291795077,tracking,0.37804789852140314,0.0028110261291795077,tracking,3.306952050395757,0,0,0
1226,12.259999999999783,4.3107218742370605,1.8688911199569702,0.0016042235074564815,0.3783129155635834,0.37928611405709184,0.001027995757787733,tracking,0.37928611405709184,0.001027995757787733,tracking,3.3107348037211137,0,1,1
1227,12.269999999999783,4.314505100250244,1.8688976764678955,0.001791084185242653,0.37835919857025146,0.37928611405709184,0.001027995757787733,tracking,0.37928611405709184,0.001027995757787733,tracking,3.314518035415666,0,0,0
1228,12.279999999999783,4.318288803100586,1.868904709815979,0.00197797454893589,0.37840327620506287,0.37928611405709184,0.001027995757787733,tracking,0.37928611405709184,0.001027995757787733,tracking,3.318301744802983,0,0,0
1229,12.289999999999782,4.322072982788086,1.868912696838379,0.0021648791152983904,0.37844526767730713,0.37928611405709184,0.001027995757787733,tracking,0.37928611405709184,0.001027995757787733,tracking,3.322085932919318,0,0,0
1230,12.299999999999782,4.325857639312744,1.868921160697937,0.0023518106900155544,0.3784852623939514,0.37928611405709184,0.001027995757787733,tracking,0.37928611405709184,0.001027995757787733,tracking,3.3258705989080886,0,0,0
1231,12.309999999999782,4.329642295837402,1.8689305782318115,0.002538747387006879,0.3784759044647217,0.3784359936971182,-0.002252169076149754,tracking,0.3784359936971182,-0.002252169076149754,tracking,3.329655267149769,0,1,1
1232,12.319999999999782,4.3334269523620605,1.868939995765686,0.002351816277951002,0.3784683048725128,0.3784359936971182,-0.002252169076149754,tracking,0.3784359936971182,-0.002252169076149754,tracking,3.333439935391449,0,0,0
1233,12.329999999999782,4.337211608886719,1.8689484596252441,0.002164887497201562,0.37846216559410095,0.3784359936971182,-0.002252169076149754,tracking,0.3784359936971182,-0.002252169076149754,tracking,3.3372246013802194,0,0,0
1234,12.339999999999781,4.340996265411377,1.868956446647644,0.0019779622089117765,0.3784571886062622,0.3784359936971182,-0.002252169076149754,tracking,0.3784359936971182,-0.002252169076149754,tracking,3.341009266332651,0,0,0
1235,12.349999999999781,4.344780921936035,1.8689634799957275,0.001791038434021175,0.37845316529273987,0.3784359936971182,-0.002252169076149754,tracking,0.3784359936971182,-0.002252169076149754,tracking,3.344793929392637,0,0,0
1236,12.359999999999781,4.348565578460693,1.8689700365066528,0.0016040961490944028,0.37851354479789734,0.37972275556787344,-0.0003992319822622187,tracking,0.37972275556787344,-0.0003992319822622187,tracking,3.3485785915965165,0,1,1
1237,12.36999999999978,4.352351188659668,1.8689756393432617,0.0014171344228088856,0.3785710334777832,0.37972275556787344,-0.0003992319822622187,tracking,0.37972275556787344,-0.0003992319822622187,tracking,3.352364205941687,0,0,0
1238,12.37999999999978,4.356137275695801,1.8689807653427124,0.0012301357928663492,0.3786258101463318,0.37972275556787344,-0.0003992319822622187,tracking,0.37972275556787344,-0.0003992319822622187,tracking,3.3561502964478747,0,0,0
1239,12.38999999999978,4.359923839569092,1.8689849376678467,0.0010431194677948952,0.37867796421051025,0.37972275556787344,-0.0003992319822622187,tracking,0.37972275556787344,-0.0003992319822622187,tracking,3.359936862619858,0,0,0
1240,12.39999999999978,4.363710880279541,1.8689886331558228,0.0008560696733184159,0.37872764468193054,0.37972275556787344,-0.0003992319822622187,tracking,0.37972275556787344,-0.0003992319822622187,tracking,3.363723905133381,0,0,0
1241,12.40999999999978,4.36749792098999,1.8689913749694824,0.0006690180744044483,0.3786887228488922,0.3785229886913712,0.0021268962844255192,tracking,0.3785229886913712,0.0021268962844255192,tracking,3.367510946836365,0,1,1
1242,12.41999999999978,4.371284484863281,1.868994116783142,0.0008560463320463896,0.37865719199180603,0.3785229886913712,0.0021268962844255192,tracking,0.3785229886913712,0.0021268962844255192,tracking,3.3712975117023163,0,0,0
1243,12.42999999999978,4.375071048736572,1.8689978122711182,0.0010430652182549238,0.37863168120384216,0.3785229886913712,0.0021268962844255192,tracking,0.3785229886913712,0.0021268962844255192,tracking,3.3750840773789084,0,0,0
1244,12.43999999999978,4.378857135772705,1.8690019845962524,0.0012300688540562987,0.3786109983921051,0.3785229886913712,0.0021268962844255192,tracking,0.3785229886913712,0.0021268962844255192,tracking,3.378870166714023,0,0,0
1245,12.449999999999779,4.382643222808838,1.8690071105957031,0.0014170663198456168,0.3785942494869232,0.3785229886913712,0.0021268962844255192,tracking,0.3785229886913712,0.0021268962844255192,tracking,3.382656257220211,0,0,0
1246,12.459999999999779,4.386429309844971,1.869012713432312,0.0016040727496147156,0.37863805890083313,0.3795152912817036,0.000697980554346824,tracking,0.3795152912817036,0.000697980554346824,tracking,3.386442348402017,0,1,1
1247,12.469999999999779,4.390215873718262,1.8690192699432373,0.0017910932656377554,0.3786797821521759,0.3795152912817036,0.000697980554346824,tracking,0.3795152912817036,0.000697980554346824,tracking,3.390228917951669,0,0,0
1248,12.479999999999778,4.394002914428711,1.8690263032913208,0.0019781405571848154,0.3787195086479187,0.3795152912817036,0.000697980554346824,tracking,0.3795152912817036,0.000697980554346824,tracking,3.3940159651933315,0,0,0
1249,12.489999999999778,4.397790431976318,1.8690342903137207,0.0021652006544172764,0.3787573575973511,0.3795152912817036,0.000697980554346824,tracking,0.3795152912817036,0.000697980554346824,tracking,3.397803491162346,0,0,0
1250,12.499999999999778,4.401577949523926,1.8690427541732788,0.0023522849660366774,0.3787933886051178,0.3795152912817036,0.000697980554346824,tracking,0.3795152912817036,0.000697980554346824,tracking,3.4015910181669167,0,0,0
1251,12.509999999999778,4.405365467071533,1.8690521717071533,0.0025393590331077576,0.3786941468715668,0.37827158324324456,-0.0024889201297278772,tracking,0.37827158324324456,-0.0024889201297278772,tracking,3.4053785474226954,0,1,1
1252,12.519999999999778,4.409152030944824,1.8690615892410278,0.0023523441050201654,0.37861377000808716,0.37827158324324456,-0.0024889201297278772,tracking,0.37827158324324456,-0.0024889201297278772,tracking,3.4091651230071065,0,0,0
1253,12.529999999999777,4.412937641143799,1.869070053100586,0.0021653531584888697,0.37854868173599243,0.37827158324324456,-0.0024889201297278772,tracking,0.37827158324324456,-0.0024889201297278772,tracking,3.4129507426678094,0,0,0
1254,12.539999999999777,4.416722774505615,1.8690780401229858,0.0019784008618444204,0.378495991230011,0.37827158324324456,-0.0024889201297278772,tracking,0.37827158324324456,-0.0024889201297278772,tracking,3.4167358844563376,0,0,0
1255,12.549999999999777,4.420507431030273,1.8690850734710693,0.0017914642812684178,0.3784533143043518,0.37827158324324456,-0.0024889201297278772,tracking,0.37827158324324456,-0.0024889201297278772,tracking,3.4205205475163236,0,0,0
1256,12.559999999999777,4.424292087554932,1.8690916299819946,0.0016045288648456335,0.37849247455596924,0.3792769259047928,-0.0010412266970983985,tracking,0.3792769259047928,-0.0010412266970983985,tracking,3.424305209720203,0,1,1
1257,12.569999999999776,4.428077220916748,1.8690972328186035,0.0014175808755680919,0.37852978706359863,0.3792769259047928,-0.0010412266970983985,tracking,0.3792769259047928,-0.0010412266970983985,tracking,3.4280903472287374,0,0,0
1258,12.579999999999776,4.431862831115723,1.8691023588180542,0.0012306089047342539,0.37856531143188477,0.3792769259047928,-0.0010412266970983985,tracking,0.3792769259047928,-0.0010412266970983985,tracking,3.431875960898204,0,0,0
1259,12.589999999999776,4.435648441314697,1.8691065311431885,0.0010436255251988769,0.3785991370677948,0.3792769259047928,-0.0010412266970983985,tracking,0.3792769259047928,-0.0010412266970983985,tracking,3.43566157339645,0,0,0
1260,12.599999999999776,4.43943452835083,1.8691102266311646,0.0008566203759983182,0.3786313533782959,0.3792769259047928,-0.0010412266970983985,tracking,0.3792769259047928,-0.0010412266970983985,tracking,3.4394476622361108,0,0,0
1261,12.609999999999776,4.443220138549805,1.8691129684448242,0.0006696295458823442,0.3785124123096466,0.3780059609961485,0.002871416165546108,tracking,0.3780059609961485,0.002871416165546108,tracking,3.4432332734279956,0,1,1
1262,12.619999999999775,4.447004795074463,1.8691157102584839,0.0008565494208596647,0.3784160912036896,0.3780059609961485,0.002871416165546108,tracking,0.3780059609961485,0.002871416165546108,tracking,3.447017930945814,0,0,0
1263,12.629999999999775,4.450788497924805,1.86911940574646,0.0010434405412524939,0.3783380687236786,0.3780059609961485,0.002871416165546108,tracking,0.3780059609961485,0.002871416165546108,tracking,3.45080163560082,0,0,0
1264,12.639999999999775,4.454571723937988,1.8691235780715942,0.0012302851537242532,0.3782748878002167,0.3780059609961485,0.002871416165546108,tracking,0.3780059609961485,0.002871416165546108,tracking,3.4545848639147243,0,0,0
1265,12.649999999999775,4.4583539962768555,1.869128704071045,0.0014171109069138765,0.3782237470149994,0.3780059609961485,0.002871416165546108,tracking,0.3780059609961485,0.002871416165546108,tracking,3.458367139727146,0,0,0
1266,12.659999999999775,4.462136745452881,1.8691343069076538,0.0016039445763453841,0.37829887866973877,0.37980400832973726,0.00028222800517831246,tracking,0.37980400832973726,0.00028222800517831246,tracking,3.4621498930525028,0,1,1
1267,12.669999999999774,4.4659199714660645,1.869140863418579,0.0017908024601638317,0.3783704340457916,0.37980400832973726,0.00028222800517831246,tracking,0.37980400832973726,0.00028222800517831246,tracking,3.465933124747055,0,0,0
1268,12.679999999999774,4.4697041511535645,1.8691478967666626,0.001977706328034401,0.3784385919570923,0.37980400832973726,0.00028222800517831246,tracking,0.37980400832973726,0.00028222800517831246,tracking,3.4697173109707062,0,0,0
1269,12.689999999999774,4.473488807678223,1.8691558837890625,0.0021646320819854736,0.3785035312175751,0.37980400832973726,0.00028222800517831246,tracking,0.37980400832973726,0.00028222800517831246,tracking,3.473501975923138,0,0,0
1270,12.699999999999774,4.477273941040039,1.8691643476486206,0.0023515995126217604,0.37856537103652954,0.37980400832973726,0.00028222800517831246,tracking,0.37980400832973726,0.00028222800517831246,tracking,3.4772871187478747,0,0,0
1271,12.709999999999773,4.481058597564697,1.8691737651824951,0.0025385417975485325,0.3783504068851471,0.37743512514956956,-0.0036934197846198594,tracking,0.37743512514956956,-0.0036934197846198594,tracking,3.481071786989555,0,1,1
1272,12.719999999999773,4.484841346740723,1.8691831827163696,0.0023517273366451263,0.37817633152008057,0.37743512514956956,-0.0036934197846198594,tracking,0.37743512514956956,-0.0036934197846198594,tracking,3.48485454788851,0,0,0
1273,12.729999999999773,4.488622188568115,1.8691916465759277,0.002164964796975255,0.37803536653518677,0.37743512514956956,-0.0036934197846198594,tracking,0.37743512514956956,-0.0036934197846198594,tracking,3.4886353991895636,0,0,0
1274,12.739999999999773,4.492402076721191,1.8691996335983276,0.0019782863091677427,0.3779211938381195,0.37743512514956956,-0.0036934197846198594,tracking,0.37743512514956956,-0.0036934197846198594,tracking,3.492415295781045,0,0,0
1275,12.749999999999773,4.496181011199951,1.8692066669464111,0.001791641814634204,0.3778287470340729,0.37743512514956956,-0.0036934197846198594,tracking,0.37743512514956956,-0.0036934197846198594,tracking,3.496194236805028,0,0,0
1276,12.759999999999772,4.499959468841553,1.8692132234573364,0.0016050076810643077,0.3778899610042572,0.3791160869790393,-0.001272834750183408,tracking,0.3791160869790393,-0.001272834750183408,tracking,3.499972700135168,0,1,1
1277,12.769999999999772,4.503738880157471,1.8692188262939453,0.0014183538733050227,0.37794825434684753,0.3791160869790393,-0.001272834750183408,tracking,0.3791160869790393,-0.001272834750183408,tracking,3.5037521156040823,0,0,0
1278,12.779999999999772,4.507518768310547,1.869223952293396,0.0012316625798121095,0.3780037760734558,0.3791160869790393,-0.001272834750183408,tracking,0.3791160869790393,-0.001272834750183408,tracking,3.507532007232904,0,0,0
1279,12.789999999999772,4.511299133300781,1.8692281246185303,0.0010449534747749567,0.37805667519569397,0.3791160869790393,-0.001272834750183408,tracking,0.3791160869790393,-0.001272834750183408,tracking,3.5113123745256,0,0,0
1280,12.799999999999772,4.515079975128174,1.8692318201065063,0.0008582103182561696,0.3781070411205292,0.3791160869790393,-0.001272834750183408,tracking,0.3791160869790393,-0.001272834750183408,tracking,3.5150932181590226,0,0,0
1281,12.809999999999771,4.518861293792725,1.869234561920166,0.0006714576738886535,0.3781142830848694,0.3782590260470854,0.0025070024921970456,tracking,0.3782590260470854,0.0025070024921970456,tracking,3.5188745378176103,0,1,1
1282,12.819999999999771,4.522642612457275,1.8692373037338257,0.0008582148584537208,0.37812116742134094,0.3782590260470854,0.0025070024921970456,tracking,0.3782590260470854,0.0025070024921970456,tracking,3.522655857476198,0,0,0
1283,12.829999999999771,4.526423931121826,1.8692409992218018,0.001044974196702242,0.37812772393226624,0.3782590260470854,0.0025070024921970456,tracking,0.3782590260470854,0.0025070024921970456,tracking,3.526437177946551,0,0,0
1284,12.83999999999977,4.530205249786377,1.869245171546936,0.0012317377841100097,0.37813398241996765,0.3782590260470854,0.0025070024921970456,tracking,0.3782590260470854,0.0025070024921970456,tracking,3.5302184989129826,0,0,0
1285,12.84999999999977,4.533986568450928,1.8692502975463867,0.0014185033505782485,0.3781399428844452,0.3782590260470854,0.0025070024921970456,tracking,0.3782590260470854,0.0025070024921970456,tracking,3.533999821051964,0,0,0
1286,12.85999999999977,4.537768363952637,1.8692559003829956,0.0016052942955866456,0.3782109022140503,0.37963202630294335,0.0005298821237616053,tracking,0.37963202630294335,0.0005298821237616053,tracking,3.5377816207040507,0,1,1
1287,12.86999999999977,4.541550636291504,1.869262456893921,0.0017921080579981208,0.3782784640789032,0.37963202630294335,0.0005298821237616053,tracking,0.37963202630294335,0.0005298821237616053,tracking,3.541563898725719,0,0,0
1288,12.87999999999977,4.5453338623046875,1.8692694902420044,0.0019789652433246374,0.3783428370952606,0.37963202630294335,0.0005298821237616053,tracking,0.37963202630294335,0.0005298821237616053,tracking,3.545347131276702,0,0,0
1289,12.88999999999977,4.549117565155029,1.8692774772644043,0.0021658430341631174,0.3784041404724121,0.37963202630294335,0.0005298821237616053,tracking,0.37963202630294335,0.0005298821237616053,tracking,3.5491308425569414,0,0,0
1290,12.89999999999977,4.552901744842529,1.8692859411239624,0.0023527604062110186,0.3784625232219696,0.37963202630294335,0.0005298821237616053,tracking,0.37963202630294335,0.0005298821237616053,tracking,3.5529150317097464,0,0,0
1291,12.90999999999977,4.556684970855713,1.869295358657837,0.0025396491400897503,0.3782306909561157,0.3772436150438792,-0.003969194336813909,tracking,0.3772436150438792,-0.003969194336813909,tracking,3.5566982694443823,0,1,1
1292,12.919999999999769,4.560466289520264,1.8693047761917114,0.0023528984747827053,0.37804293632507324,0.3772436150438792,-0.003969194336813909,tracking,0.3772436150438792,-0.003969194336813909,tracking,3.560479599836298,0,0,0
1293,12.929999999999769,4.56424617767334,1.8693132400512695,0.0021662036888301373,0.3778909146785736,0.3772436150438792,-0.003969194336813909,tracking,0.3772436150438792,-0.003969194336813909,tracking,3.5642594974654256,0,0,0
1294,12.939999999999769,4.568024635314941,1.8693212270736694,0.0019795994739979506,0.37776780128479004,0.3772436150438792,-0.003969194336813909,tracking,0.3772436150438792,-0.003969194336813909,tracking,3.568037963548627,0,0,0
1295,12.949999999999768,4.571801662445068,1.869328260421753,0.0017930319299921393,0.3776681125164032,0.3772436150438792,-0.003969194336813909,tracking,0.3772436150438792,-0.003969194336813909,tracking,3.571814997227283,0,0,0
1296,12.959999999999768,4.575578689575195,1.8693348169326782,0.0016064784722402692,0.377725213766098,0.37886872600054416,-0.0016290345592163704,tracking,0.37886872600054416,-0.0016290345592163704,tracking,3.5755920300481026,0,1,1
1297,12.969999999999768,4.5793561935424805,1.869340419769287,0.0014199066208675504,0.3777795732021332,0.37886872600054416,-0.0016290345592163704,tracking,0.37886872600054416,-0.0016290345592163704,tracking,3.579369538170481,0,0,0
1298,12.979999999999768,4.583134174346924,1.8693455457687378,0.0012332998448982835,0.377831369638443,0.37886872600054416,-0.0016290345592163704,tracking,0.37886872600054416,-0.0016290345592163704,tracking,3.5831475224524243,0,0,0
1299,12.989999999999768,4.586912631988525,1.869349718093872,0.0010466764215379953,0.37788069248199463,0.37886872600054416,-0.0016290345592163704,tracking,0.37886872600054416,-0.0016290345592163704,tracking,3.58692598239765,0,0,0
1300,12.999999999999767,4.590691566467285,1.8693534135818481,0.0008600212750025094,0.37792766094207764,0.37886872600054416,-0.0016290345592163704,tracking,0.37886872600054416,-0.0016290345592163704,tracking,3.5907049186833513,0,0,0
1301,13.009999999999767,4.594470977783203,1.8693561553955078,0.0006733498303219676,0.37797966599464417,0.37902155167994345,0.0014089655808814353,tracking,0.37902155167994345,0.0014089655808814353,tracking,3.594484330993808,0,1,1
1302,13.019999999999767,4.598250865936279,1.8693588972091675,0.0008600545697845519,0.3780291974544525,0.37902155167994345,0.0014089655808814353,tracking,0.37902155167994345,0.0014089655808814353,tracking,3.598264220141297,0,0,0
1303,13.029999999999767,4.602031230926514,1.8693625926971436,0.0010467752581462264,0.37807637453079224,0.37902155167994345,0.0014089655808814353,tracking,0.37902155167994345,0.0014089655808814353,tracking,3.6020445869377893,0,0,0
1304,13.039999999999766,4.605812072753906,1.8693667650222778,0.0012335262726992369,0.3781213164329529,0.37902155167994345,0.0014089655808814353,tracking,0.37902155167994345,0.0014089655808814353,tracking,3.605825431067353,0,0,0
1305,13.049999999999766,4.609593391418457,1.8693718910217285,0.0014202917227521539,0.3781641125679016,0.37902155167994345,0.0014089655808814353,tracking,0.37902155167994345,0.0014089655808814353,tracking,3.6096067532063345,0,0,0
1306,13.059999999999766,4.613375186920166,1.8693770170211792,0.001233490533195436,0.37822961807250977,0.3795415299204736,-0.0006601969145180564,tracking,0.3795415299204736,-0.0006601969145180564,tracking,3.613388552182036,0,1,1
1307,13.069999999999766,4.617157936096191,1.8693811893463135,0.0010466682724654675,0.3782919943332672,0.3795415299204736,-0.0006601969145180564,tracking,0.3795415299204736,-0.0006601969145180564,tracking,3.617171303659072,0,0,0
1308,13.079999999999766,4.620941162109375,1.8693848848342896,0.0008598059066571295,0.3783514201641083,0.3795415299204736,-0.0006601969145180564,tracking,0.3795415299204736,-0.0006601969145180564,tracking,3.6209545314771474,0,0,0
1309,13.089999999999765,4.624724864959717,1.8693876266479492,0.000672924448736012,0.3784080147743225,0.3795415299204736,-0.0006601969145180564,tracking,0.3795415299204736,-0.0006601969145180564,tracking,3.6247382353209,0,0,0
1310,13.099999999999765,4.628509044647217,1.8693898916244507,0.00048600658192299306,0.37846192717552185,0.3795415299204736,-0.0006601969145180564,tracking,0.3795415299204736,-0.0006601969145180564,tracking,3.6285224156862372,0,0,0
1311,13.109999999999765,4.632293701171875,1.8693912029266357,0.0002990861248690635,0.378423810005188,0.3782615756547995,0.002503331057088746,tracking,0.3782615756547995,0.002503331057088746,tracking,3.6323070724380644,0,1,1
1312,13.119999999999765,4.636077880859375,1.8693925142288208,0.000485983764519915,0.3783929646015167,0.3782615756547995,0.002503331057088746,tracking,0.3782615756547995,0.002503331057088746,tracking,3.636091252352762,0,0,0
1313,13.129999999999765,4.639861583709717,1.8693947792053223,0.0006728721782565117,0.37836796045303345,0.3782615756547995,0.002503331057088746,tracking,0.3782615756547995,0.002503331057088746,tracking,3.639874955881027,0,0,0
1314,13.139999999999764,4.643645286560059,1.869397521018982,0.000859745719935745,0.3783477246761322,0.3782615756547995,0.002503331057088746,tracking,0.3782615756547995,0.002503331057088746,tracking,3.6436586597247795,0,0,0
1315,13.149999999999764,4.647428512573242,1.869401216506958,0.0010466132080182433,0.37833133339881897,0.3782615756547995,0.002503331057088746,tracking,0.3782615756547995,0.002503331057088746,tracking,3.647441887542855,0,0,0
1316,13.159999999999764,4.651212215423584,1.8694053888320923,0.0012334930943325162,0.37838542461395264,0.37946894545993914,0.0007647185376876316,tracking,0.37946894545993914,0.0007647185376876316,tracking,3.6512255926936272,0,1,1
1317,13.169999999999764,4.654996395111084,1.869410514831543,0.0014203904429450631,0.37843695282936096,0.37946894545993914,0.0007647185376876316,tracking,0.37946894545993914,0.0007647185376876316,tracking,3.655009775852931,0,0,0
1318,13.179999999999763,4.658781051635742,1.8694161176681519,0.0016073208535090089,0.3784860372543335,0.37946894545993914,0.0007647185376876316,tracking,0.37946894545993914,0.0007647185376876316,tracking,3.6587944365248295,0,0,0
1319,13.189999999999763,4.662566184997559,1.8694226741790771,0.0017942670965567231,0.3785327672958374,0.37946894545993914,0.0007647185376876316,tracking,0.37946894545993914,0.0007647185376876316,tracking,3.6625795755651516,0,0,0
1320,13.199999999999763,4.666351795196533,1.8694297075271606,0.001981243258342147,0.3785772919654846,0.37946894545993914,0.0007647185376876316,tracking,0.37946894545993914,0.0007647185376876316,tracking,3.6663651922978078,0,0,0
1321,13.209999999999763,4.67013692855835,1.8694376945495605,0.002168213715776801,0.3784971237182617,0.37815575548351543,-0.0026557121037377764,tracking,0.37815575548351543,-0.0026557121037377764,tracking,3.670150334086336,0,1,1
1322,13.219999999999763,4.673921585083008,1.8694456815719604,0.001981290988624096,0.37843218445777893,0.37815575548351543,-0.0026557121037377764,tracking,0.37815575548351543,-0.0026557121037377764,tracking,3.6739349990387677,0,0,0
1323,13.229999999999762,4.677705764770508,1.869452714920044,0.001794387586414814,0.37837961316108704,0.37815575548351543,-0.0026557121037377764,tracking,0.37815575548351543,-0.0026557121037377764,tracking,3.677719185262419,0,0,0
1324,13.239999999999762,4.68148946762085,1.8694592714309692,0.0016075154999271035,0.378337025642395,0.37815575548351543,-0.0026557121037377764,tracking,0.37815575548351543,-0.0026557121037377764,tracking,3.6815028937934136,0,0,0
1325,13.249999999999762,4.685272693634033,1.8694648742675781,0.0014206561027094722,0.37830254435539246,0.37815575548351543,-0.0026557121037377764,tracking,0.37815575548351543,-0.0026557121037377764,tracking,3.6852861239554056,0,0,0
1326,13.259999999999762,4.689055919647217,1.8694700002670288,0.0012337872758507729,0.37836557626724243,0.37962807848344504,-0.0005355669838391754,tracking,0.37962807848344504,-0.0005355669838391754,tracking,3.689069353441268,0,1,1
1327,13.269999999999762,4.692840099334717,1.869474172592163,0.0010468981927260756,0.37842559814453125,0.37962807848344504,-0.0005355669838391754,tracking,0.37962807848344504,-0.0005355669838391754,tracking,3.6928535354289087,0,0,0
1328,13.279999999999761,4.696624755859375,1.8694778680801392,0.0008599705761298537,0.37848278880119324,0.37962807848344504,-0.0005355669838391754,tracking,0.37962807848344504,-0.0005355669838391754,tracking,3.6966381937577766,0,0,0
1329,13.289999999999761,4.700409889221191,1.8694806098937988,0.0006730245659127831,0.37853723764419556,0.37962807848344504,-0.0005355669838391754,tracking,0.37962807848344504,-0.0005355669838391754,tracking,3.700423328112628,0,0,0
1330,13.299999999999761,4.704195499420166,1.8694828748703003,0.0004860435437876731,0.37858909368515015,0.37962807848344504,-0.0005355669838391754,tracking,0.37962807848344504,-0.0005355669838391754,tracking,3.704208938989184,0,0,0
1331,13.30999999999976,4.707981586456299,1.8694841861724854,0.0002990537614095956,0.3785904347896576,0.37861717721915344,0.0019912648044190366,tracking,0.37861717721915344,0.0019912648044190366,tracking,3.7079950262524,0,1,1
1332,13.31999999999976,4.711767673492432,1.8694854974746704,0.00048604427138343453,0.37859171628952026,0.37861717721915344,0.0019912648044190366,tracking,0.37861717721915344,0.0019912648044190366,tracking,3.7117811135156162,0,0,0
1333,13.32999999999976,4.7155537605285645,1.8694877624511719,0.0006730351597070694,0.37859293818473816,0.37861717721915344,0.0019912648044190366,tracking,0.37861717721915344,0.0019912648044190366,tracking,3.715567201229245,0,0,0
1334,13.33999999999976,4.719339847564697,1.8694905042648315,0.000860026862937957,0.3785941004753113,0.37861717721915344,0.0019912648044190366,tracking,0.37861717721915344,0.0019912648044190366,tracking,3.7193532892581627,0,0,0
1335,13.34999999999976,4.72312593460083,1.8694941997528076,0.0010470189154148102,0.3785952031612396,0.37861717721915344,0.0019912648044190366,tracking,0.37861717721915344,0.0019912648044190366,tracking,3.7231393780978235,0,0,0
1336,13.35999999999976,4.726912021636963,1.8694981336593628,0.0010470187989994884,0.3786599040031433,0.3799557947967818,6.365549263422435e-05,tracking,0.3799557947967818,6.365549263422435e-05,tracking,3.7269254671777046,0,1,1
1337,13.36999999999976,4.730699062347412,1.869502067565918,0.0010470186825841665,0.37872153520584106,0.3799557947967818,6.365549263422435e-05,tracking,0.3799557947967818,6.365549263422435e-05,tracking,3.7307125099313874,0,0,0
1338,13.37999999999976,4.7344865798950195,1.8695060014724731,0.0010470185661688447,0.37878021597862244,0.3799557947967818,6.365549263422435e-05,tracking,0.3799557947967818,6.365549263422435e-05,tracking,3.734500029521971,0,0,0
1339,13.389999999999759,4.738274574279785,1.8695099353790283,0.0010470184497535229,0.37883612513542175,0.3799557947967818,6.365549263422435e-05,tracking,0.3799557947967818,6.365549263422435e-05,tracking,3.7382880259494553,0,0,0
1340,13.399999999999759,4.742063045501709,1.8695138692855835,0.001047018333338201,0.3788893520832062,0.3799557947967818,6.365549263422435e-05,tracking,0.3799557947967818,6.365549263422435e-05,tracking,3.742076499213841,0,0,0
1341,13.409999999999759,4.745851993560791,1.8695175647735596,0.000859868829138577,0.37892472743988037,0.37963329523503286,-0.000528054861552701,tracking,0.37963329523503286,-0.000528054861552701,tracking,3.745865449075089,0,1,1
1342,13.419999999999758,4.749641418457031,1.8695203065872192,0.0006727079744450748,0.37895843386650085,0.37963329523503286,-0.000528054861552701,tracking,0.37963329523503286,-0.000528054861552701,tracking,3.7496548749632397,0,0,0
1343,13.429999999999758,4.75343132019043,1.8695225715637207,0.00048552543739788234,0.3789905309677124,0.37963329523503286,-0.000528054861552701,tracking,0.37963329523503286,-0.000528054861552701,tracking,3.7534447773734523,0,0,0
1344,13.439999999999758,4.757221221923828,1.8695238828659058,0.00029833256849087775,0.3790211081504822,0.37963329523503286,-0.000528054861552701,tracking,0.37963329523503286,-0.000528054861552701,tracking,3.7572346793337053,0,0,0
1345,13.449999999999758,4.761011600494385,1.8695248365402222,0.00011112005449831486,0.37905022501945496,0.37963329523503286,-0.000528054861552701,tracking,0.37963329523503286,-0.000528054861552701,tracking,3.761025058024236,0,0,0
1346,13.459999999999757,4.764801502227783,1.8695248365402222,-7.606986764585599e-05,0.37888386845588684,0.3781755899039366,0.002627150538331292,tracking,0.3781755899039366,0.002627150538331292,tracking,3.7648149597576346,0,1,1
1347,13.469999999999757,4.768589496612549,1.8695248365402222,0.00011102080316049978,0.37874916195869446,0.3781755899039366,0.002627150538331292,tracking,0.3781755899039366,0.002627150538331292,tracking,3.7686029541424,0,0,0
1348,13.479999999999757,4.772376537322998,1.869525671005249,0.0002980713325086981,0.3786400556564331,0.3781755899039366,0.002627150538331292,tracking,0.3781755899039366,0.002627150538331292,tracking,3.7723899949447857,0,0,0
1349,13.489999999999757,4.776162624359131,1.869526982307434,0.0004850568366236985,0.378551721572876,0.3781755899039366,0.002627150538331292,tracking,0.3781755899039366,0.002627150538331292,tracking,3.7761760822080017,0,0,0
1350,13.499999999999757,4.779947757720947,1.8695292472839355,0.0006720160017721355,0.3784801661968231,0.3781755899039366,0.002627150538331292,tracking,0.3781755899039366,0.002627150538331292,tracking,3.779961216247485,0,0,0
1351,13.509999999999756,4.783732891082764,1.8695319890975952,0.0008589708595536649,0.3785385489463806,0.3797082832806835,0.0004200720758157344,tracking,0.3797082832806835,0.0004200720758157344,tracking,3.7837463506023363,0,1,1
1352,13.519999999999756,4.787518501281738,1.8695356845855713,0.0010459445184096694,0.37859416007995605,0.3797082832806835,0.0004200720758157344,tracking,0.3797082832806835,0.0004200720758157344,tracking,3.7875319626050663,0,0,0
1353,13.529999999999756,4.791304588317871,1.8695398569107056,0.0012329538585618138,0.3786471486091614,0.3797082832806835,0.0004200720758157344,tracking,0.3797082832806835,0.0004200720758157344,tracking,3.791318051940181,0,0,0
1354,13.539999999999756,4.795091152191162,1.8695449829101562,0.0014199803117662668,0.37869760394096375,0.3797082832806835,0.0004200720758157344,tracking,0.3797082832806835,0.0004200720758157344,tracking,3.79510461928309,0,0,0
1355,13.549999999999756,4.798878192901611,1.8695505857467651,0.0016070391284301877,0.3787456750869751,0.3797082832806835,0.0004200720758157344,tracking,0.3797082832806835,0.0004200720758157344,tracking,3.7988916641381687,0,0,0
1356,13.559999999999755,4.802665710449219,1.8695571422576904,0.0017941033001989126,0.3787297308444977,0.3786618015258148,-0.001927005802826686,tracking,0.3786618015258148,-0.001927005802826686,tracking,3.8026791873607073,0,1,1
1357,13.569999999999755,4.806452751159668,1.8695636987686157,0.0016070485580712557,0.3787168264389038,0.3786618015258148,-0.001927005802826686,tracking,0.3786618015258148,-0.001927005802826686,tracking,3.8064662337468023,0,0,0
1358,13.579999999999755,4.810239791870117,1.8695693016052246,0.001419997657649219,0.3787063658237457,0.3786618015258148,-0.001927005802826686,tracking,0.3786618015258148,-0.001927005802826686,tracking,3.810253278601881,0,0,0
1359,13.589999999999755,4.814026832580566,1.8695744276046753,0.0012329529272392392,0.3786979019641876,0.3786618015258148,-0.001927005802826686,tracking,0.3786618015258148,-0.001927005802826686,tracking,3.814040322781511,0,0,0
1360,13.599999999999755,4.817813873291016,1.8695785999298096,0.0010459107579663396,0.37869104743003845,0.3786618015258148,-0.001927005802826686,tracking,0.3786618015258148,-0.001927005802826686,tracking,3.8178273657903636,0,0,0
1361,13.609999999999754,4.821600914001465,1.8695825338363647,0.0010459107579663396,0.37875038385391235,0.3799386769940428,-8.830512857831369e-05,tracking,0.3799386769940428,-8.830512857831369e-05,tracking,3.8216144085440464,0,1,1
1362,13.619999999999754,4.8253889083862305,1.86958646774292,0.0010459107579663396,0.3788068890571594,0.3799386769940428,-8.830512857831369e-05,tracking,0.3799386769940428,-8.830512857831369e-05,tracking,3.825402404971531,0,0,0
1363,13.629999999999754,4.829177379608154,1.869590401649475,0.0010459107579663396,0.3788607120513916,0.3799386769940428,-8.830512857831369e-05,tracking,0.3799386769940428,-8.830512857831369e-05,tracking,3.8291908782359165,0,0,0
1364,13.639999999999754,4.832966327667236,1.8695943355560303,0.0010459107579663396,0.37891197204589844,0.3799386769940428,-8.830512857831369e-05,tracking,0.3799386769940428,-8.830512857831369e-05,tracking,3.8329798283372036,0,0,0
1365,13.649999999999753,4.836755752563477,1.8695982694625854,0.0010459107579663396,0.3789607882499695,0.3799386769940428,-8.830512857831369e-05,tracking,0.3799386769940428,-8.830512857831369e-05,tracking,3.836769255275392,0,0,0
1366,13.659999999999753,4.840545654296875,1.8696019649505615,0.0008587280753999949,0.3789898455142975,0.3795721008360927,-0.0006161747960264688,tracking,0.3795721008360927,-0.0006161747960264688,tracking,3.840559158810503,0,1,1
1367,13.669999999999753,4.844335556030273,1.8696047067642212,0.000671536021400243,0.37901753187179565,0.3795721008360927,-0.0006161747960264688,tracking,0.3795721008360927,-0.0006161747960264688,tracking,3.844349061535687,0,0,0
1368,13.679999999999753,4.84812593460083,1.8696069717407227,0.0004843261849600822,0.37904390692710876,0.3795721008360927,-0.0006161747960264688,tracking,0.3795721008360927,-0.0006161747960264688,tracking,3.8481394407829725,0,0,0
1369,13.689999999999753,4.851916313171387,1.8696082830429077,0.00029710785020142794,0.3790690302848816,0.3795721008360927,-0.0006161747960264688,tracking,0.3795721008360927,-0.0006161747960264688,tracking,3.8519298195803553,0,0,0
1370,13.699999999999752,4.855707168579102,1.8696091175079346,0.00010987337736878544,0.3790929615497589,0.3795721008360927,-0.0006161747960264688,tracking,0.3795721008360927,-0.0006161747960264688,tracking,3.8557206750799136,0,0,0
1371,13.709999999999752,4.8594970703125,1.8696091175079346,-7.733210804872215e-05,0.3788928985595703,0.3780410400719678,0.002820902296366341,tracking,0.3780410400719678,0.002820902296366341,tracking,3.859510576813312,0,1,1
1372,13.719999999999752,4.863285064697266,1.8696091175079346,0.00010975402983603999,0.3787308633327484,0.3780410400719678,0.002820902296366341,tracking,0.3780410400719678,0.002820902296366341,tracking,3.8632985711980776,0,0,0
1373,13.729999999999752,4.867071628570557,1.8696099519729614,0.0002967918699141592,0.3785996437072754,0.3780410400719678,0.002820902296366341,tracking,0.3780410400719678,0.002820902296366341,tracking,3.8670851351633164,0,0,0
1374,13.739999999999752,4.870857238769531,1.8696112632751465,0.00048375152982771397,0.37849339842796326,0.3780410400719678,0.002820902296366341,tracking,0.3780410400719678,0.002820902296366341,tracking,3.8708707455894027,0,0,0
1375,13.749999999999751,4.8746418952941895,1.869613528251648,0.0006706794956699014,0.37840735912323,0.3780410400719678,0.002820902296366341,tracking,0.3780410400719678,0.002820902296366341,tracking,3.874655402791813,0,0,0
1376,13.759999999999751,4.8784260749816895,1.8696162700653076,0.0008576004765927792,0.3784720301628113,0.3797674685610778,0.00033484527204800897,tracking,0.3797674685610778,0.00033484527204800897,tracking,3.8784395834725984,0,1,1
1377,13.76999999999975,4.882211208343506,1.8696199655532837,0.0010445421794429421,0.37853363156318665,0.3797674685610778,0.00033484527204800897,tracking,0.3797674685610778,0.00033484527204800897,tracking,3.882224718638397,0,0,0
1378,13.77999999999975,4.8859968185424805,1.869624137878418,0.0012315235799178481,0.378592312335968,0.3797674685610778,0.00033484527204800897,tracking,0.3797674685610778,0.00033484527204800897,tracking,3.886010331136643,0,0,0
1379,13.78999999999975,4.889782905578613,1.8696292638778687,0.00141852383967489,0.37864819169044495,0.3797674685610778,0.00033484527204800897,tracking,0.3797674685610778,0.00033484527204800897,tracking,3.889796421642831,0,0,0
1380,13.79999999999975,4.893569469451904,1.8696348667144775,0.0016055599553510547,0.37870141863822937,0.3797674685610778,0.00033484527204800897,tracking,0.3797674685610778,0.00033484527204800897,tracking,3.8935829896612733,0,0,0
1381,13.80999999999975,4.8973565101623535,1.8696414232254028,0.0017926028231158853,0.37868908047676086,0.378636497687947,-0.0019634433293563,tracking,0.378636497687947,-0.0019634433293563,tracking,3.897370036047368,0,1,1
1382,13.81999999999975,4.901143550872803,1.8696479797363281,0.001605567173101008,0.3786790668964386,0.378636497687947,-0.0019634433293563,tracking,0.378636497687947,-0.0019634433293563,tracking,3.901157082433463,0,0,0
1383,13.82999999999975,4.904930114746094,1.869653582572937,0.0014185345498844981,0.37867096066474915,0.378636497687947,-0.0019634433293563,tracking,0.378636497687947,-0.0019634433293563,tracking,3.9049436504519055,0,0,0
1384,13.83999999999975,4.908716678619385,1.8696587085723877,0.0012315066996961832,0.37866440415382385,0.378636497687947,-0.0019634433293563,tracking,0.378636497687947,-0.0019634433293563,tracking,3.9087302177948144,0,0,0
1385,13.84999999999975,4.912503242492676,1.869662880897522,0.0010444808285683393,0.37865909934043884,0.378636497687947,-0.0019634433293563,tracking,0.378636497687947,-0.0019634433293563,tracking,3.912516783966798,0,0,0
1386,13.859999999999749,4.916290283203125,1.869666576385498,0.000857438484672457,0.37871450185775757,0.379824213872286,-0.0002531320239081815,tracking,0.379824213872286,-0.0002531320239081815,tracking,3.9163038264803207,0,1,1
1387,13.869999999999749,4.920077800750732,1.8696693181991577,0.0006703783292323351,0.3787672817707062,0.379824213872286,-0.0002531320239081815,tracking,0.379824213872286,-0.0002531320239081815,tracking,3.9200913450203383,0,0,0
1388,13.879999999999749,4.923865795135498,1.8696715831756592,0.0004832842096220702,0.37881752848625183,0.379824213872286,-0.0002531320239081815,tracking,0.379824213872286,-0.0002531320239081815,tracking,3.9238793400822587,0,0,0
1389,13.889999999999748,4.927654266357422,1.8696728944778442,0.0002961739373859018,0.37886539101600647,0.379824213872286,-0.0002531320239081815,tracking,0.379824213872286,-0.0002531320239081815,tracking,3.9276678115311228,0,0,0
1390,13.899999999999748,4.931443214416504,1.869673728942871,0.00010903290240094066,0.37891098856925964,0.379824213872286,-0.0002531320239081815,tracking,0.379824213872286,-0.0002531320239081815,tracking,3.931456759682095,0,0,0
1391,13.909999999999748,4.935231685638428,1.869673728942871,-7.809810631442815e-05,0.3788045048713684,0.3783511584436528,0.00237433184113997,tracking,0.3783511584436528,0.00237433184113997,tracking,3.9352452309040187,0,1,1
1392,13.919999999999748,4.939019203186035,1.8696736097335815,0.00010896933235926554,0.3787182867527008,0.3783511584436528,0.00237433184113997,tracking,0.3783511584436528,0.00237433184113997,tracking,3.939032748453502,0,0,0
1393,13.929999999999747,4.942806243896484,1.8696744441986084,0.0002960110723506659,0.37864845991134644,0.3783511584436528,0.00237433184113997,tracking,0.3783511584436528,0.00237433184113997,tracking,3.9428197892558874,0,0,0
1394,13.939999999999747,4.946592330932617,1.8696757555007935,0.0004830111865885556,0.378591924905777,0.3783511584436528,0.00237433184113997,tracking,0.3783511584436528,0.00237433184113997,tracking,3.9466058765191034,0,0,0
1395,13.949999999999747,4.950377941131592,1.869678020477295,0.0006699944497086108,0.3785461187362671,0.3783511584436528,0.00237433184113997,tracking,0.3783511584436528,0.00237433184113997,tracking,3.9503914873956596,0,0,0
1396,13.959999999999747,4.954163551330566,1.8696807622909546,0.0008569791680201888,0.37859630584716797,0.37960152615181847,0.0005738023413814476,tracking,0.37960152615181847,0.0005738023413814476,tracking,3.9541770985875444,0,1,1
1397,13.969999999999747,4.957949638366699,1.8696844577789307,0.0010439800098538399,0.37864410877227783,0.37960152615181847,0.0005738023413814476,tracking,0.37960152615181847,0.0005738023413814476,tracking,3.957963187427205,0,0,0
1398,13.979999999999746,4.96173620223999,1.869688630104065,0.0012310115853324533,0.37868964672088623,0.37960152615181847,0.0005738023413814476,tracking,0.37960152615181847,0.0005738023413814476,tracking,3.9617497535991886,0,0,0
1399,13.989999999999746,4.9655232429504395,1.8696937561035156,0.0014180578291416168,0.3787330090999603,0.37960152615181847,0.0005738023413814476,tracking,0.37960152615181847,0.0005738023413814476,tracking,3.9655367977788187,0,0,0
1400,13.999999999999746,4.969310760498047,1.8696993589401245,0.001605131896212697,0.3787743151187897,0.37960152615181847,0.0005738023413814476,tracking,0.37960152615181847,0.0005738023413814476,tracking,3.969324319470534,0,0,0
1401,14.009999999999746,4.973098278045654,1.8697059154510498,0.0017922032857313752,0.3787163197994232,0.3784693774930672,-0.00220409640998326,tracking,0.3784693774930672,-0.00220409640998326,tracking,3.9731118426930725,0,1,1
1402,14.019999999999746,4.9768853187561035,1.869712471961975,0.0016051663551479578,0.3786693513393402,0.3784693774930672,-0.00220409640998326,tracking,0.3784693774930672,-0.00220409640998326,tracking,3.9768988890791674,0,0,0
1403,14.029999999999745,4.9806718826293945,1.869718074798584,0.0014181433944031596,0.3786313235759735,0.3784693774930672,-0.00220409640998326,tracking,0.3784693774930672,-0.00220409640998326,tracking,3.98068545709761,0,0,0
1404,14.039999999999745,4.984457969665527,1.8697232007980347,0.0012311431346461177,0.37860050797462463,0.3784693774930672,-0.00220409640998326,tracking,0.3784693774930672,-0.00220409640998326,tracking,3.9844715476037975,0,0,0
1405,14.049999999999745,4.98824405670166,1.869727373123169,0.0010441520716995,0.37857556343078613,0.3784693774930672,-0.00220409640998326,tracking,0.3784693774930672,-0.00220409640998326,tracking,3.988257636938912,0,0,0
1406,14.059999999999745,4.992030143737793,1.869731068611145,0.0008571499492973089,0.3786340355873108,0.37980539212832376,-0.00028023533521375713,tracking,0.37980539212832376,-0.00028023533521375713,tracking,3.992043725778573,0,1,1
1407,14.069999999999744,4.995816707611084,1.8697338104248047,0.0006701290258206427,0.3786897361278534,0.37980539212832376,-0.00028023533521375713,tracking,0.37980539212832376,-0.00028023533521375713,tracking,3.995830290644524,0,0,0
1408,14.079999999999744,4.999603748321533,1.8697360754013062,0.0004830723046325147,0.3787427842617035,0.37980539212832376,-0.00028023533521375713,tracking,0.37980539212832376,-0.00028023533521375713,tracking,3.9996173320322987,0,0,0
1409,14.089999999999744,5.003391265869141,1.8697373867034912,0.0002959985285997391,0.37879329919815063,0.37980539212832376,-0.00028023533521375713,tracking,0.37980539212832376,-0.00028023533521375713,tracking,4.003404849806904,0,0,0
1410,14.099999999999744,5.007179260253906,1.869738221168518,0.00010889227269217372,0.37884142994880676,0.37980539212832376,-0.00028023533521375713,tracking,0.37980539212832376,-0.00028023533521375713,tracking,4.0071928442835825,0,0,0
1411,14.109999999999744,5.010967254638672,1.8697381019592285,-7.82027273089625e-05,0.3787248730659485,0.3782286554105373,0.0025507362088262996,tracking,0.3782286554105373,0.0025507362088262996,tracking,4.010980838670224,0,1,1
1412,14.119999999999743,5.014753818511963,1.869737982749939,0.0001088226999854669,0.37863048911094666,0.3782286554105373,0.0025507362088262996,tracking,0.3782286554105373,0.0025507362088262996,tracking,4.014767402545392,0,0,0
1413,14.129999999999743,5.018539905548096,1.8697388172149658,0.000295819976599887,0.3785540759563446,0.3782286554105373,0.0025507362088262996,tracking,0.3782286554105373,0.0025507362088262996,tracking,4.018553489673484,0,0,0
1414,14.139999999999743,5.022325038909912,1.8697401285171509,0.00048277172027155757,0.37849217653274536,0.3782286554105373,0.0025507362088262996,tracking,0.3782286554105373,0.0025507362088262996,tracking,4.02233862326244,0,0,0
1415,14.149999999999743,5.02610969543457,1.8697423934936523,0.000669705041218549,0.37844204902648926,0.3782286554105373,0.0025507362088262996,tracking,0.3782286554105373,0.0025507362088262996,tracking,4.026123280464851,0,0,0
1416,14.159999999999743,5.0298943519592285,1.869745135307312,0.0008566408650949597,0.3784998059272766,0.37965668525263413,0.0004943732362068325,tracking,0.37965668525263413,0.0004943732362068325,tracking,4.029907937982669,0,1,1
1417,14.169999999999742,5.033679485321045,1.869748830795288,0.0010435952572152019,0.3785548210144043,0.37965668525263413,0.0004943732362068325,tracking,0.37965668525263413,0.0004943732362068325,tracking,4.033693073148468,0,0,0
1418,14.179999999999742,5.0374650955200195,1.8697530031204224,0.0012305850395932794,0.37860721349716187,0.37965668525263413,0.0004943732362068325,tracking,0.37965668525263413,0.0004943732362068325,tracking,4.037478685646715,0,0,0
1419,14.189999999999742,5.041251182556152,1.869758129119873,0.0014175915857777,0.37865710258483887,0.37965668525263413,0.0004943732362068325,tracking,0.37965668525263413,0.0004943732362068325,tracking,4.041264776152902,0,0,0
1420,14.199999999999742,5.045038223266602,1.869763731956482,0.0016046302625909448,0.37870463728904724,0.37965668525263413,0.0004943732362068325,tracking,0.37965668525263413,0.0004943732362068325,tracking,4.045051821007981,0,0,0
1421,14.209999999999742,5.048825263977051,1.8697702884674072,0.0017916776705533266,0.37870994210243225,0.37881594174730576,-0.0017050438838797162,tracking,0.37881594174730576,-0.0017050438838797162,tracking,4.048838867394076,0,1,1
1422,14.219999999999741,5.0526123046875,1.8697768449783325,0.00160462677013129,0.37871497869491577,0.37881594174730576,-0.0017050438838797162,tracking,0.37881594174730576,-0.0017050438838797162,tracking,4.052625913780171,0,0,0
1423,14.229999999999741,5.056399345397949,1.8697824478149414,0.0014175742398947477,0.3787197768688202,0.37881594174730576,-0.0017050438838797162,tracking,0.37881594174730576,-0.0017050438838797162,tracking,4.056412958635249,0,0,0
1424,14.23999999999974,5.060186386108398,1.869787573814392,0.001230518682859838,0.3787243366241455,0.37881594174730576,-0.0017050438838797162,tracking,0.37881594174730576,-0.0017050438838797162,tracking,4.060200002814879,0,0,0
1425,14.24999999999974,5.063973426818848,1.8697917461395264,0.0010434616124257445,0.3787286877632141,0.37881594174730576,-0.0017050438838797162,tracking,0.37881594174730576,-0.0017050438838797162,tracking,4.0639870458237315,0,0,0
1426,14.25999999999974,5.067760944366455,1.8697954416275024,0.000856387079693377,0.37877747416496277,0.37975444533597136,-0.00035359871620122517,tracking,0.37975444533597136,-0.00035359871620122517,tracking,4.067774565174186,0,1,1
1427,14.26999999999974,5.071548938751221,1.869798183441162,0.0006692968308925629,0.3788239359855652,0.37975444533597136,-0.00035359871620122517,tracking,0.37975444533597136,-0.00035359871620122517,tracking,4.071562560551237,0,0,0
1428,14.27999999999974,5.0753374099731445,1.8698004484176636,0.0004821767215617001,0.3788681924343109,0.37975444533597136,-0.00035359871620122517,tracking,0.37975444533597136,-0.00035359871620122517,tracking,4.0753510324502304,0,0,0
1429,14.28999999999974,5.079126358032227,1.8698017597198486,0.000295042380457744,0.3789103329181671,0.37975444533597136,-0.00035359871620122517,tracking,0.37975444533597136,-0.00035359871620122517,tracking,4.079139980736224,0,0,0
1430,14.29999999999974,5.082915782928467,1.8698025941848755,0.0001078809509635903,0.37895047664642334,0.37975444533597136,-0.00035359871620122517,tracking,0.37975444533597136,-0.00035359871620122517,tracking,4.082929405724343,0,0,0
1431,14.30999999999974,5.086705207824707,1.869802474975586,-7.928183913463727e-05,0.3789185583591461,0.3787826280972191,0.0017530155400045126,tracking,0.3787826280972191,0.0017530155400045126,tracking,4.086718830622458,0,1,1
1432,14.31999999999974,5.090494155883789,1.8698023557662964,0.00010786181519506499,0.3788926899433136,0.3787826280972191,0.0017530155400045126,tracking,0.3787826280972191,0.0017530155400045126,tracking,4.090507778683415,0,0,0
1433,14.329999999999739,5.094283103942871,1.8698031902313232,0.00029499773518182337,0.37887176871299744,0.3787826280972191,0.0017530155400045126,tracking,0.3787826280972191,0.0017530155400045126,tracking,4.094296726834387,0,0,0
1434,14.339999999999739,5.098071575164795,1.8698045015335083,0.00048212119145318866,0.37885481119155884,0.3787826280972191,0.0017530155400045126,tracking,0.3787826280972191,0.0017530155400045126,tracking,4.098085198283251,0,0,0
1435,14.349999999999739,5.101860046386719,1.8698067665100098,0.0006692396127618849,0.3788410723209381,0.3787826280972191,0.0017530155400045126,tracking,0.3787826280972191,0.0017530155400045126,tracking,4.101873670182245,0,0,0
1436,14.359999999999738,5.105648517608643,1.8698095083236694,0.0008563692099414766,0.3788888156414032,0.3798448334608945,0.00022343981631197307,tracking,0.3798448334608945,0.00022343981631197307,tracking,4.105662142396329,0,1,1
1437,14.369999999999738,5.109437465667725,1.8698132038116455,0.0010435141157358885,0.37893426418304443,0.3798448334608945,0.00022343981631197307,tracking,0.3798448334608945,0.00022343981631197307,tracking,4.1094510922575775,0,0,0
1438,14.379999999999738,5.113226890563965,1.8698173761367798,0.0012306882999837399,0.37897756695747375,0.3798448334608945,0.00022343981631197307,tracking,0.3798448334608945,0.00022343981631197307,tracking,4.113240519450775,0,0,0
1439,14.389999999999738,5.117016792297363,1.8698225021362305,0.0014178763376548886,0.3790188133716583,0.3798448334608945,0.00022343981631197307,tracking,0.3798448334608945,0.00022343981631197307,tracking,4.117030424650736,0,0,0
1440,14.399999999999737,5.12080717086792,1.8698281049728394,0.001605090918019414,0.3790580928325653,0.3798448334608945,0.00022343981631197307,tracking,0.3798448334608945,0.00022343981631197307,tracking,4.120820807362272,0,0,0
1441,14.409999999999737,5.124597072601318,1.8698346614837646,0.001792292925529182,0.37894245982170105,0.37845012044983123,-0.00223182655224305,tracking,0.37845012044983123,-0.00223182655224305,tracking,4.124610714767032,0,1,1
1442,14.419999999999737,5.1283860206604,1.86984121799469,0.0016051596030592918,0.3788488209247589,0.37845012044983123,-0.00223182655224305,tracking,0.37845012044983123,-0.00223182655224305,tracking,4.128399668498902,0,0,0
1443,14.429999999999737,5.132174015045166,1.8698468208312988,0.0014180542202666402,0.3787730038166046,0.37845012044983123,-0.00223182655224305,tracking,0.37845012044983123,-0.00223182655224305,tracking,4.132187667027254,0,0,0
1444,14.439999999999737,5.135961532592773,1.8698519468307495,0.0012309940066188574,0.3787115812301636,0.37845012044983123,-0.00223182655224305,tracking,0.37845012044983123,-0.00223182655224305,tracking,4.135975188043606,0,0,0
1445,14.449999999999736,5.139748573303223,1.8698561191558838,0.0010439521865919232,0.3786618411540985,0.37845012044983123,-0.00223182655224305,tracking,0.37845012044983123,-0.00223182655224305,tracking,4.139762231052458,0,0,0
1446,14.459999999999736,5.143535137176514,1.8698598146438599,0.0008569145575165749,0.3786986768245697,0.3794364121678896,-0.0008115664782389993,tracking,0.3794364121678896,-0.0008115664782389993,tracking,4.14354879672905,0,1,1
1447,14.469999999999736,5.147322177886963,1.8698625564575195,0.000669865112286061,0.37873375415802,0.3794364121678896,-0.0008115664782389993,tracking,0.3794364121678896,-0.0008115664782389993,tracking,4.147335838432034,0,0,0
1448,14.479999999999736,5.15110969543457,1.869864821434021,0.00048279311158694327,0.3787671625614166,0.3794364121678896,-0.0008115664782389993,tracking,0.3794364121678896,-0.0008115664782389993,tracking,4.151123356656882,0,0,0
1449,14.489999999999736,5.154897689819336,1.869866132736206,0.00029571037157438695,0.3787989914417267,0.3794364121678896,-0.0008115664782389993,tracking,0.3794364121678896,-0.0008115664782389993,tracking,4.154911351268616,0,0,0
1450,14.499999999999735,5.158685684204102,1.869866967201233,0.00010860716429306194,0.37882930040359497,0.3794364121678896,-0.0008115664782389993,tracking,0.3794364121678896,-0.0008115664782389993,tracking,4.158699345745295,0,0,0
1451,14.509999999999735,5.162474155426025,1.8698668479919434,-7.85006777732633e-05,0.37882718443870544,0.3788181294321728,0.001701893617671172,tracking,0.3788181294321728,0.001701893617671172,tracking,4.162487816969095,0,1,1
1452,14.519999999999735,5.166262626647949,1.8698667287826538,0.00010860578913707286,0.37882545590400696,0.3788181294321728,0.001701893617671172,tracking,0.3788181294321728,0.001701893617671172,tracking,4.166276288192894,0,0,0
1453,14.529999999999735,5.170051097869873,1.8698675632476807,0.00029571171035058796,0.37882405519485474,0.3788181294321728,0.001701893617671172,tracking,0.3788181294321728,0.001701893617671172,tracking,4.17006475950672,0,0,0
1454,14.539999999999734,5.173839569091797,1.8698688745498657,0.00048281680210493505,0.378822922706604,0.3788181294321728,0.001701893617671172,tracking,0.3788181294321728,0.001701893617671172,tracking,4.173853230955584,0,0,0
1455,14.549999999999734,5.1776275634765625,1.8698711395263672,0.0006699215737171471,0.37882199883461,0.3788181294321728,0.001701893617671172,tracking,0.3788181294321728,0.001701893617671172,tracking,4.177641226017505,0,0,0
1456,14.559999999999734,5.181416034698486,1.8698738813400269,0.000857039587572217,0.378863126039505,0.3796868316272478,0.00045096245676311784,tracking,0.3796868316272478,0.00045096245676311784,tracking,4.181429698231589,0,1,1
1457,14.569999999999734,5.185204982757568,1.869877576828003,0.0010441708145663142,0.37890228629112244,0.3796868316272478,0.00045096245676311784,tracking,0.3796868316272478,0.00045096245676311784,tracking,4.185218648092837,0,0,0
1458,14.579999999999734,5.188994407653809,1.8698817491531372,0.001231327187269926,0.37893959879875183,0.3796868316272478,0.00045096245676311784,tracking,0.3796868316272478,0.00045096245676311784,tracking,4.189008075286035,0,0,0
1459,14.589999999999733,5.192783832550049,1.869886875152588,0.001418495550751686,0.37897512316703796,0.3796868316272478,0.00045096245676311784,tracking,0.3796868316272478,0.00045096245676311784,tracking,4.192797503649273,0,0,0
1460,14.599999999999733,5.196573734283447,1.8698924779891968,0.0016056867316365242,0.3790089786052704,0.3796868316272478,0.00045096245676311784,tracking,0.3796868316272478,0.00045096245676311784,tracking,4.196587409524172,0,0,0
1461,14.609999999999733,5.200363636016846,1.869899034500122,0.001792873372323811,0.37894749641418457,0.3786856730059362,-0.0018926308714518852,tracking,0.3786856730059362,-0.0018926308714518852,tracking,4.200377316928932,0,1,1
1462,14.619999999999733,5.204153060913086,1.8699055910110474,0.001605723169632256,0.37889769673347473,0.3786856730059362,-0.0018926308714518852,tracking,0.3786856730059362,-0.0018926308714518852,tracking,4.204166747497247,0,0,0
1463,14.629999999999733,5.207942008972168,1.8699111938476562,0.0014185878681018949,0.3788573741912842,0.3786856730059362,-0.0018926308714518852,tracking,0.3786856730059362,-0.0018926308714518852,tracking,4.207955699698872,0,0,0
1464,14.639999999999732,5.211730480194092,1.869916319847107,0.00123147654812783,0.37882471084594727,0.3786856730059362,-0.0018926308714518852,tracking,0.3786856730059362,-0.0018926308714518852,tracking,4.211744174388667,0,0,0
1465,14.649999999999732,5.215518474578857,1.8699204921722412,0.0010443750070407987,0.3787982761859894,0.3786856730059362,-0.0018926308714518852,tracking,0.3786856730059362,-0.0018926308714518852,tracking,4.215532171071257,0,0,0
1466,14.659999999999732,5.219306468963623,1.8699241876602173,0.0008572686347179115,0.37883928418159485,0.3796607794639948,-0.0004884775718474784,tracking,0.3796607794639948,-0.0004884775718474784,tracking,4.219320167258643,0,1,1
1467,14.669999999999732,5.223094940185547,1.869926929473877,0.0006701491074636579,0.3788783550262451,0.3796607794639948,-0.0004884775718474784,tracking,0.3796607794639948,-0.0004884775718474784,tracking,4.223108639472727,0,0,0
1468,14.679999999999731,5.226883888244629,1.8699291944503784,0.0004830044344998896,0.37891554832458496,0.3796607794639948,-0.0004884775718474784,tracking,0.3796607794639948,-0.0004884775718474784,tracking,4.226897588208794,0,0,0
1469,14.689999999999731,5.230673313140869,1.8699305057525635,0.00029584779986180365,0.37895098328590393,0.3796607794639948,-0.0004884775718474784,tracking,0.3796607794639948,-0.0004884775718474784,tracking,4.230687013331917,0,0,0
1470,14.699999999999731,5.234463214874268,1.8699313402175903,0.0001086683914763853,0.3789847195148468,0.3796607794639948,-0.0004884775718474784,tracking,0.3796607794639948,-0.0004884775718474784,tracking,4.234476915157183,0,0,0
1471,14.70999999999973,5.238253116607666,1.8699312210083008,-7.851667032809928e-05,0.3789854049682617,0.37899918142029043,0.0014411787547818043,tracking,0.37899918142029043,0.0014411787547818043,tracking,4.238266816892456,0,1,1
1472,14.71999999999973,5.2420430183410645,1.8699311017990112,0.00010866872617043555,0.37898606061935425,0.37899918142029043,0.0014411787547818043,tracking,0.37899918142029043,0.0014411787547818043,tracking,4.24205671862773,0,0,0
1473,14.72999999999973,5.245832920074463,1.869931936264038,0.00029585431911982596,0.3789866864681244,0.37899918142029043,0.0014411787547818043,tracking,0.37899918142029043,0.0014411787547818043,tracking,4.245846620452995,0,0,0
1474,14.73999999999973,5.249622821807861,1.8699332475662231,0.00048304031952284276,0.37898728251457214,0.37899918142029043,0.0014411787547818043,tracking,0.37899918142029043,0.0014411787547818043,tracking,4.249636522413248,0,0,0
1475,14.74999999999973,5.25341272354126,1.8699355125427246,0.0006702265236526728,0.3789878487586975,0.37899918142029043,0.0014411787547818043,tracking,0.37899918142029043,0.0014411787547818043,tracking,4.253426424823461,0,0,0
1476,14.75999999999973,5.257202625274658,1.8699382543563843,0.000857425678987056,0.37902671098709106,0.37980503641122515,0.00028074756783578016,tracking,0.37980503641122515,0.00028074756783578016,tracking,4.257216327548645,0,1,1
1477,14.76999999999973,5.260993003845215,1.8699419498443604,0.0010446372907608747,0.3790637254714966,0.37980503641122515,0.00028074756783578016,tracking,0.37980503641122515,0.00028074756783578016,tracking,4.2610067079206875,0,0,0
1478,14.77999999999973,5.26478385925293,1.8699461221694946,0.001231872709468007,0.3790989816188812,0.37980503641122515,0.00028074756783578016,tracking,0.37980503641122515,0.00028074756783578016,tracking,4.264797565624493,0,0,0
1479,14.78999999999973,5.268575191497803,1.8699512481689453,0.0014191195368766785,0.37913256883621216,0.37980503641122515,0.00028074756783578016,tracking,0.37980503641122515,0.00028074756783578016,tracking,4.26858890133462,0,0,0
1480,14.799999999999729,5.272366523742676,1.8699568510055542,0.0016063879011198878,0.37916454672813416,0.37980503641122515,0.00028074756783578016,tracking,0.37980503641122515,0.00028074756783578016,tracking,4.272380237719431,0,0,0
1481,14.809999999999729,5.276157855987549,1.8699634075164795,0.001793650328181684,0.37909671664237976,0.3788079866274367,-0.0017164992564911758,tracking,0.3788079866274367,-0.0017164992564911758,tracking,4.2761715756335255,0,1,1
1482,14.819999999999729,5.279948711395264,1.8699699640274048,0.0016064280644059181,0.37904179096221924,0.3788079866274367,-0.0017164992564911758,tracking,0.3788079866274367,-0.0017164992564911758,tracking,4.279962436711175,0,0,0
1483,14.829999999999728,5.28373908996582,1.8699755668640137,0.0014192222151905298,0.3789973258972168,0.3788079866274367,-0.0017164992564911758,tracking,0.3788079866274367,-0.0017164992564911758,tracking,4.283752819422712,0,0,0
1484,14.839999999999728,5.287528991699219,1.8699806928634644,0.001232042908668518,0.37896132469177246,0.3788079866274367,-0.0017164992564911758,tracking,0.3788079866274367,-0.0017164992564911758,tracking,4.287542724622672,0,0,0
1485,14.849999999999728,5.291318416595459,1.8699848651885986,0.0010448743123561144,0.3789321482181549,0.3788079866274367,-0.0017164992564911758,tracking,0.3788079866274367,-0.0017164992564911758,tracking,4.29133215181587,0,0,0
1486,14.859999999999728,5.295107841491699,1.8699885606765747,0.0008577079279348254,0.37895455956459045,0.3794035071611131,-0.0008589496879971474,tracking,0.3794035071611131,-0.0008589496879971474,tracking,4.295121578514049,0,1,1
1487,14.869999999999727,5.2988972663879395,1.8699913024902344,0.0006705343257635832,0.37897589802742004,0.3794035071611131,-0.0008589496879971474,tracking,0.3794035071611131,-0.0008589496879971474,tracking,4.2989110044022,0,0,0
1488,14.879999999999727,5.302687168121338,1.8699935674667358,0.0004833470447920263,0.37899622321128845,0.3794035071611131,-0.0008589496879971474,tracking,0.3794035071611131,-0.0008589496879971474,tracking,4.3027009068124125,0,0,0
1489,14.889999999999727,5.306477069854736,1.869994878768921,0.0002961532154586166,0.37901559472084045,0.3794035071611131,-0.0008589496879971474,tracking,0.3794035071611131,-0.0008589496879971474,tracking,4.306490808772666,0,0,0
1490,14.899999999999727,5.310267448425293,1.8699957132339478,0.00010894693696172908,0.37903404235839844,0.3794035071611131,-0.0008589496879971474,tracking,0.3794035071611131,-0.0008589496879971474,tracking,4.310281187435078,0,0,0
1491,14.909999999999727,5.31405782699585,1.8699955940246582,-7.826558430679142e-05,0.37905353307724,0.3794441188624618,0.0008004688380549635,tracking,0.3794441188624618,0.0008004688380549635,tracking,4.3140715660075095,0,1,1
1492,14.919999999999726,5.3178486824035645,1.8699954748153687,0.0001089593642973341,0.3790720999240875,0.3794441188624618,0.0008004688380549635,tracking,0.3794441188624618,0.0008004688380549635,tracking,4.317862421417098,0,0,0
1493,14.929999999999726,5.321639537811279,1.8699963092803955,0.00029619026463478804,0.3790898025035858,0.3794441188624618,0.0008004688380549635,tracking,0.3794441188624618,0.0008004688380549635,tracking,4.321653276916657,0,0,0
1494,14.939999999999726,5.325430393218994,1.8699976205825806,0.00048343255184590816,0.37910664081573486,0.3794441188624618,0.0008004688380549635,tracking,0.3794441188624618,0.0008004688380549635,tracking,4.325444132551169,0,0,0
1495,14.949999999999726,5.329221725463867,1.869999885559082,0.0006706802523694932,0.37912267446517944,0.3794441188624618,0.0008004688380549635,tracking,0.3794441188624618,0.0008004688380549635,tracking,4.329235465472601,0,0,0
1496,14.959999999999726,5.33301305770874,1.8700023889541626,0.0006706801941618323,0.37916433811187744,0.37999864434112296,1.952148782935134e-06,tracking,0.37999864434112296,1.952148782935134e-06,tracking,4.333026798543963,0,1,1
1497,14.969999999999725,5.3368048667907715,1.8700048923492432,0.0006706801359541714,0.37920400500297546,0.37999864434112296,1.952148782935134e-06,tracking,0.37999864434112296,1.952148782935134e-06,tracking,4.336818608452378,0,0,0
1498,14.979999999999725,5.340597152709961,1.8700073957443237,0.0006706800777465105,0.37924179434776306,0.37999864434112296,1.952148782935134e-06,tracking,0.37999864434112296,1.952148782935134e-06,tracking,4.340610895197848,0,0,0
1499,14.989999999999725,5.344389915466309,1.8700098991394043,0.0006706800195388496,0.3792777955532074,0.37999864434112296,1.952148782935134e-06,tracking,0.37999864434112296,1.952148782935134e-06,tracking,4.344403658780373,0,0,0
1500,14.999999999999725,5.348182678222656,1.8700124025344849,0.0006706799613311887,0.37931206822395325,0.37999864434112296,1.952148782935134e-06,tracking,0.37999864434112296,1.952148782935134e-06,tracking,4.348196422362898,0,0,0
1501,15.009999999999724,5.351975917816162,1.8700149059295654,0.0006706799031235278,0.3793416917324066,0.3799348461128165,-9.382159754419599e-05,tracking,0.3799348461128165,-9.382159754419599e-05,tracking,4.3519896627824775,0,1,1
1502,15.019999999999724,5.355769634246826,1.870017409324646,0.0006706798449158669,0.3793698847293854,0.3799348461128165,-9.382159754419599e-05,tracking,0.3799348461128165,-9.382159754419599e-05,tracking,4.355783380039111,0,0,0
1503,15.029999999999724,5.35956335067749,1.8700199127197266,0.0006706797867082059,0.3793967366218567,0.3799348461128165,-9.382159754419599e-05,tracking,0.3799348461128165,-9.382159754419599e-05,tracking,4.359577097295745,0,0,0
1504,15.039999999999724,5.3633575439453125,1.8700224161148071,0.000670679728500545,0.3794223368167877,0.3799348461128165,-9.382159754419599e-05,tracking,0.3799348461128165,-9.382159754419599e-05,tracking,4.3633712913894325,0,0,0
1505,15.049999999999724,5.367151737213135,1.8700249195098877,0.0006706796702928841,0.37944671511650085,0.3799348461128165,-9.382159754419599e-05,tracking,0.3799348461128165,-9.382159754419599e-05,tracking,4.36716548548312,0,0,0
1506,15.059999999999723,5.370946407318115,1.8700276613235474,0.000858099723700434,0.37946808338165283,0.3798961743767708,0.0001495088974500327,tracking,0.3798961743767708,0.0001495088974500327,tracking,4.37096015657864,0,1,1
1507,15.069999999999723,5.374741077423096,1.8700313568115234,0.0010455265874043107,0.37948843836784363,0.3798961743767708,0.0001495088974500327,tracking,0.3798961743767708,0.0001495088974500327,tracking,4.374754828483069,0,0,0
1508,15.079999999999723,5.378536224365234,1.8700355291366577,0.001232966547831893,0.379507839679718,0.3798961743767708,0.0001495088974500327,tracking,0.3798961743767708,0.0001495088974500327,tracking,4.378549977718701,0,0,0
1509,15.089999999999723,5.382331371307373,1.8700406551361084,0.0014204127946868539,0.3795263171195984,0.3798961743767708,0.0001495088974500327,tracking,0.3798961743767708,0.0001495088974500327,tracking,4.382345128122611,0,0,0
1510,15.099999999999723,5.386126518249512,1.8700462579727173,0.0016078709159046412,0.37954390048980713,0.3798961743767708,0.0001495088974500327,tracking,0.3798961743767708,0.0001495088974500327,tracking,4.386140279200527,0,0,0
1511,15.109999999999722,5.389920711517334,1.8700528144836426,0.00179529027082026,0.379290908575058,0.37821377968051245,-0.0025721572600620967,tracking,0.37821377968051245,-0.0025721572600620967,tracking,4.389934478133296,0,1,1
1512,15.119999999999722,5.393712520599365,1.8700593709945679,0.0016080215573310852,0.37908604741096497,0.37821377968051245,-0.0025721572600620967,tracking,0.37821377968051245,-0.0025721572600620967,tracking,4.393726292883835,0,0,0
1513,15.129999999999722,5.397502422332764,1.8700649738311768,0.0014208138454705477,0.37892013788223267,0.37821377968051245,-0.0025721572600620967,tracking,0.37821377968051245,-0.0025721572600620967,tracking,4.397516198758734,0,0,0
1514,15.139999999999722,5.4012908935546875,1.8700700998306274,0.0012337049702182412,0.37878578901290894,0.37821377968051245,-0.0025721572600620967,tracking,0.37821377968051245,-0.0025721572600620967,tracking,4.4013046734485295,0,0,0
1515,15.149999999999721,5.405078411102295,1.8700742721557617,0.0010466361418366432,0.37867698073387146,0.37821377968051245,-0.0025721572600620967,tracking,0.37821377968051245,-0.0025721572600620967,tracking,4.405092193294251,0,0,0
1516,15.159999999999721,5.408865451812744,1.8700779676437378,0.0008595905965194106,0.3787151873111725,0.379480234081387,-0.0007484629228027419,tracking,0.379480234081387,-0.0007484629228027419,tracking,4.408879235807774,0,1,1
1517,15.169999999999721,5.412652969360352,1.8700807094573975,0.0006725327693857253,0.37875157594680786,0.379480234081387,-0.0007484629228027419,tracking,0.379480234081387,-0.0007484629228027419,tracking,4.412666754347791,0,0,0
1518,15.17999999999972,5.416440486907959,1.870082974433899,0.0004854515427723527,0.37878623604774475,0.379480234081387,-0.0007484629228027419,tracking,0.379480234081387,-0.0007484629228027419,tracking,4.416454272572639,0,0,0
1519,15.18999999999972,5.420228481292725,1.870084285736084,0.00029835919849574566,0.37881922721862793,0.379480234081387,-0.0007484629228027419,tracking,0.379480234081387,-0.0007484629228027419,tracking,4.420242267184373,0,0,0
1520,15.19999999999972,5.424016952514648,1.8700851202011108,0.00011124563025077805,0.37885066866874695,0.379480234081387,-0.0007484629228027419,tracking,0.379480234081387,-0.0007484629228027419,tracking,4.424030738498199,0,0,0
1521,15.20999999999972,5.427805423736572,1.8700851202011108,-7.587830623378977e-05,0.37888219952583313,0.37951353349526906,0.0007005117668125943,tracking,0.37951353349526906,0.0007005117668125943,tracking,4.4278192097201226,0,1,1
1522,15.21999999999972,5.431594371795654,1.8700851202011108,0.00011126578465336934,0.37891221046447754,0.37951353349526906,0.0007005117668125943,tracking,0.37951353349526906,0.0007005117668125943,tracking,4.431608157779205,0,0,0
1523,15.22999999999972,5.4353837966918945,1.8700860738754272,0.000298419501632452,0.37894079089164734,0.37951353349526906,0.0007005117668125943,tracking,0.37951353349526906,0.0007005117668125943,tracking,4.435397582795449,0,0,0
1524,15.23999999999972,5.439173221588135,1.8700873851776123,0.0004855915904045105,0.3789680302143097,0.37951353349526906,0.0007005117668125943,tracking,0.37951353349526906,0.0007005117668125943,tracking,4.439187007918573,0,0,0
1525,15.24999999999972,5.442963123321533,1.8700896501541138,0.000672772410325706,0.378993958234787,0.37951353349526906,0.0007005117668125943,tracking,0.37951353349526906,0.0007005117668125943,tracking,4.4429769103287855,0,0,0
1526,15.25999999999972,5.44675350189209,1.8700923919677734,0.0008599761058576405,0.37903735041618347,0.37990663544966646,0.00013444495248028914,tracking,0.37990663544966646,0.00013444495248028914,tracking,4.446767289891003,0,1,1
1527,15.269999999999719,5.4505438804626465,1.8700960874557495,0.0010471937712281942,0.3790786862373352,0.37990663544966646,0.00013444495248028914,tracking,0.37990663544966646,0.00013444495248028914,tracking,4.450557670263046,0,0,0
1528,15.279999999999719,5.454334735870361,1.8701002597808838,0.0012344379210844636,0.37911805510520935,0.37990663544966646,0.00013444495248028914,tracking,0.37990663544966646,0.00013444495248028914,tracking,4.454348527966851,0,0,0
1529,15.289999999999718,5.458126068115234,1.8701053857803345,0.001421694760210812,0.37915554642677307,0.37990663544966646,0.00013444495248028914,tracking,0.37990663544966646,0.00013444495248028914,tracking,4.458139863676978,0,0,0
1530,15.299999999999718,5.461917877197266,1.8701109886169434,0.0016089756973087788,0.37919124960899353,0.37990663544966646,0.00013444495248028914,tracking,0.37990663544966646,0.00013444495248028914,tracking,4.461931676898427,0,0,0
1531,15.309999999999718,5.4657087326049805,1.8701175451278687,0.0017962289275601506,0.3789868950843811,0.3781168535285808,-0.00271173091884363,tracking,0.3781168535285808,-0.00271173091884363,tracking,4.4657225379760765,0,1,1
1532,15.319999999999718,5.4694976806640625,1.870124101638794,0.001609097351320088,0.37882140278816223,0.3781168535285808,-0.00271173091884363,tracking,0.3781168535285808,-0.00271173091884363,tracking,4.469511491707947,0,0,0
1533,15.329999999999718,5.47328519821167,1.8701297044754028,0.0014220151351764798,0.37868738174438477,0.3781168535285808,-0.00271173091884363,tracking,0.3781168535285808,-0.00271173091884363,tracking,4.473299013399662,0,0,0
1534,15.339999999999717,5.477071762084961,1.8701348304748535,0.001235012779943645,0.37857887148857117,0.3781168535285808,-0.00271173091884363,tracking,0.3781168535285808,-0.00271173091884363,tracking,4.47708558074257,0,0,0
1535,15.349999999999717,5.480856895446777,1.8701390027999878,0.001048042788170278,0.37849098443984985,0.3781168535285808,-0.00271173091884363,tracking,0.3781168535285808,-0.00271173091884363,tracking,4.480870716403948,0,0,0
1536,15.359999999999717,5.484642028808594,1.8701426982879639,0.0008610875811427832,0.37853384017944336,0.37939227322957814,-0.0008751265494075112,tracking,0.37939227322957814,-0.0008751265494075112,tracking,4.484655851569747,0,1,1
1537,15.369999999999717,5.488427639007568,1.8701454401016235,0.0006741185788996518,0.3785746693611145,0.37939227322957814,-0.0008751265494075112,tracking,0.37939227322957814,-0.0008751265494075112,tracking,4.488441462761632,0,0,0
1538,15.379999999999717,5.492213726043701,1.870147705078125,0.00048712335410527885,0.37861353158950806,0.37939227322957814,-0.0008751265494075112,tracking,0.37939227322957814,-0.0008751265494075112,tracking,4.492227550475261,0,0,0
1539,15.389999999999716,5.495999813079834,1.8701491355895996,0.00030011564376764,0.3786505460739136,0.37939227322957814,-0.0008751265494075112,tracking,0.37939227322957814,-0.0008751265494075112,tracking,4.496013637781641,0,0,0
1540,15.399999999999716,5.499786376953125,1.870150089263916,0.00011308412649668753,0.3786858022212982,0.37939227322957814,-0.0008751265494075112,tracking,0.37939227322957814,-0.0008751265494075112,tracking,4.499800201775027,0,0,0
1541,15.409999999999716,5.503573417663574,1.870150089263916,-7.396297587547451e-05,0.3787452280521393,0.37993585970925964,9.236201866609983e-05,tracking,0.37993585970925964,9.236201866609983e-05,tracking,4.503587242485477,0,1,1
1542,15.419999999999716,5.507360935211182,1.870149850845337,-7.396303408313543e-05,0.3788018524646759,0.37993585970925964,9.236201866609983e-05,tracking,0.37993585970925964,9.236201866609983e-05,tracking,4.507374760040588,0,0,0
1543,15.429999999999715,5.5111494064331055,1.8701496124267578,-7.396309229079634e-05,0.37885576486587524,0.37993585970925964,9.236201866609983e-05,tracking,0.37993585970925964,9.236201866609983e-05,tracking,4.5111632312700145,0,0,0
1544,15.439999999999715,5.5149383544921875,1.8701493740081787,-7.396315049845725e-05,0.37890711426734924,0.37993585970925964,9.236201866609983e-05,tracking,0.37993585970925964,9.236201866609983e-05,tracking,4.514952179336598,0,0,0
1545,15.449999999999715,5.518727779388428,1.8701491355895996,-7.396320870611817e-05,0.37895601987838745,0.37993585970925964,9.236201866609983e-05,tracking,0.37993585970925964,9.236201866609983e-05,tracking,4.518741604240339,0,0,0
1546,15.459999999999715,5.522517204284668,1.8701491355895996,0.00011320893827360123,0.378960520029068,0.379050449588809,0.0013673525921150407,tracking,0.379050449588809,0.0013673525921150407,tracking,4.522531029136579,0,1,1
1547,15.469999999999715,5.526306629180908,1.870150089263916,0.00030038252589292824,0.3789648115634918,0.379050449588809,0.0013673525921150407,tracking,0.379050449588809,0.0013673525921150407,tracking,4.526320454152824,0,0,0
1548,15.479999999999714,5.530096530914307,1.8701515197753906,0.0004875588638242334,0.37896889448165894,0.379050449588809,0.0013673525921150407,tracking,0.379050449588809,0.0013673525921150407,tracking,4.530110356156198,0,0,0
1549,15.489999999999714,5.533886432647705,1.870153784751892,0.0006747365114279091,0.37897276878356934,0.379050449588809,0.0013673525921150407,tracking,0.379050449588809,0.0013673525921150407,tracking,4.533900258566411,0,0,0
1550,15.499999999999714,5.5376763343811035,1.8701565265655518,0.0008619166328571737,0.3789764642715454,0.379050449588809,0.0013673525921150407,tracking,0.379050449588809,0.0013673525921150407,tracking,4.537690161291595,0,0,0
1551,15.509999999999714,5.541466236114502,1.8701602220535278,0.0010490947170183063,0.37896016240119934,0.3788906978308698,-0.0015973951235474775,tracking,0.3788906978308698,-0.0015973951235474775,tracking,4.541480064826706,0,1,1
1552,15.519999999999714,5.545255661010742,1.870163917541504,0.0008619262371212244,0.3789469599723816,0.3788906978308698,-0.0015973951235474775,tracking,0.3788906978308698,-0.0015973951235474775,tracking,4.545269491524885,0,0,0
1553,15.529999999999713,5.549045085906982,1.8701666593551636,0.0006747617153450847,0.3789362609386444,0.3788906978308698,-0.0015973951235474775,tracking,0.3788906978308698,-0.0015973951235474775,tracking,4.549058917413036,0,0,0
1554,15.539999999999713,5.552834510803223,1.870168924331665,0.0004876035382039845,0.3789275884628296,0.3788906978308698,-0.0015973951235474775,tracking,0.3788906978308698,-0.0015973951235474775,tracking,4.5528483429861755,0,0,0
1555,15.549999999999713,5.556623935699463,1.8701703548431396,0.000300447951303795,0.3789205849170685,0.3788906978308698,-0.0015973951235474775,tracking,0.3788906978308698,-0.0015973951235474775,tracking,4.5566377681524255,0,0,0
1556,15.559999999999713,5.560413360595703,1.8701717853546143,0.0004876137536484748,0.37895894050598145,0.37972710820151095,0.00039296418982426957,tracking,0.37972710820151095,0.00039296418982426957,tracking,4.5604271933186755,0,1,1
1557,15.569999999999713,5.564203262329102,1.8701740503311157,0.0006747918669134378,0.37899547815322876,0.37972710820151095,0.00039296418982426957,tracking,0.37972710820151095,0.00039296418982426957,tracking,4.564217095728888,0,0,0
1558,15.579999999999712,5.5679931640625,1.8701767921447754,0.0008619934669695795,0.3790302574634552,0.37972710820151095,0.00039296418982426957,tracking,0.37972710820151095,0.00039296418982426957,tracking,4.568006998454072,0,0,0
1559,15.589999999999712,5.571783542633057,1.8701804876327515,0.0010492062428966165,0.3790633976459503,0.37972710820151095,0.00039296418982426957,tracking,0.37972710820151095,0.00039296418982426957,tracking,4.571797378826115,0,0,0
1560,15.599999999999712,5.5755743980407715,1.8701846599578857,0.0012364402646198869,0.3790949583053589,0.37972710820151095,0.00039296418982426957,tracking,0.37972710820151095,0.00039296418982426957,tracking,4.57558823652992,0,0,0
1561,15.609999999999712,5.57936429977417,1.8701897859573364,0.0014236512361094356,0.37892287969589233,0.37819026995325505,-0.0026060112673127484,tracking,0.37819026995325505,-0.0026060112673127484,tracking,4.5793781417298804,0,1,1
1562,15.619999999999711,5.583152770996094,1.870194911956787,0.0012365427101030946,0.37878355383872986,0.37819026995325505,-0.0026060112673127484,tracking,0.37819026995325505,-0.0026060112673127484,tracking,4.583166616419676,0,0,0
1563,15.629999999999711,5.586939811706543,1.8701990842819214,0.0010494757443666458,0.37867072224617004,0.37819026995325505,-0.0026060112673127484,tracking,0.37819026995325505,-0.0026060112673127484,tracking,4.586953659428528,0,0,0
1564,15.639999999999711,5.590725898742676,1.8702027797698975,0.0008624759502708912,0.37857934832572937,0.37819026995325505,-0.0026060112673127484,tracking,0.37819026995325505,-0.0026060112673127484,tracking,4.590739748268189,0,0,0
1565,15.64999999999971,5.59451150894165,1.8702055215835571,0.0006755033973604441,0.3785053491592407,0.37819026995325505,-0.0026060112673127484,tracking,0.37819026995325505,-0.0026060112673127484,tracking,4.594525359460073,0,0,0
1566,15.65999999999971,5.598296642303467,1.8702077865600586,0.0004885410889983177,0.3785482347011566,0.3794073118142076,-0.0008534709875410605,tracking,0.3794073118142076,-0.0008534709875410605,tracking,4.5983104934995565,0,1,1
1567,15.66999999999971,5.602082252502441,1.8702092170715332,0.0003015649854205549,0.37858909368515015,0.3794073118142076,-0.0008534709875410605,tracking,0.3794073118142076,-0.0008534709875410605,tracking,4.602096103968813,0,0,0
1568,15.67999999999971,5.605868339538574,1.8702101707458496,0.00011456262291176245,0.3786279857158661,0.3794073118142076,-0.0008534709875410605,tracking,0.3794073118142076,-0.0008534709875410605,tracking,4.605882191125056,0,0,0
1569,15.68999999999971,5.609654903411865,1.8702101707458496,-7.245223241625354e-05,0.378665030002594,0.3794073118142076,-0.0008534709875410605,tracking,0.3794073118142076,-0.0008534709875410605,tracking,4.609668754998347,0,0,0
1570,15.69999999999971,5.6134419441223145,1.8702096939086914,-0.00025949091650545597,0.378700315952301,0.3794073118142076,-0.0008534709875410605,tracking,0.3794073118142076,-0.0008534709875410605,tracking,4.613455795738815,0,0,0
1571,15.70999999999971,5.617228984832764,1.8702082633972168,-0.00044653951772488654,0.3787252902984619,0.3792257306980959,0.001114947794741901,tracking,0.3792257306980959,0.001114947794741901,tracking,4.617242836719444,0,1,1
1572,15.71999999999971,5.621016502380371,1.8702068328857422,-0.0002594749676063657,0.3787490725517273,0.3792257306980959,0.001114947794741901,tracking,0.3792257306980959,0.001114947794741901,tracking,4.621030354537197,0,0,0
1573,15.729999999999709,5.6248040199279785,1.870206356048584,-7.240280683618039e-05,0.37877175211906433,0.3792257306980959,0.001114947794741901,tracking,0.3792257306980959,0.001114947794741901,tracking,4.6248178721148205,0,0,0
1574,15.739999999999709,5.628592014312744,1.870206356048584,0.00011468394222902134,0.378793329000473,0.3792257306980959,0.001114947794741901,tracking,0.3792257306980959,0.001114947794741901,tracking,4.628605866499586,0,0,0
1575,15.749999999999709,5.63238000869751,1.8702073097229004,0.00030177761800587177,0.37881389260292053,0.3792257306980959,0.001114947794741901,tracking,0.3792257306980959,0.001114947794741901,tracking,4.6323938610044015,0,0,0
1576,15.759999999999708,5.636168479919434,1.870208740234375,0.0004888917901553214,0.37885546684265137,0.37968849863013787,0.0004485619726015077,tracking,0.37968849863013787,0.0004485619726015077,tracking,4.636182332496403,0,1,1
1577,15.769999999999708,5.639957427978516,1.870211124420166,0.0006760192918591201,0.3788950741291046,0.37968849863013787,0.0004485619726015077,tracking,0.37968849863013787,0.0004485619726015077,tracking,4.639971281305606,0,0,0
1578,15.779999999999708,5.643746376037598,1.8702138662338257,0.000863172288518399,0.37893280386924744,0.37968849863013787,0.0004485619726015077,tracking,0.37968849863013787,0.0004485619726015077,tracking,4.643760230356724,0,0,0
1579,15.789999999999708,5.647535800933838,1.8702175617218018,0.001050337334163487,0.378968745470047,0.37968849863013787,0.0004485619726015077,tracking,0.37968849863013787,0.0004485619726015077,tracking,4.6475496570549035,0,0,0
1580,15.799999999999708,5.651325702667236,1.870221734046936,0.0012375254882499576,0.37900295853614807,0.37968849863013787,0.0004485619726015077,tracking,0.37968849863013787,0.0004485619726015077,tracking,4.65133956108497,0,0,0
1581,15.809999999999707,5.655115127563477,1.8702268600463867,0.0014247038634493947,0.37890928983688354,0.3785104429038646,-0.002144962218435017,tracking,0.3785104429038646,-0.002144962218435017,tracking,4.655128989448208,0,1,1
1582,15.819999999999707,5.658904075622559,1.8702319860458374,0.0012375811347737908,0.37883344292640686,0.3785104429038646,-0.002144962218435017,tracking,0.3785104429038646,-0.002144962218435017,tracking,4.658917940974725,0,0,0
1583,15.829999999999707,5.662692070007324,1.8702361583709717,0.0010504809906706214,0.3787720203399658,0.3785104429038646,-0.002144962218435017,tracking,0.3785104429038646,-0.002144962218435017,tracking,4.662705937657314,0,0,0
1584,15.839999999999707,5.666479587554932,1.8702398538589478,0.0008634174591861665,0.37872228026390076,0.3785104429038646,-0.002144962218435017,tracking,0.3785104429038646,-0.002144962218435017,tracking,4.6664934570077685,0,0,0
1585,15.849999999999707,5.670266628265381,1.8702425956726074,0.0006763687706552446,0.3786819875240326,0.3785104429038646,-0.002144962218435017,tracking,0.3785104429038646,-0.002144962218435017,tracking,4.670280498710753,0,0,0
1586,15.859999999999706,5.67405366897583,1.8702449798583984,0.000489324564114213,0.37870854139328003,0.3792405008607839,-0.0010936787604711902,tracking,0.3792405008607839,-0.0010936787604711902,tracking,4.674067540171701,0,1,1
1587,15.869999999999706,5.677840709686279,1.870246410369873,0.000302271859254688,0.3787338435649872,0.3792405008607839,-0.0010936787604711902,tracking,0.3792405008607839,-0.0010936787604711902,tracking,4.67785458115233,0,0,0
1588,15.879999999999706,5.681628227233887,1.8702473640441895,0.00011520287807798013,0.37875792384147644,0.3792405008607839,-0.0010936787604711902,tracking,0.3792405008607839,-0.0010936787604711902,tracking,4.681642098820002,0,0,0
1589,15.889999999999706,5.685415744781494,1.8702473640441895,-7.187383744167164e-05,0.37878087162971497,0.3792405008607839,-0.0010936787604711902,tracking,0.3792405008607839,-0.0010936787604711902,tracking,4.6854296163676095,0,0,0
1590,15.899999999999705,5.68920373916626,1.8702468872070312,-0.00025896530132740736,0.37880271673202515,0.3792405008607839,-0.0010936787604711902,tracking,0.3792405008607839,-0.0010936787604711902,tracking,4.6892176107823875,0,0,0
1591,15.909999999999705,5.692991733551025,1.8702454566955566,-0.000446064630523324,0.37882858514785767,0.37934678159797974,0.0009406344989091706,tracking,0.37934678159797974,0.0009406344989091706,tracking,4.693005605437265,0,1,1
1592,15.919999999999705,5.696780204772949,1.870244026184082,-0.0002589487994555384,0.3788532316684723,0.37934678159797974,0.0009406344989091706,tracking,0.37934678159797974,0.0009406344989091706,tracking,4.696794076929266,0,0,0
1593,15.929999999999705,5.700568675994873,1.8702435493469238,-7.182505214586854e-05,0.3788766860961914,0.37934678159797974,0.0009406344989091706,tracking,0.37934678159797974,0.0009406344989091706,tracking,4.700582548181199,0,0,0
1594,15.939999999999705,5.704357624053955,1.8702435493469238,0.00011531377822393551,0.3788990378379822,0.37934678159797974,0.0009406344989091706,tracking,0.37934678159797974,0.0009406344989091706,tracking,4.704371496240281,0,0,0
1595,15.949999999999704,5.708146572113037,1.8702445030212402,0.00030245978268794715,0.378920316696167,0.37934678159797974,0.0009406344989091706,tracking,0.37934678159797974,0.0009406344989091706,tracking,4.7081604444193825,0,0,0
1596,15.959999999999704,5.711935997009277,1.8702454566955566,0.00011529106268426403,0.3789675533771515,0.3799134996784282,-0.00012456046306343537,tracking,0.3799134996784282,-0.00012456046306343537,tracking,4.711949869435627,0,1,1
1597,15.969999999999704,5.715725898742676,1.8702454566955566,-7.189281313912943e-05,0.3790125250816345,0.3799134996784282,-0.00012456046306343537,tracking,0.3799134996784282,-0.00012456046306343537,tracking,4.715739771169026,0,0,0
1598,15.979999999999704,5.719516277313232,1.8702449798583984,-0.0002591056108940393,0.379055380821228,0.3799134996784282,-0.00012456046306343537,tracking,0.3799134996784282,-0.00012456046306343537,tracking,4.719530149769576,0,0,0
1599,15.989999999999704,5.723307132720947,1.8702435493469238,-0.00044633218203671277,0.3790961802005768,0.3799134996784282,-0.00012456046306343537,tracking,0.3799134996784282,-0.00012456046306343537,tracking,4.723321005447199,0,0,0
1600,15.999999999999703,5.72709846496582,1.870241641998291,-0.0006335849757306278,0.37913504242897034,0.3799134996784282,-0.00012456046306343537,tracking,0.3799134996784282,-0.00012456046306343537,tracking,4.727112338171847,0,0,0
1601,16.009999999999703,5.730889797210693,1.8702387809753418,-0.0008208397775888443,0.3791084885597229,0.3789953759671202,0.0014466586073469453,tracking,0.3789953759671202,0.0014466586073469453,tracking,4.730903671496216,0,1,1
1602,16.019999999999705,5.734680652618408,1.8702359199523926,-0.0006336008664220572,0.379086971282959,0.3789953759671202,0.0014466586073469453,tracking,0.3789953759671202,0.0014466586073469453,tracking,4.734694527983562,0,0,0
1603,16.029999999999706,5.738471508026123,1.8702340126037598,-0.0004463684163056314,0.37906956672668457,0.3789953759671202,0.0014466586073469453,tracking,0.3789953759671202,0.0014466586073469453,tracking,4.7384853838711125,0,0,0
1604,16.039999999999708,5.742262363433838,1.8702325820922852,-0.00025914632715284824,0.3790554702281952,0.3789953759671202,0.0014466586073469453,tracking,0.3789953759671202,0.0014466586073469453,tracking,4.742276239548735,0,0,0
1605,16.04999999999971,5.7460527420043945,1.870232105255127,-7.192844350356609e-05,0.3790440559387207,0.3789953759671202,0.0014466586073469453,tracking,0.3789953759671202,0.0014466586073469453,tracking,4.746066618149285,0,0,0
1606,16.05999999999971,5.749843597412109,1.8702318668365479,-7.192851626314223e-05,0.3790892958641052,0.3799957572378231,-6.109577534772412e-06,tracking,0.3799957572378231,-6.109577534772412e-06,tracking,4.749857473564497,0,1,1
1607,16.069999999999713,5.753634929656982,1.8702316284179688,-7.192858902271837e-05,0.37913239002227783,0.3799957572378231,-6.109577534772412e-06,tracking,0.3799957572378231,-6.109577534772412e-06,tracking,4.753648805816867,0,0,0
1608,16.079999999999714,5.7574262619018555,1.8702313899993896,-7.192866178229451e-05,0.3791734576225281,0.3799957572378231,-6.109577534772412e-06,tracking,0.3799957572378231,-6.109577534772412e-06,tracking,4.757440138069236,0,0,0
1609,16.089999999999716,5.761218070983887,1.8702311515808105,-7.192873454187065e-05,0.37921255826950073,0.3799957572378231,-6.109577534772412e-06,tracking,0.3799957572378231,-6.109577534772412e-06,tracking,4.7612319471587625,0,0,0
1610,16.099999999999717,5.765010356903076,1.8702309131622314,-7.19288073014468e-05,0.37924981117248535,0.3799957572378231,-6.109577534772412e-06,tracking,0.3799957572378231,-6.109577534772412e-06,tracking,4.765024233085446,0,0,0
1611,16.10999999999972,5.768803119659424,1.8702309131622314,0.00011539256229298189,0.3792668581008911,0.3796080831895831,0.000564360207000303,tracking,0.3796080831895831,0.000564360207000303,tracking,4.768816995841794,0,1,1
1612,16.11999999999972,5.7725958824157715,1.8702318668365479,0.0003027194179594517,0.37928307056427,0.3796080831895831,0.000564360207000303,tracking,0.3796080831895831,0.000564360207000303,tracking,4.7726097587180405,0,0,0
1613,16.129999999999722,5.776388645172119,1.8702332973480225,0.0004900567000731826,0.37929853796958923,0.3796080831895831,0.000564360207000303,tracking,0.3796080831895831,0.000564360207000303,tracking,4.77640252174416,0,0,0
1614,16.139999999999723,5.780181884765625,1.8702356815338135,0.0006773989298380911,0.37931326031684875,0.3796080831895831,0.000564360207000303,tracking,0.3796080831895831,0.000564360207000303,tracking,4.780195762086938,0,0,0
1615,16.149999999999725,5.783975124359131,1.8702385425567627,0.0008647506474517286,0.37932726740837097,0.3796080831895831,0.000564360207000303,tracking,0.3796080831895831,0.000564360207000303,tracking,4.783989002759397,0,0,0
1616,16.159999999999727,5.7877678871154785,1.8702422380447388,0.0010520899668335915,0.3792381286621094,0.37885858054938,-0.0016436440088928605,tracking,0.37885858054938,-0.0016436440088928605,tracking,4.7877817673160985,0,1,1
1617,16.169999999999728,5.79155969619751,1.8702459335327148,0.0008648036164231598,0.3791659474372864,0.37885858054938,-0.0016436440088928605,tracking,0.37885858054938,-0.0016436440088928605,tracking,4.791573578198936,0,0,0
1618,16.17999999999973,5.795351028442383,1.870248794555664,0.0006775387446396053,0.3791074752807617,0.37885858054938,-0.0016436440088928605,tracking,0.37885858054938,-0.0016436440088928605,tracking,4.795364911523305,0,0,0
1619,16.18999999999973,5.799141883850098,1.870251178741455,0.0004903087392449379,0.37906011939048767,0.37885858054938,-0.0016436440088928605,tracking,0.37885858054938,-0.0016436440088928605,tracking,4.799155767680764,0,0,0
1620,16.199999999999733,5.802932262420654,1.8702526092529297,0.000303092849208042,0.3790217936038971,0.37885858054938,-0.0016436440088928605,tracking,0.37885858054938,-0.0016436440088928605,tracking,4.802946146521262,0,0,0
1621,16.209999999999734,5.806722640991211,1.8702540397644043,0.0004903096705675125,0.37906327843666077,0.37989427218092237,0.0001522480594717923,tracking,0.37989427218092237,0.0001522480594717923,tracking,4.80673652536176,0,1,1
1622,16.219999999999736,5.810513496398926,1.8702564239501953,0.0006775397923775017,0.37910279631614685,0.37989427218092237,0.0001522480594717923,tracking,0.37989427218092237,0.0001522480594717923,tracking,4.810527381519219,0,0,0
1623,16.229999999999738,5.814304828643799,1.8702592849731445,0.0008647953509353101,0.3791404366493225,0.37989427218092237,0.0001522480594717923,tracking,0.37989427218092237,0.0001522480594717923,tracking,4.814318714843588,0,0,0
1624,16.23999999999974,5.81809663772583,1.8702629804611206,0.0010520629584789276,0.3791762888431549,0.37989427218092237,0.0001522480594717923,tracking,0.37989427218092237,0.0001522480594717923,tracking,4.818110525726426,0,0,0
1625,16.24999999999974,5.821888446807861,1.8702671527862549,0.0012393536744639277,0.3792104423046112,0.37989427218092237,0.0001522480594717923,tracking,0.37989427218092237,0.0001522480594717923,tracking,4.82190233710397,0,0,0
1626,16.259999999999742,5.825679779052734,1.8702722787857056,0.0014266216894611716,0.37903860211372375,0.37830694212891874,-0.0024380033343569868,tracking,0.37830694212891874,-0.0024380033343569868,tracking,4.825693672814097,0,1,1
1627,16.269999999999744,5.829469680786133,1.8702774047851562,0.0012394558871164918,0.3788994550704956,0.37830694212891874,-0.0024380033343569868,tracking,0.37830694212891874,-0.0024380033343569868,tracking,4.829483578014058,0,0,0
1628,16.279999999999745,5.833258152008057,1.8702815771102905,0.0010523316450417042,0.37878677248954773,0.37830694212891874,-0.0024380033343569868,tracking,0.37830694212891874,-0.0024380033343569868,tracking,4.833272051533517,0,0,0
1629,16.289999999999747,5.837045669555664,1.8702852725982666,0.0008652745163999498,0.3786955177783966,0.37830694212891874,-0.0024380033343569868,tracking,0.37830694212891874,-0.0024380033343569868,tracking,4.837059570883971,0,0,0
1630,16.29999999999975,5.840832233428955,1.8702881336212158,0.000678244570735842,0.3786216080188751,0.37830694212891874,-0.0024380033343569868,tracking,0.37830694212891874,-0.0024380033343569868,tracking,4.840846135838117,0,0,0
1631,16.30999999999975,5.844618320465088,1.8702905178070068,0.0004912344738841057,0.3786352276802063,0.37890831012229287,-0.0015720334238982711,tracking,0.37890831012229287,-0.0015720334238982711,tracking,4.844632223624938,0,1,1
1632,16.31999999999975,5.848404884338379,1.8702919483184814,0.00030422001145780087,0.37864822149276733,0.37890831012229287,-0.0015720334238982711,tracking,0.37890831012229287,-0.0015720334238982711,tracking,4.848418787768443,0,0,0
1633,16.329999999999753,5.85219144821167,1.8702929019927979,0.00011719718168023974,0.3786605894565582,0.37890831012229287,-0.0015720334238982711,tracking,0.37890831012229287,-0.0015720334238982711,tracking,4.852205351761829,0,0,0
1634,16.339999999999755,5.855978012084961,1.8702929019927979,-6.982962077017874e-05,0.37867236137390137,0.37890831012229287,-0.0015720334238982711,tracking,0.37890831012229287,-0.0015720334238982711,tracking,4.85599191563512,0,0,0
1635,16.349999999999756,5.859764575958252,1.8702924251556396,-0.0002568640047684312,0.37868356704711914,0.37890831012229287,-0.0015720334238982711,tracking,0.37890831012229287,-0.0015720334238982711,tracking,4.859778479538435,0,0,0
1636,16.359999999999758,5.863551616668701,1.870290994644165,-0.0004439089389052242,0.37873661518096924,0.37979921747536977,0.00028912683546754563,tracking,0.37979921747536977,0.00028912683546754563,tracking,4.863565520519064,0,1,1
1637,16.36999999999976,5.867339134216309,1.8702895641326904,-0.0002568300114944577,0.3787871301174164,0.37979921747536977,0.00028912683546754563,tracking,0.37979921747536977,0.00028912683546754563,tracking,4.867353038336817,0,0,0
1638,16.37999999999976,5.871127128601074,1.8702890872955322,-6.973485869821161e-05,0.3788352608680725,0.37979921747536977,0.00028912683546754563,tracking,0.37979921747536977,0.00028912683546754563,tracking,4.871141032751595,0,0,0
1639,16.389999999999763,5.874915599822998,1.8702890872955322,0.00011739123874576762,0.3788810968399048,0.37979921747536977,0.00028912683546754563,tracking,0.37979921747536977,0.00028912683546754563,tracking,4.874929503973519,0,0,0
1640,16.399999999999764,5.87870454788208,1.8702900409698486,0.00030453206272795796,0.37892475724220276,0.37979921747536977,0.00028912683546754563,tracking,0.37979921747536977,0.00028912683546754563,tracking,4.87871845215262,0,0,0
1641,16.409999999999766,5.88249397277832,1.870290994644165,0.00011736349551938474,0.3789648711681366,0.37976848160708804,-0.0003333864857932305,tracking,0.37976848160708804,-0.0003333864857932305,tracking,4.882507877168865,0,1,1
1642,16.419999999999767,5.886283874511719,1.870290994644165,-6.981795013416559e-05,0.3790030777454376,0.37976848160708804,-0.0003333864857932305,tracking,0.37976848160708804,-0.0003333864857932305,tracking,4.8862977789022635,0,0,0
1643,16.42999999999977,5.890074253082275,1.8702905178070068,-0.0002570239594206214,0.379039466381073,0.37976848160708804,-0.0003333864857932305,tracking,0.37976848160708804,-0.0003333864857932305,tracking,4.890088157502814,0,0,0
1644,16.43999999999977,5.893864631652832,1.8702890872955322,-0.0004442416538950056,0.3790741264820099,0.37976848160708804,-0.0003333864857932305,tracking,0.37976848160708804,-0.0003333864857932305,tracking,4.893878536343312,0,0,0
1645,16.449999999999772,5.897655487060547,1.8702871799468994,-0.0006314816419035196,0.37910714745521545,0.37976848160708804,-0.0003333864857932305,tracking,0.37976848160708804,-0.0003333864857932305,tracking,4.8976693922308625,0,0,0
1646,16.459999999999773,5.901446342468262,1.8702843189239502,-0.0008187142666429281,0.37902936339378357,0.37869818919607795,0.0018746075576477673,tracking,0.37869818919607795,0.0018746075576477673,tracking,4.901460248718209,0,1,1
1647,16.469999999999775,5.90523624420166,1.870281457901001,-0.0006315280916169286,0.378966361284256,0.37869818919607795,0.0018746075576477673,tracking,0.37869818919607795,0.0018746075576477673,tracking,4.90525015153151,0,0,0
1648,16.479999999999777,5.9090256690979,1.8702795505523682,-0.00044436074676923454,0.37891536951065063,0.37869818919607795,0.0018746075576477673,tracking,0.37869818919607795,0.0018746075576477673,tracking,4.909039576907767,0,0,0
1649,16.489999999999778,5.912814617156982,1.8702781200408936,-0.00025722378632053733,0.3788740634918213,0.37869818919607795,0.0018746075576477673,tracking,0.37869818919607795,0.0018746075576477673,tracking,4.912828525236892,0,0,0
1650,16.49999999999978,5.916603088378906,1.8702776432037354,-7.00991295161657e-05,0.3788406252861023,0.37869818919607795,0.0018746075576477673,tracking,0.37869818919607795,0.0018746075576477673,tracking,4.916616996488825,0,0,0
1651,16.50999999999978,5.92039155960083,1.8702776432037354,0.00011702677147695795,0.37887781858444214,0.37962273656507955,0.0005432593462854373,tracking,0.37962273656507955,0.0005432593462854373,tracking,4.920405467710749,0,1,1
1652,16.519999999999783,5.924180507659912,1.8702785968780518,0.0003041646268684417,0.3789132535457611,0.37962273656507955,0.0005432593462854373,tracking,0.37962273656507955,0.0005432593462854373,tracking,4.9241944158898505,0,0,0
1653,16.529999999999784,5.927969932556152,1.8702800273895264,0.0004913252778351307,0.378946989774704,0.37962273656507955,0.0005432593462854373,tracking,0.37962273656507955,0.0005432593462854373,tracking,4.9279838410561005,0,0,0
1654,16.539999999999786,5.931759357452393,1.8702824115753174,0.00067849678453058,0.3789791166782379,0.37962273656507955,0.0005432593462854373,tracking,0.37962273656507955,0.0005432593462854373,tracking,4.9317732667023675,0,0,0
1655,16.549999999999788,5.935549259185791,1.8702852725982666,0.0008656888967379928,0.3790097236633301,0.37962273656507955,0.0005432593462854373,tracking,0.37962273656507955,0.0005432593462854373,tracking,4.935563169515668,0,0,0
1656,16.55999999999979,5.939338684082031,1.8702889680862427,0.001052869250997901,0.378907173871994,0.378470625099757,-0.002202299856349966,tracking,0.378470625099757,-0.002202299856349966,tracking,4.939352596213848,0,1,1
1657,16.56999999999979,5.943127155303955,1.8702926635742188,0.0008657498983666301,0.3788241446018219,0.378470625099757,-0.002202299856349966,tracking,0.378470625099757,-0.002202299856349966,tracking,4.943141069238164,0,0,0
1658,16.579999999999792,5.946915149688721,1.870295524597168,0.0006786553421989083,0.37875691056251526,0.378470625099757,-0.002202299856349966,tracking,0.378470625099757,-0.002202299856349966,tracking,4.946929064703377,0,0,0
1659,16.589999999999794,5.950702667236328,1.870297908782959,0.000491600832901895,0.37870246171951294,0.378470625099757,-0.002202299856349966,tracking,0.378470625099757,-0.002202299856349966,tracking,4.950716583001388,0,0,0
1660,16.599999999999795,5.954489707946777,1.8702993392944336,0.00030456253443844616,0.37865835428237915,0.378470625099757,-0.002202299856349966,tracking,0.378470625099757,-0.002202299856349966,tracking,4.954503623982017,0,0,0
1661,16.609999999999797,5.958276271820068,1.87030029296875,0.00011753299622796476,0.3786759078502655,0.37902748948707937,-0.0014004151386057106,tracking,0.37902748948707937,-0.0014004151386057106,tracking,4.958290187975403,0,1,1
1662,16.6199999999998,5.962063312530518,1.87030029296875,-6.950218812562525e-05,0.378692626953125,0.37902748948707937,-0.0014004151386057106,tracking,0.37902748948707937,-0.0014004151386057106,tracking,4.962077228685852,0,0,0
1663,16.6299999999998,5.965850353240967,1.8702998161315918,-0.0002565481117926538,0.37870854139328003,0.37902748948707937,-0.0014004151386057106,tracking,0.37902748948707937,-0.0014004151386057106,tracking,4.965864269426321,0,0,0
1664,16.6399999999998,5.969637393951416,1.8702983856201172,-0.00044359915773384273,0.37872371077537537,0.37902748948707937,-0.0014004151386057106,tracking,0.37902748948707937,-0.0014004151386057106,tracking,4.96965131040695,0,0,0
1665,16.649999999999803,5.973424911499023,1.8702964782714844,-0.0006306599825620651,0.3787381649017334,0.37902748948707937,-0.0014004151386057106,tracking,0.37902748948707937,-0.0014004151386057106,tracking,4.9734388284348165,0,0,0
1666,16.659999999999805,5.977212429046631,1.8702936172485352,-0.0008177239797078073,0.3787429630756378,0.37883911487854105,0.001671674574900868,tracking,0.37883911487854105,0.001671674574900868,tracking,4.977226347063007,0,1,1
1667,16.669999999999806,5.980999946594238,1.870290756225586,-0.0006306570139713585,0.37874752283096313,0.37883911487854105,0.001671674574900868,tracking,0.37883911487854105,0.001671674574900868,tracking,4.981013865691197,0,0,0
1668,16.679999999999808,5.984787464141846,1.8702888488769531,-0.0004435886221472174,0.37875187397003174,0.37883911487854105,0.001671674574900868,tracking,0.37883911487854105,0.001671674574900868,tracking,4.984801383719064,0,0,0
1669,16.68999999999981,5.988574981689453,1.8702874183654785,-0.0002565174363553524,0.37875601649284363,0.37883911487854105,0.001671674574900868,tracking,0.37883911487854105,0.001671674574900868,tracking,4.988588901536817,0,0,0
1670,16.69999999999981,5.9923624992370605,1.8702869415283203,-6.944491906324401e-05,0.3787599802017212,0.37883911487854105,0.001671674574900868,tracking,0.37883911487854105,0.001671674574900868,tracking,4.99237641911444,0,0,0
1671,16.709999999999813,5.996150493621826,1.8702867031097412,-6.944499182282016e-05,0.378816157579422,0.37994141511702845,-8.436223147905743e-05,tracking,0.37994141511702845,-8.436223147905743e-05,tracking,4.996164413506709,0,1,1
1672,16.719999999999814,5.99993896484375,1.870286464691162,-6.94450645823963e-05,0.3788696527481079,0.37994141511702845,-8.436223147905743e-05,tracking,0.37994141511702845,-8.436223147905743e-05,tracking,4.999952884736135,0,0,0
1673,16.729999999999816,6.003727912902832,1.870286226272583,-6.944513734197244e-05,0.37892061471939087,0.37994141511702845,-8.436223147905743e-05,tracking,0.37994141511702845,-8.436223147905743e-05,tracking,5.003741832802719,0,0,0
1674,16.739999999999817,6.007517337799072,1.870285987854004,-6.944521010154858e-05,0.3789691627025604,0.37994141511702845,-8.436223147905743e-05,tracking,0.37994141511702845,-8.436223147905743e-05,tracking,5.00753125770646,0,0,0
1675,16.74999999999982,6.011307239532471,1.8702857494354248,-6.944528286112472e-05,0.37901538610458374,0.37994141511702845,-8.436223147905743e-05,tracking,0.37994141511702845,-8.436223147905743e-05,tracking,5.011321159447357,0,0,0
1676,16.75999999999982,6.015097618103027,1.8702857494354248,0.00011776693281717598,0.3790525794029236,0.37979733174788927,0.00029184228303948513,tracking,0.37979733174788927,0.00029184228303948513,tracking,5.015111538017914,0,1,1
1677,16.769999999999822,6.018888473510742,1.8702867031097412,0.000304991117445752,0.37908798456192017,0.37979733174788927,0.00029184228303948513,tracking,0.37979733174788927,0.00029184228303948513,tracking,5.018902393545588,0,0,0
1678,16.779999999999824,6.022679328918457,1.8702881336212158,0.0004922380321659148,0.37912172079086304,0.37979733174788927,0.00029184228303948513,tracking,0.37979733174788927,0.00029184228303948513,tracking,5.02269324922321,0,0,0
1679,16.789999999999825,6.02647066116333,1.8702905178070068,0.0006794958026148379,0.379153847694397,0.37979733174788927,0.00029184228303948513,tracking,0.37979733174788927,0.00029184228303948513,tracking,5.026484582217733,0,0,0
1680,16.799999999999827,6.030262470245361,1.870293378829956,0.0008667742367833853,0.37918445467948914,0.37979733174788927,0.00029184228303948513,tracking,0.37979733174788927,0.00029184228303948513,tracking,5.030276392379124,0,0,0
1681,16.809999999999828,6.034053802490234,1.8702971935272217,0.0010540412040427327,0.37908393144607544,0.3786559373424718,-0.0019354502268405442,tracking,0.3786559373424718,-0.0019354502268405442,tracking,5.034067726543099,0,1,1
1682,16.81999999999983,6.037844181060791,1.8703010082244873,0.0008668340160511434,0.37900254130363464,0.3786559373424718,-0.0019354502268405442,tracking,0.3786559373424718,-0.0019354502268405442,tracking,5.037858107033241,0,0,0
1683,16.82999999999983,6.0416340827941895,1.8703038692474365,0.000679651100654155,0.37893661856651306,0.3786559373424718,-0.0019354502268405442,tracking,0.3786559373424718,-0.0019354502268405442,tracking,5.041648009846542,0,0,0
1684,16.839999999999833,6.0454230308532715,1.8703062534332275,0.0004925074754282832,0.3788832426071167,0.3786559373424718,-0.0019354502268405442,tracking,0.3786559373424718,-0.0019354502268405442,tracking,5.0454369586557455,0,0,0
1685,16.849999999999834,6.049211502075195,1.8703076839447021,0.00030537976999767125,0.37883999943733215,0.3786559373424718,-0.0019354502268405442,tracking,0.3786559373424718,-0.0019354502268405442,tracking,5.049225430147747,0,0,0
1686,16.859999999999836,6.052999973297119,1.8703086376190186,0.00011825600086012855,0.37887126207351685,0.3794974033609975,-0.0007237391601635813,tracking,0.3794974033609975,-0.0007237391601635813,tracking,5.053013901489705,0,1,1
1687,16.869999999999838,6.056788921356201,1.8703086376190186,-6.887781637487933e-05,0.37890103459358215,0.3794974033609975,-0.0007237391601635813,tracking,0.3794974033609975,-0.0007237391601635813,tracking,5.056802849548787,0,0,0
1688,16.87999999999984,6.060577869415283,1.8703081607818604,-0.00025603079120628536,0.37892940640449524,0.3794974033609975,-0.0007237391601635813,tracking,0.3794974033609975,-0.0007237391601635813,tracking,5.060591797637874,0,0,0
1689,16.88999999999984,6.064367294311523,1.8703067302703857,-0.00044319286826066673,0.3789564073085785,0.3794974033609975,-0.0007237391601635813,tracking,0.3794974033609975,-0.0007237391601635813,tracking,5.064381222804124,0,0,0
1690,16.899999999999842,6.068157196044922,1.870304822921753,-0.0006303723203018308,0.3789821267127991,0.3794974033609975,-0.0007237391601635813,tracking,0.3794974033609975,-0.0007237391601635813,tracking,5.068171125017479,0,0,0
1691,16.909999999999844,6.071946620941162,1.8703019618988037,-0.0008175464463420212,0.37892425060272217,0.37867790606022883,0.0019038152732705083,tracking,0.37867790606022883,0.0019038152732705083,tracking,5.071960550993757,0,1,1
1692,16.919999999999845,6.075735569000244,1.8702991008758545,-0.0006304068956524134,0.3788774013519287,0.37867790606022883,0.0019038152732705083,tracking,0.37867790606022883,0.0019038152732705083,tracking,5.075749500133014,0,0,0
1693,16.929999999999847,6.079524040222168,1.8702971935272217,-0.00044328131480142474,0.3788394629955292,0.37867790606022883,0.0019038152732705083,tracking,0.37867790606022883,0.0019038152732705083,tracking,5.079537971835076,0,0,0
1694,16.93999999999985,6.083312511444092,1.870295763015747,-0.000256178347626701,0.37880873680114746,0.37867790606022883,0.0019038152732705083,tracking,0.37867790606022883,0.0019038152732705083,tracking,5.083326443327077,0,0,0
1695,16.94999999999985,6.087100505828857,1.8702952861785889,-6.908454088261351e-05,0.37878385186195374,0.37867790606022883,0.0019038152732705083,tracking,0.37867790606022883,0.0019038152732705083,tracking,5.087114437741855,0,0,0
1696,16.95999999999985,6.090888500213623,1.8702948093414307,-0.00025618780637159944,0.3788370192050934,0.3799019848375594,-0.00014114183391447307,tracking,0.3799019848375594,-0.00014114183391447307,tracking,5.090902432156633,0,1,1
1697,16.969999999999853,6.094676971435547,1.870293378829956,-0.00044330814853310585,0.3788876533508301,0.3799019848375594,-0.00014114183391447307,tracking,0.3799019848375594,-0.00014114183391447307,tracking,5.094690903648634,0,0,0
1698,16.979999999999855,6.098465919494629,1.8702914714813232,-0.0006304610287770629,0.37893587350845337,0.3799019848375594,-0.00014114183391447307,tracking,0.3799019848375594,-0.00014114183391447307,tracking,5.098479852187793,0,0,0
1699,16.989999999999856,6.102255344390869,1.870288610458374,-0.0008176294504664838,0.3789817988872528,0.3799019848375594,-0.00014114183391447307,tracking,0.3799019848375594,-0.00014114183391447307,tracking,5.102269278164072,0,0,0
1700,16.999999999999858,6.106045246124268,1.8702852725982666,-0.001004827325232327,0.37902554869651794,0.3799019848375594,-0.00014114183391447307,tracking,0.3799019848375594,-0.00014114183391447307,tracking,5.106059181367338,0,0,0
1701,17.00999999999986,6.109834671020508,1.8702809810638428,-0.0011920068645849824,0.37887027859687805,0.37820922578264177,0.0025787148729958555,tracking,0.37820922578264177,0.0025787148729958555,tracking,5.109848608693665,0,1,1
1702,17.01999999999986,6.113622665405273,1.870276689529419,-0.0010049199918285012,0.37874454259872437,0.37820922578264177,0.0025787148729958555,tracking,0.37820922578264177,0.0025787148729958555,tracking,5.113636605509435,0,0,0
1703,17.029999999999863,6.117409706115723,1.8702733516693115,-0.0008178705465979874,0.378642737865448,0.37820922578264177,0.0025787148729958555,tracking,0.37820922578264177,0.0025787148729958555,tracking,5.117423647690862,0,0,0
1704,17.039999999999864,6.1211957931518555,1.8702704906463623,-0.0006308817537501454,0.37856027483940125,0.37820922578264177,0.0025787148729958555,tracking,0.37820922578264177,0.0025787148729958555,tracking,5.121209735807986,0,0,0
1705,17.049999999999866,6.124980926513672,1.8702685832977295,-0.0004439175536390394,0.3784935176372528,0.37820922578264177,0.0025787148729958555,tracking,0.37820922578264177,0.0025787148729958555,tracking,5.124994869650364,0,0,0
1706,17.059999999999867,6.128766059875488,1.8702671527862549,-0.0002569557400420308,0.3785530626773834,0.37974595279460793,0.00036582797576456853,tracking,0.37974595279460793,0.00036582797576456853,tracking,5.128780003282497,0,1,1
1707,17.06999999999987,6.132551670074463,1.8702666759490967,-6.99747761245817e-05,0.3786097764968872,0.37974595279460793,0.00036582797576456853,tracking,0.37974595279460793,0.00036582797576456853,tracking,5.1325656135115025,0,0,0
1708,17.07999999999987,6.136338233947754,1.8702666759490967,0.0001170426476164721,0.3786638081073761,0.37974595279460793,0.00036582797576456853,tracking,0.37974595279460793,0.00036582797576456853,tracking,5.1363521773847935,0,0,0
1709,17.089999999999872,6.140125274658203,1.870267629623413,0.0003040774317923933,0.37871527671813965,0.37974595279460793,0.00036582797576456853,tracking,0.37974595279460793,0.00036582797576456853,tracking,5.140139218215323,0,0,0
1710,17.099999999999874,6.1439127922058105,1.8702690601348877,0.0004911452997475863,0.378764271736145,0.37974595279460793,0.00036582797576456853,tracking,0.37974595279460793,0.00036582797576456853,tracking,5.143926736033076,0,0,0
1711,17.109999999999875,6.147700309753418,1.8702714443206787,0.0006782234995625913,0.37877795100212097,0.3790518908220992,-0.0013652772161770934,tracking,0.3790518908220992,-0.0013652772161770934,tracking,5.147714254331087,0,1,1
1712,17.119999999999877,6.151488304138184,1.8702738285064697,0.0004911363357678056,0.3787909746170044,0.3790518908220992,-0.0013652772161770934,tracking,0.3790518908220992,-0.0013652772161770934,tracking,5.151502249466163,0,0,0
1713,17.129999999999878,6.155276298522949,1.8702752590179443,0.000304045039229095,0.3788033723831177,0.3790518908220992,-0.0013652772161770934,tracking,0.3790518908220992,-0.0013652772161770934,tracking,5.155290244121041,0,0,0
1714,17.13999999999988,6.159064292907715,1.8702762126922607,0.00011694576096488163,0.3788152039051056,0.3790518908220992,-0.0013652772161770934,tracking,0.3790518908220992,-0.0013652772161770934,tracking,5.159078238625856,0,0,0
1715,17.14999999999988,6.1628522872924805,1.8702762126922607,-7.015732262516394e-05,0.37882646918296814,0.3790518908220992,-0.0013652772161770934,tracking,0.3790518908220992,-0.0013652772161770934,tracking,5.162866233010622,0,0,0
1716,17.159999999999883,6.166640758514404,1.8702762126922607,0.00011696422006934881,0.3788715898990631,0.3797754394972301,0.00032336712398866154,tracking,0.3797754394972301,0.00032336712398866154,tracking,5.1666547042325455,0,1,1
1717,17.169999999999884,6.170429706573486,1.8702771663665771,0.0003041002491954714,0.37891456484794617,0.3797754394972301,0.00032336712398866154,tracking,0.3797754394972301,0.00032336712398866154,tracking,5.170443652411647,0,0,0
1718,17.179999999999886,6.174219131469727,1.8702785968780518,0.0004912639269605279,0.37895551323890686,0.3797754394972301,0.00032336712398866154,tracking,0.3797754394972301,0.00032336712398866154,tracking,5.174233077577897,0,0,0
1719,17.189999999999888,6.178009033203125,1.8702809810638428,0.0006784407305531204,0.37899449467658997,0.3797754394972301,0.00032336712398866154,tracking,0.3797754394972301,0.00032336712398866154,tracking,5.178022980061228,0,0,0
1720,17.19999999999989,6.181798934936523,1.870283842086792,0.0008656426216475666,0.37903162837028503,0.3797754394972301,0.00032336712398866154,tracking,0.3797754394972301,0.00032336712398866154,tracking,5.181812882874529,0,0,0
1721,17.20999999999989,6.185588359832764,1.870287537574768,0.0010528289712965488,0.3789002597332001,0.3783408899387237,-0.002389118488237861,tracking,0.3783408899387237,-0.002389118488237861,tracking,5.185602309572708,0,1,1
1722,17.219999999999892,6.1893768310546875,1.8702912330627441,0.0008657207363285124,0.378793865442276,0.3783408899387237,-0.002389118488237861,tracking,0.3783408899387237,-0.002389118488237861,tracking,5.189390782597025,0,0,0
1723,17.229999999999894,6.193164348602295,1.8702940940856934,0.0006786442245356739,0.3787077069282532,0.3783408899387237,-0.002389118488237861,tracking,0.3783408899387237,-0.002389118488237861,tracking,5.193178301225215,0,0,0
1724,17.239999999999895,6.196950912475586,1.8702964782714844,0.000491619051899761,0.3786379396915436,0.3783408899387237,-0.002389118488237861,tracking,0.3783408899387237,-0.002389118488237861,tracking,5.1969648658490994,0,0,0
1725,17.249999999999897,6.200736999511719,1.870297908782959,0.00030461468850262463,0.3785814344882965,0.3783408899387237,-0.002389118488237861,tracking,0.3783408899387237,-0.002389118488237861,tracking,5.20075095315548,0,0,0
1726,17.2599999999999,6.204523086547852,1.8702988624572754,0.00011761662608478218,0.3786187767982483,0.3793664740381046,-0.0009122773851294222,tracking,0.3793664740381046,-0.0009122773851294222,tracking,5.204537040311723,0,1,1
1727,17.2699999999999,6.208309650421143,1.8702988624572754,-6.939344166312367e-05,0.3786543309688568,0.3793664740381046,-0.0009122773851294222,tracking,0.3793664740381046,-0.0009122773851294222,tracking,5.208323604185014,0,0,0
1728,17.2799999999999,6.212096214294434,1.8702983856201172,-0.0002564263704698533,0.37868818640708923,0.3793664740381046,-0.0009122773851294222,tracking,0.3793664740381046,-0.0009122773851294222,tracking,5.212110168088329,0,0,0
1729,17.289999999999903,6.215883255004883,1.8702969551086426,-0.0004434701695572585,0.3787204325199127,0.3793664740381046,-0.0009122773851294222,tracking,0.3793664740381046,-0.0009122773851294222,tracking,5.215897209068958,0,0,0
1730,17.299999999999905,6.21967077255249,1.8702950477600098,-0.0006305347196757793,0.37875115871429443,0.3793664740381046,-0.0009122773851294222,tracking,0.3793664740381046,-0.0009122773851294222,tracking,5.2196847270968245,0,0,0
1731,17.309999999999906,6.223458290100098,1.8702921867370605,-0.0008176087285391986,0.3787778615951538,0.37931264808124887,0.000989786763001647,tracking,0.37931264808124887,0.000989786763001647,tracking,5.223472245725015,0,1,1
1732,17.319999999999908,6.227246284484863,1.8702893257141113,-0.0006305176648311317,0.3788032829761505,0.37931264808124887,0.000989786763001647,tracking,0.37931264808124887,0.000989786763001647,tracking,5.227260241190227,0,0,0
1733,17.32999999999991,6.231034278869629,1.8702874183654785,-0.00044341848115436733,0.3788275122642517,0.37931264808124887,0.000989786763001647,tracking,0.37931264808124887,0.000989786763001647,tracking,5.231048236055191,0,0,0
1734,17.33999999999991,6.234822750091553,1.870285987854004,-0.00025630369782447815,0.3788505792617798,0.37931264808124887,0.000989786763001647,tracking,0.37931264808124887,0.000989786763001647,tracking,5.234836707547192,0,0,0
1735,17.349999999999913,6.238611221313477,1.8702855110168457,-6.918151484569535e-05,0.3788725435733795,0.37931264808124887,0.000989786763001647,tracking,0.37931264808124887,0.000989786763001647,tracking,5.238625178799125,0,0,0
1736,17.359999999999914,6.242400169372559,1.8702850341796875,-0.0002563250600360334,0.3789149522781372,0.37976432229055235,-0.00033937590160460374,tracking,0.37976432229055235,-0.00033937590160460374,tracking,5.242414126888211,0,1,1
1737,17.369999999999916,6.246189594268799,1.870283603668213,-0.0004434821894392371,0.37895533442497253,0.37976432229055235,-0.00033937590160460374,tracking,0.37976432229055235,-0.00033937590160460374,tracking,5.246203552054461,0,0,0
1738,17.379999999999917,6.249979496002197,1.87028169631958,-0.0006306652794592083,0.37899380922317505,0.37976432229055235,-0.00033937590160460374,tracking,0.37976432229055235,-0.00033937590160460374,tracking,5.249993454267816,0,0,0
1739,17.38999999999992,6.253769397735596,1.8702788352966309,-0.000817860767710954,0.3790304362773895,0.37976432229055235,-0.00033937590160460374,tracking,0.37976432229055235,-0.00033937590160460374,tracking,5.253783357081117,0,0,0
1740,17.39999999999992,6.257559776306152,1.8702754974365234,-0.0010050798300653696,0.3790653347969055,0.37976432229055235,-0.00033937590160460374,tracking,0.37976432229055235,-0.00033937590160460374,tracking,5.257573737121357,0,0,0
1741,17.409999999999922,6.261349678039551,1.8702712059020996,-0.001192284980788827,0.37894588708877563,0.37843725629722597,0.0022503509319946225,tracking,0.37843725629722597,0.0022503509319946225,tracking,5.261363641284536,0,1,1
1742,17.419999999999924,6.265138626098633,1.8702669143676758,-0.0010051511926576495,0.3788491487503052,0.37843725629722597,0.0022503509319946225,tracking,0.37843725629722597,0.0022503509319946225,tracking,5.265152591774011,0,0,0
1743,17.429999999999925,6.268926620483398,1.8702635765075684,-0.0008180462173186243,0.3787707984447479,0.37843725629722597,0.0022503509319946225,tracking,0.37843725629722597,0.0022503509319946225,tracking,5.268940587629384,0,0,0
1744,17.439999999999927,6.272714138031006,1.8702607154846191,-0.0006309879245236516,0.3787073493003845,0.37843725629722597,0.0022503509319946225,tracking,0.37843725629722597,0.0022503509319946225,tracking,5.272728106257574,0,0,0
1745,17.44999999999993,6.276501178741455,1.8702588081359863,-0.0004439485492184758,0.37865597009658813,0.37843725629722597,0.0022503509319946225,tracking,0.37843725629722597,0.0022503509319946225,tracking,5.276515147448343,0,0,0
1746,17.45999999999993,6.280288219451904,1.8702573776245117,-0.00025690923212096095,0.3787071704864502,0.37973290029025697,0.00038462358202997517,tracking,0.37973290029025697,0.00038462358202997517,tracking,5.280302188428972,0,1,1
1747,17.46999999999993,6.284075736999512,1.8702569007873535,-6.985346408328041e-05,0.37875595688819885,0.37973290029025697,0.00038462358202997517,tracking,0.37973290029025697,0.00038462358202997517,tracking,5.284089706006595,0,0,0
1748,17.479999999999933,6.287863731384277,1.8702569007873535,0.00011723367060767487,0.37880241870880127,0.37973290029025697,0.00038462358202997517,tracking,0.37973290029025697,0.00038462358202997517,tracking,5.287877700391361,0,0,0
1749,17.489999999999934,6.291652202606201,1.87025785446167,0.00030433572828769684,0.378846675157547,0.37973290029025697,0.00038462358202997517,tracking,0.37973290029025697,0.00038462358202997517,tracking,5.291666171733319,0,0,0
1750,17.499999999999936,6.295440673828125,1.8702592849731445,0.0004914662567898631,0.3788888156414032,0.37973290029025697,0.00038462358202997517,tracking,0.37973290029025697,0.00038462358202997517,tracking,5.2954546432253204,0,0,0
1751,17.509999999999938,6.299229621887207,1.8702616691589355,0.0006786059238947928,0.3789023756980896,0.37917407942875353,-0.0011893256225949337,tracking,0.37917407942875353,-0.0011893256225949337,tracking,5.299243592034524,0,1,1
1752,17.51999999999994,6.303018569946289,1.8702640533447266,0.0004914573510177433,0.37891530990600586,0.37917407942875353,-0.0011893256225949337,tracking,0.37917407942875353,-0.0011893256225949337,tracking,5.303032540843728,0,0,0
1753,17.52999999999994,6.306807994842529,1.8702654838562012,0.00030430464539676905,0.378927618265152,0.37917407942875353,-0.0011893256225949337,tracking,0.37917407942875353,-0.0011893256225949337,tracking,5.306821966009978,0,0,0
1754,17.539999999999942,6.3105974197387695,1.8702664375305176,0.00011714403080986813,0.37893933057785034,0.37917407942875353,-0.0011893256225949337,tracking,0.37917407942875353,-0.0011893256225949337,tracking,5.310611391026223,0,0,0
1755,17.549999999999944,6.31438684463501,1.8702664375305176,-7.002034544711933e-05,0.3789505064487457,0.37917407942875353,-0.0011893256225949337,tracking,0.37917407942875353,-0.0011893256225949337,tracking,5.314400815922463,0,0,0
1756,17.559999999999945,6.318176746368408,1.8702661991119385,-7.002040365478024e-05,0.37899938225746155,0.3799783105039757,3.1232874274988304e-05,tracking,0.3799783105039757,3.1232874274988304e-05,tracking,5.31819071766336,0,1,1
1757,17.569999999999947,6.321967124938965,1.8702659606933594,-7.002046186244115e-05,0.37904593348503113,0.3799783105039757,3.1232874274988304e-05,tracking,0.3799783105039757,3.1232874274988304e-05,tracking,5.321981096241415,0,0,0
1758,17.57999999999995,6.32575798034668,1.8702657222747803,-7.002052007010207e-05,0.379090279340744,0.3799783105039757,3.1232874274988304e-05,tracking,0.3799783105039757,3.1232874274988304e-05,tracking,5.325771951656627,0,0,0
1759,17.58999999999995,6.329549312591553,1.8702654838562012,-7.002057827776298e-05,0.3791325092315674,0.3799783105039757,3.1232874274988304e-05,tracking,0.3799783105039757,3.1232874274988304e-05,tracking,5.329563283908996,0,0,0
1760,17.59999999999995,6.333340644836426,1.870265245437622,-7.002063648542389e-05,0.3791727125644684,0.3799783105039757,3.1232874274988304e-05,tracking,0.3799783105039757,3.1232874274988304e-05,tracking,5.333354616161365,0,0,0
1761,17.609999999999953,6.337132453918457,1.870265007019043,-7.00206946930848e-05,0.37920933961868286,0.37994313680495034,-8.188300087153336e-05,tracking,0.37994313680495034,-8.188300087153336e-05,tracking,5.337146425250892,0,1,1
1762,17.619999999999955,6.3409247398376465,1.8702647686004639,-7.002075290074572e-05,0.37924423813819885,0.37994313680495034,-8.188300087153336e-05,tracking,0.37994313680495034,-8.188300087153336e-05,tracking,5.340938711177576,0,0,0
1763,17.629999999999956,6.344717502593994,1.8702645301818848,-7.002081110840663e-05,0.37927746772766113,0.37994313680495034,-8.188300087153336e-05,tracking,0.37994313680495034,-8.188300087153336e-05,tracking,5.344731473941417,0,0,0
1764,17.639999999999958,6.348510265350342,1.8702642917633057,-7.002086931606755e-05,0.37930911779403687,0.37994313680495034,-8.188300087153336e-05,tracking,0.37994313680495034,-8.188300087153336e-05,tracking,5.348524236705258,0,0,0
1765,17.64999999999996,6.352303504943848,1.8702640533447266,-7.002092752372846e-05,0.3793392777442932,0.37994313680495034,-8.188300087153336e-05,tracking,0.37994313680495034,-8.188300087153336e-05,tracking,5.352317476306257,0,0,0
1766,17.65999999999996,6.356097221374512,1.8702640533447266,0.00011734809231711552,0.37936675548553467,0.3799174023236083,0.00011894065400403202,tracking,0.3799174023236083,0.00011894065400403202,tracking,5.356111192736921,0,1,1
1767,17.669999999999963,6.359890937805176,1.870265007019043,0.00030472592334263027,0.37939295172691345,0.3799174023236083,0.00011894065400403202,tracking,0.3799174023236083,0.00011894065400403202,tracking,5.359904909287454,0,0,0
1768,17.679999999999964,6.363685131072998,1.8702664375305176,0.0004921205691061914,0.37941789627075195,0.3799174023236083,0.00011894065400403202,tracking,0.3799174023236083,0.00011894065400403202,tracking,5.363699102824946,0,0,0
1769,17.689999999999966,6.36747932434082,1.8702688217163086,0.000679523276630789,0.37944164872169495,0.3799174023236083,0.00011894065400403202,tracking,0.3799174023236083,0.00011894065400403202,tracking,5.367493296841853,0,0,0
1770,17.699999999999967,6.371273994445801,1.8702716827392578,0.000866941234562546,0.3794642686843872,0.3799174023236083,0.00011894065400403202,tracking,0.3799174023236083,0.00011894065400403202,tracking,5.3712879680253796,0,0,0
1771,17.70999999999997,6.375067234039307,1.8702754974365234,0.0010543173411861062,0.3791876435279846,0.3780098204891453,-0.0028658584956307706,tracking,0.3780098204891453,-0.0028658584956307706,tracking,5.375081209537023,0,1,1
1772,17.71999999999997,6.3788580894470215,1.870279312133789,0.0008671059040352702,0.3789636194705963,0.3780098204891453,-0.0028658584956307706,tracking,0.3780098204891453,-0.0028658584956307706,tracking,5.378872066864082,0,0,0
1773,17.729999999999972,6.3826470375061035,1.8702821731567383,0.000679961231071502,0.3787822127342224,0.3780098204891453,-0.0028658584956307706,tracking,0.3780098204891453,-0.0028658584956307706,tracking,5.382661016003339,0,0,0
1774,17.739999999999974,6.386434078216553,1.8702845573425293,0.00049292464973405,0.37863531708717346,0.3780098204891453,-0.0028658584956307706,tracking,0.3780098204891453,-0.0028658584956307706,tracking,5.386448057464287,0,0,0
1775,17.749999999999975,6.390219688415527,1.870285987854004,0.00030593184055760503,0.3785163462162018,0.3780098204891453,-0.0028658584956307706,tracking,0.3780098204891453,-0.0028658584956307706,tracking,5.390233667933543,0,0,0
1776,17.759999999999977,6.394005298614502,1.8702871799468994,0.0003059317823499441,0.37858447432518005,0.3799489324307684,-7.353729969351852e-05,tracking,0.3799489324307684,-7.353729969351852e-05,tracking,5.394019278320214,0,1,1
1777,17.76999999999998,6.397791385650635,1.870288372039795,0.0003059317241422832,0.37864935398101807,0.3799489324307684,-7.353729969351852e-05,tracking,0.3799489324307684,-7.353729969351852e-05,tracking,5.397805365544019,0,0,0
1778,17.77999999999998,6.401578426361084,1.8702895641326904,0.0003059316659346223,0.37871116399765015,0.3799489324307684,-7.353729969351852e-05,tracking,0.3799489324307684,-7.353729969351852e-05,tracking,5.401592406442093,0,0,0
1779,17.78999999999998,6.405365943908691,1.870290756225586,0.0003059316077269614,0.37877002358436584,0.3799489324307684,-7.353729969351852e-05,tracking,0.3799489324307684,-7.353729969351852e-05,tracking,5.405379924177302,0,0,0
1780,17.799999999999983,6.409153938293457,1.8702919483184814,0.00030593154951930046,0.3788260817527771,0.3799489324307684,-7.353729969351852e-05,tracking,0.3799489324307684,-7.353729969351852e-05,tracking,5.409167918749645,0,0,0
1781,17.809999999999985,6.412942409515381,1.8702929019927979,0.0001188185196951963,0.37884560227394104,0.37923637777893165,-0.0010996159983384397,tracking,0.37923637777893165,-0.0010996159983384397,tracking,5.412956390091604,0,1,1
1782,17.819999999999986,6.416730880737305,1.8702929019927979,-6.83007892803289e-05,0.3788641691207886,0.37923637777893165,-0.0010996159983384397,tracking,0.37923637777893165,-0.0010996159983384397,tracking,5.416744861313528,0,0,0
1783,17.829999999999988,6.420519828796387,1.8702924251556396,-0.000255432038102299,0.37888187170028687,0.37923637777893165,-0.0010996159983384397,tracking,0.37923637777893165,-0.0010996159983384397,tracking,5.420533809402614,0,0,0
1784,17.83999999999999,6.424308776855469,1.870290994644165,-0.00044256896944716573,0.3788987398147583,0.37923637777893165,-0.0010996159983384397,tracking,0.37923637777893165,-0.0010996159983384397,tracking,5.42432275773174,0,0,0
1785,17.84999999999999,6.428097724914551,1.8702890872955322,-0.0006297167274169624,0.37891480326652527,0.37923637777893165,-0.0010996159983384397,tracking,0.37923637777893165,-0.0010996159983384397,tracking,5.428111706270899,0,0,0
1786,17.859999999999992,6.431886672973633,1.870286226272583,-0.0008168673957698047,0.3789163827896118,0.37894814676835653,0.001514668653566642,tracking,0.37894814676835653,0.001514668653566642,tracking,5.431900655410156,0,1,1
1787,17.869999999999994,6.435675621032715,1.8702833652496338,-0.0006297157960943878,0.3789179027080536,0.37894814676835653,0.001514668653566642,tracking,0.37894814676835653,0.001514668653566642,tracking,5.435689604549413,0,0,0
1788,17.879999999999995,6.439464569091797,1.870281457901001,-0.0004425637307576835,0.3789193332195282,0.37894814676835653,0.001514668653566642,tracking,0.37894814676835653,0.001514668653566642,tracking,5.4394785530885725,0,0,0
1789,17.889999999999997,6.443253993988037,1.8702800273895264,-0.0002554107632022351,0.37892070412635803,0.37894814676835653,0.001514668653566642,tracking,0.37894814676835653,0.001514668653566642,tracking,5.443267978254823,0,0,0
1790,17.9,6.447043418884277,1.8702795505523682,-6.825734453741461e-05,0.3789220154285431,0.37894814676835653,0.001514668653566642,tracking,0.37894814676835653,0.001514668653566642,tracking,5.447057403181064,0,0,0
1791,17.91,6.450832843780518,1.870279312133789,-6.825741729699075e-05,0.37897008657455444,0.3799330894460488,9.635119768971372e-05,tracking,0.3799330894460488,9.635119768971372e-05,tracking,5.450846828084805,0,1,1
1792,17.92,6.454622745513916,1.87027907371521,-6.82574900565669e-05,0.37901586294174194,0.3799330894460488,9.635119768971372e-05,tracking,0.3799330894460488,9.635119768971372e-05,tracking,5.454636729825702,0,0,0
1793,17.930000000000003,6.458413124084473,1.8702788352966309,-6.825756281614304e-05,0.37905946373939514,0.3799330894460488,9.635119768971372e-05,tracking,0.3799330894460488,9.635119768971372e-05,tracking,5.4584271084037566,0,0,0
1794,17.940000000000005,6.4622039794921875,1.8702785968780518,-6.825763557571918e-05,0.3791010081768036,0.3799330894460488,9.635119768971372e-05,tracking,0.3799330894460488,9.635119768971372e-05,tracking,5.4622179638189685,0,0,0
1795,17.950000000000006,6.4659953117370605,1.8702783584594727,-6.825770833529532e-05,0.37914058566093445,0.3799330894460488,9.635119768971372e-05,tracking,0.3799330894460488,9.635119768971372e-05,tracking,5.466009296071338,0,0,0
1796,17.960000000000008,6.469787120819092,1.8702781200408936,-6.825778109487146e-05,0.3791814148426056,0.37999911943329917,1.2680160492196946e-06,tracking,0.37999911943329917,1.2680160492196946e-06,tracking,5.469801105160864,0,1,1
1797,17.97000000000001,6.473578929901123,1.8702778816223145,-6.82578538544476e-05,0.37922030687332153,0.37999911943329917,1.2680160492196946e-06,tracking,0.37999911943329917,1.2680160492196946e-06,tracking,5.473592914250391,0,0,0
1798,17.98000000000001,6.4773712158203125,1.8702776432037354,-6.825792661402375e-05,0.37925735116004944,0.37999911943329917,1.2680160492196946e-06,tracking,0.37999911943329917,1.2680160492196946e-06,tracking,5.477385200177075,0,0,0
1799,17.990000000000013,6.48116397857666,1.8702774047851562,-6.825799937359989e-05,0.37929263710975647,0.37999911943329917,1.2680160492196946e-06,tracking,0.37999911943329917,1.2680160492196946e-06,tracking,5.481177962940916,0,0,0
1800,18.000000000000014,6.484957218170166,1.8702771663665771,-6.825807213317603e-05,0.3793262243270874,0.37999911943329917,1.2680160492196946e-06,tracking,0.37999911943329917,1.2680160492196946e-06,tracking,5.484971202541915,0,0,0
1801,18.010000000000016,6.488750457763672,1.8702771663665771,0.00011910219473065808,0.3793467879295349,0.37975842432284623,0.0003478689751014604,tracking,0.37975842432284623,0.0003478689751014604,tracking,5.4887644421354205,0,1,1
1802,18.020000000000017,6.492544174194336,1.8702781200408936,0.0003064690681640059,0.37936636805534363,0.37975842432284623,0.0003478689751014604,tracking,0.37975842432284623,0.0003478689751014604,tracking,5.492558158685953,0,0,0
1803,18.03000000000002,6.496337890625,1.8702795505523682,0.0004938485217280686,0.3793850243091583,0.37975842432284623,0.0003478689751014604,tracking,0.37975842432284623,0.0003478689751014604,tracking,5.496351875386321,0,0,0
1804,18.04000000000002,6.500131607055664,1.8702819347381592,0.0006812339997850358,0.3794027864933014,0.37975842432284623,0.0003478689751014604,tracking,0.37975842432284623,0.0003478689751014604,tracking,5.500145592566164,0,0,0
1805,18.050000000000022,6.503925800323486,1.8702847957611084,0.0008686308865435421,0.3794196844100952,0.37975842432284623,0.0003478689751014604,tracking,0.37975842432284623,0.0003478689751014604,tracking,5.503939786912667,0,0,0
1806,18.060000000000024,6.507719039916992,1.870288610458374,0.0010559954680502415,0.3792068064212799,0.37830051996913394,-0.002447251244447098,tracking,0.37830051996913394,-0.002447251244447098,tracking,5.507733028424311,0,1,1
1807,18.070000000000025,6.511510372161865,1.8702924251556396,0.0008687575464136899,0.3790344297885895,0.37830051996913394,-0.002447251244447098,tracking,0.37830051996913394,-0.002447251244447098,tracking,5.511524362588286,0,0,0
1808,18.080000000000027,6.5152997970581055,1.8702952861785889,0.0006815710221417248,0.3788948357105255,0.37830051996913394,-0.002447251244447098,tracking,0.37830051996913394,-0.002447251244447098,tracking,5.515313788564565,0,0,0
1809,18.09000000000003,6.519088268280029,1.8702976703643799,0.0004944676766172051,0.378781795501709,0.37830051996913394,-0.002447251244447098,tracking,0.37830051996913394,-0.002447251244447098,tracking,5.519102260536704,0,0,0
1810,18.10000000000003,6.522875785827637,1.8702991008758545,0.0003073980042245239,0.378690242767334,0.37830051996913394,-0.002447251244447098,tracking,0.37830051996913394,-0.002447251244447098,tracking,5.5228897783544575,0,0,0
1811,18.11000000000003,6.526662826538086,1.870300054550171,0.0001203554347739555,0.37869951128959656,0.3788853562066129,-0.0016050870624774003,tracking,0.3788853562066129,-0.0016050870624774003,tracking,5.526676819184987,0,1,1
1812,18.120000000000033,6.530449867248535,1.870300054550171,-6.66901032673195e-05,0.3787083625793457,0.3788853562066129,-0.0016050870624774003,tracking,0.3788853562066129,-0.0016050870624774003,tracking,5.530463859895436,0,0,0
1813,18.130000000000035,6.534236907958984,1.8702995777130127,-0.0002537413383834064,0.37871676683425903,0.3788853562066129,-0.0016050870624774003,tracking,0.3788853562066129,-0.0016050870624774003,tracking,5.534250900635905,0,0,0
1814,18.140000000000036,6.538023948669434,1.870298147201538,-0.00044079526560381055,0.3787247836589813,0.3788853562066129,-0.0016050870624774003,tracking,0.3788853562066129,-0.0016050870624774003,tracking,5.538037941616533,0,0,0
1815,18.150000000000038,6.541811466217041,1.8702962398529053,-0.000627854373306036,0.3787324130535126,0.3788853562066129,-0.0016050870624774003,tracking,0.3788853562066129,-0.0016050870624774003,tracking,5.5418254596444,0,0,0
1816,18.16000000000004,6.545598983764648,1.870293378829956,-0.0008149198838509619,0.3787638545036316,0.37939356735977814,0.0008732630019194949,tracking,0.37939356735977814,0.0008732630019194949,tracking,5.54561297827259,0,1,1
1817,18.17000000000004,6.549386978149414,1.8702905178070068,-0.0006278342916630208,0.3787938058376312,0.37939356735977814,0.0008732630019194949,tracking,0.37939356735977814,0.0008732630019194949,tracking,5.549400973737803,0,0,0
1818,18.180000000000042,6.55317497253418,1.870288610458374,-0.0004407390661071986,0.37882232666015625,0.37939356735977814,0.0008732630019194949,tracking,0.37939356735977814,0.0008732630019194949,tracking,5.5531889686027665,0,0,0
1819,18.190000000000044,6.5569634437561035,1.8702871799468994,-0.0002536255051381886,0.37884947657585144,0.37939356735977814,0.0008732630019194949,tracking,0.37939356735977814,0.0008732630019194949,tracking,5.556977440094768,0,0,0
1820,18.200000000000045,6.560751914978027,1.8702867031097412,-6.650321302004158e-05,0.37887534499168396,0.37939356735977814,0.0008732630019194949,tracking,0.37939356735977814,0.0008732630019194949,tracking,5.5607659113467,0,0,0
1821,18.210000000000047,6.564540863037109,1.870286226272583,-0.00025365062174387276,0.3789253234863281,0.3799266476258921,-0.00010562741871532723,tracking,0.3799266476258921,-0.00010562741871532723,tracking,5.564554859435787,0,1,1
1822,18.22000000000005,6.56833028793335,1.8702847957611084,-0.00044081409578211606,0.37897294759750366,0.3799266476258921,-0.00010562741871532723,tracking,0.3799266476258921,-0.00010562741871532723,tracking,5.568344284602037,0,0,0
1823,18.23000000000005,6.572120189666748,1.8702828884124756,-0.0006280081579461694,0.37901830673217773,0.3799266476258921,-0.00010562741871532723,tracking,0.3799266476258921,-0.00010562741871532723,tracking,5.572134186815392,0,0,0
1824,18.24000000000005,6.575910568237305,1.8702800273895264,-0.0008152168011292815,0.3790614902973175,0.3799266476258921,-0.00010562741871532723,tracking,0.3799266476258921,-0.00010562741871532723,tracking,5.575924566465716,0,0,0
1825,18.250000000000053,6.5797014236450195,1.870276689529419,-0.0010024532675743103,0.3791026175022125,0.3799266476258921,-0.00010562741871532723,tracking,0.3799266476258921,-0.00010562741871532723,tracking,5.579715423342929,0,0,0
1826,18.260000000000055,6.583491802215576,1.8702723979949951,-0.0011896791402250528,0.3789975643157959,0.37855024413498833,0.0020876484456168213,tracking,0.37855024413498833,0.0020876484456168213,tracking,5.583505804342961,0,1,1
1827,18.270000000000056,6.587281227111816,1.8702681064605713,-0.001002516015432775,0.37891247868537903,0.37855024413498833,0.0020876484456168213,tracking,0.37855024413498833,0.0020876484456168213,tracking,5.587295231669287,0,0,0
1828,18.280000000000058,6.591070175170898,1.8702647686004639,-0.0008153782109729946,0.3788435757160187,0.37855024413498833,0.0020876484456168213,tracking,0.37855024413498833,0.0020876484456168213,tracking,5.591084181198607,0,0,0
1829,18.29000000000006,6.594858169555664,1.8702619075775146,-0.0006282814429141581,0.3787877857685089,0.37855024413498833,0.0020876484456168213,tracking,0.37855024413498833,0.0020876484456168213,tracking,5.594872176663819,0,0,0
1830,18.30000000000006,6.5986456871032715,1.8702600002288818,-0.0004412013222463429,0.37874260544776917,0.37855024413498833,0.0020876484456168213,tracking,0.37855024413498833,0.0020876484456168213,tracking,5.598659694691686,0,0,0
1831,18.310000000000063,6.602433204650879,1.870258092880249,-0.0006282841204665601,0.3787955045700073,0.3798552268945587,-0.00020847327183550791,tracking,0.3798552268945587,-0.00020847327183550791,tracking,5.602447212719553,0,1,1
1832,18.320000000000064,6.6062211990356445,1.8702552318572998,-0.0008153839153237641,0.3788459002971649,0.3798552268945587,-0.00020847327183550791,tracking,0.3798552268945587,-0.00020847327183550791,tracking,5.606235208184765,0,0,0
1833,18.330000000000066,6.610009670257568,1.8702518939971924,-0.0010025161318480968,0.3788938820362091,0.3798552268945587,-0.00020847327183550791,tracking,0.3798552268945587,-0.00020847327183550791,tracking,5.610023680877112,0,0,0
1834,18.340000000000067,6.61379861831665,1.8702476024627686,-0.0011896637734025717,0.37893959879875183,0.3798552268945587,-0.00020847327183550791,tracking,0.3798552268945587,-0.00020847327183550791,tracking,5.613812631366587,0,0,0
1835,18.35000000000007,6.617588043212891,1.8702428340911865,-0.001376840751618147,0.37898313999176025,0.3798552268945587,-0.00020847327183550791,tracking,0.3798552268945587,-0.00020847327183550791,tracking,5.617602059262934,0,0,0
1836,18.36000000000007,6.621376991271973,1.870237112045288,-0.0015639918856322765,0.3787824213504791,0.3779278311101315,0.002983923201410673,tracking,0.3779278311101315,0.002983923201410673,tracking,5.621391011642713,0,1,1
1837,18.370000000000072,6.625164031982422,1.8702313899993896,-0.001376960426568985,0.37861987948417664,0.3779278311101315,0.002983923201410673,tracking,0.3779278311101315,0.002983923201410673,tracking,5.6251780566760345,0,0,0
1838,18.380000000000074,6.6289496421813965,1.8702266216278076,-0.0011899775126948953,0.3784882426261902,0.3779278311101315,0.002983923201410673,tracking,0.3779278311101315,0.002983923201410673,tracking,5.628963669878139,0,0,0
1839,18.390000000000075,6.6327338218688965,1.8702223300933838,-0.001003072946332395,0.3783816397190094,0.3779278311101315,0.002983923201410673,tracking,0.3779278311101315,0.002983923201410673,tracking,5.632747851999095,0,0,0
1840,18.400000000000077,6.63651704788208,1.8702189922332764,-0.0008162002195604146,0.37829533219337463,0.3779278311101315,0.002983923201410673,tracking,0.3779278311101315,0.002983923201410673,tracking,5.636531079484739,0,0,0
1841,18.41000000000008,6.640300273895264,1.8702161312103271,-0.0006293370970524848,0.3783523440361023,0.3794943948151429,0.000728071466194176,tracking,0.3794943948151429,0.000728071466194176,tracking,5.640314306579731,0,1,1
1842,18.42000000000008,6.6440839767456055,1.8702142238616943,-0.00044245566823519766,0.3784066438674927,0.3794943948151429,0.000728071466194176,tracking,0.3794943948151429,0.000728071466194176,tracking,5.644098009910817,0,0,0
1843,18.43000000000008,6.6478681564331055,1.8702127933502197,-0.0002555393148213625,0.3784583806991577,0.3794943948151429,0.000728071466194176,tracking,0.3794943948151429,0.000728071466194176,tracking,5.6478821898687,0,0,0
1844,18.440000000000083,6.651652812957764,1.8702123165130615,-6.860634312033653e-05,0.3785076439380646,0.3794943948151429,0.000728071466194176,tracking,0.3794943948151429,0.000728071466194176,tracking,5.651666846423398,0,0,0
1845,18.450000000000085,6.65543794631958,1.8702123165130615,0.00011835830082418397,0.3785545527935028,0.3794943948151429,0.000728071466194176,tracking,0.3794943948151429,0.000728071466194176,tracking,5.655451979785214,0,0,0
1846,18.460000000000086,6.659223556518555,1.870213270187378,0.00030533806420862675,0.37859949469566345,0.37949943204876835,-0.0007208178497735665,tracking,0.37949943204876835,-0.0007208178497735665,tracking,5.659237590104314,0,1,1
1847,18.470000000000088,6.6630096435546875,1.8702142238616943,0.00011832926247734576,0.3786422908306122,0.37949943204876835,-0.0007208178497735665,tracking,0.37949943204876835,-0.0007208178497735665,tracking,5.663023677260557,0,0,0
1848,18.48000000000009,6.6667962074279785,1.8702142238616943,-6.869326898595318e-05,0.37868306040763855,0.37949943204876835,-0.0007208178497735665,tracking,0.37949943204876835,-0.0007208178497735665,tracking,5.666810241133848,0,0,0
1849,18.49000000000009,6.670583248138428,1.8702137470245361,-0.00025574202300049365,0.3787218928337097,0.37949943204876835,-0.0007208178497735665,tracking,0.37949943204876835,-0.0007208178497735665,tracking,5.670597281874317,0,0,0
1850,18.500000000000092,6.674370765686035,1.8702123165130615,-0.00044280325528234243,0.37875887751579285,0.37949943204876835,-0.0007208178497735665,tracking,0.37949943204876835,-0.0007208178497735665,tracking,5.67438479969207,0,0,0
1851,18.510000000000094,6.678158760070801,1.8702104091644287,-0.0006298937369138002,0.37881073355674744,0.37984917574229365,-0.00021718693109711376,tracking,0.37984917574229365,-0.00021718693109711376,tracking,5.6781727945570335,0,1,1
1852,18.520000000000095,6.681947231292725,1.8702075481414795,-0.0008170008659362793,0.37886011600494385,0.37984917574229365,-0.00021718693109711376,tracking,0.37984917574229365,-0.00021718693109711376,tracking,5.681961266859268,0,0,0
1853,18.530000000000097,6.685736179351807,1.870204210281372,-0.001004139776341617,0.37890714406967163,0.37984917574229365,-0.00021718693109711376,tracking,0.37984917574229365,-0.00021718693109711376,tracking,5.685750216388588,0,0,0
1854,18.5400000000001,6.689525604248047,1.8701999187469482,-0.0011912938207387924,0.37895193696022034,0.37984917574229365,-0.00021718693109711376,tracking,0.37984917574229365,-0.00021718693109711376,tracking,5.689539643714914,0,0,0
1855,18.5500000000001,6.693315505981445,1.8701951503753662,-0.001378476619720459,0.3789946138858795,0.37984917574229365,-0.00021718693109711376,tracking,0.37984917574229365,-0.00021718693109711376,tracking,5.693329548448042,0,0,0
1856,18.5600000000001,6.697104454040527,1.8701894283294678,-0.0015656356699764729,0.37880733609199524,0.37800998773759925,0.002865617657857069,tracking,0.37800998773759925,0.002865617657857069,tracking,5.697118500827821,0,1,1
1857,18.570000000000103,6.700891971588135,1.8701837062835693,-0.0013785883784294128,0.37865567207336426,0.37800998773759925,0.002865617657857069,tracking,0.37800998773759925,0.002865617657857069,tracking,5.700906022697756,0,0,0
1858,18.580000000000105,6.704678058624268,1.8701789379119873,-0.0011915862560272217,0.37853285670280457,0.37800998773759925,0.002865617657857069,tracking,0.37800998773759925,0.002865617657857069,tracking,5.704692112736641,0,0,0
1859,18.590000000000106,6.708462715148926,1.8701746463775635,-0.0010046573588624597,0.3784334063529968,0.37800998773759925,0.002865617657857069,tracking,0.37800998773759925,0.002865617657857069,tracking,5.708476771694448,0,0,0
1860,18.600000000000108,6.712246417999268,1.870171308517456,-0.0008177580893971026,0.3783528804779053,0.37800998773759925,0.002865617657857069,tracking,0.37800998773759925,0.002865617657857069,tracking,5.712260476017065,0,0,0
1861,18.61000000000011,6.716030120849609,1.8701684474945068,-0.0006308682495728135,0.37840479612350464,0.3794445095836071,0.0007999061996057755,tracking,0.3794445095836071,0.0007999061996057755,tracking,5.716044179949079,0,1,1
1862,18.62000000000011,6.719814300537109,1.870166540145874,-0.00044396170414984226,0.3784542381763458,0.3794445095836071,0.0007999061996057755,tracking,0.3794445095836071,0.0007999061996057755,tracking,5.719828360117261,0,0,0
1863,18.630000000000113,6.723598957061768,1.8701651096343994,-0.00025702337734401226,0.3785013258457184,0.3794445095836071,0.0007999061996057755,tracking,0.3794445095836071,0.0007999061996057755,tracking,5.723613016912269,0,0,0
1864,18.640000000000114,6.727384090423584,1.8701646327972412,-7.006992382230237e-05,0.37854617834091187,0.3794445095836071,0.0007999061996057755,tracking,0.3794445095836071,0.0007999061996057755,tracking,5.727398150304121,0,0,0
1865,18.650000000000116,6.731169700622559,1.8701646327972412,0.00011691236431943253,0.37858888506889343,0.3794445095836071,0.0007999061996057755,tracking,0.3794445095836071,0.0007999061996057755,tracking,5.731183760503096,0,0,0
1866,18.660000000000117,6.734955787658691,1.8701655864715576,0.0003039064758922905,0.3786179721355438,0.37920053535193166,-0.0011512290932184327,tracking,0.37920053535193166,-0.0011512290932184327,tracking,5.734969847659339,0,1,1
1867,18.67000000000012,6.738741874694824,1.870166540145874,0.00011689351958921179,0.3786456882953644,0.37920053535193166,-0.0011512290932184327,tracking,0.37920053535193166,-0.0011512290932184327,tracking,5.738755934815582,0,0,0
1868,18.68000000000012,6.742528438568115,1.870166540145874,-7.012833521002904e-05,0.3786720633506775,0.37920053535193166,-0.0011512290932184327,tracking,0.37920053535193166,-0.0011512290932184327,tracking,5.742542498688873,0,0,0
1869,18.690000000000122,6.7463154792785645,1.8701660633087158,-0.0002571671502664685,0.3786971867084503,0.37920053535193166,-0.0011512290932184327,tracking,0.37920053535193166,-0.0011512290932184327,tracking,5.746329539429341,0,0,0
1870,18.700000000000124,6.750102519989014,1.8701646327972412,-0.00044421403435990214,0.37872111797332764,0.37920053535193166,-0.0011512290932184327,tracking,0.37920053535193166,-0.0011512290932184327,tracking,5.75011658040997,0,0,0
1871,18.710000000000125,6.753890037536621,1.8701627254486084,-0.0006312865880317986,0.37877508997917175,0.37985643918187423,-0.00020672757810115188,tracking,0.37985643918187423,-0.00020672757810115188,tracking,5.753904098437837,0,1,1
1872,18.720000000000127,6.757678031921387,1.8701598644256592,-0.0008183764875866473,0.3788264989852905,0.37985643918187423,-0.00020672757810115188,tracking,0.37985643918187423,-0.00020672757810115188,tracking,5.757692093903049,0,0,0
1873,18.73000000000013,6.7614665031433105,1.8701565265655518,-0.0010054993908852339,0.3788754642009735,0.37985643918187423,-0.00020672757810115188,tracking,0.37985643918187423,-0.00020672757810115188,tracking,5.761480566595396,0,0,0
1874,18.74000000000013,6.765255451202393,1.870152235031128,-0.001192638068459928,0.37892210483551025,0.37985643918187423,-0.00020672757810115188,tracking,0.37985643918187423,-0.00020672757810115188,tracking,5.765269517084871,0,0,0
1875,18.75000000000013,6.769044876098633,1.870147466659546,-0.0013798067811876535,0.3789665400981903,0.37985643918187423,-0.00020672757810115188,tracking,0.37985643918187423,-0.00020672757810115188,tracking,5.769058944981218,0,0,0
1876,18.760000000000133,6.772832870483398,1.8701417446136475,-0.0015669326530769467,0.3786621391773224,0.37736613820854614,0.003792760979693543,tracking,0.37736613820854614,0.003792760979693543,tracking,5.772846943687768,0,1,1
1877,18.770000000000135,6.776618480682373,1.870136022567749,-0.0013799882726743817,0.37841564416885376,0.37736613820854614,0.003792760979693543,tracking,0.37736613820854614,0.003792760979693543,tracking,5.776632558211249,0,0,0
1878,18.780000000000136,6.780401706695557,1.870131254196167,-0.0011931173503398895,0.378216028213501,0.37736613820854614,0.003792760979693543,tracking,0.37736613820854614,0.003792760979693543,tracking,5.7804157872294555,0,0,0
1879,18.790000000000138,6.784183025360107,1.8701269626617432,-0.0010063654044643044,0.3780543804168701,0.37736613820854614,0.003792760979693543,tracking,0.37736613820854614,0.003792760979693543,tracking,5.784197108329303,0,0,0
1880,18.80000000000014,6.787962913513184,1.8701236248016357,-0.0008196616545319557,0.37792348861694336,0.37736613820854614,0.003792760979693543,tracking,0.37736613820854614,0.003792760979693543,tracking,5.78797699795614,0,0,0
1881,18.81000000000014,6.791742324829102,1.8701207637786865,-0.0006329773459583521,0.37799522280693054,0.3794320766734012,0.0008178095903023362,tracking,0.3794320766734012,0.0008178095903023362,tracking,5.791756410354958,0,1,1
1882,18.820000000000142,6.795522689819336,1.8701188564300537,-0.0004462699871510267,0.3780635595321655,0.3794320766734012,0.0008178095903023362,tracking,0.3794320766734012,0.0008178095903023362,tracking,5.795536775826361,0,0,0
1883,18.830000000000144,6.7993035316467285,1.870117425918579,-0.00025951871066354215,0.37812861800193787,0.3794320766734012,0.0008178095903023362,tracking,0.3794320766734012,0.0008178095903023362,tracking,5.799317617924376,0,0,0
1884,18.840000000000146,6.8030853271484375,1.870116949081421,-7.274652307387441e-05,0.3781906068325043,0.3794320766734012,0.0008178095903023362,tracking,0.3794320766734012,0.0008178095903023362,tracking,5.803099413456146,0,0,0
1885,18.850000000000147,6.806867599487305,1.870116949081421,0.00011406552221160382,0.3782496452331543,0.3794320766734012,0.0008178095903023362,tracking,0.3794320766734012,0.0008178095903023362,tracking,5.806881685795013,0,0,0
1886,18.86000000000015,6.81065034866333,1.8701179027557373,0.0003008972853422165,0.3783104717731476,0.37952873733979686,-0.0006786182306924866,tracking,0.37952873733979686,-0.0006786182306924866,tracking,5.810664435091255,0,1,1
1887,18.87000000000015,6.814433574676514,1.8701188564300537,0.00011402625386836007,0.37836840748786926,0.37952873733979686,-0.0006786182306924866,tracking,0.37952873733979686,-0.0006786182306924866,tracking,5.814447661224639,0,0,0
1888,18.88000000000015,6.818217754364014,1.8701188564300537,-7.286338222911581e-05,0.3784235715866089,0.37952873733979686,-0.0006786182306924866,tracking,0.37952873733979686,-0.0006786182306924866,tracking,5.818231840912139,0,0,0
1889,18.890000000000153,6.822002410888672,1.8701183795928955,-0.0002597884740680456,0.3784761130809784,0.37952873733979686,-0.0006786182306924866,tracking,0.37952873733979686,-0.0006786182306924866,tracking,5.822016497466836,0,0,0
1890,18.900000000000155,6.825787544250488,1.870116949081421,-0.00044673046795651317,0.37852615118026733,0.37952873733979686,-0.0006786182306924866,tracking,0.37952873733979686,-0.0006786182306924866,tracking,5.825801631098969,0,0,0
1891,18.910000000000156,6.829573154449463,1.8701155185699463,-0.0002597580896690488,0.37856873869895935,0.3794220343891195,0.0008322704796679885,tracking,0.3794220343891195,0.0008322704796679885,tracking,5.829587241568225,0,1,1
1892,18.920000000000158,6.833359241485596,1.870115041732788,-7.277203985722736e-05,0.378609299659729,0.3794220343891195,0.0008322704796679885,tracking,0.3794220343891195,0.0008322704796679885,tracking,5.833373328634385,0,0,0
1893,18.93000000000016,6.8371453285217285,1.870115041732788,0.00011424008698668331,0.37864795327186584,0.3794220343891195,0.0008322704796679885,tracking,0.3794220343891195,0.0008322704796679885,tracking,5.837159415670518,0,0,0
1894,18.94000000000016,6.8409318923950195,1.8701159954071045,0.0003012646338902414,0.37868475914001465,0.3794220343891195,0.0008322704796679885,tracking,0.3794220343891195,0.0008322704796679885,tracking,5.840945979663904,0,0,0
1895,18.950000000000163,6.844718933105469,1.870117425918579,0.000488312856759876,0.3787198066711426,0.3794220343891195,0.0008322704796679885,tracking,0.3794220343891195,0.0008322704796679885,tracking,5.844733020644533,0,0,0
1896,18.960000000000164,6.848505973815918,1.8701196908950806,0.0006753690540790558,0.3787331283092499,0.3789996766993876,-0.0014404655528818416,tracking,0.3789996766993876,-0.0014404655528818416,tracking,5.848520062032308,0,1,1
1897,18.970000000000166,6.852293491363525,1.870121955871582,0.0004883041838183999,0.37874579429626465,0.3789996766993876,-0.0014404655528818416,tracking,0.3789996766993876,-0.0014404655528818416,tracking,5.852307580257156,0,0,0
1898,18.980000000000167,6.856081008911133,1.8701233863830566,0.0003012352390214801,0.37875786423683167,0.3789996766993876,-0.0014404655528818416,tracking,0.3789996766993876,-0.0014404655528818416,tracking,5.856095098074909,0,0,0
1899,18.99000000000017,6.85986852645874,1.870124340057373,0.00011415854532970116,0.3787693679332733,0.3789996766993876,-0.0014404655528818416,tracking,0.3789996766993876,-0.0014404655528818416,tracking,5.859882615742581,0,0,0
1900,19.00000000000017,6.863656044006348,1.870124340057373,-7.292185182450339e-05,0.3787803053855896,0.3789996766993876,-0.0014404655528818416,tracking,0.3789996766993876,-0.0014404655528818416,tracking,5.863670133290189,0,0,0
1901,19.010000000000172,6.867444038391113,1.870124340057373,0.00011417859786888584,0.37883061170578003,0.37983850870979813,0.00023254745789070023,tracking,0.37983850870979813,0.00023254745789070023,tracking,5.867458127674954,0,1,1
1902,19.020000000000174,6.871232509613037,1.8701252937316895,0.00030129519291222095,0.37887853384017944,0.37983850870979813,0.00023254745789070023,tracking,0.37983850870979813,0.00023254745789070023,tracking,5.871246599016913,0,0,0
1903,19.030000000000175,6.875021457672119,1.870126724243164,0.0004884426016360521,0.3789241909980774,0.37983850870979813,0.00023254745789070023,tracking,0.37983850870979813,0.00023254745789070023,tracking,5.875035547346038,0,0,0
1904,19.040000000000177,6.878810882568359,1.8701289892196655,0.0006756046786904335,0.37896767258644104,0.37983850870979813,0.00023254745789070023,tracking,0.37983850870979813,0.00023254745789070023,tracking,5.878824972919178,0,0,0
1905,19.05000000000018,6.882600784301758,1.8701317310333252,0.0008627946954220533,0.37900906801223755,0.37983850870979813,0.00023254745789070023,tracking,0.37983850870979813,0.00023254745789070023,tracking,5.882614875644362,0,0,0
1906,19.06000000000018,6.886390209197998,1.8701354265213013,0.0010499627096578479,0.3788340389728546,0.37808878514830396,-0.002752149386442331,tracking,0.37808878514830396,-0.002752149386442331,tracking,5.886404302342541,0,1,1
1907,19.07000000000018,6.8901777267456055,1.8701391220092773,0.0008628988289274275,0.37869229912757874,0.37808878514830396,-0.002752149386442331,tracking,0.37808878514830396,-0.002752149386442331,tracking,5.890191821692995,0,0,0
1908,19.080000000000183,6.8939642906188965,1.870141863822937,0.0006758772069588304,0.37857750058174133,0.37808878514830396,-0.002752149386442331,tracking,0.37808878514830396,-0.002752149386442331,tracking,5.893978386558946,0,0,0
1909,19.090000000000185,6.897749423980713,1.8701441287994385,0.0004889239789918065,0.3784845471382141,0.37808878514830396,-0.002752149386442331,tracking,0.37808878514830396,-0.002752149386442331,tracking,5.89776352059843,0,0,0
1910,19.100000000000186,6.901534080505371,1.870145559310913,0.00030199845787137747,0.3784092664718628,0.37808878514830396,-0.002752149386442331,tracking,0.37808878514830396,-0.002752149386442331,tracking,5.901548177393438,0,0,0
1911,19.110000000000188,6.905318260192871,1.8701465129852295,0.00011508281022543088,0.3784545361995697,0.379361586824885,-0.0009193149721655851,tracking,0.379361586824885,-0.0009193149721655851,tracking,5.905332357201108,0,1,1
1912,19.12000000000019,6.909102916717529,1.8701465129852295,-7.184738205978647e-05,0.3784976601600647,0.379361586824885,-0.0009193149721655851,tracking,0.379361586824885,-0.0009193149721655851,tracking,5.9091170137257665,0,0,0
1913,19.13000000000019,6.912888050079346,1.8701460361480713,-0.00025880528846755624,0.37853872776031494,0.379361586824885,-0.0009193149721655851,tracking,0.379361586824885,-0.0009193149721655851,tracking,5.912902147117618,0,0,0
1914,19.140000000000192,6.91667366027832,1.8701446056365967,-0.000445776415290311,0.37857785820961,0.379361586824885,-0.0009193149721655851,tracking,0.379361586824885,-0.0009193149721655851,tracking,5.916687757586875,0,0,0
1915,19.150000000000194,6.920459747314453,1.8701426982879639,-0.0006327726878225803,0.3786151111125946,0.379361586824885,-0.0009193149721655851,tracking,0.379361586824885,-0.0009193149721655851,tracking,5.920473845103448,0,0,0
1916,19.160000000000196,6.924246311187744,1.8701398372650146,-0.0008197813294827938,0.3786529302597046,0.379410705859716,0.0008485835620089979,tracking,0.379410705859716,0.0008485835620089979,tracking,5.9242604100575935,0,1,1
1917,19.170000000000197,6.928032875061035,1.8701369762420654,-0.0006327484734356403,0.3786889612674713,0.379410705859716,0.0008485835620089979,tracking,0.379410705859716,0.0008485835620089979,tracking,5.928046975011739,0,0,0
1918,19.1800000000002,6.931819915771484,1.8701350688934326,-0.000445704092271626,0.37872329354286194,0.379410705859716,0.0008485835620089979,tracking,0.379410705859716,0.0008485835620089979,tracking,5.931834016202508,0,0,0
1919,19.1900000000002,6.935607433319092,1.870133638381958,-0.000258637621300295,0.37875598669052124,0.379410705859716,0.0008485835620089979,tracking,0.379410705859716,0.0008485835620089979,tracking,5.935621534020261,0,0,0
1920,19.200000000000202,6.939394950866699,1.8701331615447998,-7.156064384616911e-05,0.3787871301174164,0.379410705859716,0.0008485835620089979,tracking,0.379410705859716,0.0008485835620089979,tracking,5.939409051597885,0,0,0
1921,19.210000000000203,6.943182945251465,1.8701326847076416,-0.0002586601476650685,0.3788239359855652,0.37956137953633956,-0.0006316134676710716,tracking,0.37956137953633956,-0.0006316134676710716,tracking,5.943197046012663,0,1,1
1922,19.220000000000205,6.946971416473389,1.870131254196167,-0.00044577146763913333,0.3788590133190155,0.37956137953633956,-0.0006316134676710716,tracking,0.37956137953633956,-0.0006316134676710716,tracking,5.946985517504664,0,0,0
1923,19.230000000000206,6.950760364532471,1.8701293468475342,-0.0006329053430818021,0.3788924217224121,0.37956137953633956,-0.0006316134676710716,tracking,0.37956137953633956,-0.0006316134676710716,tracking,5.950774466043823,0,0,0
1924,19.240000000000208,6.954549312591553,1.870126485824585,-0.0008200499578379095,0.3789242208003998,0.37956137953633956,-0.0006316134676710716,tracking,0.37956137953633956,-0.0006316134676710716,tracking,5.95456341518308,0,0,0
1925,19.25000000000021,6.958338737487793,1.8701231479644775,-0.0010072150034829974,0.37895452976226807,0.37956137953633956,-0.0006316134676710716,tracking,0.37956137953633956,-0.0006316134676710716,tracking,5.958352841549373,0,0,0
1926,19.26000000000021,6.962128162384033,1.8701188564300537,-0.0011943734716624022,0.378884494304657,0.3785863431699579,0.0020356658352606695,tracking,0.3785863431699579,0.0020356658352606695,tracking,5.9621422688756995,0,1,1
1927,19.270000000000213,6.965916633605957,1.8701145648956299,-0.0010072567965835333,0.3788277804851532,0.3785863431699579,0.0020356658352606695,tracking,0.3785863431699579,0.0020356658352606695,tracking,5.965930742528322,0,0,0
1928,19.280000000000214,6.969704627990723,1.8701112270355225,-0.0008201570599339902,0.37878185510635376,0.3785863431699579,0.0020356658352606695,tracking,0.3785863431699579,0.0020356658352606695,tracking,5.969718738383695,0,0,0
1929,19.290000000000216,6.97349214553833,1.8701083660125732,-0.0006330846808850765,0.3787446618080139,0.3785863431699579,0.0020356658352606695,tracking,0.3785863431699579,0.0020356658352606695,tracking,5.973506257011885,0,0,0
1930,19.300000000000217,6.9772796630859375,1.8701064586639404,-0.0004460233903955668,0.37871456146240234,0.3785863431699579,0.0020356658352606695,tracking,0.3785863431699579,0.0020356658352606695,tracking,5.977293775039752,0,0,0
1931,19.31000000000022,6.981067180633545,1.8701050281524658,-0.0002589556388556957,0.37876421213150024,0.3797590279225688,0.0003469997915008763,tracking,0.3797590279225688,0.0003469997915008763,tracking,5.981081292857505,0,1,1
1932,19.32000000000022,6.9848551750183105,1.8701045513153076,-7.187193841673434e-05,0.3788115084171295,0.3797590279225688,0.0003469997915008763,tracking,0.3797590279225688,0.0003469997915008763,tracking,5.984869287272283,0,0,0
1933,19.330000000000222,6.988643646240234,1.8701045513153076,0.00011524217552505434,0.3788565695285797,0.3797590279225688,0.0003469997915008763,tracking,0.3797590279225688,0.0003469997915008763,tracking,5.988657758494207,0,0,0
1934,19.340000000000224,6.992432594299316,1.870105504989624,0.00030237078317441046,0.378899484872818,0.3797590279225688,0.0003469997915008763,tracking,0.3797590279225688,0.0003469997915008763,tracking,5.9924467066733085,0,0,0
1935,19.350000000000225,6.996222019195557,1.8701069355010986,0.0004895269521512091,0.3789403438568115,0.3797590279225688,0.0003469997915008763,tracking,0.3797590279225688,0.0003469997915008763,tracking,5.9962361318395585,0,0,0
1936,19.360000000000227,7.000011444091797,1.8701093196868896,0.0006766919395886362,0.3789529800415039,0.37920604137947767,-0.001143300413552156,tracking,0.37920604137947767,-0.001143300413552156,tracking,6.0000255574858254,0,1,1
1937,19.37000000000023,7.003800868988037,1.8701117038726807,0.0004895186866633594,0.37896502017974854,0.37920604137947767,-0.001143300413552156,tracking,0.37920604137947767,-0.001143300413552156,tracking,6.003814983132092,0,0,0
1938,19.38000000000023,7.0075907707214355,1.8701131343841553,0.0003023415629286319,0.3789764940738678,0.37920604137947767,-0.001143300413552156,tracking,0.37920604137947767,-0.001143300413552156,tracking,6.007604885135467,0,0,0
1939,19.39000000000023,7.011380672454834,1.8701140880584717,0.00011515707592479885,0.3789874017238617,0.37920604137947767,-0.001143300413552156,tracking,0.37920604137947767,-0.001143300413552156,tracking,6.011394786988855,0,0,0
1940,19.400000000000233,7.015170574188232,1.8701140880584717,-7.203091809060425e-05,0.378997802734375,0.37920604137947767,-0.001143300413552156,tracking,0.37920604137947767,-0.001143300413552156,tracking,6.015184688722253,0,0,0
1941,19.410000000000235,7.018960952758789,1.8701136112213135,-0.0002592356759123504,0.3790383040904999,0.37984933551932887,-0.00021695685216646492,tracking,0.37984933551932887,-0.00021695685216646492,tracking,6.0189750673228035,0,1,1
1942,19.420000000000236,7.022751331329346,1.8701121807098389,-0.000446453457698226,0.37907686829566956,0.37984933551932887,-0.00021695685216646492,tracking,0.37984933551932887,-0.00021695685216646492,tracking,6.022765446163302,0,0,0
1943,19.430000000000238,7.0265421867370605,1.870110273361206,-0.0006336960359476507,0.3791135847568512,0.37984933551932887,-0.00021695685216646492,tracking,0.37984933551932887,-0.00021695685216646492,tracking,6.026556302050852,0,0,0
1944,19.44000000000024,7.030333518981934,1.8701074123382568,-0.0008209504303522408,0.37914857268333435,0.37984933551932887,-0.00021695685216646492,tracking,0.37984933551932887,-0.00021695685216646492,tracking,6.030347635375221,0,0,0
1945,19.45000000000024,7.034125328063965,1.8701040744781494,-0.0010082272347062826,0.3791818916797638,0.37984933551932887,-0.00021695685216646492,tracking,0.37984933551932887,-0.00021695685216646492,tracking,6.03413944592638,0,0,0
1946,19.460000000000242,7.03791618347168,1.8700997829437256,-0.0011954817455261946,0.37901273369789124,0.3782925167706898,0.002458775850206675,tracking,0.3782925167706898,0.002458775850206675,tracking,6.037930303763265,0,1,1
1947,19.470000000000244,7.04170560836792,1.8700954914093018,-0.0010083281667903066,0.3788757622241974,0.3782925167706898,0.002458775850206675,tracking,0.3782925167706898,0.002458775850206675,tracking,6.041719731089591,0,0,0
1948,19.480000000000246,7.0454936027526855,1.8700921535491943,-0.0008212154498323798,0.3787648379802704,0.3782925167706898,0.002458775850206675,tracking,0.3782925167706898,0.002458775850206675,tracking,6.045507726944964,0,0,0
1949,19.490000000000247,7.049280643463135,1.8700892925262451,-0.0006341687985695899,0.37867501378059387,0.3782925167706898,0.002458775850206675,tracking,0.3782925167706898,0.002458775850206675,tracking,6.049294768736132,0,0,0
1950,19.50000000000025,7.053067207336426,1.8700873851776123,-0.0004471489228308201,0.3786022663116455,0.3782925167706898,0.002458775850206675,tracking,0.3782925167706898,0.002458775850206675,tracking,6.0530813330898035,0,0,0
1951,19.51000000000025,7.056853294372559,1.8700859546661377,-0.00026013405295088887,0.37865975499153137,0.37981136885278494,0.00027162885198972085,tracking,0.37981136885278494,0.00027162885198972085,tracking,6.056867420396184,0,1,1
1952,19.520000000000252,7.060640335083008,1.8700854778289795,-7.310071669053286e-05,0.37871450185775757,0.37981136885278494,0.00027162885198972085,tracking,0.37981136885278494,0.00027162885198972085,tracking,6.060654461136653,0,0,0
1953,19.530000000000253,7.064427852630615,1.8700854778289795,0.00011396782065276057,0.37876665592193604,0.37981136885278494,0.00027162885198972085,tracking,0.37981136885278494,0.00027162885198972085,tracking,6.06444197868426,0,0,0
1954,19.540000000000255,7.068215847015381,1.870086431503296,0.00030105310725048184,0.3788163363933563,0.37981136885278494,0.00027162885198972085,tracking,0.37981136885278494,0.00027162885198972085,tracking,6.068229973189076,0,0,0
1955,19.550000000000257,7.072004318237305,1.8700878620147705,0.0004881703353021294,0.378863662481308,0.37981136885278494,0.00027162885198972085,tracking,0.37981136885278494,0.00027162885198972085,tracking,6.072018444681077,0,0,0
1956,19.560000000000258,7.0757927894592285,1.870090126991272,0.0006752973422408104,0.3788757622241974,0.3791180368339431,-0.0012700269591219486,tracking,0.3791180368339431,-0.0012700269591219486,tracking,6.0758069165800705,0,1,1
1957,19.57000000000026,7.0795817375183105,1.8700923919677734,0.0004881623899564147,0.3788872957229614,0.3791180368339431,-0.0012700269591219486,tracking,0.3791180368339431,-0.0012700269591219486,tracking,6.079595865316137,0,0,0
1958,19.58000000000026,7.083370685577393,1.870093822479248,0.000301023741485551,0.3788982629776001,0.3791180368339431,-0.0012700269591219486,tracking,0.3791180368339431,-0.0012700269591219486,tracking,6.083384813645263,0,0,0
1959,19.590000000000263,7.087159633636475,1.8700947761535645,0.00011387804261175916,0.3789087235927582,0.3791180368339431,-0.0012700269591219486,tracking,0.3791180368339431,-0.0012700269591219486,tracking,6.087173761824364,0,0,0
1960,19.600000000000264,7.090948581695557,1.8700947761535645,-7.327101047849283e-05,0.37891867756843567,0.3791180368339431,-0.0012700269591219486,tracking,0.3791180368339431,-0.0012700269591219486,tracking,6.0909627098834465,0,0,0
1961,19.610000000000266,7.094738006591797,1.8700942993164062,-0.0002604314067866653,0.37894317507743835,0.37943364712036964,-0.0008155481466677293,tracking,0.37943364712036964,-0.0008155481466677293,tracking,6.094752134809688,0,1,1
1962,19.620000000000267,7.098527431488037,1.8700928688049316,-0.000447599682956934,0.3789665102958679,0.37943364712036964,-0.0008155481466677293,tracking,0.37943364712036964,-0.0008155481466677293,tracking,6.098541559975938,0,0,0
1963,19.63000000000027,7.1023173332214355,1.8700909614562988,-0.0006347829475998878,0.37898871302604675,0.37943364712036964,-0.0008155481466677293,tracking,0.37943364712036964,-0.0008155481466677293,tracking,6.102331462189293,0,0,0
1964,19.64000000000027,7.106107234954834,1.8700881004333496,-0.0008219733717851341,0.379009872674942,0.37943364712036964,-0.0008155481466677293,tracking,0.37943364712036964,-0.0008155481466677293,tracking,6.106121365002593,0,0,0
1965,19.650000000000272,7.109897613525391,1.8700847625732422,-0.001009177416563034,0.3790300190448761,0.37943364712036964,-0.0008155481466677293,tracking,0.37943364712036964,-0.0008155481466677293,tracking,6.109911745042833,0,0,0
1966,19.660000000000274,7.113687038421631,1.8700804710388184,-0.0011963563738390803,0.37885740399360657,0.3781225011601883,0.0027035983293288127,tracking,0.3781225011601883,0.0027035983293288127,tracking,6.11370117236916,0,1,1
1967,19.670000000000275,7.1174750328063965,1.8700761795043945,-0.001009280444122851,0.3787176311016083,0.3781225011601883,0.0027035983293288127,tracking,0.3781225011601883,0.0027035983293288127,tracking,6.11748916918493,0,0,0
1968,19.680000000000277,7.1212615966796875,1.870072841644287,-0.0008222461910918355,0.3786044418811798,0.3781225011601883,0.0027035983293288127,tracking,0.3781225011601883,0.0027035983293288127,tracking,6.121275734529385,0,0,0
1969,19.69000000000028,7.125047206878662,1.870069980621338,-0.0006352794007398188,0.37851276993751526,0.3781225011601883,0.0027035983293288127,tracking,0.3781225011601883,0.0027035983293288127,tracking,6.1250613458094865,0,0,0
1970,19.70000000000028,7.12883186340332,1.870068073272705,-0.00044833990978077054,0.3784385323524475,0.3781225011601883,0.0027035983293288127,tracking,0.3781225011601883,0.0027035983293288127,tracking,6.128846002814766,0,0,0
1971,19.71000000000028,7.1326165199279785,1.8700666427612305,-0.0002614039112813771,0.37850213050842285,0.3797759186939748,0.00032267708067629935,tracking,0.3797759186939748,0.00032267708067629935,tracking,6.132630659609775,0,1,1
1972,19.720000000000283,7.136401653289795,1.8700661659240723,-7.444746734108776e-05,0.37856268882751465,0.3797759186939748,0.00032267708067629935,tracking,0.3797759186939748,0.00032267708067629935,tracking,6.1364157930016265,0,0,0
1973,19.730000000000285,7.140187740325928,1.8700661659240723,0.00011254791024839506,0.3786203861236572,0.3797759186939748,0.00032267708067629935,tracking,0.3797759186939748,0.00032267708067629935,tracking,6.140201880037759,0,0,0
1974,19.740000000000286,7.143974304199219,1.8700671195983887,0.0002995618269778788,0.37867534160614014,0.3797759186939748,0.00032267708067629935,tracking,0.3797759186939748,0.00032267708067629935,tracking,6.143988444031145,0,0,0
1975,19.750000000000288,7.147761344909668,1.8700684309005737,0.0004866110684815794,0.37872767448425293,0.3797759186939748,0.00032267708067629935,tracking,0.3797759186939748,0.00032267708067629935,tracking,6.147775484968621,0,0,0
1976,19.76000000000029,7.151548862457275,1.8700706958770752,0.0006736722425557673,0.3787478804588318,0.379152574467789,-0.0012202927663838813,tracking,0.379152574467789,-0.0012202927663838813,tracking,6.151563003193469,0,1,1
1977,19.77000000000029,7.155336380004883,1.8700729608535767,0.000486597913550213,0.37876713275909424,0.379152574467789,-0.0012202927663838813,tracking,0.379152574467789,-0.0012202927663838813,tracking,6.155350521418317,0,0,0
1978,19.780000000000292,7.159124374389648,1.8700742721557617,0.00029951741453260183,0.37878546118736267,0.379152574467789,-0.0012202927663838813,tracking,0.379152574467789,-0.0012202927663838813,tracking,6.159138516030051,0,0,0
1979,19.790000000000294,7.162912368774414,1.8700752258300781,0.00011242512846365571,0.37880292534828186,0.379152574467789,-0.0012202927663838813,tracking,0.379152574467789,-0.0012202927663838813,tracking,6.1629265105348665,0,0,0
1980,19.800000000000296,7.16670036315918,1.8700752258300781,-7.467277464456856e-05,0.3788195550441742,0.379152574467789,-0.0012202927663838813,tracking,0.379152574467789,-0.0012202927663838813,tracking,6.166714504919632,0,0,0
1981,19.810000000000297,7.1704888343811035,1.87007474899292,-0.0002617879945319146,0.37885546684265137,0.37957482335740095,-0.0006122543653426737,tracking,0.37957482335740095,-0.0006122543653426737,tracking,6.170502976171565,0,1,1
1982,19.8200000000003,7.1742777824401855,1.8700733184814453,-0.0004489147395361215,0.37888967990875244,0.37957482335740095,-0.0006122543653426737,tracking,0.37957482335740095,-0.0006122543653426737,tracking,6.17429192450069,0,0,0
1983,19.8300000000003,7.178066730499268,1.8700714111328125,-0.0006360634579323232,0.3789222538471222,0.37957482335740095,-0.0006122543653426737,tracking,0.37957482335740095,-0.0006122543653426737,tracking,6.17808087303985,0,0,0
1984,19.840000000000302,7.181856155395508,1.8700685501098633,-0.0008232226828113198,0.3789532780647278,0.37957482335740095,-0.0006122543653426737,tracking,0.37957482335740095,-0.0006122543653426737,tracking,6.181870299016128,0,0,0
1985,19.850000000000303,7.185646057128906,1.8700652122497559,-0.0010104018729180098,0.3789828419685364,0.37957482335740095,-0.0006122543653426737,tracking,0.37957482335740095,-0.0006122543653426737,tracking,6.1856602022193945,0,0,0
1986,19.860000000000305,7.1894354820251465,1.870060920715332,-0.001197565346956253,0.37885767221450806,0.3783247848416936,0.002412309827961269,tracking,0.3783247848416936,0.002412309827961269,tracking,6.189449629545721,0,1,1
1987,19.870000000000307,7.193223476409912,1.8700566291809082,-0.0010104766115546227,0.3787563145160675,0.3783247848416936,0.002412309827961269,tracking,0.3783247848416936,0.002412309827961269,tracking,6.193237626361491,0,0,0
1988,19.880000000000308,7.197010517120361,1.8700532913208008,-0.0008234180859290063,0.3786742389202118,0.3783247848416936,0.002412309827961269,tracking,0.3783247848416936,0.002412309827961269,tracking,6.197024668542919,0,0,0
1989,19.89000000000031,7.200797080993652,1.8700504302978516,-0.0006364085129462183,0.37860777974128723,0.3783247848416936,0.002412309827961269,tracking,0.3783247848416936,0.002412309827961269,tracking,6.200811233497064,0,0,0
1990,19.90000000000031,7.204582691192627,1.8700485229492188,-0.00044941873056814075,0.37855395674705505,0.3783247848416936,0.002412309827961269,tracking,0.3783247848416936,0.002412309827961269,tracking,6.20459684417654,0,0,0
1991,19.910000000000313,7.208352565765381,1.870046854019165,-0.0004494188178796321,0.3754671812057495,0.0,0.0,mission_complete,0.36232478484169356,0.0,mission_complete,6.208366719118713,0,1,1
1992,19.920000000000314,7.2120795249938965,1.8700451850891113,-0.0004494189051911235,0.36992430686950684,0.0,0.0,mission_complete,0.34632478484169354,0.0,mission_complete,6.212093678720901,0,0,0
1993,19.930000000000316,7.215741157531738,1.8700435161590576,-0.0004494189633987844,0.36239248514175415,0.0,0.0,mission_complete,0.33032478484169353,0.0,mission_complete,6.215755311639082,0,0,0
1994,19.940000000000317,7.2193193435668945,1.8700419664382935,-0.0004494190216064453,0.35324999690055847,0.0,0.0,mission_complete,0.3143247848416935,0.0,mission_complete,6.219333498009832,0,0,0
1995,19.95000000000032,7.222799777984619,1.8700404167175293,-0.0004494190798141062,0.3428032100200653,0.0,0.0,mission_complete,0.2983247848416935,0.0,mission_complete,6.222813932772576,0,0,0
1996,19.96000000000032,7.226170063018799,1.8700388669967651,-0.00044941913802176714,0.3313002288341522,0.0,0.0,mission_complete,0.2823247848416935,0.0,mission_complete,6.226184218163051,0,1,1
1997,19.970000000000322,7.229421138763428,1.8700374364852905,-0.00044941919622942805,0.3189418911933899,0.0,0.0,mission_complete,0.2663247848416935,0.0,mission_complete,6.229435294222401,0,0,0
1998,19.980000000000324,7.232545375823975,1.870036005973816,-0.00044941925443708897,0.30589091777801514,0.0,0.0,mission_complete,0.25032478484169346,0.0,mission_complete,6.232559531610446,0,0,0
1999,19.990000000000325,7.235536098480225,1.8700346946716309,-0.0004494193126447499,0.29227903485298157,0.0,0.0,mission_complete,0.23432478484169345,0.0,mission_complete,6.235550254554171,0,0,0
2000,20.000000000000327,7.238388538360596,1.8700333833694458,-0.0004494193708524108,0.27821293473243713,0.0,0.0,mission_complete,0.21832478484169343,0.0,mission_complete,6.238402694735953,0,0,0
2001,20.01000000000033,7.241098403930664,1.8700321912765503,-0.0004494194290600717,0.26377901434898376,0.0,0.0,mission_complete,0.20232478484169342,0.0,mission_complete,6.241112560568228,0,1,1
2002,20.02000000000033,7.243662357330322,1.8700309991836548,-0.0004494194872677326,0.24904721975326538,0.0,0.0,mission_complete,0.1863247848416934,0.0,mission_complete,6.2436765142450135,0,0,0
2003,20.03000000000033,7.246078014373779,1.8700299263000488,-0.00044941954547539353,0.23407422006130219,0.0,0.0,mission_complete,0.1703247848416934,0.0,mission_complete,6.246092171526724,0,0,0
2004,20.040000000000333,7.248342990875244,1.8700288534164429,-0.00044941960368305445,0.21890588104724884,0.0,0.0,mission_complete,0.15432478484169337,0.0,mission_complete,6.2483571482822935,0,0,0
2005,20.050000000000335,7.250455379486084,1.8700278997421265,-0.0004494196327868849,0.2035793513059616,0.0,0.0,mission_complete,0.13832478484169336,0.0,mission_complete,6.25046953710841,0,0,0
2006,20.060000000000336,7.252413749694824,1.8700270652770996,-0.00044941966189071536,0.18812473118305206,0.0,0.0,mission_complete,0.12232478484169336,0.0,mission_complete,6.252427907494933,0,1,1
2007,20.070000000000338,7.254217147827148,1.8700262308120728,-0.0004494196909945458,0.17256638407707214,0.0,0.0,mission_complete,0.10632478484169336,0.0,mission_complete,6.254231305820318,0,0,0
2008,20.08000000000034,7.25586462020874,1.8700255155563354,-0.0004494197200983763,0.1569240242242813,0.0,0.0,mission_complete,0.09032478484169336,0.0,mission_complete,6.255878778357175,0,0,0
2009,20.09000000000034,7.257355213165283,1.8700248003005981,-0.00044941974920220673,0.14121365547180176,0.0,0.0,mission_complete,0.07432478484169336,0.0,mission_complete,6.257369371485325,0,0,0
2010,20.100000000000342,7.258688449859619,1.8700242042541504,-0.0004494197783060372,0.12544819712638855,0.0,0.0,mission_complete,0.05832478484169336,0.0,mission_complete,6.258702608312897,0,0,0
2011,20.110000000000344,7.25986385345459,1.8700237274169922,-0.00044941980740986764,0.10963812470436096,0.0,0.0,mission_complete,0.04232478484169336,0.0,mission_complete,6.25987801200459,0,1,1
2012,20.120000000000346,7.260880947113037,1.870023250579834,-0.0004494198365136981,0.09379193186759949,0.0,0.0,mission_complete,0.026324784841693358,0.0,mission_complete,6.2608951057748135,0,0,0
2013,20.130000000000347,7.261739253997803,1.8700228929519653,-0.00044941986561752856,0.07791648060083389,0.0,0.0,mission_complete,0.010324784841693357,0.0,mission_complete,6.261753412734085,0,0,0
2014,20.14000000000035,7.262444496154785,1.8700225353240967,-0.00044941986561752856,0.06309676915407181,0.0,0.0,mission_complete,0.0,0.0,mission_complete,6.262458654981744,0,0,0
2015,20.15000000000035,7.263015270233154,1.8700222969055176,-0.00044941986561752856,0.051095765084028244,0.0,0.0,mission_complete,0.0,0.0,mission_complete,6.263029429109908,0,0,0
2016,20.160000000000352,7.263477802276611,1.8700220584869385,-0.00044941986561752856,0.04137735068798065,0.0,0.0,mission_complete,0.0,0.0,mission_complete,6.263491961214813,0,1,1
2017,20.170000000000353,7.263852119445801,1.870021939277649,-0.00044941986561752856,0.03350737690925598,0.0,0.0,mission_complete,0.0,0.0,mission_complete,6.263866278402984,0,0,0
2018,20.180000000000355,7.264155387878418,1.8700218200683594,-0.00044941986561752856,0.027134273201227188,0.0,0.0,mission_complete,0.0,0.0,mission_complete,6.264169546859031,0,0,0
2019,20.190000000000357,7.264400959014893,1.8700217008590698,-0.00044941986561752856,0.02197333425283432,0.0,0.0,mission_complete,0.0,0.0,mission_complete,6.26441511802444,0,0,0
2020,20.200000000000358,7.264599800109863,1.8700215816497803,-0.00044941986561752856,0.017794005572795868,0.0,0.0,mission_complete,0.0,0.0,mission_complete,6.264613959155144,0,0,0
