step,sim_time_s,x_m,y_m,yaw_rad,actual_speed_mps,requested_speed_mps,requested_steering_rad,request_reason,applied_speed_mps,applied_steering_rad,applied_reason,distance_travelled_m,collision,scan_event,request_published
1,0.01,1.0,1.8730000257492065,0.0,0.0,0.0,0.0,wall_lost,0.0,0.0,wall_lost,0.0,0,1,1
2,0.02,1.0,1.8730000257492065,0.0,0.0,0.0,0.0,wall_lost,0.0,0.0,wall_lost,0.0,0,0,0
3,0.03,1.0,1.8730000257492065,0.0,0.0,0.0,0.0,wall_lost,0.0,0.0,wall_lost,0.0,0,0,0
4,0.04,1.0,1.8730000257492065,0.0,0.0,0.0,0.0,wall_lost,0.0,0.0,wall_lost,0.0,0,0,0
5,0.05,1.0,1.8730000257492065,0.0,0.0,0.0,0.0,wall_lost,0.0,0.0,wall_lost,0.0,0,0,0
6,0.060000000000000005,1.0,1.8730000257492065,0.0,0.0,0.0,0.0,recovery_gate,0.0,0.0,recovery_gate,0.0,0,1,1
7,0.07,1.0,1.8730000257492065,0.0,0.0,0.0,0.0,recovery_gate,0.0,0.0,recovery_gate,0.0,0,0,0
8,0.08,1.0,1.8730000257492065,0.0,0.0,0.0,0.0,recovery_gate,0.0,0.0,recovery_gate,0.0,0,0,0
9,0.09,1.0,1.8730000257492065,0.0,0.0,0.0,0.0,recovery_gate,0.0,0.0,recovery_gate,0.0,0,0,0
10,0.09999999999999999,1.0,1.8730000257492065,0.0,0.0,0.0,0.0,recovery_gate,0.0,0.0,recovery_gate,0.0,0,0,0
11,0.10999999999999999,1.0,1.8730000257492065,0.0,0.0,0.0,0.0,recovery_gate,0.0,0.0,recovery_gate,0.0,0,1,1
12,0.11999999999999998,1.0,1.8730000257492065,0.0,0.0,0.0,0.0,recovery_gate,0.0,0.0,recovery_gate,0.0,0,0,0
13,0.12999999999999998,1.0,1.8730000257492065,0.0,0.0,0.0,0.0,recovery_gate,0.0,0.0,recovery_gate,0.0,0,0,0
14,0.13999999999999999,1.0,1.8730000257492065,0.0,0.0,0.0,0.0,recovery_gate,0.0,0.0,recovery_gate,0.0,0,0,0
15,0.15,1.0,1.8730000257492065,0.0,0.0,0.0,0.0,recovery_gate,0.0,0.0,recovery_gate,0.0,0,0,0
16,0.16,1.0,1.8730000257492065,0.0,0.0,0.0,0.0,recovery_gate,0.0,0.0,recovery_gate,0.0,0,1,1
17,0.17,1.0,1.8730000257492065,0.0,0.0,0.0,0.0,recovery_gate,0.0,0.0,recovery_gate,0.0,0,0,0
18,0.18000000000000002,1.0,1.8730000257492065,0.0,0.0,0.0,0.0,recovery_gate,0.0,0.0,recovery_gate,0.0,0,0,0
19,0.19000000000000003,1.0,1.8730000257492065,0.0,0.0,0.0,0.0,recovery_gate,0.0,0.0,recovery_gate,0.0,0,0,0
20,0.20000000000000004,1.0,1.8730000257492065,0.0,0.0,0.0,0.0,recovery_gate,0.0,0.0,recovery_gate,0.0,0,0,0
21,0.21000000000000005,1.0000003576278687,1.8730000257492065,-2.505225893401075e-08,7.608000305481255e-05,0.040000000000000015,-0.010276454659185804,tracking,0.008,-0.010276454659185804,tracking,3.5762786865234375e-07,0,1,1
22,0.22000000000000006,1.0000048875808716,1.8730000257492065,-1.8727878625668382e-07,0.0008332624565809965,0.040000000000000015,-0.010276454659185804,tracking,0.016,-0.010276454659185804,tracking,4.887580871582031e-06,0,0,0
23,0.23000000000000007,1.0000187158584595,1.8730000257492065,-9.61573618951661e-07,0.0019348408095538616,0.040000000000000015,-0.010276454659185804,tracking,0.024,-0.010276454659185804,tracking,1.8715858459472656e-05,0,0,0
24,0.24000000000000007,1.0000451803207397,1.8730000257492065,-2.1525586362258764e-06,0.003364439122378826,0.040000000000000015,-0.010276454659185804,tracking,0.032,-0.010276454659185804,tracking,4.5180320739746094e-05,0,0,0
25,0.25000000000000006,1.0000874996185303,1.8730000257492065,-4.387920853332616e-06,0.005106459837406874,0.040000000000000015,-0.010276454659185804,tracking,0.04,-0.010276454659185804,tracking,8.749961853027344e-05,0,0,0
26,0.26000000000000006,1.0001487731933594,1.8730000257492065,-7.2458233262295835e-06,0.007146047428250313,0.08000000000000002,-0.008363012634448264,tracking,0.048,-0.008363012634448264,tracking,0.000148773193359375,0,1,1
27,0.2700000000000001,1.0002318620681763,1.8730000257492065,-1.15402772280504e-05,0.009469052776694298,0.08000000000000002,-0.008363012634448264,tracking,0.056,-0.008363012634448264,tracking,0.00023186206817626953,0,0,0
28,0.2800000000000001,1.0003395080566406,1.8730000257492065,-1.6644009519950487e-05,0.012061999179422855,0.08000000000000002,-0.008363012634448264,tracking,0.064,-0.008363012634448264,tracking,0.000339508056640625,0,0,0
29,0.2900000000000001,1.0004743337631226,1.8730000257492065,-2.3540058464277536e-05,0.014912051148712635,0.08000000000000002,-0.008363012634448264,tracking,0.07200000000000001,-0.008363012634448264,tracking,0.0004743337631225586,0,0,0
30,0.3000000000000001,1.0006389617919922,1.8730000257492065,-3.141479101032019e-05,0.018006982281804085,0.08000000000000002,-0.008363012634448264,tracking,0.08000000000000002,-0.008363012634448264,tracking,0.0006389617919921875,0,0,0
31,0.3100000000000001,1.000835657119751,1.8730000257492065,-4.1404575313208625e-05,0.02133515104651451,0.12000000000000001,-0.00806237938929975,tracking,0.08800000000000002,-0.00806237938929975,tracking,0.0008356571197509766,0,1,1
32,0.3200000000000001,1.00106680393219,1.8730000257492065,-5.252671689959243e-05,0.02488546445965767,0.12000000000000001,-0.00806237938929975,tracking,0.09600000000000003,-0.00806237938929975,tracking,0.0010668039321899414,0,0,0
33,0.3300000000000001,1.0013344287872314,1.8730000257492065,-6.605668022530153e-05,0.02864736132323742,0.12000000000000001,-0.00806237938929975,tracking,0.10400000000000004,-0.00806237938929975,tracking,0.0013344287872314453,0,0,0
34,0.34000000000000014,1.0016406774520874,1.8730000257492065,-8.085840818239376e-05,0.032610777765512466,0.12000000000000001,-0.00806237938929975,tracking,0.11200000000000004,-0.00806237938929975,tracking,0.0016406774520874023,0,0,0
35,0.35000000000000014,1.0019875764846802,1.8730000257492065,-9.833355579758063e-05,0.036766134202480316,0.12000000000000001,-0.00806237938929975,tracking,0.12000000000000001,-0.00806237938929975,tracking,0.0019875764846801758,0,0,0
36,0.36000000000000015,1.002376914024353,1.8730000257492065,-0.00011720693873940036,0.041104305535554886,0.16000000000000003,-0.006462586997349317,tracking,0.128,-0.006462586997349317,tracking,0.0023769140243530273,0,1,1
37,0.37000000000000016,1.0028104782104492,1.8730000257492065,-0.00013899467012379318,0.045616596937179565,0.16000000000000003,-0.006462586997349317,tracking,0.136,-0.006462586997349317,tracking,0.0028104782104492188,0,0,0
38,0.38000000000000017,1.003290057182312,1.872999906539917,-0.0001622953568585217,0.050294727087020874,0.16000000000000003,-0.006462586997349317,tracking,0.14400000000000002,-0.006462586997349317,tracking,0.003290057197127981,0,0,0
39,0.3900000000000002,1.0038172006607056,1.8729997873306274,-0.000188728969078511,0.055130813270807266,0.16000000000000003,-0.006462586997349317,tracking,0.15200000000000002,-0.006462586997349317,tracking,0.00381720068900065,0,0,0
40,0.4000000000000002,1.004393458366394,1.872999668121338,-0.00021677960467059165,0.060117341578006744,0.16000000000000003,-0.006462586997349317,tracking,0.16000000000000003,-0.006462586997349317,tracking,0.004393458407019421,0,0,0
41,0.4100000000000002,1.005020260810852,1.8729995489120483,-0.0002481614355929196,0.06524716317653656,0.2,-0.005210141977894099,tracking,0.16800000000000004,-0.005210141977894099,tracking,0.005020260862813421,0,1,1
42,0.4200000000000002,1.0056990385055542,1.8729993104934692,-0.0002812547027133405,0.07051345705986023,0.2,-0.005210141977894099,tracking,0.17600000000000005,-0.005210141977894099,tracking,0.005699038599387465,0,0,0
43,0.4300000000000002,1.0064311027526855,1.8729990720748901,-0.0003178590559400618,0.07590974122285843,0.2,-0.005210141977894099,tracking,0.18400000000000005,-0.005210141977894099,tracking,0.0064311028853428764,0,0,0
44,0.4400000000000002,1.0072177648544312,1.872998833656311,-0.00035626048338599503,0.08142983168363571,0.2,-0.005210141977894099,tracking,0.19200000000000006,-0.005210141977894099,tracking,0.007217765023217982,0,0,0
45,0.45000000000000023,1.0080602169036865,1.8729984760284424,-0.00039833615301176906,0.08706784248352051,0.2,-0.005210141977894099,tracking,0.2,-0.005210141977894099,tracking,0.008060217148381345,0,0,0
46,0.46000000000000024,1.0089596509933472,1.8729981184005737,-0.0004422866040840745,0.09281816333532333,0.24,-0.004779779213540058,tracking,0.20800000000000002,-0.004779779213540058,tracking,0.008959651309140967,0,1,1
47,0.47000000000000025,1.009917140007019,1.8729976415634155,-0.0004900593194179237,0.09867545962333679,0.24,-0.004779779213540058,tracking,0.21600000000000003,-0.004779779213540058,tracking,0.009917140441547187,0,0,0
48,0.48000000000000026,1.0109336376190186,1.8729971647262573,-0.00053977727657184,0.10463464260101318,0.24,-0.004779779213540058,tracking,0.22400000000000003,-0.004779779213540058,tracking,0.01093363816538841,0,0,0
49,0.49000000000000027,1.0120102167129517,1.8729965686798096,-0.0005934517830610275,0.11069086194038391,0.24,-0.004779779213540058,tracking,0.23200000000000004,-0.004779779213540058,tracking,0.012010217424321627,0,0,0
50,0.5000000000000002,1.0131478309631348,1.8729958534240723,-0.0006491355015896261,0.11683951318264008,0.24,-0.004779779213540058,tracking,0.24,-0.004779779213540058,tracking,0.01314783189935719,0,0,0
51,0.5100000000000002,1.0143474340438843,1.8729950189590454,-0.0007088975398801267,0.1230761930346489,0.27999999999999997,-0.003604324569383047,tracking,0.248,-0.003604324569383047,tracking,0.01434743527034095,0,1,1
52,0.5200000000000002,1.0156097412109375,1.872994065284729,-0.0007707267650403082,0.1293967217206955,0.27999999999999997,-0.003604324569383047,tracking,0.256,-0.003604324569383047,tracking,0.015609742797645067,0,0,0
53,0.5300000000000002,1.0169357061386108,1.872992992401123,-0.0008367448463104665,0.13579711318016052,0.27999999999999997,-0.003604324569383047,tracking,0.264,-0.003604324569383047,tracking,0.01693570815937176,0,0,0
54,0.5400000000000003,1.0183260440826416,1.8729918003082275,-0.0009048827923834324,0.14227356016635895,0.27999999999999997,-0.003604324569383047,tracking,0.272,-0.003604324569383047,tracking,0.018326046614460002,0,0,0
55,0.5500000000000003,1.019781470298767,1.8729904890060425,-0.000977309769950807,0.14882245659828186,0.27999999999999997,-0.003604324569383047,tracking,0.27999999999999997,-0.003604324569383047,tracking,0.01978147342131041,0,0,0
56,0.5600000000000003,1.0213028192520142,1.8729889392852783,-0.0010519044008105993,0.1554403454065323,0.32,-0.002805389818187779,tracking,0.288,-0.002805389818187779,tracking,0.02130282316386812,0,1,1
57,0.5700000000000003,1.0228906869888306,1.8729872703552246,-0.0011308790417388082,0.16212396323680878,0.32,-0.002805389818187779,tracking,0.296,-0.002805389818187779,tracking,0.022890691777749626,0,0,0
58,0.5800000000000003,1.024545669555664,1.8729853630065918,-0.0012120645260438323,0.16887016594409943,0.32,-0.002805389818187779,tracking,0.304,-0.002805389818187779,tracking,0.024545675443681587,0,0,0
59,0.5900000000000003,1.0262683629989624,1.8729832172393799,-0.0012977125588804483,0.17567598819732666,0.32,-0.002805389818187779,tracking,0.312,-0.002805389818187779,tracking,0.026268370223350934,0,0,0
60,0.6000000000000003,1.028059482574463,1.8729808330535889,-0.0013856106670573354,0.18253859877586365,0.32,-0.002805389818187779,tracking,0.32,-0.002805389818187779,tracking,0.028059491385663226,0,0,0
61,0.6100000000000003,1.0299195051193237,1.8729782104492188,-0.001478046178817749,0.1894552856683731,0.36,-0.00208710278786895,tracking,0.328,-0.00208710278786895,tracking,0.0299195157794399,0,1,1
62,0.6200000000000003,1.0318489074707031,1.87297523021698,-0.0015727675054222345,0.1964234858751297,0.36,-0.00208710278786895,tracking,0.336,-0.00208710278786895,tracking,0.03184892043251103,0,0,0
63,0.6300000000000003,1.0338482856750488,1.872972011566162,-0.00167209398932755,0.20344075560569763,0.36,-0.00208710278786895,tracking,0.34400000000000003,-0.00208710278786895,tracking,0.03384830122758878,0,0,0
64,0.6400000000000003,1.0359179973602295,1.8729684352874756,-0.001773738651536405,0.21050474047660828,0.36,-0.00208710278786895,tracking,0.35200000000000004,-0.00208710278786895,tracking,0.03591801600251373,0,0,0
65,0.6500000000000004,1.0380586385726929,1.87296462059021,-0.0018800500547513366,0.21761323511600494,0.36,-0.00208710278786895,tracking,0.36,-0.00208710278786895,tracking,0.03805866061393617,0,0,0
66,0.6600000000000004,1.0402705669403076,1.8729603290557861,-0.001988708972930908,0.2247641235589981,0.3796724138589699,-0.0004717240430834168,tracking,0.368,-0.0004717240430834168,tracking,0.04027059314471701,0,1,1
67,0.6700000000000004,1.0425541400909424,1.8729556798934937,-0.002102090511471033,0.2319553941488266,0.3796724138589699,-0.0004717240430834168,tracking,0.376,-0.0004717240430834168,tracking,0.04255417102799798,0,0,0
68,0.6800000000000004,1.0449087619781494,1.872950553894043,-0.002217812230810523,0.23897933959960938,0.3796724138589699,-0.0004717240430834168,tracking,0.3796724138589699,-0.0004717240430834168,tracking,0.04490879849483531,0,0,0
69,0.6900000000000004,1.0473320484161377,1.8729450702667236,-0.0023380497004836798,0.24566929042339325,0.3796724138589699,-0.0004717240430834168,tracking,0.3796724138589699,-0.0004717240430834168,tracking,0.0473320911372346,0,0,0
70,0.7000000000000004,1.0498205423355103,1.8729389905929565,-0.0024604375939816236,0.25204113125801086,0.3796724138589699,-0.0004717240430834168,tracking,0.3796724138589699,-0.0004717240430834168,tracking,0.04982059248326343,0,0,0
71,0.7100000000000004,1.0523712635040283,1.8729327917099,-0.0023339528124779463,0.2581113576889038,0.37970069754423785,0.00043099553629748905,tracking,0.37970069754423785,0.00043099553629748905,tracking,0.05237132118417957,0,1,1
72,0.7200000000000004,1.0549812316894531,1.872926950454712,-0.0022055169101804495,0.26389291882514954,0.37970069754423785,0.00043099553629748905,tracking,0.37970069754423785,0.00043099553629748905,tracking,0.054981295906124564,0,0,0
73,0.7300000000000004,1.057647705078125,1.8729212284088135,-0.0020733638666570187,0.26939958333969116,0.37970069754423785,0.00043099553629748905,tracking,0.37970069754423785,0.00043099553629748905,tracking,0.057647775434323596,0,0,0
74,0.7400000000000004,1.0603679418563843,1.8729158639907837,-0.001939440960995853,0.2746444046497345,0.37970069754423785,0.00043099553629748905,tracking,0.37970069754423785,0.00043099553629748905,tracking,0.060368017502003456,0,0,0
75,0.7500000000000004,1.0631393194198608,1.8729106187820435,-0.0018021459691226482,0.2796398401260376,0.37970069754423785,0.00043099553629748905,tracking,0.37970069754423785,0.00043099553629748905,tracking,0.06313940002911082,0,0,0
76,0.7600000000000005,1.0659594535827637,1.8729058504104614,-0.0016632487531751394,0.28437766432762146,0.37927832911984216,-0.0010392060674273042,tracking,0.37927832911984216,-0.0010392060674273042,tracking,0.06595953822326713,0,1,1
77,0.7700000000000005,1.0688258409500122,1.8729009628295898,-0.0018051920924335718,0.28889018297195435,0.37927832911984216,-0.0010392060674273042,tracking,0.37927832911984216,-0.0010392060674273042,tracking,0.06882592975750818,0,0,0
78,0.7800000000000005,1.071736216545105,1.8728954792022705,-0.001948585850186646,0.2931881248950958,0.37927832911984216,-0.0010392060674273042,tracking,0.37927832911984216,-0.0010392060674273042,tracking,0.07173631051862521,0,0,0
79,0.7900000000000005,1.0746885538101196,1.8728896379470825,-0.0020947428420186043,0.2972817122936249,0.37927832911984216,-0.0010392060674273042,tracking,0.37927832911984216,-0.0010392060674273042,tracking,0.07468865356215121,0,0,0
80,0.8000000000000005,1.0776808261871338,1.8728830814361572,-0.0022422154434025288,0.3011806607246399,0.37927832911984216,-0.0010392060674273042,tracking,0.37927832911984216,-0.0010392060674273042,tracking,0.07768093312229887,0,0,0
81,0.8100000000000005,1.0807113647460938,1.8728764057159424,-0.002092227805405855,0.30491891503334045,0.379798120891789,0.0002907059158238747,tracking,0.379798120891789,0.0002907059158238747,tracking,0.0807114790339431,0,1,1
82,0.8200000000000005,1.0837783813476562,1.8728703260421753,-0.0019410387612879276,0.3084794282913208,0.379798120891789,0.0002907059158238747,tracking,0.379798120891789,0.0002907059158238747,tracking,0.08377850166129575,0,0,0
83,0.8300000000000005,1.086880087852478,1.8728644847869873,-0.0017875605262815952,0.31187063455581665,0.379798120891789,0.0002907059158238747,tracking,0.379798120891789,0.0002907059158238747,tracking,0.08688021366635294,0,0,0
84,0.8400000000000005,1.090014934539795,1.872859239578247,-0.0016329922946169972,0.3151005804538727,0.379798120891789,0.0002907059158238747,tracking,0.379798120891789,0.0002907059158238747,tracking,0.0900150647417944,0,0,0
85,0.8500000000000005,1.0931813716888428,1.872854232788086,-0.0014763475628569722,0.3181769549846649,0.379798120891789,0.0002907059158238747,tracking,0.379798120891789,0.0002907059158238747,tracking,0.09318150584922368,0,0,0
86,0.8600000000000005,1.0963774919509888,1.8728498220443726,-0.001318722148425877,0.3210572600364685,0.3787508759134705,-0.0017987386846024462,tracking,0.3787508759134705,-0.0017987386846024462,tracking,0.09637762915484883,0,1,1
87,0.8700000000000006,1.0996017456054688,1.8728454113006592,-0.0014781993813812733,0.32380059361457825,0.3787508759134705,-0.0017987386846024462,tracking,0.3787508759134705,-0.0017987386846024462,tracking,0.09960188582625197,0,0,0
88,0.8800000000000006,1.1028528213500977,1.8728402853012085,-0.0016385583439841866,0.32641348242759705,0.3787508759134705,-0.0017987386846024462,tracking,0.3787508759134705,-0.0017987386846024462,tracking,0.10285296561198236,0,0,0
89,0.8900000000000006,1.1061294078826904,1.8728346824645996,-0.0018005971796810627,0.32890212535858154,0.3787508759134705,-0.0017987386846024462,tracking,0.3787508759134705,-0.0017987386846024462,tracking,0.10612955693488889,0,0,0
90,0.9000000000000006,1.1094303131103516,1.8728283643722534,-0.0019634359050542116,0.3312724232673645,0.3787508759134705,-0.0017987386846024462,tracking,0.3787508759134705,-0.0017987386846024462,tracking,0.10943046820911173,0,0,0
91,0.9100000000000006,1.1127545833587646,1.8728216886520386,-0.0021278169006109238,0.333585649728775,0.37992089235759596,-0.00011391500506185807,tracking,0.37992089235759596,-0.00011391500506185807,tracking,0.11275474516052911,0,1,1
92,0.9200000000000006,1.1161015033721924,1.8728141784667969,-0.0022929413244128227,0.33578890562057495,0.37992089235759596,-0.00011391500506185807,tracking,0.37992089235759596,-0.00011391500506185807,tracking,0.11610167360003382,0,0,0
93,0.9300000000000006,1.1194698810577393,1.8728063106536865,-0.002459482289850712,0.33788737654685974,0.37992089235759596,-0.00011391500506185807,tracking,0.37992089235759596,-0.00011391500506185807,tracking,0.1194700604743363,0,0,0
94,0.9400000000000006,1.1228587627410889,1.8727976083755493,-0.002626697765663266,0.3398860692977905,0.37992089235759596,-0.00011391500506185807,tracking,0.37992089235759596,-0.00011391500506185807,tracking,0.12285895333091752,0,0,0
95,0.9500000000000006,1.1262670755386353,1.872788429260254,-0.0027951982337981462,0.34178972244262695,0.37992089235759596,-0.00011391500506185807,tracking,0.37992089235759596,-0.00011391500506185807,tracking,0.12626727848883249,0,0,0
96,0.9600000000000006,1.1296937465667725,1.8727784156799316,-0.002964302198961377,0.3435516655445099,0.3788439849723377,0.0016646616398337307,tracking,0.3788439849723377,0.0016646616398337307,tracking,0.12969396414801773,0,1,1
97,0.9700000000000006,1.133137583732605,1.8727684020996094,-0.00279406551271677,0.3452298045158386,0.3788439849723377,0.0016646616398337307,tracking,0.3788439849723377,0.0016646616398337307,tracking,0.1331378158719687,0,0,0
98,0.9800000000000006,1.1365978717803955,1.8727591037750244,-0.002623289357870817,0.3468281626701355,0.3788439849723377,0.0016646616398337307,tracking,0.3788439849723377,0.0016646616398337307,tracking,0.13659811641274866,0,0,0
99,0.9900000000000007,1.1400737762451172,1.872750163078308,-0.0024514857213944197,0.34835052490234375,0.3788439849723377,0.0016646616398337307,tracking,0.3788439849723377,0.0016646616398337307,tracking,0.14007403237604954,0,0,0
100,1.0000000000000007,1.1435644626617432,1.8727420568466187,-0.0022791926749050617,0.3498004972934723,0.3788439849723377,0.0016646616398337307,tracking,0.3788439849723377,0.0016646616398337307,tracking,0.14356472820499386,0,0,0
101,1.0100000000000007,1.1470695734024048,1.8727343082427979,-0.0021059534046798944,0.3512241542339325,0.37974092957167666,0.00037306141678559394,tracking,0.37974092957167666,0.00037306141678559394,tracking,0.14706984751040453,0,1,1
102,1.0200000000000007,1.1505886316299438,1.8727272748947144,-0.0019322566222399473,0.35258013010025024,0.37974092957167666,0.00037306141678559394,tracking,0.37974092957167666,0.00037306141678559394,tracking,0.1505889127665195,0,0,0
103,1.0300000000000007,1.154120922088623,1.8727205991744995,-0.0017576880054548383,0.353871613740921,0.37974092957167666,0.00037306141678559394,tracking,0.37974092957167666,0.00037306141678559394,tracking,0.15412120953345693,0,0,0
104,1.0400000000000007,1.157665729522705,1.8727147579193115,-0.0015827042516320944,0.35510170459747314,0.37974092957167666,0.00037306141678559394,tracking,0.37974092957167666,0.00037306141678559394,tracking,0.15766602178024594,0,0,0
105,1.0500000000000007,1.1612225770950317,1.8727093935012817,-0.0014069296885281801,0.3562732934951782,0.37974092957167666,0.00037306141678559394,tracking,0.37974092957167666,0.00037306141678559394,tracking,0.16122287339786326,0,0,0
106,1.0600000000000007,1.1647907495498657,1.8727047443389893,-0.0012307846918702126,0.3573516011238098,0.3789503918750555,-0.0015114356999200622,tracking,0.3789503918750555,-0.0015114356999200622,tracking,0.16479104888151677,0,1,1
107,1.0700000000000007,1.1683694124221802,1.8727000951766968,-0.0014076229417696595,0.3583786189556122,0.3789503918750555,-0.0015114356999200622,tracking,0.3789503918750555,-0.0015114356999200622,tracking,0.16836971477377213,0,0,0
108,1.0800000000000007,1.171958088874817,1.8726946115493774,-0.0015847913455218077,0.3593568205833435,0.3789503918750555,-0.0015114356999200622,tracking,0.3789503918750555,-0.0015114356999200622,tracking,0.17195839541599678,0,0,0
109,1.0900000000000007,1.1755563020706177,1.8726886510849,-0.001762588624842465,0.36028850078582764,0.3789503918750555,-0.0015114356999200622,tracking,0.3789503918750555,-0.0015114356999200622,tracking,0.17555661354856902,0,0,0
110,1.1000000000000008,1.1791635751724243,1.8726818561553955,-0.001940685324370861,0.36117586493492126,0.3789503918750555,-0.0015114356999200622,tracking,0.3789503918750555,-0.0015114356999200622,tracking,0.17916389305008878,0,0,0
111,1.1100000000000008,1.1827797889709473,1.872674822807312,-0.001940685324370861,0.36206871271133423,0.3799526347255883,6.8205995152836e-05,tracking,0.3799526347255883,6.8205995152836e-05,tracking,0.1827801136883537,0,1,1
112,1.1200000000000008,1.1864047050476074,1.8726677894592285,-0.001940685324370861,0.3629190921783447,0.3799526347255883,6.8205995152836e-05,tracking,0.3799526347255883,6.8205995152836e-05,tracking,0.1864050365883358,0,0,0
113,1.1300000000000008,1.1900379657745361,1.872660756111145,-0.001940685324370861,0.3637290298938751,0.3799526347255883,6.8205995152836e-05,tracking,0.3799526347255883,6.8205995152836e-05,tracking,0.19003830412291509,0,0,0
114,1.1400000000000008,1.1936790943145752,1.8726537227630615,-0.001940685324370861,0.3645004630088806,0.3799526347255883,6.8205995152836e-05,tracking,0.3799526347255883,6.8205995152836e-05,tracking,0.19367943945589466,0,0,0
115,1.1500000000000008,1.197327733039856,1.872646689414978,-0.001940685324370861,0.36523520946502686,0.3799526347255883,6.8205995152836e-05,tracking,0.3799526347255883,6.8205995152836e-05,tracking,0.19732808496013368,0,0,0
116,1.1600000000000008,1.2009835243225098,1.8726394176483154,-0.0021213041618466377,0.3659185767173767,0.37960652485606866,-0.0005666042072610964,tracking,0.37960652485606866,-0.0005666042072610964,tracking,0.20098388347494792,0,1,1
117,1.1700000000000008,1.2046459913253784,1.8726311922073364,-0.0023021427914500237,0.3665694296360016,0.37960652485606866,-0.0005666042072610964,tracking,0.37960652485606866,-0.0005666042072610964,tracking,0.2046463597144587,0,0,0
118,1.1800000000000008,1.2083147764205933,1.8726224899291992,-0.0024833998177200556,0.36718934774398804,0.37960652485606866,-0.0005666042072610964,tracking,0.37960652485606866,-0.0005666042072610964,tracking,0.2083151551304659,0,0,0
119,1.1900000000000008,1.2119896411895752,1.8726129531860352,-0.0026648561470210552,0.36777979135513306,0.37960652485606866,-0.0005666042072610964,tracking,0.37960652485606866,-0.0005666042072610964,tracking,0.2119900322739599,0,0,0
120,1.2000000000000008,1.2156702280044556,1.872602939605713,-0.0028466919902712107,0.36834216117858887,0.37960652485606866,-0.0005666042072610964,tracking,0.37960652485606866,-0.0005666042072610964,tracking,0.21567063271052758,0,0,0
121,1.2100000000000009,1.2193560600280762,1.8725919723510742,-0.0030286991968750954,0.3688213527202606,0.3784199001138641,0.002275343836035718,tracking,0.3784199001138641,0.002275343836035718,tracking,0.21935648105073657,0,1,1
122,1.2200000000000009,1.2230465412139893,1.8725810050964355,-0.002846383722499013,0.3692777752876282,0.3784199001138641,0.002275343836035718,tracking,0.3784199001138641,0.002275343836035718,tracking,0.223046978532683,0,0,0
123,1.2300000000000009,1.2267414331436157,1.8725709915161133,-0.0026639215648174286,0.3697124719619751,0.3784199001138641,0.002275343836035718,tracking,0.3784199001138641,0.002275343836035718,tracking,0.22674188403125933,0,0,0
124,1.2400000000000009,1.230440616607666,1.8725613355636597,-0.0024811800103634596,0.37012651562690735,0.3784199001138641,0.002275343836035718,tracking,0.3784199001138641,0.002275343836035718,tracking,0.23044108009772038,0,0,0
125,1.2500000000000009,1.234143853187561,1.8725526332855225,-0.0022983052767813206,0.37052085995674133,0.3784199001138641,0.002275343836035718,tracking,0.3784199001138641,0.002275343836035718,tracking,0.23414432690239292,0,0,0
126,1.260000000000001,1.2378511428833008,1.872544288635254,-0.002115166513249278,0.3709288239479065,0.3791005636849571,0.0012951882936618024,tracking,0.3791005636849571,0.0012951882936618024,tracking,0.23785162598950826,0,1,1
127,1.270000000000001,1.2415623664855957,1.8725368976593018,-0.0019318965496495366,0.37131738662719727,0.3791005636849571,0.0012951882936618024,tracking,0.3791005636849571,0.0012951882936618024,tracking,0.24156285695143404,0,0,0
128,1.280000000000001,1.2452774047851562,1.8725299835205078,-0.0017483767587691545,0.37168747186660767,0.3791005636849571,0.0012951882936618024,tracking,0.3791005636849571,0.0012951882936618024,tracking,0.24527790168501626,0,0,0
129,1.290000000000001,1.2489960193634033,1.8725239038467407,-0.0015647381078451872,0.3720399737358093,0.3791005636849571,0.0012951882936618024,tracking,0.3791005636849571,0.0012951882936618024,tracking,0.2489965212331799,0,0,0
130,1.300000000000001,1.2527180910110474,1.8725183010101318,-0.0013808727962896228,0.3723756968975067,0.3791005636849571,0.0012951882936618024,tracking,0.3791005636849571,0.0012951882936618024,tracking,0.25271859709779815,0,0,0
131,1.310000000000001,1.2564433813095093,1.8725136518478394,-0.0011969024781137705,0.37267807126045227,0.3787350700006193,-0.0018214991991081968,tracking,0.3787350700006193,-0.0018214991991081968,tracking,0.2564438902973362,0,1,1
132,1.320000000000001,1.26017165184021,1.8725090026855469,-0.0013810673262923956,0.37296608090400696,0.3787350700006193,-0.0018214991991081968,tracking,0.3787350700006193,-0.0018214991991081968,tracking,0.260172163726794,0,0,0
133,1.330000000000001,1.2639026641845703,1.872503399848938,-0.0015653247246518731,0.3732403814792633,0.3787350700006193,-0.0018214991991081968,tracking,0.3787350700006193,-0.0018214991991081968,tracking,0.2639031802780234,0,0,0
134,1.340000000000001,1.2676364183425903,1.872497320175171,-0.0017497584922239184,0.37350165843963623,0.3787350700006193,-0.0018214991991081968,tracking,0.3787350700006193,-0.0018214991991081968,tracking,0.26763693938580807,0,0,0
135,1.350000000000001,1.271372675895691,1.8724902868270874,-0.001934276195243001,0.3737505078315735,0.3787350700006193,-0.0018214991991081968,tracking,0.3787350700006193,-0.0018214991991081968,tracking,0.2713732035588941,0,0,0
136,1.360000000000001,1.2751115560531616,1.872483253479004,-0.0017495828215032816,0.37403520941734314,0.3797379080113978,0.00037741246358722474,tracking,0.3797379080113978,0.00037741246358722474,tracking,0.27511209033170675,0,1,1
137,1.370000000000001,1.2788532972335815,1.8724771738052368,-0.0015647979453206062,0.3743063807487488,0.3797379080113978,0.00037741246358722474,tracking,0.3797379080113978,0.00037741246358722474,tracking,0.27885383645132567,0,0,0
138,1.380000000000001,1.2825976610183716,1.872471570968628,-0.0013798386789858341,0.37456464767456055,0.3797379080113978,0.00037741246358722474,tracking,0.3797379080113978,0.00037741246358722474,tracking,0.2825982044279841,0,0,0
139,1.390000000000001,1.2863445281982422,1.8724669218063354,-0.0011947964085265994,0.3748106360435486,0.3797379080113978,0.00037741246358722474,tracking,0.3797379080113978,0.00037741246358722474,tracking,0.2863450744922246,0,0,0
140,1.400000000000001,1.2900937795639038,1.8724626302719116,-0.0010095960460603237,0.37504494190216064,0.3797379080113978,0.00037741246358722474,tracking,0.3797379080113978,0.00037741246358722474,tracking,0.2900943283140115,0,0,0
141,1.410000000000001,1.2938451766967773,1.8724592924118042,-0.0008243274642154574,0.3752247393131256,0.3788263157026257,-0.0016901053882189656,tracking,0.3788263157026257,-0.0016901053882189656,tracking,0.2938457269318395,0,1,1
142,1.420000000000001,1.2975982427597046,1.8724559545516968,-0.0010097116464748979,0.3753959834575653,0.3788263157026257,-0.0016901053882189656,tracking,0.3788263157026257,-0.0016901053882189656,tracking,0.2975987944790609,0,0,0
143,1.430000000000001,1.3013529777526855,1.872451663017273,-0.0011951508931815624,0.37555909156799316,0.3788263157026257,-0.0016901053882189656,tracking,0.3788263157026257,-0.0016901053882189656,tracking,0.30135353192458003,0,0,0
144,1.440000000000001,1.3051093816757202,1.872446894645691,-0.001380695030093193,0.3757144510746002,0.3788263157026257,-0.0016901053882189656,tracking,0.3788263157026257,-0.0016901053882189656,tracking,0.3051099388740941,0,0,0
145,1.450000000000001,1.3088672161102295,1.872441291809082,-0.0015662891091778874,0.3758624196052551,0.3788263157026257,-0.0016901053882189656,tracking,0.3788263157026257,-0.0016901053882189656,tracking,0.30886777748544525,0,0,0
146,1.460000000000001,1.3126267194747925,1.872435212135315,-0.00175199331715703,0.3760489225387573,0.3797846841273667,-0.00031005485659192037,tracking,0.3797846841273667,-0.00031005485659192037,tracking,0.3126272857658715,0,1,1
147,1.470000000000001,1.3163881301879883,1.8724281787872314,-0.0019377574790269136,0.376226544380188,0.3797846841273667,-0.00031005485659192037,tracking,0.3797846841273667,-0.00031005485659192037,tracking,0.31638870305478395,0,0,0
148,1.480000000000001,1.3201512098312378,1.8724206686019897,-0.0021236357279121876,0.37639573216438293,0.3797846841273667,-0.00031005485659192037,tracking,0.3797846841273667,-0.00031005485659192037,tracking,0.3201517901922711,0,0,0
149,1.490000000000001,1.323915958404541,1.8724122047424316,-0.0023095684591680765,0.3765568733215332,0.3797846841273667,-0.00031005485659192037,tracking,0.3797846841273667,-0.00031005485659192037,tracking,0.32391654827973265,0,0,0
150,1.500000000000001,1.3276822566986084,1.8724032640457153,-0.0024956048000603914,0.37671035528182983,0.3797846841273667,-0.00031005485659192037,tracking,0.3797846841273667,-0.00031005485659192037,tracking,0.32768285718580403,0,0,0
151,1.5100000000000011,1.3314498662948608,1.8723933696746826,-0.0026816839817911386,0.3768172264099121,0.37895795386071585,0.0015005464405691777,tracking,0.37895795386071585,0.0015005464405691777,tracking,0.33145047977416814,0,1,1
152,1.5200000000000011,1.3352185487747192,1.87238347530365,-0.0024955361150205135,0.3769190311431885,0.37895795386071585,0.0015005464405691777,tracking,0.37895795386071585,0.0015005464405691777,tracking,0.3352191752424396,0,0,0
153,1.5300000000000011,1.338988184928894,1.8723745346069336,-0.002309355651959777,0.37701597809791565,0.37895795386071585,0.0015005464405691777,tracking,0.37895795386071585,0.0015005464405691777,tracking,0.3389888219992219,0,0,0
154,1.5400000000000011,1.3427587747573853,1.8723660707473755,-0.002123112790286541,0.37710830569267273,0.37895795386071585,0.0015005464405691777,tracking,0.37895795386071585,0.0015005464405691777,tracking,0.34275942132713255,0,0,0
155,1.5500000000000012,1.3465303182601929,1.8723585605621338,-0.0019368402427062392,0.3771962523460388,0.37895795386071585,0.0015005464405691777,tracking,0.37895795386071585,0.0015005464405691777,tracking,0.34653097230735974,0,0,0
156,1.5600000000000012,1.3503029346466064,1.872351050376892,-0.0021231835708022118,0.377322793006897,0.3798575152968373,-0.00020517797255425064,tracking,0.3798575152968373,-0.00020517797255425064,tracking,0.3503035961690664,0,1,1
157,1.5700000000000012,1.3540767431259155,1.872342586517334,-0.002309567527845502,0.3774433135986328,0.3798575152968373,-0.00020517797255425064,tracking,0.3798575152968373,-0.00020517797255425064,tracking,0.35407741413969296,0,0,0
158,1.5800000000000012,1.3578517436981201,1.8723336458206177,-0.0024960290174931288,0.3775581121444702,0.3798575152968373,-0.00020517797255425064,tracking,0.3798575152968373,-0.00020517797255425064,tracking,0.3578524252994384,0,0,0
159,1.5900000000000012,1.3616278171539307,1.872323751449585,-0.002682527294382453,0.37766745686531067,0.3798575152968373,-0.00020517797255425064,tracking,0.3798575152968373,-0.00020517797255425064,tracking,0.3616285117182396,0,0,0
160,1.6000000000000012,1.3654049634933472,1.872313380241394,-0.0028690958861261606,0.3777715861797333,0.3798575152968373,-0.00020517797255425064,tracking,0.3798575152968373,-0.00020517797255425064,tracking,0.36540567229615084,0,0,0
161,1.6100000000000012,1.369182825088501,1.8723020553588867,-0.00305568752810359,0.3778076469898224,0.3785301294833007,0.0021166135440469956,tracking,0.3785301294833007,0.0021166135440469956,tracking,0.3691835508655469,0,1,1
162,1.6200000000000012,1.3729610443115234,1.8722907304763794,-0.0028690726030617952,0.3778420090675354,0.3785301294833007,0.0021166135440469956,tracking,0.3785301294833007,0.0021166135440469956,tracking,0.37296178706120486,0,0,0
163,1.6300000000000012,1.3767396211624146,1.8722803592681885,-0.0026824467349797487,0.3778747320175171,0.3785301294833007,0.0021166135440469956,tracking,0.3785301294833007,0.0021166135440469956,tracking,0.3767403781452003,0,0,0
164,1.6400000000000012,1.3805185556411743,1.8722704648971558,-0.0024957999121397734,0.3779059052467346,0.3785301294833007,0.0021166135440469956,tracking,0.3785301294833007,0.0021166135440469956,tracking,0.3805193255771365,0,0,0
165,1.6500000000000012,1.3842977285385132,1.8722615242004395,-0.002309143077582121,0.37793558835983276,0.3785301294833007,0.0021166135440469956,tracking,0.3785301294833007,0.0021166135440469956,tracking,0.3842985090503273,0,0,0
166,1.6600000000000013,1.3880773782730103,1.8722530603408813,-0.00212245830334723,0.37799036502838135,0.37908742101894366,0.0013141137327211299,tracking,0.37908742101894366,0.0013141137327211299,tracking,0.3880781682614735,0,1,1
167,1.6700000000000013,1.3918575048446655,1.8722455501556396,-0.0019357559503987432,0.3780425190925598,0.37908742101894366,0.0013141137327211299,tracking,0.37908742101894366,0.0013141137327211299,tracking,0.3918583022935703,0,0,0
168,1.6800000000000013,1.3956382274627686,1.8722385168075562,-0.0017490200698375702,0.3780921995639801,0.37908742101894366,0.0013141137327211299,tracking,0.37908742101894366,0.0013141137327211299,tracking,0.39563903145380136,0,0,0
169,1.6900000000000013,1.3994194269180298,1.8722323179244995,-0.001562268240377307,0.37813952565193176,0.37908742101894366,0.0013141137327211299,tracking,0.37908742101894366,0.0013141137327211299,tracking,0.39942023599027104,0,0,0
170,1.7000000000000013,1.4032009840011597,1.872226595878601,-0.0013754860265180469,0.37818458676338196,0.37908742101894366,0.0013141137327211299,tracking,0.37908742101894366,0.0013141137327211299,tracking,0.4032017974025423,0,0,0
171,1.7100000000000013,1.4069831371307373,1.872221827507019,-0.001188686117529869,0.37824663519859314,0.379489535469137,-0.0007350689244427586,tracking,0.379489535469137,-0.0007350689244427586,tracking,0.4069839535379949,0,1,1
172,1.7200000000000013,1.4107658863067627,1.872217059135437,-0.0013755259569734335,0.37830573320388794,0.379489535469137,-0.0007350689244427586,tracking,0.379489535469137,-0.0007350689244427586,tracking,0.4107667057194216,0,0,0
173,1.7300000000000013,1.4145492315292358,1.8722113370895386,-0.0015623847721144557,0.3783620297908783,0.379489535469137,-0.0007350689244427586,tracking,0.379489535469137,-0.0007350689244427586,tracking,0.41455005526899,0,0,0
174,1.7400000000000013,1.4183331727981567,1.872205138206482,-0.001749279792420566,0.37841564416885376,0.379489535469137,-0.0007350689244427586,tracking,0.379489535469137,-0.0007350689244427586,tracking,0.4183340016154376,0,0,0
175,1.7500000000000013,1.4221175909042358,1.8721981048583984,-0.0019361920421943069,0.3784666955471039,0.379489535469137,-0.0007350689244427586,tracking,0.379489535469137,-0.0007350689244427586,tracking,0.4221184262572563,0,0,0
176,1.7600000000000013,1.4259024858474731,1.872191071510315,-0.0017492451006546617,0.37852123379707336,0.3796135120293958,0.0005565426776700235,tracking,0.3796135120293958,0.0005565426776700235,tracking,0.42590332773540984,0,1,1
177,1.7700000000000014,1.4296879768371582,1.8721848726272583,-0.0015622805804014206,0.3785731792449951,0.3796135120293958,0.0005565426776700235,tracking,0.3796135120293958,0.0005565426776700235,tracking,0.4296888238005429,0,0,0
178,1.7800000000000014,1.4334739446640015,1.8721791505813599,-0.0013752826489508152,0.3786226511001587,0.3796135120293958,0.0005565426776700235,tracking,0.3796135120293958,0.0005565426776700235,tracking,0.433474795951484,0,0,0
179,1.7900000000000014,1.437260389328003,1.8721743822097778,-0.0011882688850164413,0.37866976857185364,0.3796135120293958,0.0005565426776700235,tracking,0.3796135120293958,0.0005565426776700235,tracking,0.4372612436179536,0,0,0
180,1.8000000000000014,1.4410473108291626,1.872170090675354,-0.0010012248530983925,0.3787146508693695,0.3796135120293958,0.0005565426776700235,tracking,0.3796135120293958,0.0005565426776700235,tracking,0.4410481675508064,0,0,0
181,1.8100000000000014,1.4448344707489014,1.8721667528152466,-0.000814173137769103,0.3787161111831665,0.37874532696507,-0.0018067291702991923,tracking,0.37874532696507,-0.0018067291702991923,tracking,0.444835328941477,0,1,1
182,1.8200000000000014,1.4486216306686401,1.8721634149551392,-0.001001225900836289,0.3787175118923187,0.37874532696507,-0.0018067291702991923,tracking,0.37874532696507,-0.0018067291702991923,tracking,0.44862249033214757,0,0,0
183,1.8300000000000014,1.452408790588379,1.8721591234207153,-0.0011882790131494403,0.3787188231945038,0.37874532696507,-0.0018067291702991923,tracking,0.37874532696507,-0.0018067291702991923,tracking,0.45240965268342637,0,0,0
184,1.8400000000000014,1.4561959505081177,1.8721543550491333,-0.0013753330567851663,0.37872007489204407,0.37874532696507,-0.0018067291702991923,tracking,0.37874532696507,-0.0018067291702991923,tracking,0.45619681560506614,0,0,0
185,1.8500000000000014,1.4599831104278564,1.8721486330032349,-0.0015623874496668577,0.3787212669849396,0.37874532696507,-0.0018067291702991923,tracking,0.37874532696507,-0.0018067291702991923,tracking,0.45998397984754164,0,0,0
186,1.8600000000000014,1.4637706279754639,1.8721429109573364,-0.0013753140810877085,0.37877780199050903,0.379910068016043,0.00012950205689807315,tracking,0.379910068016043,0.00012950205689807315,tracking,0.4637715017174776,0,1,1
187,1.8700000000000014,1.4675586223602295,1.8721381425857544,-0.0011882225517183542,0.3788316547870636,0.379910068016043,0.00012950205689807315,tracking,0.379910068016043,0.00012950205689807315,tracking,0.467559499103483,0,0,0
188,1.8800000000000014,1.4713472127914429,1.8721338510513306,-0.0010010964469984174,0.3788829445838928,0.379910068016043,0.00012950205689807315,tracking,0.379910068016043,0.00012950205689807315,tracking,0.4713480919653183,0,0,0
189,1.8900000000000015,1.4751362800598145,1.8721305131912231,-0.0008139538113027811,0.37893179059028625,0.379910068016043,0.00012950205689807315,tracking,0.379910068016043,0.00012950205689807315,tracking,0.47513716070388123,0,0,0
190,1.9000000000000015,1.4789258241653442,1.872127652168274,-0.0006267797434702516,0.37897831201553345,0.379910068016043,0.00012950205689807315,tracking,0.379910068016043,0.00012950205689807315,tracking,0.47892670588941577,0,0,0
191,1.9100000000000015,1.482715129852295,1.8721257448196411,-0.0004396124859340489,0.37889060378074646,0.37851716957190695,-0.002135275816453986,tracking,0.37851716957190695,-0.002135275816453986,tracking,0.4827160120563988,0,1,1
192,1.9200000000000015,1.4865037202835083,1.8721238374710083,-0.0006267275311984122,0.3788195848464966,0.37851716957190695,-0.002135275816453986,tracking,0.37851716957190695,-0.002135275816453986,tracking,0.4865046029677352,0,0,0
193,1.9300000000000015,1.4902915954589844,1.872120976448059,-0.000813821388874203,0.37876206636428833,0.37851716957190695,-0.002135275816453986,tracking,0.37851716957190695,-0.002135275816453986,tracking,0.49029247922369185,0,0,0
194,1.9400000000000015,1.4940789937973022,1.8721176385879517,-0.0010008809622377157,0.37871548533439636,0.37851716957190695,-0.002135275816453986,tracking,0.37851716957190695,-0.002135275816453986,tracking,0.49407987903284895,0,0,0
195,1.9500000000000015,1.497865915298462,1.8721133470535278,-0.001187926740385592,0.37867775559425354,0.37851716957190695,-0.002135275816453986,tracking,0.37851716957190695,-0.002135275816453986,tracking,0.49786680296570174,0,0,0
196,1.9600000000000015,1.501652717590332,1.8721085786819458,-0.0013749616919085383,0.3786826729774475,0.3787811785772215,-0.0017551028488010825,tracking,0.3787811785772215,-0.0017551028488010825,tracking,0.5016536082597564,0,1,1
197,1.9700000000000015,1.5054395198822021,1.8721028566360474,-0.0015619981568306684,0.3786873519420624,0.3787811785772215,-0.0017551028488010825,tracking,0.3787811785772215,-0.0017551028488010825,tracking,0.5054404148747714,0,0,0
198,1.9800000000000015,1.5092264413833618,1.8720966577529907,-0.001749037648551166,0.37869182229042053,0.3787811785772215,-0.0017551028488010825,tracking,0.3787811785772215,-0.0017551028488010825,tracking,0.5092273414494618,0,0,0
199,1.9900000000000015,1.5130133628845215,1.8720895051956177,-0.0019360785372555256,0.378696084022522,0.3787811785772215,-0.0017551028488010825,tracking,0.3787811785772215,-0.0017551028488010825,tracking,0.5130142697053207,0,0,0
200,2.0000000000000013,1.5168002843856812,1.872081995010376,-0.002123122336342931,0.3787001371383667,0.3787811785772215,-0.0017551028488010825,tracking,0.3787811785772215,-0.0017551028488010825,tracking,0.5168011986535356,0,0,0
201,2.010000000000001,1.52058744430542,1.8720735311508179,-0.0023101719561964273,0.3787328004837036,0.3793871932611788,0.0008824417039025373,tracking,0.3793871932611788,0.0008824417039025373,tracking,0.5205883680311307,0,1,1
202,2.020000000000001,1.5243749618530273,1.8720650672912598,-0.0021231011487543583,0.37876391410827637,0.3793871932611788,0.0008824417039025373,tracking,0.3793871932611788,0.0008824417039025373,tracking,0.5243758950357015,0,0,0
203,2.0300000000000007,1.5281627178192139,1.872057557106018,-0.001936020446009934,0.37879353761672974,0.3793871932611788,0.0008824417039025373,tracking,0.3793871932611788,0.0008824417039025373,tracking,0.5281636584473026,0,0,0
204,2.0400000000000005,1.531950831413269,1.872050404548645,-0.00174892065115273,0.3788217604160309,0.3793871932611788,0.0008824417039025373,tracking,0.3793871932611788,0.0008824417039025373,tracking,0.5319517787939314,0,0,0
205,2.0500000000000003,1.5357391834259033,1.8720442056655884,-0.0015618118923157454,0.3788486421108246,0.3793871932611788,0.0008824417039025373,tracking,0.3793871932611788,0.0008824417039025373,tracking,0.5357401358781806,0,0,0
206,2.06,1.5395278930664062,1.8720380067825317,-0.0017489449819549918,0.37889543175697327,0.37983285609197764,-0.0002406872275522295,tracking,0.37983285609197764,-0.0002406872275522295,tracking,0.5395288505898197,0,1,1
207,2.07,1.5433170795440674,1.8720308542251587,-0.001936093089170754,0.37894001603126526,0.37983285609197764,-0.0002406872275522295,tracking,0.37983285609197764,-0.0002406872275522295,tracking,0.5433180438181424,0,0,0
208,2.0799999999999996,1.5471067428588867,1.8720232248306274,-0.0021232699509710073,0.3789824843406677,0.37983285609197764,-0.0002406872275522295,tracking,0.37983285609197764,-0.0002406872275522295,tracking,0.5471077148127471,0,0,0
209,2.0899999999999994,1.5508967638015747,1.8720147609710693,-0.0023104604333639145,0.3790229260921478,0.37983285609197764,-0.0002406872275522295,tracking,0.37983285609197764,-0.0002406872275522295,tracking,0.5508977452061519,0,0,0
210,2.099999999999999,1.5546871423721313,1.872005820274353,-0.002497676992788911,0.37906143069267273,0.37983285609197764,-0.0002406872275522295,tracking,0.37983285609197764,-0.0002406872275522295,tracking,0.5546881343212946,0,0,0
211,2.109999999999999,1.558477520942688,1.8719959259033203,-0.0026848928537219763,0.3790188729763031,0.37883770418385293,0.0016737059752517753,tracking,0.37883770418385293,0.0016737059752517753,tracking,0.558478525805919,0,1,1
212,2.1199999999999988,1.562267541885376,1.8719860315322876,-0.002497702371329069,0.3789844214916229,0.37883770418385293,0.0016737059752517753,tracking,0.37883770418385293,0.0016737059752517753,tracking,0.5622685596638932,0,0,0
213,2.1299999999999986,1.5660572052001953,1.8719770908355713,-0.0023105221334844828,0.37895652651786804,0.37883770418385293,0.0016737059752517753,tracking,0.37883770418385293,0.0016737059752517753,tracking,0.5660582335252888,0,0,0
214,2.1399999999999983,1.5698466300964355,1.8719686269760132,-0.0021233586594462395,0.37893393635749817,0.37883770418385293,0.0016737059752517753,tracking,0.37883770418385293,0.0016737059752517753,tracking,0.5698476678737324,0,0,0
215,2.149999999999998,1.5736358165740967,1.871960997581482,-0.0019362019374966621,0.3789156377315521,0.37883770418385293,0.0016737059752517753,tracking,0.37883770418385293,0.0016737059752517753,tracking,0.5736368620321454,0,0,0
216,2.159999999999998,1.5774251222610474,1.8719538450241089,-0.0017490386962890625,0.3789536952972412,0.37971616169714134,0.0004087271561164438,tracking,0.37971616169714134,0.0004087271561164438,tracking,0.5774261744695453,0,1,1
217,2.1699999999999977,1.5812147855758667,1.8719476461410522,-0.001561863231472671,0.37898996472358704,0.37971616169714134,0.0004087271561164438,tracking,0.37971616169714134,0.0004087271561164438,tracking,0.5812158428542247,0,0,0
218,2.1799999999999975,1.5850048065185547,1.8719419240951538,-0.0013746643671765924,0.3790245056152344,0.37971616169714134,0.0004087271561164438,tracking,0.37971616169714134,0.0004087271561164438,tracking,0.5850058681163862,0,0,0
219,2.1899999999999973,1.5887951850891113,1.8719371557235718,-0.0011874544434249401,0.3790574073791504,0.37971616169714134,0.0004087271561164438,tracking,0.37971616169714134,0.0004087271561164438,tracking,0.5887962496862947,0,0,0
220,2.199999999999997,1.5925859212875366,1.871932864189148,-0.0010002233320847154,0.37908872961997986,0.37971616169714134,0.0004087271561164438,tracking,0.37971616169714134,0.0004087271561164438,tracking,0.5925869883139661,0,0,0
221,2.209999999999997,1.5963767766952515,1.8719295263290405,-0.0008129880880005658,0.37908267974853516,0.3790570014114802,-0.0013579179674685477,tracking,0.3790570014114802,-0.0013579179674685477,tracking,0.5963778451911788,0,1,1
222,2.2199999999999966,1.6001676321029663,1.871926188468933,-0.0010002198396250606,0.3790777921676636,0.3790570014114802,-0.0013579179674685477,tracking,0.3790570014114802,-0.0013579179674685477,tracking,0.6001687020683915,0,0,0
223,2.2299999999999964,1.6039583683013916,1.8719218969345093,-0.0011874500196427107,0.379073828458786,0.3790570014114802,-0.0013579179674685477,tracking,0.3790570014114802,-0.0013579179674685477,tracking,0.6039594406960628,0,0,0
224,2.239999999999996,1.607749104499817,1.8719171285629272,-0.0013746778713539243,0.3790706396102905,0.3790570014114802,-0.0013579179674685477,tracking,0.3790570014114802,-0.0013579179674685477,tracking,0.6077501798935571,0,0,0
225,2.249999999999996,1.6115398406982422,1.8719114065170288,-0.0015619047917425632,0.3790680468082428,0.3790570014114802,-0.0013579179674685477,tracking,0.3790570014114802,-0.0013579179674685477,tracking,0.6115409204106409,0,0,0
226,2.259999999999996,1.615330696105957,1.8719056844711304,-0.0013746701879426837,0.3790939152240753,0.37961199273875845,0.0005587304561878439,tracking,0.37961199273875845,0.0005587304561878439,tracking,0.6153317801368785,0,1,1
227,2.2699999999999956,1.619121789932251,1.8719009160995483,-0.0011874273186549544,0.37911856174468994,0.37961199273875845,0.0005587304561878439,tracking,0.37961199273875845,0.0005587304561878439,tracking,0.6191228769619584,0,0,0
228,2.2799999999999954,1.622913122177124,1.8718966245651245,-0.0010001686168834567,0.37914201617240906,0.37961199273875845,0.0005587304561878439,tracking,0.37961199273875845,0.0005587304561878439,tracking,0.6229142116356956,0,0,0
229,2.289999999999995,1.6267046928405762,1.871893286705017,-0.0008129024063237011,0.37916436791419983,0.37961199273875845,0.0005587304561878439,tracking,0.37961199273875845,0.0005587304561878439,tracking,0.6267057837683684,0,0,0
230,2.299999999999995,1.6304963827133179,1.8718904256820679,-0.0006256218184717,0.37918564677238464,0.37961199273875845,0.0005587304561878439,tracking,0.37961199273875845,0.0005587304561878439,tracking,0.6304974747205037,0,0,0
231,2.3099999999999947,1.6342873573303223,1.871888518333435,-0.0004383674240671098,0.3790051341056824,0.37823651588588075,-0.0025394171243317528,tracking,0.37823651588588075,-0.0025394171243317528,tracking,0.634288449817329,0,1,1
232,2.3199999999999945,1.638076663017273,1.8718866109848022,-0.0006255143089219928,0.3788589537143707,0.37823651588588075,-0.0025394171243317528,tracking,0.37823651588588075,-0.0025394171243317528,tracking,0.638077755984312,0,0,0
233,2.3299999999999943,1.6418646574020386,1.871883749961853,-0.0008126175962388515,0.3787405490875244,0.37823651588588075,-0.0025394171243317528,tracking,0.37823651588588075,-0.0025394171243317528,tracking,0.6418657514495243,0,0,0
234,2.339999999999994,1.6456515789031982,1.8718804121017456,-0.0009996503358706832,0.3786446750164032,0.37823651588588075,-0.0025394171243317528,tracking,0.37823651588588075,-0.0025394171243317528,tracking,0.6456526744217084,0,0,0
235,2.349999999999994,1.649437665939331,1.8718761205673218,-0.0011866545537486672,0.37856703996658325,0.37823651588588075,-0.0025394171243317528,tracking,0.37823651588588075,-0.0025394171243317528,tracking,0.6494387638900703,0,0,0
236,2.3599999999999937,1.6532235145568848,1.8718713521957397,-0.001373643521219492,0.3785986006259918,0.3792307127188848,-0.0011077736848059076,tracking,0.3792307127188848,-0.0011077736848059076,tracking,0.6532246155105648,0,1,1
237,2.3699999999999934,1.6570096015930176,1.8718656301498413,-0.0015606427332386374,0.378628671169281,0.3792307127188848,-0.0011077736848059076,tracking,0.3792307127188848,-0.0011077736848059076,tracking,0.6570107068706592,0,0,0
238,2.3799999999999932,1.660796046257019,1.8718594312667847,-0.0017476612702012062,0.3786573112010956,0.3792307127188848,-0.0011077736848059076,tracking,0.3792307127188848,-0.0011077736848059076,tracking,0.6607971566088303,0,0,0
239,2.389999999999993,1.6645827293395996,1.8718523979187012,-0.0019346890039741993,0.3786845803260803,0.3792307127188848,-0.0011077736848059076,tracking,0.3792307127188848,-0.0011077736848059076,tracking,0.6645838462232412,0,0,0
240,2.399999999999993,1.6683696508407593,1.8718448877334595,-0.0021217342000454664,0.37871053814888,0.3792307127188848,-0.0011077736848059076,tracking,0.3792307127188848,-0.0011077736848059076,tracking,0.668370775171456,0,0,0
241,2.4099999999999926,1.672156810760498,1.8718364238739014,-0.0023087861482053995,0.37872597575187683,0.3790350985019523,0.0013894581571887105,tracking,0.3790350985019523,0.0013894581571887105,tracking,0.6721579445490512,0,1,1
242,2.4199999999999924,1.6759440898895264,1.8718279600143433,-0.0021217241883277893,0.37874066829681396,0.3790350985019523,0.0013894581571887105,tracking,0.3790350985019523,0.0013894581571887105,tracking,0.6759452331356381,0,0,0
243,2.429999999999992,1.6797316074371338,1.8718204498291016,-0.001934657571837306,0.3787546753883362,0.3790350985019523,0.0013894581571887105,tracking,0.3790350985019523,0.0013894581571887105,tracking,0.6797327581291288,0,0,0
244,2.439999999999992,1.6835192441940308,1.871813416481018,-0.001747581991367042,0.3787679970264435,0.3790350985019523,0.0013894581571887105,tracking,0.3790350985019523,0.0013894581571887105,tracking,0.6835204014162115,0,0,0
245,2.4499999999999917,1.6873070001602173,1.8718072175979614,-0.0015605021035298705,0.37878069281578064,0.3790350985019523,0.0013894581571887105,tracking,0.3790350985019523,0.0013894581571887105,tracking,0.6873081624548111,0,0,0
246,2.4599999999999915,1.691094994544983,1.871801495552063,-0.001373402657918632,0.37882745265960693,0.3797639744482627,0.000339876794501673,tracking,0.3797639744482627,0.000339876794501673,tracking,0.6910961611613612,0,1,1
247,2.4699999999999913,1.6948834657669067,1.871796727180481,-0.001186288078315556,0.37887197732925415,0.3797639744482627,0.000339876794501673,tracking,0.3797639744482627,0.000339876794501673,tracking,0.694884635384147,0,0,0
248,2.479999999999991,1.6986724138259888,1.8717924356460571,-0.0009991449769586325,0.37891438603401184,0.3797639744482627,0.000339876794501673,tracking,0.3797639744482627,0.000339876794501673,tracking,0.6986735858736215,0,0,0
249,2.489999999999991,1.7024617195129395,1.8717890977859497,-0.0008119881968013942,0.37895479798316956,0.3797639744482627,0.000339876794501673,tracking,0.3797639744482627,0.000339876794501673,tracking,0.702462893030671,0,0,0
250,2.4999999999999907,1.7062515020370483,1.8717862367630005,-0.0006248054560273886,0.37899327278137207,0.3797639744482627,0.000339876794501673,tracking,0.3797639744482627,0.000339876794501673,tracking,0.7062526766347167,0,0,0
251,2.5099999999999905,1.7100409269332886,1.8717843294143677,-0.0004376323486212641,0.37889614701271057,0.37848267062215313,-0.002184954304099497,tracking,0.37848267062215313,-0.002184954304099497,tracking,0.7100421020109742,0,1,1
252,2.5199999999999902,1.713829517364502,1.8717824220657349,-0.0006247476558201015,0.37881749868392944,0.37848267062215313,-0.002184954304099497,tracking,0.37848267062215313,-0.002184954304099497,tracking,0.7138306929223105,0,0,0
253,2.52999999999999,1.717617392539978,1.8717795610427856,-0.0008118394762277603,0.37875381112098694,0.37848267062215313,-0.002184954304099497,tracking,0.37848267062215313,-0.002184954304099497,tracking,0.7176185691782672,0,0,0
254,2.53999999999999,1.7214046716690063,1.8717762231826782,-0.0009988934034481645,0.3787022531032562,0.37848267062215313,-0.002184954304099497,tracking,0.37848267062215313,-0.002184954304099497,tracking,0.721405849778181,0,0,0
255,2.5499999999999896,1.7251914739608765,1.8717719316482544,-0.0011859319638460875,0.37866050004959106,0.37848267062215313,-0.002184954304099497,tracking,0.37848267062215313,-0.002184954304099497,tracking,0.7251926545018208,0,0,0
256,2.5599999999999894,1.7289782762527466,1.8717671632766724,-0.0013729737838730216,0.37871232628822327,0.37975016666250766,-0.0003597600059889851,tracking,0.37975016666250766,-0.0003597600059889851,tracking,0.7289794597958754,0,1,1
257,2.569999999999989,1.7327656745910645,1.871761441230774,-0.001560032251290977,0.3787616789340973,0.37975016666250766,-0.0003597600059889851,tracking,0.37975016666250766,-0.0003597600059889851,tracking,0.7327668624566579,0,0,0
258,2.579999999999989,1.7365535497665405,1.8717552423477173,-0.0017471225000917912,0.3788086771965027,0.37975016666250766,-0.0003597600059889851,tracking,0.37975016666250766,-0.0003597600059889851,tracking,0.7365547427043874,0,0,0
259,2.5899999999999888,1.7403419017791748,1.8717482089996338,-0.0019342278828844428,0.378853440284729,0.37975016666250766,-0.0003597600059889851,tracking,0.37975016666250766,-0.0003597600059889851,tracking,0.7403431012459744,0,0,0
260,2.5999999999999885,1.7441306114196777,1.871740698814392,-0.002121361903846264,0.3788960874080658,0.37975016666250766,-0.0003597600059889851,tracking,0.37975016666250766,-0.0003597600059889851,tracking,0.7441318183300177,0,0,0
261,2.6099999999999883,1.7479195594787598,1.871732234954834,-0.0023085048887878656,0.3789066672325134,0.3791186014552275,0.0012692139044724006,tracking,0.3791186014552275,0.0012692139044724006,tracking,0.7479207758424926,0,1,1
262,2.619999999999988,1.7517086267471313,1.8717237710952759,-0.002121355151757598,0.37891674041748047,0.3791186014552275,0.0012692139044724006,tracking,0.3791186014552275,0.0012692139044724006,tracking,0.7517098525639596,0,0,0
263,2.629999999999988,1.7554978132247925,1.8717162609100342,-0.0019342022715136409,0.3789263367652893,0.3791186014552275,0.0012692139044724006,tracking,0.3791186014552275,0.0012692139044724006,tracking,0.7554990464842245,0,0,0
264,2.6399999999999877,1.7592871189117432,1.8717092275619507,-0.001747043221257627,0.37893548607826233,0.3791186014552275,0.0012692139044724006,tracking,0.3791186014552275,0.0012692139044724006,tracking,0.7592883586984848,0,0,0
265,2.6499999999999875,1.7630765438079834,1.871703028678894,-0.0015598812606185675,0.37894418835639954,0.3791186014552275,0.0012692139044724006,tracking,0.3791186014552275,0.0012692139044724006,tracking,0.763077788664904,0,0,0
266,2.6599999999999873,1.7668662071228027,1.8716973066329956,-0.0013727018376812339,0.37898850440979004,0.37987637552585946,0.00017801924276242796,tracking,0.37987637552585946,0.00017801924276242796,tracking,0.7668674562996046,0,1,1
267,2.669999999999987,1.7706563472747803,1.8716925382614136,-0.0011855082120746374,0.3790307343006134,0.37987637552585946,0.00017801924276242796,tracking,0.37987637552585946,0.00017801924276242796,tracking,0.7706575994511228,0,0,0
268,2.679999999999987,1.7744468450546265,1.8716882467269897,-0.0009982873452827334,0.3790709376335144,0.37987637552585946,0.00017801924276242796,tracking,0.37987637552585946,0.00017801924276242796,tracking,0.7744480996603678,0,0,0
269,2.6899999999999866,1.7782377004623413,1.8716849088668823,-0.0008110536145977676,0.3791092336177826,0.37987637552585946,0.00017801924276242796,tracking,0.37987637552585946,0.00017801924276242796,tracking,0.7782389565375805,0,0,0
270,2.6999999999999864,1.7820290327072144,1.871682047843933,-0.0006237952620722353,0.37914571166038513,0.37987637552585946,0.00017801924276242796,tracking,0.37987637552585946,0.00017801924276242796,tracking,0.7820302898619489,0,0,0
271,2.709999999999986,1.7858198881149292,1.8716801404953003,-0.00043655233457684517,0.37901541590690613,0.378460711909077,-0.0022165748509291355,tracking,0.378460711909077,-0.0022165748509291355,tracking,0.7858211457494998,0,1,1
272,2.719999999999986,1.7896095514297485,1.8716782331466675,-0.0006237176712602377,0.3789099156856537,0.378460711909077,-0.0022165748509291355,tracking,0.378460711909077,-0.0022165748509291355,tracking,0.7896108095443062,0,0,0
273,2.7299999999999858,1.7933982610702515,1.8716753721237183,-0.000810851575806737,0.37882447242736816,0.378460711909077,-0.0022165748509291355,tracking,0.378460711909077,-0.0022165748509291355,tracking,0.7933995202650517,0,0,0
274,2.7399999999999856,1.7971861362457275,1.8716720342636108,-0.0009979346068575978,0.37875527143478394,0.378460711909077,-0.0022165748509291355,tracking,0.378460711909077,-0.0022165748509291355,tracking,0.7971873969111818,0,0,0
275,2.7499999999999853,1.8009734153747559,1.871667742729187,-0.0011849969159811735,0.37869924306869507,0.378460711909077,-0.0022165748509291355,tracking,0.378460711909077,-0.0022165748509291355,tracking,0.8009746784716736,0,0,0
276,2.759999999999985,1.8047606945037842,1.8716634511947632,-0.000997934490442276,0.37875545024871826,0.3798812377704139,0.0001710176106040403,tracking,0.3798812377704139,0.0001710176106040403,tracking,0.8047619600321654,0,1,1
277,2.769999999999985,1.8085485696792603,1.8716601133346558,-0.0008108540787361562,0.37880897521972656,0.3798812377704139,0.0001710176106040403,tracking,0.3798812377704139,0.0001710176106040403,tracking,0.8085498366782955,0,0,0
278,2.7799999999999847,1.8123369216918945,1.8716572523117065,-0.0006237392080947757,0.3788599669933319,0.3798812377704139,0.0001710176106040403,tracking,0.3798812377704139,0.0001710176106040403,tracking,0.8123381897712744,0,0,0
279,2.7899999999999845,1.816125750541687,1.8716553449630737,-0.000436607951996848,0.37890851497650146,0.3798812377704139,0.0001710176106040403,tracking,0.3798812377704139,0.0001710176106040403,tracking,0.8161270191011596,0,0,0
280,2.7999999999999843,1.8199150562286377,1.8716539144515991,-0.0002494454965926707,0.37895476818084717,0.3798812377704139,0.0001710176106040403,tracking,0.3798812377704139,0.0001710176106040403,tracking,0.8199163250581285,0,0,0
281,2.809999999999984,1.8237041234970093,1.871653437614441,-6.229257269296795e-05,0.3788505792617798,0.3784069416190508,-0.0022940040685668337,tracking,0.3784069416190508,-0.0022940040685668337,tracking,0.823705392356504,0,1,1
282,2.819999999999984,1.8274922370910645,1.8716529607772827,-0.0002493834763299674,0.3787662088871002,0.3784069416190508,-0.0022940040685668337,tracking,0.3784069416190508,-0.0022940040685668337,tracking,0.8274935059805706,0,0,0
283,2.8299999999999836,1.8312795162200928,1.871651530265808,-0.00043644921970553696,0.37869787216186523,0.3784069416190508,-0.0022940040685668337,tracking,0.3784069416190508,-0.0022940040685668337,tracking,0.8312807853797616,0,0,0
284,2.8399999999999834,1.8350661993026733,1.8716496229171753,-0.0006234742468222976,0.3786425292491913,0.3784069416190508,-0.0022940040685668337,tracking,0.3784069416190508,-0.0022940040685668337,tracking,0.835067468942707,0,0,0
285,2.849999999999983,1.8388524055480957,1.871646761894226,-0.0008104827720671892,0.3785977065563202,0.3784069416190508,-0.0022940040685668337,tracking,0.3784069416190508,-0.0022940040685668337,tracking,0.8388536762690862,0,0,0
286,2.859999999999983,1.842638611793518,1.8716434240341187,-0.0009974880376830697,0.3786328136920929,0.3793359631098939,-0.0009562131217527763,tracking,0.3793359631098939,-0.0009562131217527763,tracking,0.8426398839858109,0,1,1
287,2.869999999999983,1.8464250564575195,1.8716391324996948,-0.0011845045955851674,0.3786662518978119,0.3793359631098939,-0.0009562131217527763,tracking,0.3793359631098939,-0.0009562131217527763,tracking,0.8464263310818118,0,0,0
288,2.8799999999999826,1.8502118587493896,1.8716343641281128,-0.001371542690321803,0.37869811058044434,0.3793359631098939,-0.0009562131217527763,tracking,0.3793359631098939,-0.0009562131217527763,tracking,0.8502131363758664,0,0,0
289,2.8899999999999824,1.8539990186691284,1.8716286420822144,-0.0015585910296067595,0.378728449344635,0.3793359631098939,-0.0009562131217527763,tracking,0.3793359631098939,-0.0009562131217527763,tracking,0.8540003006183419,0,0,0
290,2.899999999999982,1.8577864170074463,1.8716225624084473,-0.001745658926665783,0.3787573277950287,0.3793359631098939,-0.0009562131217527763,tracking,0.3793359631098939,-0.0009562131217527763,tracking,0.8577877038363168,0,0,0
291,2.909999999999982,1.8615741729736328,1.8716155290603638,-0.0019327374175190926,0.37879279255867004,0.3795029368990224,0.0007157708654077022,tracking,0.3795029368990224,0.0007157708654077022,tracking,0.8615754663324834,0,1,1
292,2.9199999999999817,1.865362286567688,1.8716084957122803,-0.0017456362256780267,0.3788265585899353,0.3795029368990224,0.0007157708654077022,tracking,0.3795029368990224,0.0007157708654077022,tracking,0.8653635864559023,0,0,0
293,2.9299999999999815,1.8691507577896118,1.8716022968292236,-0.0015585242072120309,0.3788587152957916,0.3795029368990224,0.0007157708654077022,tracking,0.3795029368990224,0.0007157708654077022,tracking,0.8691520627492815,0,0,0
294,2.9399999999999813,1.8729394674301147,1.8715965747833252,-0.00137139146681875,0.3788893520832062,0.3795029368990224,0.0007157708654077022,tracking,0.3795029368990224,0.0007157708654077022,tracking,0.872940776710753,0,0,0
295,2.949999999999981,1.8767285346984863,1.8715918064117432,-0.0011842489475384355,0.37891852855682373,0.3795029368990224,0.0007157708654077022,tracking,0.3795029368990224,0.0007157708654077022,tracking,0.8767298469795145,0,0,0
296,2.959999999999981,1.880517840385437,1.8715870380401611,-0.0013714112574234605,0.37894901633262634,0.37955988061390006,-0.0006337719159839614,tracking,0.37955988061390006,-0.0006337719159839614,tracking,0.8805191556666664,0,1,1
297,2.9699999999999807,1.8843075037002563,1.8715813159942627,-0.001558583346195519,0.37897807359695435,0.37955988061390006,-0.0006337719159839614,tracking,0.37955988061390006,-0.0006337719159839614,tracking,0.884308823301367,0,0,0
298,2.9799999999999804,1.8880974054336548,1.871575117111206,-0.0017457740614190698,0.3790057301521301,0.37955988061390006,-0.0006337719159839614,tracking,0.37955988061390006,-0.0006337719159839614,tracking,0.8880987301043065,0,0,0
299,2.9899999999999802,1.8918875455856323,1.8715680837631226,-0.0019329737406224012,0.37903207540512085,0.37955988061390006,-0.0006337719159839614,tracking,0.37955988061390006,-0.0006337719159839614,tracking,0.8918888767821566,0,0,0
300,2.99999999999998,1.8956780433654785,1.8715605735778809,-0.0021201903000473976,0.3790571689605713,0.37955988061390006,-0.0006337719159839614,tracking,0.37955988061390006,-0.0006337719159839614,tracking,0.8956793820020318,0,0,0
301,3.00999999999998,1.8994685411453247,1.8715521097183228,-0.0023074091877788305,0.3790464699268341,0.3790008917267613,0.0014387159134636928,tracking,0.3790008917267613,0.0014387159134636928,tracking,0.8994698892314059,0,1,1
302,3.0199999999999796,1.9032589197158813,1.8715436458587646,-0.0021201965864747763,0.3790377974510193,0.3790008917267613,0.0014387159134636928,tracking,0.3790008917267613,0.0014387159134636928,tracking,0.9032602772517877,0,0,0
303,3.0299999999999794,1.907049298286438,1.871536135673523,-0.001932986662723124,0.3790307939052582,0.3790008917267613,0.0014387159134636928,tracking,0.3790008917267613,0.0014387159134636928,tracking,0.9070506632626074,0,0,0
304,3.039999999999979,1.910839557647705,1.8715291023254395,-0.0017457809299230576,0.37902510166168213,0.3790008917267613,0.0014387159134636928,tracking,0.3790008917267613,0.0014387159134636928,tracking,0.9108409291495417,0,0,0
305,3.049999999999979,1.9146298170089722,1.8715229034423828,-0.0015585768269374967,0.3790205121040344,0.3790008917267613,0.0014387159134636928,tracking,0.3790008917267613,0.0014387159134636928,tracking,0.9146311935798717,0,0,0
306,3.0599999999999787,1.9184200763702393,1.8715171813964844,-0.001371370512060821,0.37903207540512085,0.3792636021964807,0.001060412837067825,tracking,0.3792636021964807,0.001060412837067825,tracking,0.9184214572603406,0,1,1
307,3.0699999999999785,1.922210454940796,1.8715124130249023,-0.001184160471893847,0.3790430724620819,0.3792636021964807,0.001060412837067825,tracking,0.3792636021964807,0.001060412837067825,tracking,0.9222118388302492,0,0,0
308,3.0799999999999783,1.926000952720642,1.8715081214904785,-0.0009969433303922415,0.3790535628795624,0.3792636021964807,0.001060412837067825,tracking,0.3792636021964807,0.001060412837067825,tracking,0.9260023390394941,0,0,0
309,3.089999999999978,1.9297915697097778,1.871504783630371,-0.000809722812846303,0.37906354665756226,0.3792636021964807,0.001060412837067825,tracking,0.3792636021964807,0.001060412837067825,tracking,0.9297929574982202,0,0,0
310,3.099999999999978,1.9335823059082031,1.8715019226074219,-0.000622495892457664,0.37907305359840393,0.3792636021964807,0.001060412837067825,tracking,0.3792636021964807,0.001060412837067825,tracking,0.9335836947763106,0,0,0
311,3.1099999999999777,1.9373728036880493,1.871500015258789,-0.00043527534580789506,0.3790246844291687,0.37881880015152936,-0.001700927781797772,tracking,0.37881880015152936,-0.001700927781797772,tracking,0.9373741930360382,0,1,1
312,3.1199999999999775,1.9411628246307373,1.8714981079101562,-0.0006224671378731728,0.37898552417755127,0.37881880015152936,-0.001700927781797772,tracking,0.37881880015152936,-0.001700927781797772,tracking,0.9411642144586679,0,0,0
313,3.1299999999999772,1.9449524879455566,1.871495246887207,-0.0008096472010947764,0.37895381450653076,0.37881880015152936,-0.001700927781797772,tracking,0.37881880015152936,-0.001700927781797772,tracking,0.944953878853458,0,0,0
314,3.139999999999977,1.9487419128417969,1.8714919090270996,-0.000996808405034244,0.37892812490463257,0.37881880015152936,-0.001700927781797772,tracking,0.37881880015152936,-0.001700927781797772,tracking,0.9487433052197509,0,0,0
315,3.149999999999977,1.952531099319458,1.8714876174926758,-0.001183961983770132,0.37890732288360596,0.37881880015152936,-0.001700927781797772,tracking,0.37881880015152936,-0.001700927781797772,tracking,0.9525324941276516,0,0,0
316,3.1599999999999766,1.9563204050064087,1.8714828491210938,-0.0013711225474253297,0.3789494037628174,0.37979255157403136,-0.0002987257333948272,tracking,0.37979255157403136,-0.0002987257333948272,tracking,0.9563218028148035,0,1,1
317,3.1699999999999764,1.960110068321228,1.8714771270751953,-0.0015582966152578592,0.37898948788642883,0.37979255157403136,-0.0002987257333948272,tracking,0.37979255157403136,-0.0002987257333948272,tracking,0.9601114704495041,0,0,0
318,3.179999999999976,1.9639002084732056,1.8714709281921387,-0.0017454964108765125,0.37902766466140747,0.37979255157403136,-0.0002987257333948272,tracking,0.37979255157403136,-0.0002987257333948272,tracking,0.9639016156707039,0,0,0
319,3.189999999999976,1.9676907062530518,1.8714638948440552,-0.0019327085465192795,0.37906402349472046,0.37979255157403136,-0.0002987257333948272,tracking,0.37979255157403136,-0.0002987257333948272,tracking,0.9676921199758068,0,0,0
320,3.1999999999999758,1.9714815616607666,1.8714563846588135,-0.002119943965226412,0.37909865379333496,0.37979255157403136,-0.0002987257333948272,tracking,0.37979255157403136,-0.0002987257333948272,tracking,0.9714829828228488,0,0,0
321,3.2099999999999755,1.9752719402313232,1.8714479207992554,-0.0023071663454174995,0.3789847791194916,0.378499948933632,0.002160073535569982,tracking,0.378499948933632,0.002160073535569982,tracking,0.9752733708432306,0,1,1
322,3.2199999999999753,1.9790613651275635,1.8714394569396973,-0.002120011718943715,0.37889257073402405,0.378499948933632,0.002160073535569982,tracking,0.378499948933632,0.002160073535569982,tracking,0.9790628051916742,0,0,0
323,3.229999999999975,1.9828499555587769,1.8714319467544556,-0.0019328846829012036,0.3788178861141205,0.378499948933632,0.002160073535569982,tracking,0.378499948933632,0.002160073535569982,tracking,0.9828514030666623,0,0,0
324,3.239999999999975,1.986637830734253,1.871424913406372,-0.00174580211751163,0.37875741720199585,0.378499948933632,0.002160073535569982,tracking,0.378499948933632,0.002160073535569982,tracking,0.986639284771913,0,0,0
325,3.2499999999999747,1.9904251098632812,1.8714187145233154,-0.0015587375964969397,0.37870845198631287,0.378499948933632,0.002160073535569982,tracking,0.378499948933632,0.002160073535569982,tracking,0.990426568973993,0,0,0
326,3.2599999999999745,1.9942123889923096,1.871412992477417,-0.0013716764515265822,0.3787471354007721,0.37952192732540746,0.0006884246514132861,tracking,0.37952192732540746,0.0006884246514132861,tracking,0.994213852425622,0,1,1
327,3.2699999999999743,1.9980000257492065,1.871408224105835,-0.0011846028501167893,0.3787839710712433,0.37952192732540746,0.0006884246514132861,tracking,0.37952192732540746,0.0006884246514132861,tracking,0.9980014921840421,0,0,0
328,3.279999999999974,2.0017881393432617,1.8714039325714111,-0.0009975056163966656,0.3788190484046936,0.37952192732540746,0.0006884246514132861,tracking,0.37952192732540746,0.0006884246514132861,tracking,1.0017896082090252,0,0,0
329,3.289999999999974,2.0055766105651855,1.8714005947113037,-0.0008103970903903246,0.3788524568080902,0.37952192732540746,0.0006884246514132861,tracking,0.37952192732540746,0.0006884246514132861,tracking,1.0055780809013717,0,0,0
330,3.2999999999999736,2.0093653202056885,1.8713977336883545,-0.0006232670857571065,0.37888428568840027,0.37952192732540746,0.0006884246514132861,tracking,0.37952192732540746,0.0006884246514132861,tracking,1.0093667916221172,0,0,0
331,3.3099999999999734,2.0131542682647705,1.8713958263397217,-0.0004361306200735271,0.37889164686203003,0.3790393639398361,-0.0013833159266359815,tracking,0.3790393639398361,-0.0013833159266359815,tracking,1.013155740161277,0,1,1
332,3.319999999999973,2.0169432163238525,1.8713939189910889,-0.0006232719169929624,0.3788986802101135,0.3790393639398361,-0.0013833159266359815,tracking,0.3790393639398361,-0.0013833159266359815,tracking,1.0169446887004367,0,0,0
333,3.329999999999973,2.0207321643829346,1.8713910579681396,-0.0008104154258035123,0.37890535593032837,0.3790393639398361,-0.0013833159266359815,tracking,0.3790393639398361,-0.0013833159266359815,tracking,1.0207336378396934,0,0,0
334,3.3399999999999728,2.0245213508605957,1.8713877201080322,-0.00099756324198097,0.37891173362731934,0.3790393639398361,-0.0013833159266359815,tracking,0.3790393639398361,-0.0013833159266359815,tracking,1.0245228257874996,0,0,0
335,3.3499999999999726,2.028310537338257,1.8713834285736084,-0.0011847130954265594,0.3789178133010864,0.3790393639398361,-0.0013833159266359815,tracking,0.3790393639398361,-0.0013833159266359815,tracking,1.0283120146954003,0,0,0
336,3.3599999999999723,2.032099962234497,1.8713786602020264,-0.0013718778500333428,0.37895703315734863,0.37974259387942816,-0.00037066481362349295,tracking,0.37974259387942816,-0.00037066481362349295,tracking,1.0321014425917474,0,1,1
337,3.369999999999972,2.0358896255493164,1.871372938156128,-0.0015590552939102054,0.3789943754673004,0.37974259387942816,-0.00037066481362349295,tracking,0.37974259387942816,-0.00037066481362349295,tracking,1.0358911102264479,0,0,0
338,3.379999999999972,2.039679765701294,1.8713667392730713,-0.0017462567193433642,0.3790299594402313,0.37974259387942816,-0.00037066481362349295,tracking,0.37974259387942816,-0.00037066481362349295,tracking,1.0396812554476476,0,0,0
339,3.3899999999999717,2.0434701442718506,1.8713597059249878,-0.0019334695534780622,0.37906384468078613,0.37974259387942816,-0.00037066481362349295,tracking,0.37974259387942816,-0.00037066481362349295,tracking,1.0434716405436661,0,0,0
340,3.3999999999999715,2.0472609996795654,1.871352195739746,-0.0021207041572779417,0.379096120595932,0.37974259387942816,-0.00037066481362349295,tracking,0.37974259387942816,-0.00037066481362349295,tracking,1.0472625033907081,0,0,0
341,3.4099999999999713,2.051051139831543,1.871343731880188,-0.0023079204838722944,0.3789524435997009,0.3783407721076419,0.002389288164995704,tracking,0.3783407721076419,0.002389288164995704,tracking,1.0510526529931052,0,1,1
342,3.419999999999971,2.054840087890625,1.8713352680206299,-0.0021207898389548063,0.37883609533309937,0.3783407721076419,0.002389288164995704,tracking,0.3783407721076419,0.002389288164995704,tracking,1.0548416105055802,0,0,0
343,3.429999999999971,2.0586280822753906,1.8713277578353882,-0.0019336938858032227,0.37874189019203186,0.3783407721076419,0.002389288164995704,tracking,0.3783407721076419,0.002389288164995704,tracking,1.0586296123352918,0,0,0
344,3.4399999999999706,2.06241512298584,1.8713207244873047,-0.0017466540448367596,0.37866559624671936,0.3783407721076419,0.002389288164995704,tracking,0.3783407721076419,0.002389288164995704,tracking,1.0624166595769546,0,0,0
345,3.4499999999999704,2.0662014484405518,1.871314525604248,-0.0015596370212733746,0.37860381603240967,0.3783407721076419,0.002389288164995704,tracking,0.3783407721076419,0.002389288164995704,tracking,1.066202990105996,0,0,0
346,3.45999999999997,2.0699875354766846,1.8713088035583496,-0.0013726314064115286,0.3786308765411377,0.3791729950481171,0.0011908871307114016,tracking,0.3791729950481171,0.0011908871307114016,tracking,1.0699890814660904,0,1,1
347,3.46999999999997,2.0737738609313965,1.8713040351867676,-0.0011856170604005456,0.37865665555000305,0.3791729950481171,0.0011908871307114016,tracking,0.3791729950481171,0.0011908871307114016,tracking,1.073775409923365,0,0,0
348,3.47999999999997,2.0775606632232666,1.8712997436523438,-0.0009985861834138632,0.3786812126636505,0.3791729950481171,0.0011908871307114016,tracking,0.3791729950481171,0.0011908871307114016,tracking,1.0775622146470047,0,0,0
349,3.4899999999999696,2.081347703933716,1.8712964057922363,-0.0008115473901852965,0.37870460748672485,0.3791729950481171,0.0011908871307114016,tracking,0.3791729950481171,0.0011908871307114016,tracking,1.081349256828432,0,0,0
350,3.4999999999999694,2.085134744644165,1.871293544769287,-0.0006244935211725533,0.37872686982154846,0.3791729950481171,0.0011908871307114016,tracking,0.3791729950481171,0.0011908871307114016,tracking,1.0851362986195998,0,0,0
351,3.509999999999969,2.0889220237731934,1.8712916374206543,-0.00043743455898948014,0.37873566150665283,0.37891180896910764,-0.0015669950844850312,tracking,0.37891180896910764,-0.0015669950844850312,tracking,1.0889235782289173,0,1,1
352,3.519999999999969,2.0927093029022217,1.8712897300720215,-0.0006244992255233228,0.3787440359592438,0.37891180896910764,-0.0015669950844850312,tracking,0.37891180896910764,-0.0015669950844850312,tracking,1.0927108578382347,0,0,0
353,3.5299999999999687,2.096496820449829,1.8712868690490723,-0.000811566598713398,0.3787520229816437,0.37891180896910764,-0.0015669950844850312,tracking,0.37891180896910764,-0.0015669950844850312,tracking,1.0964983764664247,0,0,0
354,3.5399999999999685,2.1002843379974365,1.8712835311889648,-0.0009986390359699726,0.37875962257385254,0.37891180896910764,-0.0015669950844850312,tracking,0.37891180896910764,-0.0015669950844850312,tracking,1.100285895484825,0,0,0
355,3.5499999999999683,2.104071855545044,1.871279239654541,-0.0011857139179483056,0.37876686453819275,0.37891180896910764,-0.0015669950844850312,tracking,0.37891180896910764,-0.0015669950844850312,tracking,1.1040734154637428,0,0,0
356,3.559999999999968,2.1078596115112305,1.871274471282959,-0.0013728027697652578,0.37880197167396545,0.3795051290922152,-0.0007126141072101603,tracking,0.3795051290922152,-0.0007126141072101603,tracking,1.107861174431358,0,1,1
357,3.569999999999968,2.111647844314575,1.8712687492370605,-0.0015599029138684273,0.37883540987968445,0.3795051290922152,-0.0007126141072101603,tracking,0.3795051290922152,-0.0007126141072101603,tracking,1.1116494115562152,0,0,0
358,3.5799999999999677,2.115436315536499,1.871262550354004,-0.0017470245948061347,0.3788672685623169,0.3795051290922152,-0.0007126141072101603,tracking,0.3795051290922152,-0.0007126141072101603,tracking,1.1154378878495945,0,0,0
359,3.5899999999999674,2.119225025177002,1.8712555170059204,-0.001934156520292163,0.37889760732650757,0.3795051290922152,-0.0007126141072101603,tracking,0.3795051290922152,-0.0007126141072101603,tracking,1.119226604018434,0,0,0
360,3.5999999999999672,2.123014211654663,1.8712480068206787,-0.002121307887136936,0.37892648577690125,0.3795051290922152,-0.0007126141072101603,tracking,0.3795051290922152,-0.0007126141072101603,tracking,1.1230157979386988,0,0,0
361,3.609999999999967,2.126802682876587,1.8712395429611206,-0.0023084371350705624,0.3787625730037689,0.37806463602976986,0.00278692411713139,tracking,0.37806463602976986,0.00278692411713139,tracking,1.1268042786152053,0,1,1
362,3.619999999999967,2.130589723587036,1.8712310791015625,-0.002121405676007271,0.3786298334598541,0.37806463602976986,0.00278692411713139,tracking,0.37806463602976986,0.00278692411713139,tracking,1.1305913287838085,0,0,0
363,3.6299999999999666,2.13437557220459,1.8712235689163208,-0.0019344137981534004,0.3785223364830017,0.37806463602976986,0.00278692411713139,tracking,0.37806463602976986,0.00278692411713139,tracking,1.134377184850528,0,0,0
364,3.6399999999999664,2.138160467147827,1.8712165355682373,-0.0017474859487265348,0.37843528389930725,0.37806463602976986,0.00278692411713139,tracking,0.37806463602976986,0.00278692411713139,tracking,1.1381620863286814,0,0,0
365,3.649999999999966,2.141944408416748,1.8712103366851807,-0.0015605840599164367,0.37836477160453796,0.37806463602976986,0.00278692411713139,tracking,0.37806463602976986,0.00278692411713139,tracking,1.141946032675129,0,0,0
366,3.659999999999966,2.145728349685669,1.8712046146392822,-0.0013736849650740623,0.3784267008304596,0.37966744755235643,0.0004788755246067436,tracking,0.37966744755235643,0.0004788755246067436,tracking,1.1457299782704635,0,1,1
367,3.6699999999999657,2.149513006210327,1.8711998462677002,-0.0011867659632116556,0.37848570942878723,0.37966744755235643,0.0004788755246067436,tracking,0.37966744755235643,0.0004788755246067436,tracking,1.1495146377990084,0,0,0
368,3.6799999999999655,2.1532981395721436,1.8711955547332764,-0.0009998090099543333,0.3785419166088104,0.37966744755235643,0.0004788755246067436,tracking,0.37966744755235643,0.0004788755246067436,tracking,1.1532997735936668,0,0,0
369,3.6899999999999653,2.157083749771118,1.871192216873169,-0.0008128340123221278,0.3785954415798187,0.37966744755235643,0.0004788755246067436,tracking,0.37966744755235643,0.0004788755246067436,tracking,1.1570853852641754,0,0,0
370,3.699999999999965,2.16087007522583,1.8711893558502197,-0.0006258246139623225,0.3786464035511017,0.37966744755235643,0.0004788755246067436,tracking,0.37966744755235643,0.0004788755246067436,tracking,1.1608717117998102,0,0,0
371,3.709999999999965,2.164656639099121,1.871187448501587,-0.0004388027882669121,0.3786710798740387,0.37916513480503383,-0.0012022058807513265,tracking,0.37916513480503383,-0.0012022058807513265,tracking,1.1646582761534812,0,1,1
372,3.7199999999999647,2.168443441390991,1.871185541152954,-0.0006258405628614128,0.3786945641040802,0.37916513480503383,-0.0012022058807513265,tracking,0.37916513480503383,-0.0012022058807513265,tracking,1.168445078925701,0,0,0
373,3.7299999999999645,2.1722304821014404,1.8711826801300049,-0.0008128858171403408,0.37871694564819336,0.37916513480503383,-0.0012022058807513265,tracking,0.37916513480503383,-0.0012022058807513265,tracking,1.1722321207168689,0,0,0
374,3.7399999999999642,2.1760177612304688,1.8711793422698975,-0.0009999454487115145,0.37873825430870056,0.37916513480503383,-0.0012022058807513265,tracking,0.37916513480503383,-0.0012022058807513265,tracking,1.1760194013167826,0,0,0
375,3.749999999999964,2.179805278778076,1.8711750507354736,-0.001187011948786676,0.3787585496902466,0.37916513480503383,-0.0012022058807513265,tracking,0.37916513480503383,-0.0012022058807513265,tracking,1.1798069212957005,0,0,0
376,3.759999999999964,2.1835930347442627,1.8711702823638916,-0.0013740931171923876,0.3787827789783478,0.37926835930957675,-0.001053562594209485,tracking,0.37926835930957675,-0.001053562594209485,tracking,1.1835946802633157,0,1,1
377,3.7699999999999636,2.1873810291290283,1.8711645603179932,-0.0015611820854246616,0.37880587577819824,0.37926835930957675,-0.001053562594209485,tracking,0.37926835930957675,-0.001053562594209485,tracking,1.1873826789698658,0,0,0
378,3.7799999999999634,2.191169261932373,1.8711583614349365,-0.0017482859548181295,0.37882786989212036,0.37926835930957675,-0.001053562594209485,tracking,0.37926835930957675,-0.001053562594209485,tracking,1.191170916844985,0,0,0
379,3.789999999999963,2.194957733154297,1.8711512088775635,-0.001935396809130907,0.3788488209247589,0.37926835930957675,-0.001053562594209485,tracking,0.37926835930957675,-0.001053562594209485,tracking,1.194959394818845,0,0,0
380,3.799999999999963,2.1987462043762207,1.8711436986923218,-0.0021225211676210165,0.3788687586784363,0.37926835930957675,-0.001053562594209485,tracking,0.37926835930957675,-0.001053562594209485,tracking,1.1987478734847778,0,0,0
381,3.8099999999999627,2.2025344371795654,1.8711352348327637,-0.002309635514393449,0.3787879943847656,0.3784441768021971,0.002240385404836191,tracking,0.3784441768021971,0.002240385404836191,tracking,1.2025361157433003,0,1,1
382,3.8199999999999625,2.206321954727173,1.8711267709732056,-0.002122569363564253,0.378722608089447,0.3784441768021971,0.002240385404836191,tracking,0.3784441768021971,0.002240385404836191,tracking,1.2063236427478712,0,0,0
383,3.8299999999999623,2.210108995437622,1.8711192607879639,-0.001935522654093802,0.3786696493625641,0.3784441768021971,0.002240385404836191,tracking,0.3784441768021971,0.002240385404836191,tracking,1.2101106909051411,0,0,0
384,3.839999999999962,2.213895559310913,1.8711122274398804,-0.0017485074931755662,0.3786267638206482,0.3784441768021971,0.002240385404836191,tracking,0.3784441768021971,0.002240385404836191,tracking,1.2138972613104682,0,0,0
385,3.849999999999962,2.217681646347046,1.8711060285568237,-0.0015615051379427314,0.37859204411506653,0.3784441768021971,0.002240385404836191,tracking,0.3784441768021971,0.002240385404836191,tracking,1.21768335342125,0,0,0
386,3.8599999999999617,2.2214677333831787,1.8711003065109253,-0.0013745003379881382,0.3786340057849884,0.3794747907636357,0.0007563013003645553,tracking,0.3794747907636357,0.0007563013003645553,tracking,1.2214694447813443,0,1,1
387,3.8699999999999615,2.2252542972564697,1.8710955381393433,-0.001187482150271535,0.3786739706993103,0.3794747907636357,0.0007563013003645553,tracking,0.3794747907636357,0.0007563013003645553,tracking,1.2252560116570088,0,0,0
388,3.8799999999999613,2.229041337966919,1.8710912466049194,-0.0010004382347688079,0.3787120580673218,0.3794747907636357,0.0007563013003645553,tracking,0.3794747907636357,0.0007563013003645553,tracking,1.2290430547990745,0,0,0
389,3.889999999999961,2.2328286170959473,1.871087908744812,-0.000813382095657289,0.3787483274936676,0.3794747907636357,0.0007563013003645553,tracking,0.3794747907636357,0.0007563013003645553,tracking,1.2328303353989882,0,0,0
390,3.899999999999961,2.236616373062134,1.8710850477218628,-0.0006263026152737439,0.37878286838531494,0.3794747907636357,0.0007563013003645553,tracking,0.3794747907636357,0.0007563013003645553,tracking,1.2366180924456893,0,0,0
391,3.9099999999999606,2.240403890609741,1.87108314037323,-0.00043922869372181594,0.3787144720554352,0.3784232014206786,-0.002270589954222799,tracking,0.3784232014206786,-0.002270589954222799,tracking,1.2404056104735557,0,1,1
392,3.9199999999999604,2.2441906929016113,1.8710812330245972,-0.0006262619281187654,0.37865906953811646,0.3784232014206786,-0.002270589954222799,tracking,0.3784232014206786,-0.002270589954222799,tracking,1.2441924132457756,0,0,0
393,3.92999999999996,2.2479770183563232,1.871078372001648,-0.0008132786024361849,0.378614217042923,0.3784232014206786,-0.002270589954222799,tracking,0.3784232014206786,-0.002270589954222799,tracking,1.2479787397814104,0,0,0
394,3.93999999999996,2.251762866973877,1.8710750341415405,-0.0010002685012295842,0.3785778880119324,0.3784232014206786,-0.002270589954222799,tracking,0.3784232014206786,-0.002270589954222799,tracking,1.2517645898704053,0,0,0
395,3.9499999999999598,2.2555484771728516,1.8710707426071167,-0.0011872475733980536,0.3785484731197357,0.3784232014206786,-0.002270589954222799,tracking,0.3784232014206786,-0.002270589954222799,tracking,1.2555502025019154,0,0,0
396,3.9599999999999596,2.2593343257904053,1.8710664510726929,-0.001000259886495769,0.37860408425331116,0.37971770256734244,0.0004065083030268977,tracking,0.37971770256734244,0.0004065083030268977,tracking,1.2593360535518514,0,1,1
397,3.9699999999999593,2.263120651245117,1.8710631132125854,-0.000813254271633923,0.3786570429801941,0.37971770256734244,0.0004065083030268977,tracking,0.37971770256734244,0.0004065083030268977,tracking,1.2631223804778193,0,0,0
398,3.979999999999959,2.2669074535369873,1.8710602521896362,-0.0006262146634981036,0.3787074685096741,0.37971770256734244,0.0004065083030268977,tracking,0.37971770256734244,0.0004065083030268977,tracking,1.2669091838504762,0,0,0
399,3.989999999999959,2.2706947326660156,1.8710583448410034,-0.0004391588154248893,0.37875550985336304,0.37971770256734244,0.0004065083030268977,tracking,0.37971770256734244,0.0004065083030268977,tracking,1.2706964634597937,0,0,0
400,3.9999999999999587,2.274482488632202,1.8710569143295288,-0.00025207208818756044,0.37880125641822815,0.37971770256734244,0.0004065083030268977,tracking,0.37971770256734244,0.0004065083030268977,tracking,1.2744842196961088,0,0,0
401,4.009999999999959,2.2782695293426514,1.8710564374923706,-6.50111905997619e-05,0.3785986602306366,0.3777361661065665,-0.0032599208065442423,tracking,0.3777361661065665,-0.0032599208065442423,tracking,1.278271260436578,0,1,1
402,4.019999999999959,2.2820546627044678,1.8710559606552124,-0.0002519514237064868,0.37843459844589233,0.3777361661065665,-0.0032599208065442423,tracking,0.3777361661065665,-0.0032599208065442423,tracking,1.2820563938284295,0,0,0
403,4.0299999999999585,2.2858383655548096,1.8710545301437378,-0.0004388427478261292,0.378301739692688,0.3777361661065665,-0.0032599208065442423,tracking,0.3777361661065665,-0.0032599208065442423,tracking,1.2858400969491894,0,0,0
404,4.039999999999958,2.289620876312256,1.871052622795105,-0.0006256548804230988,0.3781941533088684,0.3777361661065665,-0.0032599208065442423,tracking,0.3777361661065665,-0.0032599208065442423,tracking,1.2896226081875304,0,0,0
405,4.049999999999958,2.2934024333953857,1.8710497617721558,-0.000812434998806566,0.3781070411205292,0.3777361661065665,-0.0032599208065442423,tracking,0.3777361661065665,-0.0032599208065442423,tracking,1.293404166352946,0,0,0
406,4.059999999999958,2.2971837520599365,1.8710464239120483,-0.0009991968981921673,0.37813878059387207,0.37877471917252653,-0.0017644043915617889,tracking,0.37877471917252653,-0.0017644043915617889,tracking,1.2971854864907009,0,1,1
407,4.069999999999958,2.3009653091430664,1.8710421323776245,-0.0011859689839184284,0.3781690299510956,0.37877471917252653,-0.0017644043915617889,tracking,0.37877471917252653,-0.0017644043915617889,tracking,1.3009670460089733,0,0,0
408,4.079999999999957,2.3047471046447754,1.8710373640060425,-0.0013727605110034347,0.3781978189945221,0.37877471917252653,-0.0017644043915617889,tracking,0.37877471917252653,-0.0017644043915617889,tracking,1.3047488445168414,0,0,0
409,4.089999999999957,2.3085291385650635,1.871031641960144,-0.0015595612348988652,0.3782252371311188,0.37877471917252653,-0.0017644043915617889,tracking,0.37877471917252653,-0.0017644043915617889,tracking,1.308530882765725,0,0,0
410,4.099999999999957,2.3123114109039307,1.871025562286377,-0.0017463796539232135,0.3782513737678528,0.37877471917252653,-0.0017644043915617889,tracking,0.37877471917252653,-0.0017644043915617889,tracking,1.3123131599908624,0,0,0
411,4.109999999999957,2.316094160079956,1.8710185289382935,-0.0019332139054313302,0.3783216178417206,0.37972878898032275,0.00039054386833521377,tracking,0.37972878898032275,0.00039054386833521377,tracking,1.316095915705511,0,1,1
412,4.119999999999957,2.3198776245117188,1.87101149559021,-0.0017463344847783446,0.37838852405548096,0.37972878898032275,0.00039054386833521377,tracking,0.37972878898032275,0.00039054386833521377,tracking,1.3198793866746608,0,0,0
413,4.129999999999956,2.3236618041992188,1.8710054159164429,-0.001559433643706143,0.37845224142074585,0.37972878898032275,0.00039054386833521377,tracking,0.37972878898032275,0.00039054386833521377,tracking,1.3236635712459681,0,0,0
414,4.139999999999956,2.327446699142456,1.8709996938705444,-0.001372491824440658,0.3785129487514496,0.37972878898032275,0.00039054386833521377,tracking,0.37972878898032275,0.00039054386833521377,tracking,1.327448470514529,0,0,0
415,4.149999999999956,2.3312320709228516,1.8709949254989624,-0.0011855304474011064,0.3785707652568817,0.37972878898032275,0.00039054386833521377,tracking,0.37972878898032275,0.00039054386833521377,tracking,1.3312338452982437,0,0,0
416,4.159999999999956,2.3350179195404053,1.8709901571273804,-0.0013725274475291371,0.37862101197242737,0.37962776092748335,-0.0005360242644239857,tracking,0.37962776092748335,-0.0005360242644239857,tracking,1.3350196969187382,0,1,1
417,4.1699999999999555,2.3388044834136963,1.870984435081482,-0.0015595406293869019,0.378668874502182,0.37962776092748335,-0.0005360242644239857,tracking,0.37962776092748335,-0.0005360242644239857,tracking,1.3388062651154464,0,0,0
418,4.179999999999955,2.3425912857055664,1.8709782361984253,-0.0017465845448896289,0.3787144720554352,0.37962776092748335,-0.0005360242644239857,tracking,0.37962776092748335,-0.0005360242644239857,tracking,1.3425930724810071,0,0,0
419,4.189999999999955,2.3463785648345947,1.8709712028503418,-0.0019336431287229061,0.37875789403915405,0.37962776092748335,-0.0005360242644239857,tracking,0.37962776092748335,-0.0005360242644239857,tracking,1.3463803581408378,0,0,0
420,4.199999999999955,2.3501663208007812,1.8709636926651,-0.0021207295358181,0.3787992596626282,0.37962776092748335,-0.0005360242644239857,tracking,0.37962776092748335,-0.0005360242644239857,tracking,1.3501681215524388,0,0,0
421,4.209999999999955,2.353954553604126,1.870955228805542,-0.0023078317753970623,0.3788531720638275,0.37993332166347055,9.601680460244498e-05,tracking,0.37993332166347055,9.601680460244498e-05,tracking,1.3539563638109613,0,1,1
422,4.2199999999999545,2.357743263244629,1.8709465265274048,-0.0023078317753970623,0.3789045214653015,0.37993332166347055,9.601680460244498e-05,tracking,0.37993332166347055,9.601680460244498e-05,tracking,1.357745083445572,0,0,0
423,4.229999999999954,2.36153244972229,1.8709378242492676,-0.0023078317753970623,0.3789534270763397,0.37993332166347055,9.601680460244498e-05,tracking,0.37993332166347055,9.601680460244498e-05,tracking,1.3615342799160832,0,0,0
424,4.239999999999954,2.3653221130371094,1.8709291219711304,-0.0023078317753970623,0.3790000081062317,0.37993332166347055,9.601680460244498e-05,tracking,0.37993332166347055,9.601680460244498e-05,tracking,1.3653239532224952,0,0,0
425,4.249999999999954,2.369112253189087,1.8709204196929932,-0.0023078317753970623,0.37904438376426697,0.37993332166347055,9.601680460244498e-05,tracking,0.37993332166347055,9.601680460244498e-05,tracking,1.3691141033648084,0,0,0
426,4.259999999999954,2.3729028701782227,1.8709114789962769,-0.0024950557854026556,0.37907344102859497,0.3796557864045664,-0.0004956675774243969,tracking,0.3796557864045664,-0.0004956675774243969,tracking,1.372904730897867,0,1,1
427,4.269999999999953,2.3766937255859375,1.8709015846252441,-0.002682289108633995,0.37910112738609314,0.3796557864045664,-0.0004956675774243969,tracking,0.3796557864045664,-0.0004956675774243969,tracking,1.3766955992180252,0,0,0
428,4.279999999999953,2.3804848194122314,1.8708912134170532,-0.002869540126994252,0.37912750244140625,0.3796557864045664,-0.0004956675774243969,tracking,0.3796557864045664,-0.0004956675774243969,tracking,1.3804867072304305,0,0,0
429,4.289999999999953,2.3842761516571045,1.870879888534546,-0.0030567997600883245,0.3791526257991791,0.3796557864045664,-0.0004956675774243969,tracking,0.3796557864045664,-0.0004956675774243969,tracking,1.3842780563892365,0,0,0
430,4.299999999999953,2.3880677223205566,1.8708680868148804,-0.003244075458496809,0.3791765570640564,0.3796557864045664,-0.0004956675774243969,tracking,0.3796557864045664,-0.0004956675774243969,tracking,1.38806964541978,0,0,0
431,4.3099999999999525,2.3918588161468506,1.8708553314208984,-0.0034313362557440996,0.37906184792518616,0.3785735254817304,0.002054123306308226,tracking,0.3785735254817304,0.002054123306308226,tracking,1.3918607607042102,0,1,1
432,4.319999999999952,2.395648956298828,1.8708425760269165,-0.0032441439107060432,0.3789689838886261,0.3785735254817304,0.002054123306308226,tracking,0.3785735254817304,0.002054123306308226,tracking,1.395650922319723,0,0,0
433,4.329999999999952,2.3994381427764893,1.870830774307251,-0.0030569792725145817,0.37889376282691956,0.3785735254817304,0.002054123306308226,tracking,0.3785735254817304,0.002054123306308226,tracking,1.3994401271760322,0,0,0
434,4.339999999999952,2.403226852416992,1.8708194494247437,-0.0028698593378067017,0.3788328468799591,0.3785735254817304,0.002054123306308226,tracking,0.3785735254817304,0.002054123306308226,tracking,1.403228853742176,0,0,0
435,4.349999999999952,2.407014846801758,1.8708090782165527,-0.0026827575638890266,0.37878352403640747,0.3785735254817304,0.002054123306308226,tracking,0.3785735254817304,0.002054123306308226,tracking,1.4070168623246604,0,0,0
436,4.3599999999999515,2.4108028411865234,1.8707987070083618,-0.0028698593378067017,0.37883245944976807,0.37981296076025217,-0.00026933650523689725,tracking,0.37981296076025217,-0.00026933650523689725,tracking,1.4108048709071448,0,1,1
437,4.369999999999951,2.4145913124084473,1.8707873821258545,-0.0030569767113775015,0.3788790702819824,0.37981296076025217,-0.00026933650523689725,tracking,0.37981296076025217,-0.00026933650523689725,tracking,1.4145933590557747,0,0,0
438,4.379999999999951,2.4183802604675293,1.870775580406189,-0.0032441241201013327,0.3789234757423401,0.37981296076025217,-0.00026933650523689725,tracking,0.37981296076025217,-0.00026933650523689725,tracking,1.4183823254946613,0,0,0
439,4.389999999999951,2.4221696853637695,1.870762825012207,-0.0034312857314944267,0.3789657652378082,0.37981296076025217,-0.00026933650523689725,tracking,0.37981296076025217,-0.00026933650523689725,tracking,1.422171771858488,0,0,0
440,4.399999999999951,2.425959587097168,1.870749592781067,-0.0036184745840728283,0.3790060579776764,0.37981296076025217,-0.00026933650523689725,tracking,0.37981296076025217,-0.00026933650523689725,tracking,1.4259616966916158,0,0,0
441,4.40999999999995,2.429748296737671,1.8707354068756104,-0.0038056259509176016,0.3787389397621155,0.3776016464193682,0.0034536291561097893,tracking,0.3776016464193682,0.0034536291561097893,tracking,1.429750432889869,0,1,1
442,4.41999999999995,2.433534622192383,1.8707212209701538,-0.003618633607402444,0.3785226345062256,0.3776016464193682,0.0034536291561097893,tracking,0.3776016464193682,0.0034536291561097893,tracking,1.433536784919054,0,0,0
443,4.42999999999995,2.437319040298462,1.8707079887390137,-0.0034317057579755783,0.3783474564552307,0.3776016464193682,0.0034536291561097893,tracking,0.3776016464193682,0.0034536291561097893,tracking,1.4373212261583335,0,0,0
444,4.43999999999995,2.4411017894744873,1.8706952333450317,-0.0032448824495077133,0.3782055974006653,0.3776016464193682,0.0034536291561097893,tracking,0.3776016464193682,0.0034536291561097893,tracking,1.441103996839831,0,0,0
445,4.4499999999999496,2.444883346557617,1.8706834316253662,-0.0030581012833863497,0.3780907392501831,0.3776016464193682,0.0034536291561097893,tracking,0.3776016464193682,0.0034536291561097893,tracking,1.4448855723386882,0,0,0
446,4.459999999999949,2.448664426803589,1.8706721067428589,-0.0028713459614664316,0.3781270980834961,0.3788552861578132,0.001648387932748999,tracking,0.3788552861578132,0.001648387932748999,tracking,1.4486666695444528,0,1,1
447,4.469999999999949,2.4524457454681396,1.870661735534668,-0.002684578998014331,0.3781617283821106,0.3788552861578132,0.001648387932748999,tracking,0.3788552861578132,0.001648387932748999,tracking,1.4524480024317876,0,0,0
448,4.479999999999949,2.4562275409698486,1.8706518411636353,-0.0024977896828204393,0.3781947195529938,0.3788552861578132,0.001648387932748999,tracking,0.3788552861578132,0.001648387932748999,tracking,1.4562298108768736,0,0,0
449,4.489999999999949,2.4600095748901367,1.870642900466919,-0.0023109898902475834,0.3782261312007904,0.3788552861578132,0.001648387932748999,tracking,0.3788552861578132,0.001648387932748999,tracking,1.4600118553650132,0,0,0
450,4.4999999999999485,2.463792085647583,1.8706344366073608,-0.0021241698414087296,0.37825605273246765,0.3788552861578132,0.001648387932748999,tracking,0.3788552861578132,0.001648387932748999,tracking,1.4637943755919407,0,0,0
451,4.509999999999948,2.4675745964050293,1.8706269264221191,-0.001937344204634428,0.37825971841812134,0.37833346109006216,-0.0023998160303105075,tracking,0.37833346109006216,-0.0023998160303105075,tracking,1.4675768938051261,0,1,1
452,4.519999999999948,2.4713571071624756,1.8706194162368774,-0.002124172169715166,0.3782632350921631,0.37833346109006216,-0.0023998160303105075,tracking,0.37833346109006216,-0.0023998160303105075,tracking,1.4713594120183116,0,0,0
453,4.529999999999948,2.475139856338501,1.8706109523773193,-0.0023110012989491224,0.3782665729522705,0.37833346109006216,-0.0023998160303105075,tracking,0.37833346109006216,-0.0023998160303105075,tracking,1.4751421706632213,0,0,0
454,4.539999999999948,2.4789226055145264,1.870602011680603,-0.0024978325236588717,0.378269761800766,0.37833346109006216,-0.0023998160303105075,tracking,0.37833346109006216,-0.0023998160303105075,tracking,1.4789249304051,0,0,0
455,4.549999999999947,2.4827053546905518,1.8705921173095703,-0.002684664912521839,0.37827280163764954,0.37833346109006216,-0.0023998160303105075,tracking,0.37833346109006216,-0.0023998160303105075,tracking,1.4827076925212392,0,0,0
456,4.559999999999947,2.4864840507507324,1.8705817461013794,-0.0028712283819913864,0.3774532079696655,0.3739636319448548,-0.0009053494833996803,tracking,0.3739636319448548,-0.0009053494833996803,tracking,1.4864864028140752,0,1,1
457,4.569999999999947,2.490255355834961,1.870570421218872,-0.0030575476121157408,0.37678948044776917,0.3739636319448548,-0.0009053494833996803,tracking,0.3739636319448548,-0.0009053494833996803,tracking,1.4902577249020559,0,0,0
458,4.579999999999947,2.494020462036133,1.8705586194992065,-0.003243471262976527,0.3762519955635071,0.3739636319448548,-0.0009053494833996803,tracking,0.3739636319448548,-0.0009053494833996803,tracking,1.4940228495994186,0,0,0
459,4.589999999999947,2.4977807998657227,1.8705459833145142,-0.00342923472635448,0.3758167326450348,0.3739636319448548,-0.0009053494833996803,tracking,0.3739636319448548,-0.0009053494833996803,tracking,1.4977832086601743,0,0,0
460,4.599999999999946,2.5015370845794678,1.8705328702926636,-0.003614738816395402,0.3754642605781555,0.3739636319448548,-0.0009053494833996803,tracking,0.3739636319448548,-0.0009053494833996803,tracking,1.501539516262336,0,0,0
461,4.609999999999946,2.505284309387207,1.8705188035964966,-0.00379994441755116,0.3740032911300659,0.36778296934027277,0.0005869668048989216,tracking,0.36778296934027277,0.0005869668048989216,tracking,1.5052867674724468,0,1,1
462,4.619999999999946,2.5090184211730957,1.8705048561096191,-0.0036156096030026674,0.3728201985359192,0.36778296934027277,0.0005869668048989216,tracking,0.36778296934027277,0.0005869668048989216,tracking,1.5090209053062584,0,0,0
463,4.629999999999946,2.512741804122925,1.870491862297058,-0.003431627294048667,0.37186211347579956,0.36778296934027277,0.0005869668048989216,tracking,0.36778296934027277,0.0005869668048989216,tracking,1.512744310928836,0,0,0
464,4.6399999999999455,2.5164566040039062,1.8704793453216553,-0.0032482158858329058,0.3710862696170807,0.36778296934027277,0.0005869668048989216,tracking,0.36778296934027277,0.0005869668048989216,tracking,1.51645913189766,0,0,0
465,4.649999999999945,2.5201642513275146,1.8704677820205688,-0.003065035678446293,0.3704579770565033,0.36778296934027277,0.0005869668048989216,tracking,0.36778296934027277,0.0005869668048989216,tracking,1.5201667972528656,0,0,0
466,4.659999999999945,2.523859739303589,1.8704566955566406,-0.002882652450352907,0.36866533756256104,0.36103299998151356,0.0003326522140551817,tracking,0.36103299998151356,0.0003326522140551817,tracking,1.5238623018585984,0,1,1
467,4.669999999999945,2.527539014816284,1.8704465627670288,-0.0027008033357560635,0.3672136664390564,0.36103299998151356,0.0003326522140551817,tracking,0.36103299998151356,0.0003326522140551817,tracking,1.5275415913242079,0,0,0
468,4.679999999999945,2.531205177307129,1.8704369068145752,-0.0025198194198310375,0.36603811383247375,0.36103299998151356,0.0003326522140551817,tracking,0.36103299998151356,0.0003326522140551817,tracking,1.5312077665309722,0,0,0
469,4.689999999999944,2.534860849380493,1.8704280853271484,-0.002339185681194067,0.3650861382484436,0.36103299998151356,0.0003326522140551817,tracking,0.36103299998151356,0.0003326522140551817,tracking,1.5348634492478688,0,0,0
470,4.699999999999944,2.5385079383850098,1.8704197406768799,-0.002159119350835681,0.3643152415752411,0.36103299998151356,0.0003326522140551817,tracking,0.36103299998151356,0.0003326522140551817,tracking,1.5385105477987793,0,0,0
471,4.709999999999944,2.5421414375305176,1.8704123497009277,-0.00197949749417603,0.36238613724708557,0.3541727926627764,-0.00900071120050673,tracking,0.3541727926627764,-0.00900071120050673,tracking,1.542144054461348,0,1,1
472,4.719999999999944,2.545757532119751,1.8704049587249756,-0.002157969865947962,0.36082395911216736,0.3541727926627764,-0.00900071120050673,tracking,0.3541727926627764,-0.00900071120050673,tracking,1.5457601566038226,0,0,0
473,4.729999999999944,2.5493593215942383,1.8703967332839966,-0.0023359768092632294,0.35955891013145447,0.3541727926627764,-0.00900071120050673,tracking,0.3541727926627764,-0.00900071120050673,tracking,1.5493619554705567,0,0,0
474,4.739999999999943,2.5529496669769287,1.870388150215149,-0.0025132298469543457,0.35853448510169983,0.3541727926627764,-0.00900071120050673,tracking,0.3541727926627764,-0.00900071120050673,tracking,1.5529523111125616,0,0,0
475,4.749999999999943,2.5565309524536133,1.8703787326812744,-0.002690177643671632,0.35770487785339355,0.3541727926627764,-0.00900071120050673,tracking,0.3541727926627764,-0.00900071120050673,tracking,1.5565336089716424,0,0,0
476,4.759999999999943,2.56009840965271,1.8703689575195312,-0.002866218099370599,0.3557794690132141,0.3475818206456758,-0.005057158870093751,tracking,0.3475818206456758,-0.005057158870093751,tracking,1.5601010795631363,0,1,1
477,4.769999999999943,2.5636484622955322,1.8703583478927612,-0.0030416850931942463,0.35422027111053467,0.3475818206456758,-0.005057158870093751,tracking,0.3475818206456758,-0.005057158870093751,tracking,1.5636511480597979,0,0,0
478,4.7799999999999425,2.5671844482421875,1.8703473806381226,-0.003216222859919071,0.3529576361179352,0.3475818206456758,-0.005057158870093751,tracking,0.3475818206456758,-0.005057158870093751,tracking,1.5671871510144937,0,0,0
479,4.789999999999942,2.570708990097046,1.870335578918457,-0.0033903843723237514,0.35193514823913574,0.3475818206456758,-0.005057158870093751,tracking,0.3475818206456758,-0.005057158870093751,tracking,1.5707117126279764,0,0,0
480,4.799999999999942,2.5742242336273193,1.8703234195709229,-0.0035639365669339895,0.3511071503162384,0.3475818206456758,-0.005057158870093751,tracking,0.3475818206456758,-0.005057158870093751,tracking,1.5742269771879862,0,0,0
481,4.809999999999942,2.577726125717163,1.8703105449676514,-0.003737050574272871,0.3492741286754608,0.3414697578702276,0.0026483499966183056,tracking,0.3414697578702276,0.0026483499966183056,tracking,1.5777288929443,0,1,1
482,4.819999999999942,2.5812113285064697,1.8702976703643799,-0.00356502877548337,0.3477897346019745,0.3414697578702276,0.0026483499966183056,tracking,0.3414697578702276,0.0026483499966183056,tracking,1.5812141195134057,0,0,0
483,4.8299999999999415,2.5846831798553467,1.8702857494354248,-0.003393449354916811,0.3465876877307892,0.3414697578702276,0.0026483499966183056,tracking,0.3414697578702276,0.0026483499966183056,tracking,1.5846859913280391,0,0,0
484,4.839999999999941,2.588144063949585,1.8702741861343384,-0.003222586354240775,0.3456142544746399,0.3414697578702276,0.0026483499966183056,tracking,0.3414697578702276,0.0026483499966183056,tracking,1.588146894739532,0,0,0
485,4.849999999999941,2.5915963649749756,1.8702634572982788,-0.0030520132277160883,0.34482598304748535,0.3414697578702276,0.0026483499966183056,tracking,0.3414697578702276,0.0026483499966183056,tracking,1.5915992124360712,0,0,0
486,4.859999999999941,2.5950357913970947,1.8702527284622192,-0.0032217507250607014,0.34307634830474854,0.33562710107051547,-0.00953738518420556,tracking,0.33562710107051547,-0.00953738518420556,tracking,1.5950386555917424,0,1,1
487,4.869999999999941,2.598459482192993,1.8702412843704224,-0.0033909669145941734,0.3416595160961151,0.33562710107051547,-0.00953738518420556,tracking,0.33562710107051547,-0.00953738518420556,tracking,1.5984623655142032,0,0,0
488,4.87999999999994,2.60187029838562,1.8702294826507568,-0.003559338627383113,0.34051215648651123,0.33562710107051547,-0.00953738518420556,tracking,0.33562710107051547,-0.00953738518420556,tracking,1.6018732021242554,0,0,0
489,4.88999999999994,2.6052708625793457,1.870216965675354,-0.0037273685447871685,0.33958300948143005,0.33562710107051547,-0.00953738518420556,tracking,0.33562710107051547,-0.00953738518420556,tracking,1.6052737893544735,0,0,0
490,4.89999999999994,2.6086628437042236,1.8702040910720825,-0.003894844790920615,0.3388305902481079,0.33562710107051547,-0.00953738518420556,tracking,0.33562710107051547,-0.00953738518420556,tracking,1.608665794912685,0,0,0
491,4.90999999999994,2.61204195022583,1.8701905012130737,-0.004061891231685877,0.33697283267974854,0.32906327376133104,0.0001328471483818417,tracking,0.32906327376133104,0.0001328471483818417,tracking,1.6120449287615628,0,1,1
492,4.9199999999999395,2.6154041290283203,1.8701770305633545,-0.0038959519006311893,0.33546844124794006,0.32906327376133104,0.0001328471483818417,tracking,0.32906327376133104,0.0001328471483818417,tracking,1.6154071345491847,0,0,0
493,4.929999999999939,2.6187527179718018,1.870164394378662,-0.0037304607685655355,0.33425018191337585,0.32906327376133104,0.0001328471483818417,tracking,0.32906327376133104,0.0001328471483818417,tracking,1.6187557473344392,0,0,0
494,4.939999999999939,2.6220903396606445,1.8701521158218384,-0.0035656956024467945,0.333263635635376,0.32906327376133104,0.0001328471483818417,tracking,0.32906327376133104,0.0001328471483818417,tracking,1.622093391608593,0,0,0
495,4.949999999999939,2.6254189014434814,1.870140552520752,-0.0034012245014309883,0.33246472477912903,0.32906327376133104,0.0001328471483818417,tracking,0.32906327376133104,0.0001328471483818417,tracking,1.6254219734766104,0,0,0
496,4.959999999999939,2.6287341117858887,1.8701294660568237,-0.0032376397866755724,0.33057188987731934,0.32251297661619927,0.014207367211180124,tracking,0.32251297661619927,0.014207367211180124,tracking,1.6287372023562032,0,1,1
497,4.9699999999999385,2.6320321559906006,1.8701190948486328,-0.003074618987739086,0.3290390968322754,0.32251297661619927,0.014207367211180124,tracking,0.32251297661619927,0.014207367211180124,tracking,1.6320352628678059,0,0,0
498,4.979999999999938,2.6353163719177246,1.8701092004776,-0.002912511583417654,0.3277978301048279,0.32251297661619927,0.014207367211180124,tracking,0.32251297661619927,0.014207367211180124,tracking,1.6353194936993025,0,0,0
499,4.989999999999938,2.638589382171631,1.8701000213623047,-0.0027507739141583443,0.3267926573753357,0.32251297661619927,0.014207367211180124,tracking,0.32251297661619927,0.014207367211180124,tracking,1.638592516824539,0,0,0
500,4.999999999999938,2.6418533325195312,1.870091199874878,-0.002589635318145156,0.32597866654396057,0.32251297661619927,0.014207367211180124,tracking,0.32251297661619927,0.014207367211180124,tracking,1.6418564790933465,0,0,0
501,5.009999999999938,2.6451046466827393,1.8700830936431885,-0.0024289116263389587,0.32427316904067993,0.3170117488772495,-0.07579263278881955,tracking,0.3170117488772495,-0.007792632788819878,tracking,1.645107803361836,0,1,1
502,5.019999999999937,2.6483404636383057,1.8700751066207886,-0.0025886190123856068,0.32289204001426697,0.3170117488772495,-0.07579263278881955,tracking,0.3170117488772495,-0.02979263278881988,tracking,1.6483436301746395,0,0,0
503,5.029999999999937,2.651563882827759,1.8700660467147827,-0.0030664647929370403,0.32177361845970154,0.3170117488772495,-0.07579263278881955,tracking,0.3170117488772495,-0.05179263278881988,tracking,1.651567062096184,0,0,0
504,5.039999999999937,2.6547770500183105,1.8700549602508545,-0.0038615395314991474,0.3208678960800171,0.3170117488772495,-0.07579263278881955,tracking,0.3170117488772495,-0.07379263278881988,tracking,1.6547802484126184,0,0,0
505,5.049999999999937,2.657982110977173,1.8700412511825562,-0.004654721822589636,0.3201344609260559,0.3170117488772495,-0.07579263278881955,tracking,0.3170117488772495,-0.07579263278881955,tracking,1.657985338690376,0,0,0
506,5.0599999999999365,2.661172866821289,1.8700252771377563,-0.00544414296746254,0.31801891326904297,0.2770117488772496,-0.16579263278881923,tracking,0.30901174887724947,-0.09779263278881956,tracking,1.661176134520082,0,1,1
507,5.069999999999936,2.664336919784546,1.8700064420700073,-0.006542298477143049,0.31478413939476013,0.2770117488772496,-0.16579263278881923,tracking,0.30101174887724946,-0.11979263278881956,tracking,1.6643402435438155,0,0,0
508,5.079999999999936,2.667464017868042,1.8699839115142822,-0.007941597141325474,0.3106430172920227,0.2770117488772496,-0.16579263278881923,tracking,0.29301174887724946,-0.14179263278881957,tracking,1.6674674227919153,0,0,0
509,5.089999999999936,2.670546054840088,1.8699568510055542,-0.009633038192987442,0.3057679533958435,0.2770117488772496,-0.16579263278881923,tracking,0.28501174887724945,-0.16379263278881956,tracking,1.670549578558289,0,0,0
510,5.099999999999936,2.6735761165618896,1.8699250221252441,-0.011296965181827545,0.3002985119819641,0.2770117488772496,-0.16579263278881923,tracking,0.2770117488772496,-0.16579263278881923,tracking,1.673579807446599,0,0,0
511,5.1099999999999355,2.676549196243286,1.8698891401290894,-0.012928578071296215,0.29434776306152344,0.23701174887724905,-0.25579263278882053,tracking,0.2690117488772496,-0.18779263278881922,tracking,1.6765531036493984,0,1,1
512,5.119999999999935,2.6794607639312744,1.8698488473892212,-0.014824922196567059,0.2880072593688965,0.23701174887724905,-0.25579263278882053,tracking,0.2610117488772496,-0.2097926327888192,tracking,1.679464950126571,0,0,0
513,5.129999999999935,2.682307243347168,1.8698036670684814,-0.016974713653326035,0.28135111927986145,0.23701174887724905,-0.25579263278882053,tracking,0.2530117488772496,-0.2317926327888192,tracking,1.6823117880788416,0,0,0
514,5.139999999999935,2.6850857734680176,1.8697534799575806,-0.019074445590376854,0.27443936467170715,0.23701174887724905,-0.25579263278882053,tracking,0.24501174887724958,-0.2537926327888192,tracking,1.6850907714142664,0,0,0
515,5.149999999999935,2.6877939701080322,1.8696991205215454,-0.021119961515069008,0.2673206329345703,0.23701174887724905,-0.25579263278882053,tracking,0.23701174887724957,-0.25579263278882053,tracking,1.6877995135557913,0,0,0
516,5.159999999999934,2.690430164337158,1.8696404695510864,-0.023389367386698723,0.2600342929363251,0.19701174887724918,-0.2662077767817457,tracking,0.22901174887724957,-0.2662077767817457,tracking,1.6904363601478427,0,1,1
517,5.169999999999934,2.692992687225342,1.8695776462554932,-0.02555134892463684,0.2526122033596039,0.19701174887724918,-0.2662077767817457,tracking,0.22101174887724956,-0.2662077767817457,tracking,1.6929996530142422,0,0,0
518,5.179999999999934,2.6954803466796875,1.8695114850997925,-0.027648961171507835,0.24508020281791687,0.19701174887724918,-0.2662077767817457,tracking,0.21301174887724955,-0.2662077767817457,tracking,1.6954881921156668,0,0,0
519,5.189999999999934,2.6978919506073,1.8694422245025635,-0.029684029519557953,0.2374591827392578,0.19701174887724918,-0.2662077767817457,tracking,0.20501174887724954,-0.2662077767817457,tracking,1.6979007904108672,0,0,0
520,5.199999999999934,2.7002270221710205,1.8693705797195435,-0.03165317699313164,0.2297660857439041,0.19701174887724918,-0.2662077767817457,tracking,0.19701174887724954,-0.2662077767817457,tracking,1.7002369608204544,0,0,0
521,5.209999999999933,2.7024998664855957,1.8692964315414429,-0.033571138978004456,0.22505781054496765,0.21143999582536632,-0.2427264060114725,tracking,0.20501174887724954,-0.24420777678174568,tracking,1.702511014300611,0,1,1
522,5.219999999999933,2.7047362327575684,1.869219422340393,-0.035222601145505905,0.22246770560741425,0.21143999582536632,-0.2427264060114725,tracking,0.21143999582536632,-0.2427264060114725,tracking,1.7047487060844506,0,0,0
523,5.229999999999933,2.70694899559021,1.8691396713256836,-0.036856360733509064,0.22037023305892944,0.21143999582536632,-0.2427264060114725,tracking,0.21143999582536632,-0.2427264060114725,tracking,1.7069629056187896,0,0,0
524,5.239999999999933,2.7091426849365234,1.8690569400787354,-0.03847644478082657,0.21867170929908752,0.21143999582536632,-0.2427264060114725,tracking,0.21143999582536632,-0.2427264060114725,tracking,1.7091581544446293,0,0,0
525,5.2499999999999325,2.7113208770751953,1.868971347808838,-0.04008491709828377,0.21729624271392822,0.21143999582536632,-0.2427264060114725,tracking,0.21143999582536632,-0.2427264060114725,tracking,1.7113380276128751,0,0,0
526,5.259999999999932,2.7134926319122314,1.868882417678833,-0.04168880358338356,0.21739818155765533,0.22513814737082583,-0.22300106778601078,tracking,0.21943999582536633,-0.22300106778601078,tracking,1.7135116024655574,0,1,1
527,5.269999999999932,2.7156665325164795,1.8687900304794312,-0.04329446330666542,0.21776621043682098,0.22513814737082583,-0.22300106778601078,tracking,0.22513814737082583,-0.22300106778601078,tracking,1.7156874653361822,0,0,0
528,5.279999999999932,2.717843770980835,1.8686939477920532,-0.04490271210670471,0.21811674535274506,0.22513814737082583,-0.22300106778601078,tracking,0.22513814737082583,-0.22300106778601078,tracking,1.71786682285928,0,0,0
529,5.289999999999932,2.720024347305298,1.8685942888259888,-0.046513546258211136,0.2184506058692932,0.22513814737082583,-0.22300106778601078,tracking,0.22513814737082583,-0.22300106778601078,tracking,1.7200496753546,0,0,0
530,5.299999999999931,2.722208023071289,1.8684908151626587,-0.04812672734260559,0.21876859664916992,0.22513814737082583,-0.22300106778601078,tracking,0.22513814737082583,-0.22300106778601078,tracking,1.7222358013001897,0,0,0
531,5.309999999999931,2.724391460418701,1.8683838844299316,-0.049739938229322433,0.21845848858356476,0.18513814737082596,-0.288,tracking,0.21713814737082582,-0.24500106778601077,tracking,1.7244218554696182,0,1,1
532,5.319999999999931,2.726564407348633,1.8682737350463867,-0.051574356853961945,0.21668575704097748,0.18513814737082596,-0.288,tracking,0.2091381473708258,-0.2670010677860108,tracking,1.7265975924130457,0,0,0
533,5.329999999999931,2.7287135124206543,1.8681607246398926,-0.05358065664768219,0.21372860670089722,0.18513814737082596,-0.288,tracking,0.2011381473708258,-0.288,tracking,1.7287496667525062,0,0,0
534,5.339999999999931,2.730828046798706,1.8680452108383179,-0.05547956004738808,0.20981229841709137,0.18513814737082596,-0.288,tracking,0.1931381473708258,-0.288,tracking,1.7308673539518624,0,0,0
535,5.34999999999993,2.7328994274139404,1.8679282665252686,-0.057339102029800415,0.2051192820072174,0.18513814737082596,-0.288,tracking,0.18513814737082596,-0.288,tracking,1.7329420331139314,0,0,0
536,5.35999999999993,2.7349233627319336,1.8678102493286133,-0.05912090092897415,0.20034159719944,0.18,-0.288,tracking,0.18,-0.288,tracking,1.7349694063479775,0,1,1
537,5.36999999999993,2.7369039058685303,1.8676912784576416,-0.06086394190788269,0.196472629904747,0.18,-0.288,tracking,0.18,-0.288,tracking,1.7369535195463761,0,0,0
538,5.37999999999993,2.73884916305542,1.8675709962844849,-0.06264598667621613,0.193339541554451,0.18,-0.288,tracking,0.18,-0.288,tracking,1.738902491922867,0,0,0
539,5.3899999999999295,2.7407660484313965,1.8674490451812744,-0.06440211087465286,0.19080236554145813,0.18,-0.288,tracking,0.18,-0.288,tracking,1.7408232526097323,0,0,0
540,5.399999999999929,2.7426598072052,1.8673253059387207,-0.06613723933696747,0.18874776363372803,0.18,-0.288,tracking,0.18,-0.288,tracking,1.7427210496730419,0,0,0
541,5.409999999999929,2.744534730911255,1.8671995401382446,-0.06785537302494049,0.18708394467830658,0.18,-0.288,tracking,0.18,-0.288,tracking,1.7446001866930847,0,1,1
542,5.419999999999929,2.746394395828247,1.867071509361267,-0.0695597380399704,0.18573658168315887,0.18,-0.288,tracking,0.18,-0.288,tracking,1.7464642536133816,0,0,0
543,5.429999999999929,2.748241662979126,1.866941213607788,-0.07125295698642731,0.18464548885822296,0.18,-0.288,tracking,0.18,-0.288,tracking,1.748316110225026,0,0,0
544,5.4399999999999284,2.7500789165496826,1.866808533668518,-0.07293714582920074,0.18376192450523376,0.18,-0.288,tracking,0.18,-0.288,tracking,1.750158148402917,0,0,0
545,5.449999999999928,2.75190806388855,1.8666733503341675,-0.0746140256524086,0.1830464005470276,0.18,-0.288,tracking,0.18,-0.288,tracking,1.7519922843087787,0,0,0
546,5.459999999999928,2.753730535507202,1.8665355443954468,-0.0762849822640419,0.18246698379516602,0.18,-0.288,tracking,0.18,-0.288,tracking,1.753819958589809,0,1,1
547,5.469999999999928,2.755547523498535,1.866395115852356,-0.07795114815235138,0.18199776113033295,0.18,-0.288,tracking,0.18,-0.288,tracking,1.755642365113163,0,0,0
548,5.479999999999928,2.7573599815368652,1.866252064704895,-0.07961343228816986,0.18161778151988983,0.18,-0.288,tracking,0.18,-0.288,tracking,1.757460459657321,0,0,0
549,5.489999999999927,2.759168863296509,1.8661062717437744,-0.08127257227897644,0.18131008744239807,0.18,-0.288,tracking,0.18,-0.288,tracking,1.7592752072452469,0,0,0
550,5.499999999999927,2.760974645614624,1.8659577369689941,-0.08292916417121887,0.18106091022491455,0.18,-0.288,tracking,0.18,-0.288,tracking,1.7610870881352991,0,0,0
551,5.509999999999927,2.762777805328369,1.8658064603805542,-0.08448710292577744,0.18085913360118866,0.18,-0.1980000000000003,opening_bridge,0.18,-0.26599999999999996,opening_bridge,1.7628965824180984,0,1,1
552,5.519999999999927,2.7645790576934814,1.8656526803970337,-0.08585265278816223,0.18069572746753693,0.18,-0.1980000000000003,opening_bridge,0.18,-0.24399999999999997,opening_bridge,1.7647043872654629,0,0,0
553,5.5299999999999265,2.76637864112854,1.8654967546463013,-0.08702938258647919,0.18056340515613556,0.18,-0.1980000000000003,opening_bridge,0.18,-0.22199999999999998,opening_bridge,1.7665107131993627,0,0,0
554,5.539999999999926,2.768176794052124,1.8653388023376465,-0.08820531517267227,0.1804562509059906,0.18,-0.1980000000000003,opening_bridge,0.18,-0.19999999999999998,opening_bridge,1.7683157901695783,0,0,0
555,5.549999999999926,2.7699737548828125,1.8651788234710693,-0.08938062936067581,0.18036946654319763,0.18,-0.1980000000000003,opening_bridge,0.18,-0.1980000000000003,opening_bridge,1.770119858201771,0,0,0
556,5.559999999999926,2.7717697620391846,1.8650169372558594,-0.0903705582022667,0.18029919266700745,0.18,-0.10800000000000061,opening_bridge,0.18,-0.1760000000000003,opening_bridge,1.771923146545995,0,1,1
557,5.569999999999926,2.7735650539398193,1.8648535013198853,-0.09117741882801056,0.18024228513240814,0.18,-0.10800000000000061,opening_bridge,0.18,-0.1540000000000003,opening_bridge,1.7737258623621048,0,0,0
558,5.5799999999999255,2.775359630584717,1.864688754081726,-0.09198404103517532,0.18019621074199677,0.18,-0.10800000000000061,opening_bridge,0.18,-0.1320000000000003,opening_bridge,1.775527985273255,0,0,0
559,5.589999999999925,2.777153730392456,1.8645224571228027,-0.09279048442840576,0.18015889823436737,0.18,-0.10800000000000061,opening_bridge,0.18,-0.1100000000000003,opening_bridge,1.7773297757157531,0,0,0
560,5.599999999999925,2.778947353363037,1.8643549680709839,-0.09341587871313095,0.18012867867946625,0.18,-0.10800000000000061,opening_bridge,0.18,-0.10800000000000061,opening_bridge,1.7791312018016847,0,0,0
561,5.609999999999925,2.780740737915039,1.8641865253448486,-0.09386160224676132,0.18010421097278595,0.18,-0.017999999999999322,opening_bridge,0.18,-0.0860000000000006,opening_bridge,1.7809324794325199,0,1,1
562,5.619999999999925,2.782533645629883,1.864017367362976,-0.09421782940626144,0.18008439242839813,0.18,-0.017999999999999322,opening_bridge,0.18,-0.0640000000000006,opening_bridge,1.7827333493602986,0,0,0
563,5.629999999999924,2.7843263149261475,1.8638477325439453,-0.0944848358631134,0.18006834387779236,0.18,-0.017999999999999322,opening_bridge,0.18,-0.04200000000000059,opening_bridge,1.784534026782159,0,0,0
564,5.639999999999924,2.786118984222412,1.863677740097046,-0.09457377344369888,0.18005535006523132,0.18,-0.017999999999999322,opening_bridge,0.18,-0.02000000000000059,opening_bridge,1.7863347379299483,0,0,0
565,5.649999999999924,2.7879114151000977,1.863507628440857,-0.09466270357370377,0.18004482984542847,0.18,-0.017999999999999322,opening_bridge,0.18,-0.017999999999999322,opening_bridge,1.7881352229831637,0,0,0
566,5.659999999999924,2.789703845977783,1.8633373975753784,-0.09475162625312805,0.18003630638122559,0.18,0.0,opening_bridge,0.18,0.0,opening_bridge,1.789935719303305,0,1,1
567,5.6699999999999235,2.7914960384368896,1.8631670475006104,-0.09475162625312805,0.18002940714359283,0.18,0.0,opening_bridge,0.18,0.0,opening_bridge,1.7917359895492546,0,0,0
568,5.679999999999923,2.793288230895996,1.8629966974258423,-0.09475162625312805,0.18002381920814514,0.18,0.0,opening_bridge,0.18,0.0,opening_bridge,1.7935362597952043,0,0,0
569,5.689999999999923,2.7950804233551025,1.8628263473510742,-0.09475162625312805,0.1800192892551422,0.18,0.0,opening_bridge,0.18,0.0,opening_bridge,1.795336530041154,0,0,0
570,5.699999999999923,2.796872615814209,1.8626559972763062,-0.09475162625312805,0.18001562356948853,0.18,0.0,opening_bridge,0.18,0.0,opening_bridge,1.7971368002871035,0,0,0
571,5.709999999999923,2.7986645698547363,1.862485647201538,-0.09475162625312805,0.18001265823841095,0.18,0.0,opening_bridge,0.18,0.0,opening_bridge,1.7989368331843962,0,1,1
572,5.7199999999999225,2.8004565238952637,1.86231529712677,-0.09475162625312805,0.18001025915145874,0.18,0.0,opening_bridge,0.18,0.0,opening_bridge,1.800736866081689,0,0,0
573,5.729999999999922,2.802248477935791,1.862144947052002,-0.09475162625312805,0.18000830709934235,0.18,0.0,opening_bridge,0.18,0.0,opening_bridge,1.8025368989789816,0,0,0
574,5.739999999999922,2.8040404319763184,1.8619745969772339,-0.09475162625312805,0.1800067275762558,0.18,0.0,opening_bridge,0.18,0.0,opening_bridge,1.8043369318762743,0,0,0
575,5.749999999999922,2.8058323860168457,1.8618042469024658,-0.09475162625312805,0.18000544607639313,0.18,0.0,opening_bridge,0.18,0.0,opening_bridge,1.806136964773567,0,0,0
576,5.759999999999922,2.807624340057373,1.8616338968276978,-0.09475162625312805,0.18000441789627075,0.18,0.0,opening_bridge,0.18,0.0,opening_bridge,1.8079369976708597,0,1,1
577,5.769999999999921,2.8094162940979004,1.8614635467529297,-0.09475162625312805,0.1800035834312439,0.18,0.0,opening_bridge,0.18,0.0,opening_bridge,1.8097370305681524,0,0,0
578,5.779999999999921,2.8112082481384277,1.8612931966781616,-0.09475162625312805,0.18000289797782898,0.18,0.0,opening_bridge,0.18,0.0,opening_bridge,1.811537063465445,0,0,0
579,5.789999999999921,2.813000202178955,1.8611228466033936,-0.09475162625312805,0.1800023466348648,0.18,0.0,opening_bridge,0.18,0.0,opening_bridge,1.8133370963627378,0,0,0
580,5.799999999999921,2.8147921562194824,1.8609524965286255,-0.09475162625312805,0.180001899600029,0.18,0.0,opening_bridge,0.18,0.0,opening_bridge,1.8151371292600305,0,0,0
581,5.809999999999921,2.8165841102600098,1.8607821464538574,-0.09475162625312805,0.18000154197216034,0.18,0.0,opening_bridge,0.18,0.0,opening_bridge,1.8169371621573231,0,1,1
582,5.81999999999992,2.818376064300537,1.8606117963790894,-0.09475162625312805,0.18000124394893646,0.18,0.0,opening_bridge,0.18,0.0,opening_bridge,1.8187371950546158,0,0,0
583,5.82999999999992,2.8201680183410645,1.8604414463043213,-0.09475162625312805,0.18000100553035736,0.18,0.0,opening_bridge,0.18,0.0,opening_bridge,1.8205372279519085,0,0,0
584,5.83999999999992,2.821959972381592,1.8602710962295532,-0.09475162625312805,0.18000081181526184,0.18,0.0,opening_bridge,0.18,0.0,opening_bridge,1.8223372608492012,0,0,0
585,5.84999999999992,2.823751926422119,1.8601007461547852,-0.09475162625312805,0.1800006628036499,0.18,0.0,opening_bridge,0.18,0.0,opening_bridge,1.824137293746494,0,0,0
586,5.8599999999999195,2.8255438804626465,1.859930396080017,-0.09475162625312805,0.18000054359436035,0.18,0.0,opening_bridge,0.18,0.0,opening_bridge,1.8259373266437866,0,1,1
587,5.869999999999919,2.827335834503174,1.859760046005249,-0.09475162625312805,0.180000439286232,0.18,0.0,opening_bridge,0.18,0.0,opening_bridge,1.8277373595410793,0,0,0
588,5.879999999999919,2.829127788543701,1.859589695930481,-0.09475162625312805,0.18000034987926483,0.18,0.0,opening_bridge,0.18,0.0,opening_bridge,1.829537392438372,0,0,0
589,5.889999999999919,2.8309197425842285,1.859419345855713,-0.09475162625312805,0.18000029027462006,0.18,0.0,opening_bridge,0.18,0.0,opening_bridge,1.8313374253356647,0,0,0
590,5.899999999999919,2.832711696624756,1.8592489957809448,-0.09475162625312805,0.18000023066997528,0.18,0.0,opening_bridge,0.18,0.0,opening_bridge,1.8331374582329574,0,0,0
591,5.909999999999918,2.834503650665283,1.8590786457061768,-0.09475162625312805,0.1800001859664917,0.18,0.0,opening_bridge,0.18,0.0,opening_bridge,1.83493749113025,0,1,1
592,5.919999999999918,2.8362956047058105,1.8589082956314087,-0.09475162625312805,0.1800001561641693,0.18,0.0,opening_bridge,0.18,0.0,opening_bridge,1.8367375240275428,0,0,0
593,5.929999999999918,2.838087558746338,1.8587379455566406,-0.09475162625312805,0.18000012636184692,0.18,0.0,opening_bridge,0.18,0.0,opening_bridge,1.8385375569248354,0,0,0
594,5.939999999999918,2.8398795127868652,1.8585675954818726,-0.09475162625312805,0.18000009655952454,0.18,0.0,opening_bridge,0.18,0.0,opening_bridge,1.8403375898221281,0,0,0
595,5.949999999999918,2.8416714668273926,1.8583972454071045,-0.09475162625312805,0.18000008165836334,0.18,0.0,opening_bridge,0.18,0.0,opening_bridge,1.8421376227194208,0,0,0
596,5.959999999999917,2.84346342086792,1.8582268953323364,-0.09475162625312805,0.18000006675720215,0.18,0.0,opening_bridge,0.18,0.0,opening_bridge,1.8439376556167135,0,1,1
597,5.969999999999917,2.8452553749084473,1.8580565452575684,-0.09475162625312805,0.18000005185604095,0.18,0.0,opening_bridge,0.18,0.0,opening_bridge,1.8457376885140062,0,0,0
598,5.979999999999917,2.8470473289489746,1.8578861951828003,-0.09475162625312805,0.18000003695487976,0.18,0.0,opening_bridge,0.18,0.0,opening_bridge,1.847537721411299,0,0,0
599,5.989999999999917,2.848839282989502,1.8577158451080322,-0.09475162625312805,0.18000003695487976,0.18,0.0,opening_bridge,0.18,0.0,opening_bridge,1.8493377543085916,0,0,0
600,5.9999999999999165,2.8506312370300293,1.8575454950332642,-0.09475162625312805,0.18000003695487976,0.18,0.0,opening_bridge,0.18,0.0,opening_bridge,1.8511377872058843,0,0,0
601,6.009999999999916,2.8524231910705566,1.857375144958496,-0.09475162625312805,0.18000003695487976,0.18,0.0,opening_bridge,0.18,0.0,opening_bridge,1.852937820103177,0,1,1
602,6.019999999999916,2.854215145111084,1.857204794883728,-0.09475162625312805,0.18000003695487976,0.18,0.0,opening_bridge,0.18,0.0,opening_bridge,1.8547378530004697,0,0,0
603,6.029999999999916,2.8560070991516113,1.85703444480896,-0.09475162625312805,0.18000003695487976,0.18,0.0,opening_bridge,0.18,0.0,opening_bridge,1.8565378858977624,0,0,0
604,6.039999999999916,2.8577990531921387,1.856864094734192,-0.09475162625312805,0.18000003695487976,0.18,0.0,opening_bridge,0.18,0.0,opening_bridge,1.858337918795055,0,0,0
605,6.0499999999999154,2.859591007232666,1.8566937446594238,-0.09475162625312805,0.18000003695487976,0.18,0.0,opening_bridge,0.18,0.0,opening_bridge,1.8601379516923477,0,0,0
606,6.059999999999915,2.8613829612731934,1.8565233945846558,-0.09475162625312805,0.18000003695487976,0.18,0.0,opening_bridge,0.18,0.0,opening_bridge,1.8619379845896404,0,1,1
607,6.069999999999915,2.8631749153137207,1.8563530445098877,-0.09475162625312805,0.18000003695487976,0.18,0.0,opening_bridge,0.18,0.0,opening_bridge,1.8637380174869331,0,0,0
608,6.079999999999915,2.864966869354248,1.8561826944351196,-0.09475162625312805,0.18000003695487976,0.18,0.0,opening_bridge,0.18,0.0,opening_bridge,1.8655380503842258,0,0,0
609,6.089999999999915,2.8667588233947754,1.8560123443603516,-0.09475162625312805,0.18000003695487976,0.18,0.0,opening_bridge,0.18,0.0,opening_bridge,1.8673380832815185,0,0,0
610,6.099999999999914,2.8685507774353027,1.8558419942855835,-0.09475162625312805,0.18000003695487976,0.18,0.0,opening_bridge,0.18,0.0,opening_bridge,1.8691381161788112,0,0,0
611,6.109999999999914,2.87034273147583,1.8556716442108154,-0.09475162625312805,0.18000003695487976,0.18,0.0,opening_bridge,0.18,0.0,opening_bridge,1.870938149076104,0,1,1
612,6.119999999999914,2.8721346855163574,1.8555012941360474,-0.09475162625312805,0.18000003695487976,0.18,0.0,opening_bridge,0.18,0.0,opening_bridge,1.8727381819733966,0,0,0
613,6.129999999999914,2.8739266395568848,1.8553309440612793,-0.09475162625312805,0.18000003695487976,0.18,0.0,opening_bridge,0.18,0.0,opening_bridge,1.8745382148706893,0,0,0
614,6.1399999999999135,2.875718593597412,1.8551605939865112,-0.09475162625312805,0.18000003695487976,0.18,0.0,opening_bridge,0.18,0.0,opening_bridge,1.876338247767982,0,0,0
615,6.149999999999913,2.8775105476379395,1.8549902439117432,-0.09475162625312805,0.18000003695487976,0.18,0.0,opening_bridge,0.18,0.0,opening_bridge,1.8781382806652747,0,0,0
616,6.159999999999913,2.879302501678467,1.854819893836975,-0.09475162625312805,0.18000003695487976,0.18,0.0,opening_bridge,0.18,0.0,opening_bridge,1.8799383135625674,0,1,1
617,6.169999999999913,2.881094455718994,1.854649543762207,-0.09475162625312805,0.18000003695487976,0.18,0.0,opening_bridge,0.18,0.0,opening_bridge,1.88173834645986,0,0,0
618,6.179999999999913,2.8828864097595215,1.854479193687439,-0.09475162625312805,0.18000003695487976,0.18,0.0,opening_bridge,0.18,0.0,opening_bridge,1.8835383793571527,0,0,0
619,6.1899999999999125,2.884678363800049,1.854308843612671,-0.09475162625312805,0.18000003695487976,0.18,0.0,opening_bridge,0.18,0.0,opening_bridge,1.8853384122544454,0,0,0
620,6.199999999999912,2.886470317840576,1.8541384935379028,-0.09475162625312805,0.18000003695487976,0.18,0.0,opening_bridge,0.18,0.0,opening_bridge,1.8871384451517381,0,0,0
621,6.209999999999912,2.8882622718811035,1.8539681434631348,-0.09475162625312805,0.18000003695487976,0.18,0.0,opening_bridge,0.18,0.0,opening_bridge,1.8889384780490308,0,1,1
622,6.219999999999912,2.890054225921631,1.8537977933883667,-0.09475162625312805,0.18000003695487976,0.18,0.0,opening_bridge,0.18,0.0,opening_bridge,1.8907385109463235,0,0,0
623,6.229999999999912,2.891846179962158,1.8536274433135986,-0.09475162625312805,0.18000003695487976,0.18,0.0,opening_bridge,0.18,0.0,opening_bridge,1.8925385438436162,0,0,0
624,6.239999999999911,2.8936381340026855,1.8534570932388306,-0.09475162625312805,0.18000003695487976,0.18,0.0,opening_bridge,0.18,0.0,opening_bridge,1.8943385767409089,0,0,0
625,6.249999999999911,2.895430088043213,1.8532867431640625,-0.09475162625312805,0.18000003695487976,0.18,0.0,opening_bridge,0.18,0.0,opening_bridge,1.8961386096382016,0,0,0
626,6.259999999999911,2.8972220420837402,1.8531163930892944,-0.09475162625312805,0.18000003695487976,0.18,0.0,opening_bridge,0.18,0.0,opening_bridge,1.8979386425354943,0,1,1
627,6.269999999999911,2.8990139961242676,1.8529460430145264,-0.09475162625312805,0.18000003695487976,0.18,0.0,opening_bridge,0.18,0.0,opening_bridge,1.899738675432787,0,0,0
628,6.2799999999999105,2.900805950164795,1.8527756929397583,-0.09475162625312805,0.18000003695487976,0.18,0.0,opening_bridge,0.18,0.0,opening_bridge,1.9015387083300797,0,0,0
629,6.28999999999991,2.9025979042053223,1.8526053428649902,-0.09475162625312805,0.18000003695487976,0.18,0.0,opening_bridge,0.18,0.0,opening_bridge,1.9033387412273723,0,0,0
630,6.29999999999991,2.9043898582458496,1.8524349927902222,-0.09475162625312805,0.18000003695487976,0.18,0.0,opening_bridge,0.18,0.0,opening_bridge,1.905138774124665,0,0,0
631,6.30999999999991,2.906181812286377,1.852264642715454,-0.09475162625312805,0.18000003695487976,0.18,0.0,opening_bridge,0.18,0.0,opening_bridge,1.9069388070219577,0,1,1
632,6.31999999999991,2.9079737663269043,1.852094292640686,-0.09475162625312805,0.18000003695487976,0.18,0.0,opening_bridge,0.18,0.0,opening_bridge,1.9087388399192504,0,0,0
633,6.3299999999999095,2.9097657203674316,1.851923942565918,-0.09475162625312805,0.18000003695487976,0.18,0.0,opening_bridge,0.18,0.0,opening_bridge,1.910538872816543,0,0,0
634,6.339999999999909,2.911557674407959,1.85175359249115,-0.09475162625312805,0.18000003695487976,0.18,0.0,opening_bridge,0.18,0.0,opening_bridge,1.9123389057138358,0,0,0
635,6.349999999999909,2.9133496284484863,1.8515832424163818,-0.09475162625312805,0.18000003695487976,0.18,0.0,opening_bridge,0.18,0.0,opening_bridge,1.9141389386111285,0,0,0
636,6.359999999999909,2.9151415824890137,1.8514128923416138,-0.09475162625312805,0.18000003695487976,0.18,0.0,opening_bridge,0.18,0.0,opening_bridge,1.9159389715084212,0,1,1
637,6.369999999999909,2.916933536529541,1.8512425422668457,-0.09475162625312805,0.18000003695487976,0.18,0.0,opening_bridge,0.18,0.0,opening_bridge,1.9177390044057139,0,0,0
638,6.379999999999908,2.9187254905700684,1.8510721921920776,-0.09475162625312805,0.18000003695487976,0.18,0.0,opening_bridge,0.18,0.0,opening_bridge,1.9195390373030066,0,0,0
639,6.389999999999908,2.9205174446105957,1.8509018421173096,-0.09475162625312805,0.18000003695487976,0.18,0.0,opening_bridge,0.18,0.0,opening_bridge,1.9213390702002993,0,0,0
640,6.399999999999908,2.922309398651123,1.8507314920425415,-0.09475162625312805,0.18000003695487976,0.18,0.0,opening_bridge,0.18,0.0,opening_bridge,1.923139103097592,0,0,0
641,6.409999999999908,2.9241013526916504,1.8505611419677734,-0.09475162625312805,0.18000003695487976,0.18,0.0,opening_bridge,0.18,0.0,opening_bridge,1.9249391359948846,0,1,1
642,6.419999999999908,2.9258933067321777,1.8503907918930054,-0.09475162625312805,0.18000003695487976,0.18,0.0,opening_bridge,0.18,0.0,opening_bridge,1.9267391688921773,0,0,0
643,6.429999999999907,2.927685260772705,1.8502204418182373,-0.09475162625312805,0.18000003695487976,0.18,0.0,opening_bridge,0.18,0.0,opening_bridge,1.92853920178947,0,0,0
644,6.439999999999907,2.9294772148132324,1.8500500917434692,-0.09475162625312805,0.18000003695487976,0.18,0.0,opening_bridge,0.18,0.0,opening_bridge,1.9303392346867627,0,0,0
645,6.449999999999907,2.9312691688537598,1.8498797416687012,-0.09475162625312805,0.18000003695487976,0.18,0.0,opening_bridge,0.18,0.0,opening_bridge,1.9321392675840554,0,0,0
646,6.459999999999907,2.933061122894287,1.849709391593933,-0.09475162625312805,0.18000003695487976,0.18,0.0,opening_bridge,0.18,0.0,opening_bridge,1.933939300481348,0,1,1
647,6.4699999999999065,2.9348530769348145,1.849539041519165,-0.09475162625312805,0.18000003695487976,0.18,0.0,opening_bridge,0.18,0.0,opening_bridge,1.9357393333786408,0,0,0
648,6.479999999999906,2.936645030975342,1.849368691444397,-0.09475162625312805,0.18000003695487976,0.18,0.0,opening_bridge,0.18,0.0,opening_bridge,1.9375393662759335,0,0,0
649,6.489999999999906,2.938436985015869,1.849198341369629,-0.09475162625312805,0.18000003695487976,0.18,0.0,opening_bridge,0.18,0.0,opening_bridge,1.9393393991732262,0,0,0
650,6.499999999999906,2.9402289390563965,1.8490279912948608,-0.09475162625312805,0.18000003695487976,0.18,0.0,opening_bridge,0.18,0.0,opening_bridge,1.9411394320705189,0,0,0
651,6.509999999999906,2.942020893096924,1.8488576412200928,-0.09475162625312805,0.18000003695487976,0.18,0.0,opening_bridge,0.18,0.0,opening_bridge,1.9429394649678116,0,1,1
652,6.519999999999905,2.943812847137451,1.8486872911453247,-0.09475162625312805,0.18000003695487976,0.18,0.0,opening_bridge,0.18,0.0,opening_bridge,1.9447394978651042,0,0,0
653,6.529999999999905,2.9456048011779785,1.8485169410705566,-0.09475162625312805,0.18000003695487976,0.18,0.0,opening_bridge,0.18,0.0,opening_bridge,1.946539530762397,0,0,0
654,6.539999999999905,2.947396755218506,1.8483465909957886,-0.09475162625312805,0.18000003695487976,0.18,0.0,opening_bridge,0.18,0.0,opening_bridge,1.9483395636596896,0,0,0
655,6.549999999999905,2.949188709259033,1.8481762409210205,-0.09475162625312805,0.18000003695487976,0.18,0.0,opening_bridge,0.18,0.0,opening_bridge,1.9501395965569823,0,0,0
656,6.559999999999905,2.9509806632995605,1.8480058908462524,-0.09475162625312805,0.18000003695487976,0.18,0.0,opening_bridge,0.18,0.0,opening_bridge,1.951939629454275,0,1,1
657,6.569999999999904,2.952772617340088,1.8478355407714844,-0.09475162625312805,0.18000003695487976,0.18,0.0,opening_bridge,0.18,0.0,opening_bridge,1.9537396623515677,0,0,0
658,6.579999999999904,2.9545645713806152,1.8476651906967163,-0.09475162625312805,0.18000003695487976,0.18,0.0,opening_bridge,0.18,0.0,opening_bridge,1.9555396952488604,0,0,0
659,6.589999999999904,2.9563565254211426,1.8474948406219482,-0.09475162625312805,0.18000003695487976,0.18,0.0,opening_bridge,0.18,0.0,opening_bridge,1.957339728146153,0,0,0
660,6.599999999999904,2.95814847946167,1.8473244905471802,-0.09475162625312805,0.18000003695487976,0.18,0.0,opening_bridge,0.18,0.0,opening_bridge,1.9591397610434458,0,0,0
661,6.6099999999999035,2.9599404335021973,1.847154140472412,-0.09475162625312805,0.18000003695487976,0.18,0.0,opening_bridge,0.18,0.0,opening_bridge,1.9609397939407385,0,1,1
662,6.619999999999903,2.9617323875427246,1.846983790397644,-0.09475162625312805,0.18000003695487976,0.18,0.0,opening_bridge,0.18,0.0,opening_bridge,1.9627398268380312,0,0,0
663,6.629999999999903,2.963524341583252,1.846813440322876,-0.09475162625312805,0.18000003695487976,0.18,0.0,opening_bridge,0.18,0.0,opening_bridge,1.9645398597353239,0,0,0
664,6.639999999999903,2.9653162956237793,1.846643090248108,-0.09475162625312805,0.18000003695487976,0.18,0.0,opening_bridge,0.18,0.0,opening_bridge,1.9663398926326165,0,0,0
665,6.649999999999903,2.9671082496643066,1.8464727401733398,-0.09475162625312805,0.18000003695487976,0.18,0.0,opening_bridge,0.18,0.0,opening_bridge,1.9681399255299092,0,0,0
666,6.659999999999902,2.968900203704834,1.8463023900985718,-0.09475162625312805,0.18000003695487976,0.18,0.0,opening_bridge,0.18,0.0,opening_bridge,1.969939958427202,0,1,1
667,6.669999999999902,2.9706921577453613,1.8461320400238037,-0.09475162625312805,0.18000003695487976,0.18,0.0,opening_bridge,0.18,0.0,opening_bridge,1.9717399913244946,0,0,0
668,6.679999999999902,2.9724841117858887,1.8459616899490356,-0.09475162625312805,0.18000003695487976,0.18,0.0,opening_bridge,0.18,0.0,opening_bridge,1.9735400242217873,0,0,0
669,6.689999999999902,2.974276065826416,1.8457913398742676,-0.09475162625312805,0.18000003695487976,0.18,0.0,opening_bridge,0.18,0.0,opening_bridge,1.97534005711908,0,0,0
670,6.699999999999902,2.9760680198669434,1.8456209897994995,-0.09475162625312805,0.18000003695487976,0.18,0.0,opening_bridge,0.18,0.0,opening_bridge,1.9771400900163727,0,0,0
671,6.709999999999901,2.9778599739074707,1.8454506397247314,-0.09475162625312805,0.18000003695487976,0.18,0.0,opening_bridge,0.18,0.0,opening_bridge,1.9789401229136654,0,1,1
672,6.719999999999901,2.979651927947998,1.8452802896499634,-0.09475162625312805,0.18000003695487976,0.18,0.0,opening_bridge,0.18,0.0,opening_bridge,1.980740155810958,0,0,0
673,6.729999999999901,2.9814438819885254,1.8451099395751953,-0.09475162625312805,0.18000003695487976,0.18,0.0,opening_bridge,0.18,0.0,opening_bridge,1.9825401887082508,0,0,0
674,6.739999999999901,2.9832358360290527,1.8449395895004272,-0.09475162625312805,0.18000003695487976,0.18,0.0,opening_bridge,0.18,0.0,opening_bridge,1.9843402216055435,0,0,0
675,6.7499999999999005,2.98502779006958,1.8447692394256592,-0.09475162625312805,0.18000003695487976,0.18,0.0,opening_bridge,0.18,0.0,opening_bridge,1.9861402545028362,0,0,0
676,6.7599999999999,2.9868197441101074,1.8445988893508911,-0.09475162625312805,0.18000003695487976,0.18,0.0,opening_bridge,0.18,0.0,opening_bridge,1.9879402874001288,0,1,1
677,6.7699999999999,2.9886116981506348,1.844428539276123,-0.09475162625312805,0.18000003695487976,0.18,0.0,opening_bridge,0.18,0.0,opening_bridge,1.9897403202974215,0,0,0
678,6.7799999999999,2.990403652191162,1.844258189201355,-0.09475162625312805,0.18000003695487976,0.18,0.0,opening_bridge,0.18,0.0,opening_bridge,1.9915403531947142,0,0,0
679,6.7899999999999,2.9921956062316895,1.844087839126587,-0.09475162625312805,0.18000003695487976,0.18,0.0,opening_bridge,0.18,0.0,opening_bridge,1.993340386092007,0,0,0
680,6.7999999999998995,2.993987560272217,1.8439174890518188,-0.09475162625312805,0.18000003695487976,0.18,0.0,opening_bridge,0.18,0.0,opening_bridge,1.9951404189892996,0,0,0
681,6.809999999999899,2.995779514312744,1.8437471389770508,-0.09475162625312805,0.18000003695487976,0.18,0.0,opening_bridge,0.18,0.0,opening_bridge,1.9969404518865923,0,1,1
682,6.819999999999899,2.9975714683532715,1.8435767889022827,-0.09475162625312805,0.18000003695487976,0.18,0.0,opening_bridge,0.18,0.0,opening_bridge,1.998740484783885,0,0,0
683,6.829999999999899,2.999363422393799,1.8434064388275146,-0.09475162625312805,0.18000003695487976,0.18,0.0,opening_bridge,0.18,0.0,opening_bridge,2.0005405176811775,0,0,0
684,6.839999999999899,3.001155376434326,1.8432360887527466,-0.09475162625312805,0.18000003695487976,0.18,0.0,opening_bridge,0.18,0.0,opening_bridge,2.00234055057847,0,0,0
685,6.849999999999898,3.0029473304748535,1.8430657386779785,-0.09475162625312805,0.18000003695487976,0.18,0.0,opening_bridge,0.18,0.0,opening_bridge,2.004140583475763,0,0,0
686,6.859999999999898,3.004739284515381,1.8428953886032104,-0.09475162625312805,0.18000003695487976,0.18,0.0,opening_bridge,0.18,0.0,opening_bridge,2.0059406163730555,0,1,1
687,6.869999999999898,3.006531238555908,1.8427250385284424,-0.09475162625312805,0.18000003695487976,0.18,0.0,opening_bridge,0.18,0.0,opening_bridge,2.0077406492703482,0,0,0
688,6.879999999999898,3.0083231925964355,1.8425546884536743,-0.09475162625312805,0.18000003695487976,0.18,0.0,opening_bridge,0.18,0.0,opening_bridge,2.009540682167641,0,0,0
689,6.8899999999998975,3.010115146636963,1.8423843383789062,-0.09475162625312805,0.18000003695487976,0.18,0.0,opening_bridge,0.18,0.0,opening_bridge,2.0113407150649336,0,0,0
690,6.899999999999897,3.0119071006774902,1.8422139883041382,-0.09475162625312805,0.18000003695487976,0.18,0.0,opening_bridge,0.18,0.0,opening_bridge,2.0131407479622263,0,0,0
691,6.909999999999897,3.013683795928955,1.8420451879501343,-0.09475162625312805,0.17695683240890503,0.0,0.0,front_clearance_stop,0.16399999999999998,0.0,front_clearance_stop,2.014925443896017,0,1,1
692,6.919999999999897,3.01541805267334,1.8418803215026855,-0.09475162625312805,0.17144924402236938,0.0,0.0,front_clearance_stop,0.14799999999999996,0.0,front_clearance_stop,2.0166675194974015,0,0,0
693,6.929999999999897,3.017087459564209,1.8417216539382935,-0.09475162625312805,0.1639460027217865,0.0,0.0,front_clearance_stop,0.13199999999999995,0.0,front_clearance_stop,2.0183444496579246,0,0,0
694,6.9399999999998965,3.01867413520813,1.8415708541870117,-0.09475162625312805,0.15482667088508606,0.0,0.0,front_clearance_stop,0.11599999999999995,0.0,front_clearance_stop,2.0199382752958157,0,0,0
695,6.949999999999896,3.0201635360717773,1.841429352760315,-0.09475162625312805,0.14439864456653595,0.0,0.0,front_clearance_stop,0.09999999999999995,0.0,front_clearance_stop,2.0214343827740375,0,0,0
696,6.959999999999896,3.0215439796447754,1.841298222541809,-0.09475162625312805,0.132910817861557,0.0,0.0,front_clearance_stop,0.08399999999999995,0.0,front_clearance_stop,2.0228210404796148,0,1,1
697,6.969999999999896,3.022805690765381,1.841178297996521,-0.09475162625312805,0.1205647811293602,0.0,0.0,front_clearance_stop,0.06799999999999995,0.0,front_clearance_stop,2.0240884381474453,0,0,0
698,6.979999999999896,3.0239410400390625,1.8410704135894775,-0.09475162625312805,0.10752376168966293,0.0,0.0,front_clearance_stop,0.05199999999999995,0.0,front_clearance_stop,2.0252289016578358,0,0,0
699,6.989999999999895,3.0249438285827637,1.8409751653671265,-0.09475162625312805,0.09391994029283524,0.0,0.0,front_clearance_stop,0.03599999999999995,0.0,front_clearance_stop,2.026236203542694,0,0,0
700,6.999999999999895,3.025808811187744,1.8408929109573364,-0.09475162625312805,0.07986036688089371,0.0,0.0,front_clearance_stop,0.01999999999999995,0.0,front_clearance_stop,2.0271050882846757,0,0,0
701,7.009999999999895,3.026531934738159,1.8408241271972656,-0.09475162625312805,0.06543172150850296,0.0,0.0,front_clearance_stop,0.003999999999999948,0.0,front_clearance_stop,2.0278314758360656,0,1,1
702,7.019999999999895,3.0271213054656982,1.8407680988311768,-0.09475162625312805,0.05298660695552826,0.0,0.0,front_clearance_stop,0.0,0.0,front_clearance_stop,2.028423503734299,0,0,0
703,7.0299999999998946,3.0275986194610596,1.840722680091858,-0.09475162625312805,0.042908553034067154,0.0,0.0,front_clearance_stop,0.0,0.0,front_clearance_stop,2.028902973766782,0,0,0
704,7.039999999999894,3.027985095977783,1.8406859636306763,-0.09475162625312805,0.034747347235679626,0.0,0.0,front_clearance_stop,0.0,0.0,front_clearance_stop,2.0292911904543423,0,0,0
705,7.049999999999894,3.0282981395721436,1.8406561613082886,-0.09475162625312805,0.028138400986790657,0.0,0.0,front_clearance_stop,0.0,0.0,front_clearance_stop,2.0296056494665993,0,0,0
706,7.059999999999894,3.0285515785217285,1.8406320810317993,-0.09475162625312805,0.022786477580666542,0.0,0.0,front_clearance_stop,0.0,0.0,front_clearance_stop,2.0298602298289263,0,1,1
707,7.069999999999894,3.028756856918335,1.840612530708313,-0.09475162625312805,0.018452489748597145,0.0,0.0,front_clearance_stop,0.0,0.0,front_clearance_stop,2.0300664370918,0,0,0
