step,sim_time_s,x_m,y_m,yaw_rad,actual_speed_mps,requested_speed_mps,requested_steering_rad,request_reason,applied_speed_mps,applied_steering_rad,applied_reason,distance_travelled_m,collision,scan_event,request_published
1,0.01,1.0,1.8730000257492065,0.0,0.0,0.0,0.0,wall_lost,0.0,0.0,wall_lost,0.0,0,1,1
2,0.02,1.0,1.8730000257492065,0.0,0.0,0.0,0.0,wall_lost,0.0,0.0,wall_lost,0.0,0,0,0
3,0.03,1.0,1.8730000257492065,0.0,0.0,0.0,0.0,wall_lost,0.0,0.0,wall_lost,0.0,0,0,0
4,0.04,1.0,1.8730000257492065,0.0,0.0,0.0,0.0,wall_lost,0.0,0.0,wall_lost,0.0,0,0,0
5,0.05,1.0,1.8730000257492065,0.0,0.0,0.0,0.0,wall_lost,0.0,0.0,wall_lost,0.0,0,0,0
6,0.060000000000000005,1.0,1.8730000257492065,0.0,0.0,0.0,0.0,recovery_gate,0.0,0.0,recovery_gate,0.0,0,1,1
7,0.07,1.0,1.8730000257492065,0.0,0.0,0.0,0.0,recovery_gate,0.0,0.0,recovery_gate,0.0,0,0,0
8,0.08,1.0,1.8730000257492065,0.0,0.0,0.0,0.0,recovery_gate,0.0,0.0,recovery_gate,0.0,0,0,0
9,0.09,1.0,1.8730000257492065,0.0,0.0,0.0,0.0,recovery_gate,0.0,0.0,recovery_gate,0.0,0,0,0
10,0.09999999999999999,1.0,1.8730000257492065,0.0,0.0,0.0,0.0,recovery_gate,0.0,0.0,recovery_gate,0.0,0,0,0
11,0.10999999999999999,1.0,1.8730000257492065,0.0,0.0,0.0,0.0,recovery_gate,0.0,0.0,recovery_gate,0.0,0,1,1
12,0.11999999999999998,1.0,1.8730000257492065,0.0,0.0,0.0,0.0,recovery_gate,0.0,0.0,recovery_gate,0.0,0,0,0
13,0.12999999999999998,1.0,1.8730000257492065,0.0,0.0,0.0,0.0,recovery_gate,0.0,0.0,recovery_gate,0.0,0,0,0
14,0.13999999999999999,1.0,1.8730000257492065,0.0,0.0,0.0,0.0,recovery_gate,0.0,0.0,recovery_gate,0.0,0,0,0
15,0.15,1.0,1.8730000257492065,0.0,0.0,0.0,0.0,recovery_gate,0.0,0.0,recovery_gate,0.0,0,0,0
16,0.16,1.0,1.8730000257492065,0.0,0.0,0.0,0.0,recovery_gate,0.0,0.0,recovery_gate,0.0,0,1,1
17,0.17,1.0,1.8730000257492065,0.0,0.0,0.0,0.0,recovery_gate,0.0,0.0,recovery_gate,0.0,0,0,0
18,0.18000000000000002,1.0,1.8730000257492065,0.0,0.0,0.0,0.0,recovery_gate,0.0,0.0,recovery_gate,0.0,0,0,0
19,0.19000000000000003,1.0,1.8730000257492065,0.0,0.0,0.0,0.0,recovery_gate,0.0,0.0,recovery_gate,0.0,0,0,0
20,0.20000000000000004,1.0,1.8730000257492065,0.0,0.0,0.0,0.0,recovery_gate,0.0,0.0,recovery_gate,0.0,0,0,0
21,0.21000000000000005,1.0000003576278687,1.8730000257492065,-2.505225893401075e-08,7.608000305481255e-05,0.040000000000000015,-0.010276454659185804,tracking,0.008,-0.010276454659185804,tracking,3.5762786865234375e-07,0,1,1
22,0.22000000000000006,1.0000048875808716,1.8730000257492065,-1.8727878625668382e-07,0.0008332624565809965,0.040000000000000015,-0.010276454659185804,tracking,0.016,-0.010276454659185804,tracking,4.887580871582031e-06,0,0,0
23,0.23000000000000007,1.0000187158584595,1.8730000257492065,-9.61573618951661e-07,0.0019348408095538616,0.040000000000000015,-0.010276454659185804,tracking,0.024,-0.010276454659185804,tracking,1.8715858459472656e-05,0,0,0
24,0.24000000000000007,1.0000451803207397,1.8730000257492065,-2.1525586362258764e-06,0.003364439122378826,0.040000000000000015,-0.010276454659185804,tracking,0.032,-0.010276454659185804,tracking,4.5180320739746094e-05,0,0,0
25,0.25000000000000006,1.0000874996185303,1.8730000257492065,-4.387920853332616e-06,0.005106459837406874,0.040000000000000015,-0.010276454659185804,tracking,0.04,-0.010276454659185804,tracking,8.749961853027344e-05,0,0,0
26,0.26000000000000006,1.0001487731933594,1.8730000257492065,-7.2458233262295835e-06,0.007146047428250313,0.08000000000000002,-0.008363012634448264,tracking,0.048,-0.008363012634448264,tracking,0.000148773193359375,0,1,1
27,0.2700000000000001,1.0002318620681763,1.8730000257492065,-1.15402772280504e-05,0.009469052776694298,0.08000000000000002,-0.008363012634448264,tracking,0.056,-0.008363012634448264,tracking,0.00023186206817626953,0,0,0
28,0.2800000000000001,1.0003395080566406,1.8730000257492065,-1.6644009519950487e-05,0.012061999179422855,0.08000000000000002,-0.008363012634448264,tracking,0.064,-0.008363012634448264,tracking,0.000339508056640625,0,0,0
29,0.2900000000000001,1.0004743337631226,1.8730000257492065,-2.3540058464277536e-05,0.014912051148712635,0.08000000000000002,-0.008363012634448264,tracking,0.07200000000000001,-0.008363012634448264,tracking,0.0004743337631225586,0,0,0
30,0.3000000000000001,1.0006389617919922,1.8730000257492065,-3.141479101032019e-05,0.018006982281804085,0.08000000000000002,-0.008363012634448264,tracking,0.08000000000000002,-0.008363012634448264,tracking,0.0006389617919921875,0,0,0
31,0.3100000000000001,1.000835657119751,1.8730000257492065,-4.1404575313208625e-05,0.02133515104651451,0.12000000000000001,-0.00806237938929975,tracking,0.08800000000000002,-0.00806237938929975,tracking,0.0008356571197509766,0,1,1
32,0.3200000000000001,1.00106680393219,1.8730000257492065,-5.252671689959243e-05,0.02488546445965767,0.12000000000000001,-0.00806237938929975,tracking,0.09600000000000003,-0.00806237938929975,tracking,0.0010668039321899414,0,0,0
33,0.3300000000000001,1.0013344287872314,1.8730000257492065,-6.605668022530153e-05,0.02864736132323742,0.12000000000000001,-0.00806237938929975,tracking,0.10400000000000004,-0.00806237938929975,tracking,0.0013344287872314453,0,0,0
34,0.34000000000000014,1.0016406774520874,1.8730000257492065,-8.085840818239376e-05,0.032610777765512466,0.12000000000000001,-0.00806237938929975,tracking,0.11200000000000004,-0.00806237938929975,tracking,0.0016406774520874023,0,0,0
35,0.35000000000000014,1.0019875764846802,1.8730000257492065,-9.833355579758063e-05,0.036766134202480316,0.12000000000000001,-0.00806237938929975,tracking,0.12000000000000001,-0.00806237938929975,tracking,0.0019875764846801758,0,0,0
36,0.36000000000000015,1.002376914024353,1.8730000257492065,-0.00011720693873940036,0.041104305535554886,0.16000000000000003,-0.006462586997349317,tracking,0.128,-0.006462586997349317,tracking,0.0023769140243530273,0,1,1
37,0.37000000000000016,1.0028104782104492,1.8730000257492065,-0.00013899467012379318,0.045616596937179565,0.16000000000000003,-0.006462586997349317,tracking,0.136,-0.006462586997349317,tracking,0.0028104782104492188,0,0,0
38,0.38000000000000017,1.003290057182312,1.872999906539917,-0.0001622953568585217,0.050294727087020874,0.16000000000000003,-0.006462586997349317,tracking,0.14400000000000002,-0.006462586997349317,tracking,0.003290057197127981,0,0,0
39,0.3900000000000002,1.0038172006607056,1.8729997873306274,-0.000188728969078511,0.055130813270807266,0.16000000000000003,-0.006462586997349317,tracking,0.15200000000000002,-0.006462586997349317,tracking,0.00381720068900065,0,0,0
40,0.4000000000000002,1.004393458366394,1.872999668121338,-0.00021677960467059165,0.060117341578006744,0.16000000000000003,-0.006462586997349317,tracking,0.16000000000000003,-0.006462586997349317,tracking,0.004393458407019421,0,0,0
41,0.4100000000000002,1.005020260810852,1.8729995489120483,-0.0002481614355929196,0.06524716317653656,0.2,-0.005210141977894099,tracking,0.16800000000000004,-0.005210141977894099,tracking,0.005020260862813421,0,1,1
42,0.4200000000000002,1.0056990385055542,1.8729993104934692,-0.0002812547027133405,0.07051345705986023,0.2,-0.005210141977894099,tracking,0.17600000000000005,-0.005210141977894099,tracking,0.005699038599387465,0,0,0
43,0.4300000000000002,1.0064311027526855,1.8729990720748901,-0.0003178590559400618,0.07590974122285843,0.2,-0.005210141977894099,tracking,0.18400000000000005,-0.005210141977894099,tracking,0.0064311028853428764,0,0,0
44,0.4400000000000002,1.0072177648544312,1.872998833656311,-0.00035626048338599503,0.08142983168363571,0.2,-0.005210141977894099,tracking,0.19200000000000006,-0.005210141977894099,tracking,0.007217765023217982,0,0,0
45,0.45000000000000023,1.0080602169036865,1.8729984760284424,-0.00039833615301176906,0.08706784248352051,0.2,-0.005210141977894099,tracking,0.2,-0.005210141977894099,tracking,0.008060217148381345,0,0,0
46,0.46000000000000024,1.0089596509933472,1.8729981184005737,-0.0004422866040840745,0.09281816333532333,0.24,-0.004779779213540058,tracking,0.20800000000000002,-0.004779779213540058,tracking,0.008959651309140967,0,1,1
47,0.47000000000000025,1.009917140007019,1.8729976415634155,-0.0004900593194179237,0.09867545962333679,0.24,-0.004779779213540058,tracking,0.21600000000000003,-0.004779779213540058,tracking,0.009917140441547187,0,0,0
48,0.48000000000000026,1.0109336376190186,1.8729971647262573,-0.00053977727657184,0.10463464260101318,0.24,-0.004779779213540058,tracking,0.22400000000000003,-0.004779779213540058,tracking,0.01093363816538841,0,0,0
49,0.49000000000000027,1.0120102167129517,1.8729965686798096,-0.0005934517830610275,0.11069086194038391,0.24,-0.004779779213540058,tracking,0.23200000000000004,-0.004779779213540058,tracking,0.012010217424321627,0,0,0
50,0.5000000000000002,1.0131478309631348,1.8729958534240723,-0.0006491355015896261,0.11683951318264008,0.24,-0.004779779213540058,tracking,0.24,-0.004779779213540058,tracking,0.01314783189935719,0,0,0
51,0.5100000000000002,1.0143474340438843,1.8729950189590454,-0.0007088975398801267,0.1230761930346489,0.27999999999999997,-0.003604324569383047,tracking,0.248,-0.003604324569383047,tracking,0.01434743527034095,0,1,1
52,0.5200000000000002,1.0156097412109375,1.872994065284729,-0.0007707267650403082,0.1293967217206955,0.27999999999999997,-0.003604324569383047,tracking,0.256,-0.003604324569383047,tracking,0.015609742797645067,0,0,0
53,0.5300000000000002,1.0169357061386108,1.872992992401123,-0.0008367448463104665,0.13579711318016052,0.27999999999999997,-0.003604324569383047,tracking,0.264,-0.003604324569383047,tracking,0.01693570815937176,0,0,0
54,0.5400000000000003,1.0183260440826416,1.8729918003082275,-0.0009048827923834324,0.14227356016635895,0.27999999999999997,-0.003604324569383047,tracking,0.272,-0.003604324569383047,tracking,0.018326046614460002,0,0,0
55,0.5500000000000003,1.019781470298767,1.8729904890060425,-0.000977309769950807,0.14882245659828186,0.27999999999999997,-0.003604324569383047,tracking,0.27999999999999997,-0.003604324569383047,tracking,0.01978147342131041,0,0,0
56,0.5600000000000003,1.0213028192520142,1.8729889392852783,-0.0010519044008105993,0.1554403454065323,0.32,-0.002805389818187779,tracking,0.288,-0.002805389818187779,tracking,0.02130282316386812,0,1,1
57,0.5700000000000003,1.0228906869888306,1.8729872703552246,-0.0011308790417388082,0.16212396323680878,0.32,-0.002805389818187779,tracking,0.296,-0.002805389818187779,tracking,0.022890691777749626,0,0,0
58,0.5800000000000003,1.024545669555664,1.8729853630065918,-0.0012120645260438323,0.16887016594409943,0.32,-0.002805389818187779,tracking,0.304,-0.002805389818187779,tracking,0.024545675443681587,0,0,0
59,0.5900000000000003,1.0262683629989624,1.8729832172393799,-0.0012977125588804483,0.17567598819732666,0.32,-0.002805389818187779,tracking,0.312,-0.002805389818187779,tracking,0.026268370223350934,0,0,0
60,0.6000000000000003,1.028059482574463,1.8729808330535889,-0.0013856106670573354,0.18253859877586365,0.32,-0.002805389818187779,tracking,0.32,-0.002805389818187779,tracking,0.028059491385663226,0,0,0
61,0.6100000000000003,1.0299195051193237,1.8729782104492188,-0.001478046178817749,0.1894552856683731,0.36,-0.00208710278786895,tracking,0.328,-0.00208710278786895,tracking,0.0299195157794399,0,1,1
62,0.6200000000000003,1.0318489074707031,1.87297523021698,-0.0015727675054222345,0.1964234858751297,0.36,-0.00208710278786895,tracking,0.336,-0.00208710278786895,tracking,0.03184892043251103,0,0,0
63,0.6300000000000003,1.0338482856750488,1.872972011566162,-0.00167209398932755,0.20344075560569763,0.36,-0.00208710278786895,tracking,0.34400000000000003,-0.00208710278786895,tracking,0.03384830122758878,0,0,0
64,0.6400000000000003,1.0359179973602295,1.8729684352874756,-0.001773738651536405,0.21050474047660828,0.36,-0.00208710278786895,tracking,0.35200000000000004,-0.00208710278786895,tracking,0.03591801600251373,0,0,0
65,0.6500000000000004,1.0380586385726929,1.87296462059021,-0.0018800500547513366,0.21761323511600494,0.36,-0.00208710278786895,tracking,0.36,-0.00208710278786895,tracking,0.03805866061393617,0,0,0
66,0.6600000000000004,1.0402705669403076,1.8729603290557861,-0.001988708972930908,0.2247641235589981,0.3796724138589699,-0.0004717240430834168,tracking,0.368,-0.0004717240430834168,tracking,0.04027059314471701,0,1,1
67,0.6700000000000004,1.0425541400909424,1.8729556798934937,-0.002102090511471033,0.2319553941488266,0.3796724138589699,-0.0004717240430834168,tracking,0.376,-0.0004717240430834168,tracking,0.04255417102799798,0,0,0
68,0.6800000000000004,1.0449087619781494,1.872950553894043,-0.002217812230810523,0.23897933959960938,0.3796724138589699,-0.0004717240430834168,tracking,0.3796724138589699,-0.0004717240430834168,tracking,0.04490879849483531,0,0,0
69,0.6900000000000004,1.0473320484161377,1.8729450702667236,-0.0023380497004836798,0.24566929042339325,0.3796724138589699,-0.0004717240430834168,tracking,0.3796724138589699,-0.0004717240430834168,tracking,0.0473320911372346,0,0,0
70,0.7000000000000004,1.0498205423355103,1.8729389905929565,-0.0024604375939816236,0.25204113125801086,0.3796724138589699,-0.0004717240430834168,tracking,0.3796724138589699,-0.0004717240430834168,tracking,0.04982059248326343,0,0,0
71,0.7100000000000004,1.0523712635040283,1.8729327917099,-0.0023339528124779463,0.2581113576889038,0.37970069754423785,0.00043099553629748905,tracking,0.37970069754423785,0.00043099553629748905,tracking,0.05237132118417957,0,1,1
72,0.7200000000000004,1.0549812316894531,1.872926950454712,-0.0022055169101804495,0.26389291882514954,0.37970069754423785,0.00043099553629748905,tracking,0.37970069754423785,0.00043099553629748905,tracking,0.054981295906124564,0,0,0
73,0.7300000000000004,1.057647705078125,1.8729212284088135,-0.0020733638666570187,0.26939958333969116,0.37970069754423785,0.00043099553629748905,tracking,0.37970069754423785,0.00043099553629748905,tracking,0.057647775434323596,0,0,0
74,0.7400000000000004,1.0603679418563843,1.8729158639907837,-0.001939440960995853,0.2746444046497345,0.37970069754423785,0.00043099553629748905,tracking,0.37970069754423785,0.00043099553629748905,tracking,0.060368017502003456,0,0,0
75,0.7500000000000004,1.0631393194198608,1.8729106187820435,-0.0018021459691226482,0.2796398401260376,0.37970069754423785,0.00043099553629748905,tracking,0.37970069754423785,0.00043099553629748905,tracking,0.06313940002911082,0,0,0
76,0.7600000000000005,1.0659594535827637,1.8729058504104614,-0.0016632487531751394,0.28437766432762146,0.37927832911984216,-0.0010392060674273042,tracking,0.37927832911984216,-0.0010392060674273042,tracking,0.06595953822326713,0,1,1
77,0.7700000000000005,1.0688258409500122,1.8729009628295898,-0.0018051920924335718,0.28889018297195435,0.37927832911984216,-0.0010392060674273042,tracking,0.37927832911984216,-0.0010392060674273042,tracking,0.06882592975750818,0,0,0
78,0.7800000000000005,1.071736216545105,1.8728954792022705,-0.001948585850186646,0.2931881248950958,0.37927832911984216,-0.0010392060674273042,tracking,0.37927832911984216,-0.0010392060674273042,tracking,0.07173631051862521,0,0,0
79,0.7900000000000005,1.0746885538101196,1.8728896379470825,-0.0020947428420186043,0.2972817122936249,0.37927832911984216,-0.0010392060674273042,tracking,0.37927832911984216,-0.0010392060674273042,tracking,0.07468865356215121,0,0,0
80,0.8000000000000005,1.0776808261871338,1.8728830814361572,-0.0022422154434025288,0.3011806607246399,0.37927832911984216,-0.0010392060674273042,tracking,0.37927832911984216,-0.0010392060674273042,tracking,0.07768093312229887,0,0,0
81,0.8100000000000005,1.0807113647460938,1.8728764057159424,-0.002092227805405855,0.30491891503334045,0.379798120891789,0.0002907059158238747,tracking,0.379798120891789,0.0002907059158238747,tracking,0.0807114790339431,0,1,1
82,0.8200000000000005,1.0837783813476562,1.8728703260421753,-0.0019410387612879276,0.3084794282913208,0.379798120891789,0.0002907059158238747,tracking,0.379798120891789,0.0002907059158238747,tracking,0.08377850166129575,0,0,0
83,0.8300000000000005,1.086880087852478,1.8728644847869873,-0.0017875605262815952,0.31187063455581665,0.379798120891789,0.0002907059158238747,tracking,0.379798120891789,0.0002907059158238747,tracking,0.08688021366635294,0,0,0
84,0.8400000000000005,1.090014934539795,1.872859239578247,-0.0016329922946169972,0.3151005804538727,0.379798120891789,0.0002907059158238747,tracking,0.379798120891789,0.0002907059158238747,tracking,0.0900150647417944,0,0,0
85,0.8500000000000005,1.0931813716888428,1.872854232788086,-0.0014763475628569722,0.3181769549846649,0.379798120891789,0.0002907059158238747,tracking,0.379798120891789,0.0002907059158238747,tracking,0.09318150584922368,0,0,0
86,0.8600000000000005,1.0963774919509888,1.8728498220443726,-0.001318722148425877,0.3210572600364685,0.3787508759134705,-0.0017987386846024462,tracking,0.3787508759134705,-0.0017987386846024462,tracking,0.09637762915484883,0,1,1
87,0.8700000000000006,1.0996017456054688,1.8728454113006592,-0.0014781993813812733,0.32380059361457825,0.3787508759134705,-0.0017987386846024462,tracking,0.3787508759134705,-0.0017987386846024462,tracking,0.09960188582625197,0,0,0
88,0.8800000000000006,1.1028528213500977,1.8728402853012085,-0.0016385583439841866,0.32641348242759705,0.3787508759134705,-0.0017987386846024462,tracking,0.3787508759134705,-0.0017987386846024462,tracking,0.10285296561198236,0,0,0
89,0.8900000000000006,1.1061294078826904,1.8728346824645996,-0.0018005971796810627,0.32890212535858154,0.3787508759134705,-0.0017987386846024462,tracking,0.3787508759134705,-0.0017987386846024462,tracking,0.10612955693488889,0,0,0
90,0.9000000000000006,1.1094303131103516,1.8728283643722534,-0.0019634359050542116,0.3312724232673645,0.3787508759134705,-0.0017987386846024462,tracking,0.3787508759134705,-0.0017987386846024462,tracking,0.10943046820911173,0,0,0
91,0.9100000000000006,1.1127545833587646,1.8728216886520386,-0.0021278169006109238,0.333585649728775,0.37992089235759596,-0.00011391500506185807,tracking,0.37992089235759596,-0.00011391500506185807,tracking,0.11275474516052911,0,1,1
92,0.9200000000000006,1.1161015033721924,1.8728141784667969,-0.0022929413244128227,0.33578890562057495,0.37992089235759596,-0.00011391500506185807,tracking,0.37992089235759596,-0.00011391500506185807,tracking,0.11610167360003382,0,0,0
93,0.9300000000000006,1.1194698810577393,1.8728063106536865,-0.002459482289850712,0.33788737654685974,0.37992089235759596,-0.00011391500506185807,tracking,0.37992089235759596,-0.00011391500506185807,tracking,0.1194700604743363,0,0,0
94,0.9400000000000006,1.1228587627410889,1.8727976083755493,-0.002626697765663266,0.3398860692977905,0.37992089235759596,-0.00011391500506185807,tracking,0.37992089235759596,-0.00011391500506185807,tracking,0.12285895333091752,0,0,0
95,0.9500000000000006,1.1262670755386353,1.872788429260254,-0.0027951982337981462,0.34178972244262695,0.37992089235759596,-0.00011391500506185807,tracking,0.37992089235759596,-0.00011391500506185807,tracking,0.12626727848883249,0,0,0
96,0.9600000000000006,1.1296937465667725,1.8727784156799316,-0.002964302198961377,0.3435516655445099,0.3788439849723377,0.0016646616398337307,tracking,0.3788439849723377,0.0016646616398337307,tracking,0.12969396414801773,0,1,1
97,0.9700000000000006,1.133137583732605,1.8727684020996094,-0.00279406551271677,0.3452298045158386,0.3788439849723377,0.0016646616398337307,tracking,0.3788439849723377,0.0016646616398337307,tracking,0.1331378158719687,0,0,0
98,0.9800000000000006,1.1365978717803955,1.8727591037750244,-0.002623289357870817,0.3468281626701355,0.3788439849723377,0.0016646616398337307,tracking,0.3788439849723377,0.0016646616398337307,tracking,0.13659811641274866,0,0,0
99,0.9900000000000007,1.1400737762451172,1.872750163078308,-0.0024514857213944197,0.34835052490234375,0.3788439849723377,0.0016646616398337307,tracking,0.3788439849723377,0.0016646616398337307,tracking,0.14007403237604954,0,0,0
100,1.0000000000000007,1.1435644626617432,1.8727420568466187,-0.0022791926749050617,0.3498004972934723,0.3788439849723377,0.0016646616398337307,tracking,0.3788439849723377,0.0016646616398337307,tracking,0.14356472820499386,0,0,0
101,1.0100000000000007,1.1470695734024048,1.8727343082427979,-0.0021059534046798944,0.3512241542339325,0.37974092957167666,0.00037306141678559394,tracking,0.37974092957167666,0.00037306141678559394,tracking,0.14706984751040453,0,1,1
102,1.0200000000000007,1.1505886316299438,1.8727272748947144,-0.0019322566222399473,0.35258013010025024,0.37974092957167666,0.00037306141678559394,tracking,0.37974092957167666,0.00037306141678559394,tracking,0.1505889127665195,0,0,0
103,1.0300000000000007,1.154120922088623,1.8727205991744995,-0.0017576880054548383,0.353871613740921,0.37974092957167666,0.00037306141678559394,tracking,0.37974092957167666,0.00037306141678559394,tracking,0.15412120953345693,0,0,0
104,1.0400000000000007,1.157665729522705,1.8727147579193115,-0.0015827042516320944,0.35510170459747314,0.37974092957167666,0.00037306141678559394,tracking,0.37974092957167666,0.00037306141678559394,tracking,0.15766602178024594,0,0,0
105,1.0500000000000007,1.1612225770950317,1.8727093935012817,-0.0014069296885281801,0.3562732934951782,0.37974092957167666,0.00037306141678559394,tracking,0.37974092957167666,0.00037306141678559394,tracking,0.16122287339786326,0,0,0
106,1.0600000000000007,1.1647907495498657,1.8727047443389893,-0.0012307846918702126,0.3573516011238098,0.3789503918750555,-0.0015114356999200622,tracking,0.3789503918750555,-0.0015114356999200622,tracking,0.16479104888151677,0,1,1
107,1.0700000000000007,1.1683694124221802,1.8727000951766968,-0.0014076229417696595,0.3583786189556122,0.3789503918750555,-0.0015114356999200622,tracking,0.3789503918750555,-0.0015114356999200622,tracking,0.16836971477377213,0,0,0
108,1.0800000000000007,1.171958088874817,1.8726946115493774,-0.0015847913455218077,0.3593568205833435,0.3789503918750555,-0.0015114356999200622,tracking,0.3789503918750555,-0.0015114356999200622,tracking,0.17195839541599678,0,0,0
109,1.0900000000000007,1.1755563020706177,1.8726886510849,-0.001762588624842465,0.36028850078582764,0.3789503918750555,-0.0015114356999200622,tracking,0.3789503918750555,-0.0015114356999200622,tracking,0.17555661354856902,0,0,0
110,1.1000000000000008,1.1791635751724243,1.8726818561553955,-0.001940685324370861,0.36117586493492126,0.3789503918750555,-0.0015114356999200622,tracking,0.3789503918750555,-0.0015114356999200622,tracking,0.17916389305008878,0,0,0
111,1.1100000000000008,1.1827797889709473,1.872674822807312,-0.001940685324370861,0.36206871271133423,0.3799526347255883,6.8205995152836e-05,tracking,0.3799526347255883,6.8205995152836e-05,tracking,0.1827801136883537,0,1,1
112,1.1200000000000008,1.1864047050476074,1.8726677894592285,-0.001940685324370861,0.3629190921783447,0.3799526347255883,6.8205995152836e-05,tracking,0.3799526347255883,6.8205995152836e-05,tracking,0.1864050365883358,0,0,0
113,1.1300000000000008,1.1900379657745361,1.872660756111145,-0.001940685324370861,0.3637290298938751,0.3799526347255883,6.8205995152836e-05,tracking,0.3799526347255883,6.8205995152836e-05,tracking,0.19003830412291509,0,0,0
114,1.1400000000000008,1.1936790943145752,1.8726537227630615,-0.001940685324370861,0.3645004630088806,0.3799526347255883,6.8205995152836e-05,tracking,0.3799526347255883,6.8205995152836e-05,tracking,0.19367943945589466,0,0,0
115,1.1500000000000008,1.197327733039856,1.872646689414978,-0.001940685324370861,0.36523520946502686,0.3799526347255883,6.8205995152836e-05,tracking,0.3799526347255883,6.8205995152836e-05,tracking,0.19732808496013368,0,0,0
116,1.1600000000000008,1.2009835243225098,1.8726394176483154,-0.0021213041618466377,0.3659185767173767,0.37960652485606866,-0.0005666042072610964,tracking,0.37960652485606866,-0.0005666042072610964,tracking,0.20098388347494792,0,1,1
117,1.1700000000000008,1.2046459913253784,1.8726311922073364,-0.0023021427914500237,0.3665694296360016,0.37960652485606866,-0.0005666042072610964,tracking,0.37960652485606866,-0.0005666042072610964,tracking,0.2046463597144587,0,0,0
118,1.1800000000000008,1.2083147764205933,1.8726224899291992,-0.0024833998177200556,0.36718934774398804,0.37960652485606866,-0.0005666042072610964,tracking,0.37960652485606866,-0.0005666042072610964,tracking,0.2083151551304659,0,0,0
119,1.1900000000000008,1.2119896411895752,1.8726129531860352,-0.0026648561470210552,0.36777979135513306,0.37960652485606866,-0.0005666042072610964,tracking,0.37960652485606866,-0.0005666042072610964,tracking,0.2119900322739599,0,0,0
120,1.2000000000000008,1.2156702280044556,1.872602939605713,-0.0028466919902712107,0.36834216117858887,0.37960652485606866,-0.0005666042072610964,tracking,0.37960652485606866,-0.0005666042072610964,tracking,0.21567063271052758,0,0,0
121,1.2100000000000009,1.2193560600280762,1.8725919723510742,-0.0030286991968750954,0.3688213527202606,0.3784199001138641,0.002275343836035718,tracking,0.3784199001138641,0.002275343836035718,tracking,0.21935648105073657,0,1,1
122,1.2200000000000009,1.2230465412139893,1.8725810050964355,-0.002846383722499013,0.3692777752876282,0.3784199001138641,0.002275343836035718,tracking,0.3784199001138641,0.002275343836035718,tracking,0.223046978532683,0,0,0
123,1.2300000000000009,1.2267414331436157,1.8725709915161133,-0.0026639215648174286,0.3697124719619751,0.3784199001138641,0.002275343836035718,tracking,0.3784199001138641,0.002275343836035718,tracking,0.22674188403125933,0,0,0
124,1.2400000000000009,1.230440616607666,1.8725613355636597,-0.0024811800103634596,0.37012651562690735,0.3784199001138641,0.002275343836035718,tracking,0.3784199001138641,0.002275343836035718,tracking,0.23044108009772038,0,0,0
125,1.2500000000000009,1.234143853187561,1.8725526332855225,-0.0022983052767813206,0.37052085995674133,0.3784199001138641,0.002275343836035718,tracking,0.3784199001138641,0.002275343836035718,tracking,0.23414432690239292,0,0,0
126,1.260000000000001,1.2378511428833008,1.872544288635254,-0.002115166513249278,0.3709288239479065,0.3791005636849571,0.0012951882936618024,tracking,0.3791005636849571,0.0012951882936618024,tracking,0.23785162598950826,0,1,1
127,1.270000000000001,1.2415623664855957,1.8725368976593018,-0.0019318965496495366,0.37131738662719727,0.3791005636849571,0.0012951882936618024,tracking,0.3791005636849571,0.0012951882936618024,tracking,0.24156285695143404,0,0,0
128,1.280000000000001,1.2452774047851562,1.8725299835205078,-0.0017483767587691545,0.37168747186660767,0.3791005636849571,0.0012951882936618024,tracking,0.3791005636849571,0.0012951882936618024,tracking,0.24527790168501626,0,0,0
129,1.290000000000001,1.2489960193634033,1.8725239038467407,-0.0015647381078451872,0.3720399737358093,0.3791005636849571,0.0012951882936618024,tracking,0.3791005636849571,0.0012951882936618024,tracking,0.2489965212331799,0,0,0
130,1.300000000000001,1.2527180910110474,1.8725183010101318,-0.0013808727962896228,0.3723756968975067,0.3791005636849571,0.0012951882936618024,tracking,0.3791005636849571,0.0012951882936618024,tracking,0.25271859709779815,0,0,0
131,1.310000000000001,1.2564433813095093,1.8725136518478394,-0.0011969024781137705,0.37267807126045227,0.3787350700006193,-0.0018214991991081968,tracking,0.3787350700006193,-0.0018214991991081968,tracking,0.2564438902973362,0,1,1
132,1.320000000000001,1.26017165184021,1.8725090026855469,-0.0013810673262923956,0.37296608090400696,0.3787350700006193,-0.0018214991991081968,tracking,0.3787350700006193,-0.0018214991991081968,tracking,0.260172163726794,0,0,0
133,1.330000000000001,1.2639026641845703,1.872503399848938,-0.0015653247246518731,0.3732403814792633,0.3787350700006193,-0.0018214991991081968,tracking,0.3787350700006193,-0.0018214991991081968,tracking,0.2639031802780234,0,0,0
134,1.340000000000001,1.2676364183425903,1.872497320175171,-0.0017497584922239184,0.37350165843963623,0.3787350700006193,-0.0018214991991081968,tracking,0.3787350700006193,-0.0018214991991081968,tracking,0.26763693938580807,0,0,0
135,1.350000000000001,1.271372675895691,1.8724902868270874,-0.001934276195243001,0.3737505078315735,0.3787350700006193,-0.0018214991991081968,tracking,0.3787350700006193,-0.0018214991991081968,tracking,0.2713732035588941,0,0,0
136,1.360000000000001,1.2751115560531616,1.872483253479004,-0.0017495828215032816,0.37403520941734314,0.3797379080113978,0.00037741246358722474,tracking,0.3797379080113978,0.00037741246358722474,tracking,0.27511209033170675,0,1,1
137,1.370000000000001,1.2788532972335815,1.8724771738052368,-0.0015647979453206062,0.3743063807487488,0.3797379080113978,0.00037741246358722474,tracking,0.3797379080113978,0.00037741246358722474,tracking,0.27885383645132567,0,0,0
138,1.380000000000001,1.2825976610183716,1.872471570968628,-0.0013798386789858341,0.37456464767456055,0.3797379080113978,0.00037741246358722474,tracking,0.3797379080113978,0.00037741246358722474,tracking,0.2825982044279841,0,0,0
139,1.390000000000001,1.2863445281982422,1.8724669218063354,-0.0011947964085265994,0.3748106360435486,0.3797379080113978,0.00037741246358722474,tracking,0.3797379080113978,0.00037741246358722474,tracking,0.2863450744922246,0,0,0
140,1.400000000000001,1.2900937795639038,1.8724626302719116,-0.0010095960460603237,0.37504494190216064,0.3797379080113978,0.00037741246358722474,tracking,0.3797379080113978,0.00037741246358722474,tracking,0.2900943283140115,0,0,0
141,1.410000000000001,1.2938451766967773,1.8724592924118042,-0.0008243274642154574,0.3752247393131256,0.3788263157026257,-0.0016901053882189656,tracking,0.3788263157026257,-0.0016901053882189656,tracking,0.2938457269318395,0,1,1
142,1.420000000000001,1.2975982427597046,1.8724559545516968,-0.0010097116464748979,0.3753959834575653,0.3788263157026257,-0.0016901053882189656,tracking,0.3788263157026257,-0.0016901053882189656,tracking,0.2975987944790609,0,0,0
143,1.430000000000001,1.3013529777526855,1.872451663017273,-0.0011951508931815624,0.37555909156799316,0.3788263157026257,-0.0016901053882189656,tracking,0.3788263157026257,-0.0016901053882189656,tracking,0.30135353192458003,0,0,0
144,1.440000000000001,1.3051093816757202,1.872446894645691,-0.001380695030093193,0.3757144510746002,0.3788263157026257,-0.0016901053882189656,tracking,0.3788263157026257,-0.0016901053882189656,tracking,0.3051099388740941,0,0,0
145,1.450000000000001,1.3088672161102295,1.872441291809082,-0.0015662891091778874,0.3758624196052551,0.3788263157026257,-0.0016901053882189656,tracking,0.3788263157026257,-0.0016901053882189656,tracking,0.30886777748544525,0,0,0
146,1.460000000000001,1.3126267194747925,1.872435212135315,-0.00175199331715703,0.3760489225387573,0.3797846841273667,-0.00031005485659192037,tracking,0.3797846841273667,-0.00031005485659192037,tracking,0.3126272857658715,0,1,1
147,1.470000000000001,1.3163881301879883,1.8724281787872314,-0.0019377574790269136,0.376226544380188,0.3797846841273667,-0.00031005485659192037,tracking,0.3797846841273667,-0.00031005485659192037,tracking,0.31638870305478395,0,0,0
148,1.480000000000001,1.3201512098312378,1.8724206686019897,-0.0021236357279121876,0.37639573216438293,0.3797846841273667,-0.00031005485659192037,tracking,0.3797846841273667,-0.00031005485659192037,tracking,0.3201517901922711,0,0,0
149,1.490000000000001,1.323915958404541,1.8724122047424316,-0.0023095684591680765,0.3765568733215332,0.3797846841273667,-0.00031005485659192037,tracking,0.3797846841273667,-0.00031005485659192037,tracking,0.32391654827973265,0,0,0
150,1.500000000000001,1.3276822566986084,1.8724032640457153,-0.0024956048000603914,0.37671035528182983,0.3797846841273667,-0.00031005485659192037,tracking,0.3797846841273667,-0.00031005485659192037,tracking,0.32768285718580403,0,0,0
151,1.5100000000000011,1.3314498662948608,1.8723933696746826,-0.0026816839817911386,0.3768172264099121,0.37895795386071585,0.0015005464405691777,tracking,0.37895795386071585,0.0015005464405691777,tracking,0.33145047977416814,0,1,1
152,1.5200000000000011,1.3352185487747192,1.87238347530365,-0.0024955361150205135,0.3769190311431885,0.37895795386071585,0.0015005464405691777,tracking,0.37895795386071585,0.0015005464405691777,tracking,0.3352191752424396,0,0,0
153,1.5300000000000011,1.338988184928894,1.8723745346069336,-0.002309355651959777,0.37701597809791565,0.37895795386071585,0.0015005464405691777,tracking,0.37895795386071585,0.0015005464405691777,tracking,0.3389888219992219,0,0,0
154,1.5400000000000011,1.3427587747573853,1.8723660707473755,-0.002123112790286541,0.37710830569267273,0.37895795386071585,0.0015005464405691777,tracking,0.37895795386071585,0.0015005464405691777,tracking,0.34275942132713255,0,0,0
155,1.5500000000000012,1.3465303182601929,1.8723585605621338,-0.0019368402427062392,0.3771962523460388,0.37895795386071585,0.0015005464405691777,tracking,0.37895795386071585,0.0015005464405691777,tracking,0.34653097230735974,0,0,0
156,1.5600000000000012,1.3503029346466064,1.872351050376892,-0.0021231835708022118,0.377322793006897,0.3798575152968373,-0.00020517797255425064,tracking,0.3798575152968373,-0.00020517797255425064,tracking,0.3503035961690664,0,1,1
157,1.5700000000000012,1.3540767431259155,1.872342586517334,-0.002309567527845502,0.3774433135986328,0.3798575152968373,-0.00020517797255425064,tracking,0.3798575152968373,-0.00020517797255425064,tracking,0.35407741413969296,0,0,0
158,1.5800000000000012,1.3578517436981201,1.8723336458206177,-0.0024960290174931288,0.3775581121444702,0.3798575152968373,-0.00020517797255425064,tracking,0.3798575152968373,-0.00020517797255425064,tracking,0.3578524252994384,0,0,0
159,1.5900000000000012,1.3616278171539307,1.872323751449585,-0.002682527294382453,0.37766745686531067,0.3798575152968373,-0.00020517797255425064,tracking,0.3798575152968373,-0.00020517797255425064,tracking,0.3616285117182396,0,0,0
160,1.6000000000000012,1.3654049634933472,1.872313380241394,-0.0028690958861261606,0.3777715861797333,0.3798575152968373,-0.00020517797255425064,tracking,0.3798575152968373,-0.00020517797255425064,tracking,0.36540567229615084,0,0,0
161,1.6100000000000012,1.369182825088501,1.8723020553588867,-0.00305568752810359,0.3778076469898224,0.3785301294833007,0.0021166135440469956,tracking,0.3785301294833007,0.0021166135440469956,tracking,0.3691835508655469,0,1,1
162,1.6200000000000012,1.3729610443115234,1.8722907304763794,-0.0028690726030617952,0.3778420090675354,0.3785301294833007,0.0021166135440469956,tracking,0.3785301294833007,0.0021166135440469956,tracking,0.37296178706120486,0,0,0
163,1.6300000000000012,1.3767396211624146,1.8722803592681885,-0.0026824467349797487,0.3778747320175171,0.3785301294833007,0.0021166135440469956,tracking,0.3785301294833007,0.0021166135440469956,tracking,0.3767403781452003,0,0,0
164,1.6400000000000012,1.3805185556411743,1.8722704648971558,-0.0024957999121397734,0.3779059052467346,0.3785301294833007,0.0021166135440469956,tracking,0.3785301294833007,0.0021166135440469956,tracking,0.3805193255771365,0,0,0
165,1.6500000000000012,1.3842977285385132,1.8722615242004395,-0.002309143077582121,0.37793558835983276,0.3785301294833007,0.0021166135440469956,tracking,0.3785301294833007,0.0021166135440469956,tracking,0.3842985090503273,0,0,0
166,1.6600000000000013,1.3880773782730103,1.8722530603408813,-0.00212245830334723,0.37799036502838135,0.37908742101894366,0.0013141137327211299,tracking,0.37908742101894366,0.0013141137327211299,tracking,0.3880781682614735,0,1,1
167,1.6700000000000013,1.3918575048446655,1.8722455501556396,-0.0019357559503987432,0.3780425190925598,0.37908742101894366,0.0013141137327211299,tracking,0.37908742101894366,0.0013141137327211299,tracking,0.3918583022935703,0,0,0
168,1.6800000000000013,1.3956382274627686,1.8722385168075562,-0.0017490200698375702,0.3780921995639801,0.37908742101894366,0.0013141137327211299,tracking,0.37908742101894366,0.0013141137327211299,tracking,0.39563903145380136,0,0,0
169,1.6900000000000013,1.3994194269180298,1.8722323179244995,-0.001562268240377307,0.37813952565193176,0.37908742101894366,0.0013141137327211299,tracking,0.37908742101894366,0.0013141137327211299,tracking,0.39942023599027104,0,0,0
170,1.7000000000000013,1.4032009840011597,1.872226595878601,-0.0013754860265180469,0.37818458676338196,0.37908742101894366,0.0013141137327211299,tracking,0.37908742101894366,0.0013141137327211299,tracking,0.4032017974025423,0,0,0
171,1.7100000000000013,1.4069831371307373,1.872221827507019,-0.001188686117529869,0.37824663519859314,0.379489535469137,-0.0007350689244427586,tracking,0.379489535469137,-0.0007350689244427586,tracking,0.4069839535379949,0,1,1
172,1.7200000000000013,1.4107658863067627,1.872217059135437,-0.0013755259569734335,0.37830573320388794,0.379489535469137,-0.0007350689244427586,tracking,0.379489535469137,-0.0007350689244427586,tracking,0.4107667057194216,0,0,0
173,1.7300000000000013,1.4145492315292358,1.8722113370895386,-0.0015623847721144557,0.3783620297908783,0.379489535469137,-0.0007350689244427586,tracking,0.379489535469137,-0.0007350689244427586,tracking,0.41455005526899,0,0,0
174,1.7400000000000013,1.4183331727981567,1.872205138206482,-0.001749279792420566,0.37841564416885376,0.379489535469137,-0.0007350689244427586,tracking,0.379489535469137,-0.0007350689244427586,tracking,0.4183340016154376,0,0,0
175,1.7500000000000013,1.4221175909042358,1.8721981048583984,-0.0019361920421943069,0.3784666955471039,0.379489535469137,-0.0007350689244427586,tracking,0.379489535469137,-0.0007350689244427586,tracking,0.4221184262572563,0,0,0
176,1.7600000000000013,1.4259024858474731,1.872191071510315,-0.0017492451006546617,0.37852123379707336,0.3796135120293958,0.0005565426776700235,tracking,0.3796135120293958,0.0005565426776700235,tracking,0.42590332773540984,0,1,1
177,1.7700000000000014,1.4296879768371582,1.8721848726272583,-0.0015622805804014206,0.3785731792449951,0.3796135120293958,0.0005565426776700235,tracking,0.3796135120293958,0.0005565426776700235,tracking,0.4296888238005429,0,0,0
178,1.7800000000000014,1.4334739446640015,1.8721791505813599,-0.0013752826489508152,0.3786226511001587,0.3796135120293958,0.0005565426776700235,tracking,0.3796135120293958,0.0005565426776700235,tracking,0.433474795951484,0,0,0
179,1.7900000000000014,1.437260389328003,1.8721743822097778,-0.0011882688850164413,0.37866976857185364,0.3796135120293958,0.0005565426776700235,tracking,0.3796135120293958,0.0005565426776700235,tracking,0.4372612436179536,0,0,0
180,1.8000000000000014,1.4410473108291626,1.872170090675354,-0.0010012248530983925,0.3787146508693695,0.3796135120293958,0.0005565426776700235,tracking,0.3796135120293958,0.0005565426776700235,tracking,0.4410481675508064,0,0,0
181,1.8100000000000014,1.4448344707489014,1.8721667528152466,-0.000814173137769103,0.3787161111831665,0.37874532696507,-0.0018067291702991923,tracking,0.37874532696507,-0.0018067291702991923,tracking,0.444835328941477,0,1,1
182,1.8200000000000014,1.4486216306686401,1.8721634149551392,-0.001001225900836289,0.3787175118923187,0.37874532696507,-0.0018067291702991923,tracking,0.37874532696507,-0.0018067291702991923,tracking,0.44862249033214757,0,0,0
183,1.8300000000000014,1.452408790588379,1.8721591234207153,-0.0011882790131494403,0.3787188231945038,0.37874532696507,-0.0018067291702991923,tracking,0.37874532696507,-0.0018067291702991923,tracking,0.45240965268342637,0,0,0
184,1.8400000000000014,1.4561959505081177,1.8721543550491333,-0.0013753330567851663,0.37872007489204407,0.37874532696507,-0.0018067291702991923,tracking,0.37874532696507,-0.0018067291702991923,tracking,0.45619681560506614,0,0,0
185,1.8500000000000014,1.4599831104278564,1.8721486330032349,-0.0015623874496668577,0.3787212669849396,0.37874532696507,-0.0018067291702991923,tracking,0.37874532696507,-0.0018067291702991923,tracking,0.45998397984754164,0,0,0
186,1.8600000000000014,1.4637706279754639,1.8721429109573364,-0.0013753140810877085,0.37877780199050903,0.379910068016043,0.00012950205689807315,tracking,0.379910068016043,0.00012950205689807315,tracking,0.4637715017174776,0,1,1
187,1.8700000000000014,1.4675586223602295,1.8721381425857544,-0.0011882225517183542,0.3788316547870636,0.379910068016043,0.00012950205689807315,tracking,0.379910068016043,0.00012950205689807315,tracking,0.467559499103483,0,0,0
188,1.8800000000000014,1.4713472127914429,1.8721338510513306,-0.0010010964469984174,0.3788829445838928,0.379910068016043,0.00012950205689807315,tracking,0.379910068016043,0.00012950205689807315,tracking,0.4713480919653183,0,0,0
189,1.8900000000000015,1.4751362800598145,1.8721305131912231,-0.0008139538113027811,0.37893179059028625,0.379910068016043,0.00012950205689807315,tracking,0.379910068016043,0.00012950205689807315,tracking,0.47513716070388123,0,0,0
190,1.9000000000000015,1.4789258241653442,1.872127652168274,-0.0006267797434702516,0.37897831201553345,0.379910068016043,0.00012950205689807315,tracking,0.379910068016043,0.00012950205689807315,tracking,0.47892670588941577,0,0,0
191,1.9100000000000015,1.482715129852295,1.8721257448196411,-0.0004396124859340489,0.37889060378074646,0.37851716957190695,-0.002135275816453986,tracking,0.37851716957190695,-0.002135275816453986,tracking,0.4827160120563988,0,1,1
192,1.9200000000000015,1.4865037202835083,1.8721238374710083,-0.0006267275311984122,0.3788195848464966,0.37851716957190695,-0.002135275816453986,tracking,0.37851716957190695,-0.002135275816453986,tracking,0.4865046029677352,0,0,0
193,1.9300000000000015,1.4902915954589844,1.872120976448059,-0.000813821388874203,0.37876206636428833,0.37851716957190695,-0.002135275816453986,tracking,0.37851716957190695,-0.002135275816453986,tracking,0.49029247922369185,0,0,0
194,1.9400000000000015,1.4940789937973022,1.8721176385879517,-0.0010008809622377157,0.37871548533439636,0.37851716957190695,-0.002135275816453986,tracking,0.37851716957190695,-0.002135275816453986,tracking,0.49407987903284895,0,0,0
195,1.9500000000000015,1.497865915298462,1.8721133470535278,-0.001187926740385592,0.37867775559425354,0.37851716957190695,-0.002135275816453986,tracking,0.37851716957190695,-0.002135275816453986,tracking,0.49786680296570174,0,0,0
196,1.9600000000000015,1.501652717590332,1.8721085786819458,-0.0013749616919085383,0.3786826729774475,0.3787811785772215,-0.0017551028488010825,tracking,0.3787811785772215,-0.0017551028488010825,tracking,0.5016536082597564,0,1,1
197,1.9700000000000015,1.5054395198822021,1.8721028566360474,-0.0015619981568306684,0.3786873519420624,0.3787811785772215,-0.0017551028488010825,tracking,0.3787811785772215,-0.0017551028488010825,tracking,0.5054404148747714,0,0,0
198,1.9800000000000015,1.5092264413833618,1.8720966577529907,-0.001749037648551166,0.37869182229042053,0.3787811785772215,-0.0017551028488010825,tracking,0.3787811785772215,-0.0017551028488010825,tracking,0.5092273414494618,0,0,0
199,1.9900000000000015,1.5130133628845215,1.8720895051956177,-0.0019360785372555256,0.378696084022522,0.3787811785772215,-0.0017551028488010825,tracking,0.3787811785772215,-0.0017551028488010825,tracking,0.5130142697053207,0,0,0
200,2.0000000000000013,1.5168002843856812,1.872081995010376,-0.002123122336342931,0.3787001371383667,0.3787811785772215,-0.0017551028488010825,tracking,0.3787811785772215,-0.0017551028488010825,tracking,0.5168011986535356,0,0,0
201,2.010000000000001,1.52058744430542,1.8720735311508179,-0.0023101719561964273,0.3787328004837036,0.3793871932611788,0.0008824417039025373,tracking,0.3793871932611788,0.0008824417039025373,tracking,0.5205883680311307,0,1,1
202,2.020000000000001,1.5243749618530273,1.8720650672912598,-0.0021231011487543583,0.37876391410827637,0.3793871932611788,0.0008824417039025373,tracking,0.3793871932611788,0.0008824417039025373,tracking,0.5243758950357015,0,0,0
203,2.0300000000000007,1.5281627178192139,1.872057557106018,-0.001936020446009934,0.37879353761672974,0.3793871932611788,0.0008824417039025373,tracking,0.3793871932611788,0.0008824417039025373,tracking,0.5281636584473026,0,0,0
204,2.0400000000000005,1.531950831413269,1.872050404548645,-0.00174892065115273,0.3788217604160309,0.3793871932611788,0.0008824417039025373,tracking,0.3793871932611788,0.0008824417039025373,tracking,0.5319517787939314,0,0,0
205,2.0500000000000003,1.5357391834259033,1.8720442056655884,-0.0015618118923157454,0.3788486421108246,0.3793871932611788,0.0008824417039025373,tracking,0.3793871932611788,0.0008824417039025373,tracking,0.5357401358781806,0,0,0
206,2.06,1.5395278930664062,1.8720380067825317,-0.0017489449819549918,0.37889543175697327,0.37983285609197764,-0.0002406872275522295,tracking,0.37983285609197764,-0.0002406872275522295,tracking,0.5395288505898197,0,1,1
207,2.07,1.5433170795440674,1.8720308542251587,-0.001936093089170754,0.37894001603126526,0.37983285609197764,-0.0002406872275522295,tracking,0.37983285609197764,-0.0002406872275522295,tracking,0.5433180438181424,0,0,0
208,2.0799999999999996,1.5471067428588867,1.8720232248306274,-0.0021232699509710073,0.3789824843406677,0.37983285609197764,-0.0002406872275522295,tracking,0.37983285609197764,-0.0002406872275522295,tracking,0.5471077148127471,0,0,0
209,2.0899999999999994,1.5508967638015747,1.8720147609710693,-0.0023104604333639145,0.3790229260921478,0.37983285609197764,-0.0002406872275522295,tracking,0.37983285609197764,-0.0002406872275522295,tracking,0.5508977452061519,0,0,0
210,2.099999999999999,1.5546871423721313,1.872005820274353,-0.002497676992788911,0.37906143069267273,0.37983285609197764,-0.0002406872275522295,tracking,0.37983285609197764,-0.0002406872275522295,tracking,0.5546881343212946,0,0,0
211,2.109999999999999,1.558477520942688,1.8719959259033203,-0.0026848928537219763,0.3790188729763031,0.37883770418385293,0.0016737059752517753,tracking,0.37883770418385293,0.0016737059752517753,tracking,0.558478525805919,0,1,1
212,2.1199999999999988,1.562267541885376,1.8719860315322876,-0.002497702371329069,0.3789844214916229,0.37883770418385293,0.0016737059752517753,tracking,0.37883770418385293,0.0016737059752517753,tracking,0.5622685596638932,0,0,0
213,2.1299999999999986,1.5660572052001953,1.8719770908355713,-0.0023105221334844828,0.37895652651786804,0.37883770418385293,0.0016737059752517753,tracking,0.37883770418385293,0.0016737059752517753,tracking,0.5660582335252888,0,0,0
214,2.1399999999999983,1.5698466300964355,1.8719686269760132,-0.0021233586594462395,0.37893393635749817,0.37883770418385293,0.0016737059752517753,tracking,0.37883770418385293,0.0016737059752517753,tracking,0.5698476678737324,0,0,0
215,2.149999999999998,1.5736358165740967,1.871960997581482,-0.0019362019374966621,0.3789156377315521,0.37883770418385293,0.0016737059752517753,tracking,0.37883770418385293,0.0016737059752517753,tracking,0.5736368620321454,0,0,0
216,2.159999999999998,1.5774251222610474,1.8719538450241089,-0.0017490386962890625,0.3789536952972412,0.37971616169714134,0.0004087271561164438,tracking,0.37971616169714134,0.0004087271561164438,tracking,0.5774261744695453,0,1,1
217,2.1699999999999977,1.5812147855758667,1.8719476461410522,-0.001561863231472671,0.37898996472358704,0.37971616169714134,0.0004087271561164438,tracking,0.37971616169714134,0.0004087271561164438,tracking,0.5812158428542247,0,0,0
218,2.1799999999999975,1.5850048065185547,1.8719419240951538,-0.0013746643671765924,0.3790245056152344,0.37971616169714134,0.0004087271561164438,tracking,0.37971616169714134,0.0004087271561164438,tracking,0.5850058681163862,0,0,0
219,2.1899999999999973,1.5887951850891113,1.8719371557235718,-0.0011874544434249401,0.3790574073791504,0.37971616169714134,0.0004087271561164438,tracking,0.37971616169714134,0.0004087271561164438,tracking,0.5887962496862947,0,0,0
220,2.199999999999997,1.5925859212875366,1.871932864189148,-0.0010002233320847154,0.37908872961997986,0.37971616169714134,0.0004087271561164438,tracking,0.37971616169714134,0.0004087271561164438,tracking,0.5925869883139661,0,0,0
221,2.209999999999997,1.5963767766952515,1.8719295263290405,-0.0008129880880005658,0.37908267974853516,0.3790570014114802,-0.0013579179674685477,tracking,0.3790570014114802,-0.0013579179674685477,tracking,0.5963778451911788,0,1,1
222,2.2199999999999966,1.6001676321029663,1.871926188468933,-0.0010002198396250606,0.3790777921676636,0.3790570014114802,-0.0013579179674685477,tracking,0.3790570014114802,-0.0013579179674685477,tracking,0.6001687020683915,0,0,0
223,2.2299999999999964,1.6039583683013916,1.8719218969345093,-0.0011874500196427107,0.379073828458786,0.3790570014114802,-0.0013579179674685477,tracking,0.3790570014114802,-0.0013579179674685477,tracking,0.6039594406960628,0,0,0
224,2.239999999999996,1.607749104499817,1.8719171285629272,-0.0013746778713539243,0.3790706396102905,0.3790570014114802,-0.0013579179674685477,tracking,0.3790570014114802,-0.0013579179674685477,tracking,0.6077501798935571,0,0,0
225,2.249999999999996,1.6115398406982422,1.8719114065170288,-0.0015619047917425632,0.3790680468082428,0.3790570014114802,-0.0013579179674685477,tracking,0.3790570014114802,-0.0013579179674685477,tracking,0.6115409204106409,0,0,0
226,2.259999999999996,1.615330696105957,1.8719056844711304,-0.0013746701879426837,0.3790939152240753,0.37961199273875845,0.0005587304561878439,tracking,0.37961199273875845,0.0005587304561878439,tracking,0.6153317801368785,0,1,1
227,2.2699999999999956,1.619121789932251,1.8719009160995483,-0.0011874273186549544,0.37911856174468994,0.37961199273875845,0.0005587304561878439,tracking,0.37961199273875845,0.0005587304561878439,tracking,0.6191228769619584,0,0,0
228,2.2799999999999954,1.622913122177124,1.8718966245651245,-0.0010001686168834567,0.37914201617240906,0.37961199273875845,0.0005587304561878439,tracking,0.37961199273875845,0.0005587304561878439,tracking,0.6229142116356956,0,0,0
229,2.289999999999995,1.6267046928405762,1.871893286705017,-0.0008129024063237011,0.37916436791419983,0.37961199273875845,0.0005587304561878439,tracking,0.37961199273875845,0.0005587304561878439,tracking,0.6267057837683684,0,0,0
230,2.299999999999995,1.6304963827133179,1.8718904256820679,-0.0006256218184717,0.37918564677238464,0.37961199273875845,0.0005587304561878439,tracking,0.37961199273875845,0.0005587304561878439,tracking,0.6304974747205037,0,0,0
231,2.3099999999999947,1.6342873573303223,1.871888518333435,-0.0004383674240671098,0.3790051341056824,0.37823651588588075,-0.0025394171243317528,tracking,0.37823651588588075,-0.0025394171243317528,tracking,0.634288449817329,0,1,1
232,2.3199999999999945,1.638076663017273,1.8718866109848022,-0.0006255143089219928,0.3788589537143707,0.37823651588588075,-0.0025394171243317528,tracking,0.37823651588588075,-0.0025394171243317528,tracking,0.638077755984312,0,0,0
233,2.3299999999999943,1.6418646574020386,1.871883749961853,-0.0008126175962388515,0.3787405490875244,0.37823651588588075,-0.0025394171243317528,tracking,0.37823651588588075,-0.0025394171243317528,tracking,0.6418657514495243,0,0,0
234,2.339999999999994,1.6456515789031982,1.8718804121017456,-0.0009996503358706832,0.3786446750164032,0.37823651588588075,-0.0025394171243317528,tracking,0.37823651588588075,-0.0025394171243317528,tracking,0.6456526744217084,0,0,0
235,2.349999999999994,1.649437665939331,1.8718761205673218,-0.0011866545537486672,0.37856703996658325,0.37823651588588075,-0.0025394171243317528,tracking,0.37823651588588075,-0.0025394171243317528,tracking,0.6494387638900703,0,0,0
236,2.3599999999999937,1.6532235145568848,1.8718713521957397,-0.001373643521219492,0.3785986006259918,0.3792307127188848,-0.0011077736848059076,tracking,0.3792307127188848,-0.0011077736848059076,tracking,0.6532246155105648,0,1,1
237,2.3699999999999934,1.6570096015930176,1.8718656301498413,-0.0015606427332386374,0.378628671169281,0.3792307127188848,-0.0011077736848059076,tracking,0.3792307127188848,-0.0011077736848059076,tracking,0.6570107068706592,0,0,0
238,2.3799999999999932,1.660796046257019,1.8718594312667847,-0.0017476612702012062,0.3786573112010956,0.3792307127188848,-0.0011077736848059076,tracking,0.3792307127188848,-0.0011077736848059076,tracking,0.6607971566088303,0,0,0
239,2.389999999999993,1.6645827293395996,1.8718523979187012,-0.0019346890039741993,0.3786845803260803,0.3792307127188848,-0.0011077736848059076,tracking,0.3792307127188848,-0.0011077736848059076,tracking,0.6645838462232412,0,0,0
240,2.399999999999993,1.6683696508407593,1.8718448877334595,-0.0021217342000454664,0.37871053814888,0.3792307127188848,-0.0011077736848059076,tracking,0.3792307127188848,-0.0011077736848059076,tracking,0.668370775171456,0,0,0
241,2.4099999999999926,1.672156810760498,1.8718364238739014,-0.0023087861482053995,0.37872597575187683,0.3790350985019523,0.0013894581571887105,tracking,0.3790350985019523,0.0013894581571887105,tracking,0.6721579445490512,0,1,1
242,2.4199999999999924,1.6759440898895264,1.8718279600143433,-0.0021217241883277893,0.37874066829681396,0.3790350985019523,0.0013894581571887105,tracking,0.3790350985019523,0.0013894581571887105,tracking,0.6759452331356381,0,0,0
243,2.429999999999992,1.6797316074371338,1.8718204498291016,-0.001934657571837306,0.3787546753883362,0.3790350985019523,0.0013894581571887105,tracking,0.3790350985019523,0.0013894581571887105,tracking,0.6797327581291288,0,0,0
244,2.439999999999992,1.6835192441940308,1.871813416481018,-0.001747581991367042,0.3787679970264435,0.3790350985019523,0.0013894581571887105,tracking,0.3790350985019523,0.0013894581571887105,tracking,0.6835204014162115,0,0,0
245,2.4499999999999917,1.6873070001602173,1.8718072175979614,-0.0015605021035298705,0.37878069281578064,0.3790350985019523,0.0013894581571887105,tracking,0.3790350985019523,0.0013894581571887105,tracking,0.6873081624548111,0,0,0
246,2.4599999999999915,1.691094994544983,1.871801495552063,-0.001373402657918632,0.37882745265960693,0.3797639744482627,0.000339876794501673,tracking,0.3797639744482627,0.000339876794501673,tracking,0.6910961611613612,0,1,1
247,2.4699999999999913,1.6948834657669067,1.871796727180481,-0.001186288078315556,0.37887197732925415,0.3797639744482627,0.000339876794501673,tracking,0.3797639744482627,0.000339876794501673,tracking,0.694884635384147,0,0,0
248,2.479999999999991,1.6986724138259888,1.8717924356460571,-0.0009991449769586325,0.37891438603401184,0.3797639744482627,0.000339876794501673,tracking,0.3797639744482627,0.000339876794501673,tracking,0.6986735858736215,0,0,0
249,2.489999999999991,1.7024617195129395,1.8717890977859497,-0.0008119881968013942,0.37895479798316956,0.3797639744482627,0.000339876794501673,tracking,0.3797639744482627,0.000339876794501673,tracking,0.702462893030671,0,0,0
250,2.4999999999999907,1.7062515020370483,1.8717862367630005,-0.0006248054560273886,0.37899327278137207,0.3797639744482627,0.000339876794501673,tracking,0.3797639744482627,0.000339876794501673,tracking,0.7062526766347167,0,0,0
251,2.5099999999999905,1.7100409269332886,1.8717843294143677,-0.0004376323486212641,0.37889614701271057,0.37848267062215313,-0.002184954304099497,tracking,0.37848267062215313,-0.002184954304099497,tracking,0.7100421020109742,0,1,1
252,2.5199999999999902,1.713829517364502,1.8717824220657349,-0.0006247476558201015,0.37881749868392944,0.37848267062215313,-0.002184954304099497,tracking,0.37848267062215313,-0.002184954304099497,tracking,0.7138306929223105,0,0,0
253,2.52999999999999,1.717617392539978,1.8717795610427856,-0.0008118394762277603,0.37875381112098694,0.37848267062215313,-0.002184954304099497,tracking,0.37848267062215313,-0.002184954304099497,tracking,0.7176185691782672,0,0,0
254,2.53999999999999,1.7214046716690063,1.8717762231826782,-0.0009988934034481645,0.3787022531032562,0.37848267062215313,-0.002184954304099497,tracking,0.37848267062215313,-0.002184954304099497,tracking,0.721405849778181,0,0,0
255,2.5499999999999896,1.7251914739608765,1.8717719316482544,-0.0011859319638460875,0.37866050004959106,0.37848267062215313,-0.002184954304099497,tracking,0.37848267062215313,-0.002184954304099497,tracking,0.7251926545018208,0,0,0
256,2.5599999999999894,1.7289782762527466,1.8717671632766724,-0.0013729737838730216,0.37871232628822327,0.37975016666250766,-0.0003597600059889851,tracking,0.37975016666250766,-0.0003597600059889851,tracking,0.7289794597958754,0,1,1
257,2.569999999999989,1.7327656745910645,1.871761441230774,-0.001560032251290977,0.3787616789340973,0.37975016666250766,-0.0003597600059889851,tracking,0.37975016666250766,-0.0003597600059889851,tracking,0.7327668624566579,0,0,0
258,2.579999999999989,1.7365535497665405,1.8717552423477173,-0.0017471225000917912,0.3788086771965027,0.37975016666250766,-0.0003597600059889851,tracking,0.37975016666250766,-0.0003597600059889851,tracking,0.7365547427043874,0,0,0
259,2.5899999999999888,1.7403419017791748,1.8717482089996338,-0.0019342278828844428,0.378853440284729,0.37975016666250766,-0.0003597600059889851,tracking,0.37975016666250766,-0.0003597600059889851,tracking,0.7403431012459744,0,0,0
260,2.5999999999999885,1.7441306114196777,1.871740698814392,-0.002121361903846264,0.3788960874080658,0.37975016666250766,-0.0003597600059889851,tracking,0.37975016666250766,-0.0003597600059889851,tracking,0.7441318183300177,0,0,0
261,2.6099999999999883,1.7479195594787598,1.871732234954834,-0.0023085048887878656,0.3789066672325134,0.3791186014552275,0.0012692139044724006,tracking,0.3791186014552275,0.0012692139044724006,tracking,0.7479207758424926,0,1,1
262,2.619999999999988,1.7517086267471313,1.8717237710952759,-0.002121355151757598,0.37891674041748047,0.3791186014552275,0.0012692139044724006,tracking,0.3791186014552275,0.0012692139044724006,tracking,0.7517098525639596,0,0,0
263,2.629999999999988,1.7554978132247925,1.8717162609100342,-0.0019342022715136409,0.3789263367652893,0.3791186014552275,0.0012692139044724006,tracking,0.3791186014552275,0.0012692139044724006,tracking,0.7554990464842245,0,0,0
264,2.6399999999999877,1.7592871189117432,1.8717092275619507,-0.001747043221257627,0.37893548607826233,0.3791186014552275,0.0012692139044724006,tracking,0.3791186014552275,0.0012692139044724006,tracking,0.7592883586984848,0,0,0
265,2.6499999999999875,1.7630765438079834,1.871703028678894,-0.0015598812606185675,0.37894418835639954,0.3791186014552275,0.0012692139044724006,tracking,0.3791186014552275,0.0012692139044724006,tracking,0.763077788664904,0,0,0
266,2.6599999999999873,1.7668662071228027,1.8716973066329956,-0.0013727018376812339,0.37898850440979004,0.37987637552585946,0.00017801924276242796,tracking,0.37987637552585946,0.00017801924276242796,tracking,0.7668674562996046,0,1,1
267,2.669999999999987,1.7706563472747803,1.8716925382614136,-0.0011855082120746374,0.3790307343006134,0.37987637552585946,0.00017801924276242796,tracking,0.37987637552585946,0.00017801924276242796,tracking,0.7706575994511228,0,0,0
268,2.679999999999987,1.7744468450546265,1.8716882467269897,-0.0009982873452827334,0.3790709376335144,0.37987637552585946,0.00017801924276242796,tracking,0.37987637552585946,0.00017801924276242796,tracking,0.7744480996603678,0,0,0
269,2.6899999999999866,1.7782377004623413,1.8716849088668823,-0.0008110536145977676,0.3791092336177826,0.37987637552585946,0.00017801924276242796,tracking,0.37987637552585946,0.00017801924276242796,tracking,0.7782389565375805,0,0,0
270,2.6999999999999864,1.7820290327072144,1.871682047843933,-0.0006237952620722353,0.37914571166038513,0.37987637552585946,0.00017801924276242796,tracking,0.37987637552585946,0.00017801924276242796,tracking,0.7820302898619489,0,0,0
271,2.709999999999986,1.7858198881149292,1.8716801404953003,-0.00043655233457684517,0.37901541590690613,0.378460711909077,-0.0022165748509291355,tracking,0.378460711909077,-0.0022165748509291355,tracking,0.7858211457494998,0,1,1
272,2.719999999999986,1.7896095514297485,1.8716782331466675,-0.0006237176712602377,0.3789099156856537,0.378460711909077,-0.0022165748509291355,tracking,0.378460711909077,-0.0022165748509291355,tracking,0.7896108095443062,0,0,0
273,2.7299999999999858,1.7933982610702515,1.8716753721237183,-0.000810851575806737,0.37882447242736816,0.378460711909077,-0.0022165748509291355,tracking,0.378460711909077,-0.0022165748509291355,tracking,0.7933995202650517,0,0,0
274,2.7399999999999856,1.7971861362457275,1.8716720342636108,-0.0009979346068575978,0.37875527143478394,0.378460711909077,-0.0022165748509291355,tracking,0.378460711909077,-0.0022165748509291355,tracking,0.7971873969111818,0,0,0
275,2.7499999999999853,1.8009734153747559,1.871667742729187,-0.0011849969159811735,0.37869924306869507,0.378460711909077,-0.0022165748509291355,tracking,0.378460711909077,-0.0022165748509291355,tracking,0.8009746784716736,0,0,0
276,2.759999999999985,1.8047606945037842,1.8716634511947632,-0.000997934490442276,0.37875545024871826,0.3798812377704139,0.0001710176106040403,tracking,0.3798812377704139,0.0001710176106040403,tracking,0.8047619600321654,0,1,1
277,2.769999999999985,1.8085485696792603,1.8716601133346558,-0.0008108540787361562,0.37880897521972656,0.3798812377704139,0.0001710176106040403,tracking,0.3798812377704139,0.0001710176106040403,tracking,0.8085498366782955,0,0,0
278,2.7799999999999847,1.8123369216918945,1.8716572523117065,-0.0006237392080947757,0.3788599669933319,0.3798812377704139,0.0001710176106040403,tracking,0.3798812377704139,0.0001710176106040403,tracking,0.8123381897712744,0,0,0
279,2.7899999999999845,1.816125750541687,1.8716553449630737,-0.000436607951996848,0.37890851497650146,0.3798812377704139,0.0001710176106040403,tracking,0.3798812377704139,0.0001710176106040403,tracking,0.8161270191011596,0,0,0
280,2.7999999999999843,1.8199150562286377,1.8716539144515991,-0.0002494454965926707,0.37895476818084717,0.3798812377704139,0.0001710176106040403,tracking,0.3798812377704139,0.0001710176106040403,tracking,0.8199163250581285,0,0,0
281,2.809999999999984,1.8237041234970093,1.871653437614441,-6.229257269296795e-05,0.3788505792617798,0.3784069416190508,-0.0022940040685668337,tracking,0.3784069416190508,-0.0022940040685668337,tracking,0.823705392356504,0,1,1
282,2.819999999999984,1.8274922370910645,1.8716529607772827,-0.0002493834763299674,0.3787662088871002,0.3784069416190508,-0.0022940040685668337,tracking,0.3784069416190508,-0.0022940040685668337,tracking,0.8274935059805706,0,0,0
283,2.8299999999999836,1.8312795162200928,1.871651530265808,-0.00043644921970553696,0.37869787216186523,0.3784069416190508,-0.0022940040685668337,tracking,0.3784069416190508,-0.0022940040685668337,tracking,0.8312807853797616,0,0,0
284,2.8399999999999834,1.8350661993026733,1.8716496229171753,-0.0006234742468222976,0.3786425292491913,0.3784069416190508,-0.0022940040685668337,tracking,0.3784069416190508,-0.0022940040685668337,tracking,0.835067468942707,0,0,0
285,2.849999999999983,1.8388524055480957,1.871646761894226,-0.0008104827720671892,0.3785977065563202,0.3784069416190508,-0.0022940040685668337,tracking,0.3784069416190508,-0.0022940040685668337,tracking,0.8388536762690862,0,0,0
286,2.859999999999983,1.842638611793518,1.8716434240341187,-0.0009974880376830697,0.3786328136920929,0.3793359631098939,-0.0009562131217527763,tracking,0.3793359631098939,-0.0009562131217527763,tracking,0.8426398839858109,0,1,1
287,2.869999999999983,1.8464250564575195,1.8716391324996948,-0.0011845045955851674,0.3786662518978119,0.3793359631098939,-0.0009562131217527763,tracking,0.3793359631098939,-0.0009562131217527763,tracking,0.8464263310818118,0,0,0
288,2.8799999999999826,1.8502118587493896,1.8716343641281128,-0.001371542690321803,0.37869811058044434,0.3793359631098939,-0.0009562131217527763,tracking,0.3793359631098939,-0.0009562131217527763,tracking,0.8502131363758664,0,0,0
289,2.8899999999999824,1.8539990186691284,1.8716286420822144,-0.0015585910296067595,0.378728449344635,0.3793359631098939,-0.0009562131217527763,tracking,0.3793359631098939,-0.0009562131217527763,tracking,0.8540003006183419,0,0,0
290,2.899999999999982,1.8577864170074463,1.8716225624084473,-0.001745658926665783,0.3787573277950287,0.3793359631098939,-0.0009562131217527763,tracking,0.3793359631098939,-0.0009562131217527763,tracking,0.8577877038363168,0,0,0
291,2.909999999999982,1.8615741729736328,1.8716155290603638,-0.0019327374175190926,0.37879279255867004,0.3795029368990224,0.0007157708654077022,tracking,0.3795029368990224,0.0007157708654077022,tracking,0.8615754663324834,0,1,1
292,2.9199999999999817,1.865362286567688,1.8716084957122803,-0.0017456362256780267,0.3788265585899353,0.3795029368990224,0.0007157708654077022,tracking,0.3795029368990224,0.0007157708654077022,tracking,0.8653635864559023,0,0,0
293,2.9299999999999815,1.8691507577896118,1.8716022968292236,-0.0015585242072120309,0.3788587152957916,0.3795029368990224,0.0007157708654077022,tracking,0.3795029368990224,0.0007157708654077022,tracking,0.8691520627492815,0,0,0
294,2.9399999999999813,1.8729394674301147,1.8715965747833252,-0.00137139146681875,0.3788893520832062,0.3795029368990224,0.0007157708654077022,tracking,0.3795029368990224,0.0007157708654077022,tracking,0.872940776710753,0,0,0
295,2.949999999999981,1.8767285346984863,1.8715918064117432,-0.0011842489475384355,0.37891852855682373,0.3795029368990224,0.0007157708654077022,tracking,0.3795029368990224,0.0007157708654077022,tracking,0.8767298469795145,0,0,0
296,2.959999999999981,1.880517840385437,1.8715870380401611,-0.0013714112574234605,0.37894901633262634,0.37955988061390006,-0.0006337719159839614,tracking,0.37955988061390006,-0.0006337719159839614,tracking,0.8805191556666664,0,1,1
297,2.9699999999999807,1.8843075037002563,1.8715813159942627,-0.001558583346195519,0.37897807359695435,0.37955988061390006,-0.0006337719159839614,tracking,0.37955988061390006,-0.0006337719159839614,tracking,0.884308823301367,0,0,0
298,2.9799999999999804,1.8880974054336548,1.871575117111206,-0.0017457740614190698,0.3790057301521301,0.37955988061390006,-0.0006337719159839614,tracking,0.37955988061390006,-0.0006337719159839614,tracking,0.8880987301043065,0,0,0
299,2.9899999999999802,1.8918875455856323,1.8715680837631226,-0.0019329737406224012,0.37903207540512085,0.37955988061390006,-0.0006337719159839614,tracking,0.37955988061390006,-0.0006337719159839614,tracking,0.8918888767821566,0,0,0
300,2.99999999999998,1.8956780433654785,1.8715605735778809,-0.0021201903000473976,0.3790571689605713,0.37955988061390006,-0.0006337719159839614,tracking,0.37955988061390006,-0.0006337719159839614,tracking,0.8956793820020318,0,0,0
301,3.00999999999998,1.8994685411453247,1.8715521097183228,-0.0023074091877788305,0.3790464699268341,0.3790008917267613,0.0014387159134636928,tracking,0.3790008917267613,0.0014387159134636928,tracking,0.8994698892314059,0,1,1
302,3.0199999999999796,1.9032589197158813,1.8715436458587646,-0.0021201965864747763,0.3790377974510193,0.3790008917267613,0.0014387159134636928,tracking,0.3790008917267613,0.0014387159134636928,tracking,0.9032602772517877,0,0,0
303,3.0299999999999794,1.907049298286438,1.871536135673523,-0.001932986662723124,0.3790307939052582,0.3790008917267613,0.0014387159134636928,tracking,0.3790008917267613,0.0014387159134636928,tracking,0.9070506632626074,0,0,0
304,3.039999999999979,1.910839557647705,1.8715291023254395,-0.0017457809299230576,0.37902510166168213,0.3790008917267613,0.0014387159134636928,tracking,0.3790008917267613,0.0014387159134636928,tracking,0.9108409291495417,0,0,0
305,3.049999999999979,1.9146298170089722,1.8715229034423828,-0.0015585768269374967,0.3790205121040344,0.3790008917267613,0.0014387159134636928,tracking,0.3790008917267613,0.0014387159134636928,tracking,0.9146311935798717,0,0,0
306,3.0599999999999787,1.9184200763702393,1.8715171813964844,-0.001371370512060821,0.37903207540512085,0.3792636021964807,0.001060412837067825,tracking,0.3792636021964807,0.001060412837067825,tracking,0.9184214572603406,0,1,1
307,3.0699999999999785,1.922210454940796,1.8715124130249023,-0.001184160471893847,0.3790430724620819,0.3792636021964807,0.001060412837067825,tracking,0.3792636021964807,0.001060412837067825,tracking,0.9222118388302492,0,0,0
308,3.0799999999999783,1.926000952720642,1.8715081214904785,-0.0009969433303922415,0.3790535628795624,0.3792636021964807,0.001060412837067825,tracking,0.3792636021964807,0.001060412837067825,tracking,0.9260023390394941,0,0,0
309,3.089999999999978,1.9297915697097778,1.871504783630371,-0.000809722812846303,0.37906354665756226,0.3792636021964807,0.001060412837067825,tracking,0.3792636021964807,0.001060412837067825,tracking,0.9297929574982202,0,0,0
310,3.099999999999978,1.9335823059082031,1.8715019226074219,-0.000622495892457664,0.37907305359840393,0.3792636021964807,0.001060412837067825,tracking,0.3792636021964807,0.001060412837067825,tracking,0.9335836947763106,0,0,0
311,3.1099999999999777,1.9373728036880493,1.871500015258789,-0.0004352764808572829,0.3790178596973419,0.3787829185845715,-0.0017525972382170063,tracking,0.3787829185845715,-0.0017525972382170063,tracking,0.9373741930360382,0,1,1
312,3.1199999999999775,1.9411627054214478,1.8714981079101562,-0.0006224630633369088,0.37897318601608276,0.3787829185845715,-0.0017525972382170063,tracking,0.3787829185845715,-0.0017525972382170063,tracking,0.9411640952493935,0,0,0
313,3.1299999999999772,1.9449522495269775,1.871495246887207,-0.0008096363162621856,0.3789370059967041,0.3787829185845715,-0.0017525972382170063,tracking,0.3787829185845715,-0.0017525972382170063,tracking,0.944953640434928,0,0,0
314,3.139999999999977,1.9487414360046387,1.8714919090270996,-0.0009967880323529243,0.378907710313797,0.3787829185845715,-0.0017525972382170063,tracking,0.3787829185845715,-0.0017525972382170063,tracking,0.9487428283827343,0,0,0
315,3.149999999999977,1.9525303840637207,1.8714876174926758,-0.001183931017294526,0.3788839876651764,0.3787829185845715,-0.0017525972382170063,tracking,0.3787829185845715,-0.0017525972382170063,tracking,0.9525317788722087,0,0,0
316,3.1599999999999766,1.9563194513320923,1.8714828491210938,-0.0013710811035707593,0.37892934679985046,0.37983780509036086,-0.00023356066988040446,tracking,0.37983780509036086,-0.00023356066988040446,tracking,0.9563208491409703,0,1,1
317,3.1699999999999764,1.960108995437622,1.8714771270751953,-0.0015582457417622209,0.37897253036499023,0.37983780509036086,-0.00023356066988040446,tracking,0.37983780509036086,-0.00023356066988040446,tracking,0.9601103975665172,0,0,0
318,3.179999999999976,1.9638988971710205,1.8714709281921387,-0.001745438203215599,0.37901368737220764,0.37983780509036086,-0.00023356066988040446,tracking,0.37983780509036086,-0.00023356066988040446,tracking,0.9639003043694567,0,0,0
319,3.189999999999976,1.9676892757415771,1.8714638948440552,-0.0019326438196003437,0.37905287742614746,0.37983780509036086,-0.00023356066988040446,tracking,0.37983780509036086,-0.00023356066988040446,tracking,0.9676906894654753,0,0,0
320,3.1999999999999758,1.9714800119400024,1.8714563846588135,-0.002119874581694603,0.37909018993377686,0.37983780509036086,-0.00023356066988040446,tracking,0.37983780509036086,-0.00023356066988040446,tracking,0.9714814331034617,0,0,0
321,3.2099999999999755,1.9752702713012695,1.8714479207992554,-0.0023070918396115303,0.3789697587490082,0.37845702071152654,0.0022218901754018174,tracking,0.37845702071152654,0.0022218901754018174,tracking,0.9752717019148511,0,1,1
322,3.2199999999999753,1.9790594577789307,1.8714394569396973,-0.002119946526363492,0.37887224555015564,0.37845702071152654,0.0022218901754018174,tracking,0.37845702071152654,0.0022218901754018174,tracking,0.9790608978453104,0,0,0
323,3.229999999999975,1.982847809791565,1.8714319467544556,-0.0019328302005305886,0.37879326939582825,0.37845702071152654,0.0022218901754018174,tracking,0.37845702071152654,0.0022218901754018174,tracking,0.9828492573021878,0,0,0
324,3.239999999999975,1.986635446548462,1.871424913406372,-0.0017457609064877033,0.37872931361198425,0.37845702071152654,0.0022218901754018174,tracking,0.37845702071152654,0.0022218901754018174,tracking,0.9866369005892704,0,0,0
325,3.2499999999999747,1.9904224872589111,1.871418833732605,-0.0015587107045575976,0.37867751717567444,0.37845702071152654,0.0022218901754018174,tracking,0.37845702071152654,0.0022218901754018174,tracking,0.9904239461798374,0,0,0
326,3.2599999999999745,1.9942094087600708,1.8714131116867065,-0.0013716655084863305,0.378713995218277,0.37944435099691026,0.0008001345644492392,tracking,0.37944435099691026,0.0008001345644492392,tracking,0.9942108720040059,0,1,1
327,3.2699999999999743,1.9979966878890991,1.8714083433151245,-0.0011846086708828807,0.37874871492385864,0.37944435099691026,0.0008001345644492392,tracking,0.37944435099691026,0.0008001345644492392,tracking,0.9979981541348408,0,0,0
328,3.279999999999974,2.001784324645996,1.8714040517807007,-0.00099752948153764,0.378781795501709,0.37944435099691026,0.0008001345644492392,tracking,0.37944435099691026,0.0008001345644492392,tracking,1.0017857933229717,0,0,0
329,3.289999999999974,2.0055723190307617,1.8714007139205933,-0.0008104396401904523,0.3788132965564728,0.37944435099691026,0.0008001345644492392,tracking,0.37944435099691026,0.0008001345644492392,tracking,1.0055737891783452,0,0,0
330,3.2999999999999736,2.0093605518341064,1.871397852897644,-0.0006233295425772667,0.3788433074951172,0.37944435099691026,0.0008001345644492392,tracking,0.37944435099691026,0.0008001345644492392,tracking,1.0093620230620686,0,0,0
331,3.3099999999999734,2.0131490230560303,1.8713959455490112,-0.0004362122854217887,0.37885695695877075,0.37913059382193187,-0.0012519448964181121,tracking,0.37913059382193187,-0.0012519448964181121,tracking,1.0131504947641305,0,1,1
332,3.319999999999973,2.016937732696533,1.8713940382003784,-0.0006233383901417255,0.3788699805736542,0.37913059382193187,-0.0012519448964181121,tracking,0.37913059382193187,-0.0012519448964181121,tracking,1.0169392048847414,0,0,0
333,3.329999999999973,2.020726442337036,1.8713911771774292,-0.0008104686858132482,0.37888237833976746,0.37913059382193187,-0.0012519448964181121,tracking,0.37913059382193187,-0.0012519448964181121,tracking,1.020727915605487,0,0,0
334,3.3399999999999728,2.024515390396118,1.8713878393173218,-0.000997606897726655,0.378894180059433,0.37913059382193187,-0.0012519448964181121,tracking,0.37913059382193187,-0.0012519448964181121,tracking,1.0245168651348067,0,0,0
335,3.3499999999999726,2.0283043384552,1.871383547782898,-0.0011847489513456821,0.37890541553497314,0.37913059382193187,-0.0012519448964181121,tracking,0.37913059382193187,-0.0012519448964181121,tracking,1.0283058156242812,0,0,0
336,3.3599999999999723,2.0320935249328613,1.871378779411316,-0.0013719103299081326,0.3789529800415039,0.3799057277158346,-0.00013575208919821766,tracking,0.3799057277158346,-0.00013575208919821766,tracking,1.032095005102238,0,1,1
337,3.369999999999972,2.0358831882476807,1.8713730573654175,-0.0015590870752930641,0.3789982795715332,0.3799057277158346,-0.00013575208919821766,tracking,0.3799057277158346,-0.00013575208919821766,tracking,1.0358846727369384,0,0,0
338,3.379999999999972,2.039673328399658,1.8713668584823608,-0.0017462929245084524,0.3790414333343506,0.3799057277158346,-0.00013575208919821766,tracking,0.3799057277158346,-0.00013575208919821766,tracking,1.039674817958138,0,0,0
339,3.3899999999999717,2.043463945388794,1.8713598251342773,-0.0019335126271471381,0.3790825307369232,0.3799057277158346,-0.00013575208919821766,tracking,0.3799057277158346,-0.00013575208919821766,tracking,1.0434654414723255,0,0,0
340,3.3999999999999715,2.047255039215088,1.8713523149490356,-0.0021207586396485567,0.37912166118621826,0.3799057277158346,-0.00013575208919821766,tracking,0.3799057277158346,-0.00013575208919821766,tracking,1.0472565427374787,0,0,0
341,3.4099999999999713,2.0510454177856445,1.8713438510894775,-0.00230798521079123,0.37896454334259033,0.3782955879586383,0.00245435333956078,tracking,0.3782955879586383,0.00245435333956078,tracking,1.0510469307578605,0,1,1
342,3.419999999999971,2.0548343658447266,1.8713353872299194,-0.0021208522375673056,0.37883731722831726,0.3782955879586383,0.00245435333956078,tracking,0.3782955879586383,0.00245435333956078,tracking,1.0548358882703355,0,0,0
343,3.429999999999971,2.058622121810913,1.8713278770446777,-0.0019337570993229747,0.378734290599823,0.3782955879586383,0.00245435333956078,tracking,0.3782955879586383,0.00245435333956078,tracking,1.0586236516819365,0,0,0
344,3.4399999999999706,2.062408924102783,1.8713208436965942,-0.0017467234283685684,0.37865084409713745,0.3782955879586383,0.00245435333956078,tracking,0.3782955879586383,0.00245435333956078,tracking,1.0624104605054312,0,0,0
345,3.4499999999999704,2.066195011138916,1.8713146448135376,-0.0015597145538777113,0.37858328223228455,0.3782955879586383,0.00245435333956078,tracking,0.3782955879586383,0.00245435333956078,tracking,1.066196552616213,0,0,0
346,3.45999999999997,2.069981098175049,1.8713089227676392,-0.0013727167388424277,0.378617525100708,0.3793035355558709,0.0010029087995459176,tracking,0.3793035355558709,0.0010029087995459176,tracking,1.0699826439763074,0,1,1
347,3.46999999999997,2.0737674236297607,1.8713041543960571,-0.0011857078643515706,0.37865015864372253,0.3793035355558709,0.0010029087995459176,tracking,0.3793035355558709,0.0010029087995459176,tracking,1.073768972433582,0,0,0
348,3.47999999999997,2.0775539875030518,1.8712998628616333,-0.0009986780351027846,0.3786812126636505,0.3793035355558709,0.0010029087995459176,tracking,0.3793035355558709,0.0010029087995459176,tracking,1.0775555387387956,0,0,0
349,3.4899999999999696,2.081341028213501,1.8712965250015259,-0.0008116381941363215,0.3787108063697815,0.3793035355558709,0.0010029087995459176,tracking,0.3793035355558709,0.0010029087995459176,tracking,1.0813425809202228,0,0,0
350,3.4999999999999694,2.0851283073425293,1.8712936639785767,-0.0006245793192647398,0.37873899936676025,0.3793035355558709,0.0010029087995459176,tracking,0.3793035355558709,0.0010029087995459176,tracking,1.0851298611299018,0,0,0
351,3.509999999999969,2.0889158248901367,1.8712917566299438,-0.00043751264456659555,0.3787582814693451,0.3791442954680659,-0.0012322145259851037,tracking,0.3791442954680659,-0.0012322145259851037,tracking,1.0889173791577682,0,1,1
352,3.519999999999969,2.0927035808563232,1.871289849281311,-0.0006245917757041752,0.3787766396999359,0.3791442954680659,-0.0012322145259851037,tracking,0.3791442954680659,-0.0012322145259851037,tracking,1.0927051356041835,0,0,0
353,3.5299999999999687,2.0964913368225098,1.8712869882583618,-0.0008116767858155072,0.3787941336631775,0.3791442954680659,-0.0012322145259851037,tracking,0.3791442954680659,-0.0012322145259851037,tracking,1.0964928926508846,0,0,0
354,3.5399999999999685,2.1002793312072754,1.8712836503982544,-0.0009987730300053954,0.3788107931613922,0.3791442954680659,-0.0012322145259851037,tracking,0.3791442954680659,-0.0012322145259851037,tracking,1.100280888506258,0,0,0
355,3.5499999999999683,2.10406756401062,1.8712793588638306,-0.0011858746875077486,0.37882664799690247,0.3791442954680659,-0.0012322145259851037,tracking,0.3791442954680659,-0.0012322145259851037,tracking,1.104069123740454,0,0,0
356,3.559999999999968,2.107856035232544,1.8712745904922485,-0.0013729962520301342,0.37887126207351685,0.37976512177788513,-0.0003382246398454551,tracking,0.37976512177788513,-0.0003382246398454551,tracking,1.10785759796324,0,1,1
357,3.569999999999968,2.111644983291626,1.87126886844635,-0.0015601321356371045,0.3789137601852417,0.37976512177788513,-0.0003382246398454551,tracking,0.37976512177788513,-0.0003382246398454551,tracking,1.1116465503430186,0,0,0
358,3.5799999999999677,2.115434408187866,1.8712626695632935,-0.0017472953768447042,0.3789542317390442,0.37976512177788513,-0.0003382246398454551,tracking,0.37976512177788513,-0.0003382246398454551,tracking,1.1154359803094378,0,0,0
359,3.5899999999999674,2.1192240715026855,1.8712555170059204,-0.0019344715401530266,0.37899279594421387,0.37976512177788513,-0.0003382246398454551,tracking,0.37976512177788513,-0.0003382246398454551,tracking,1.1192256503740694,0,0,0
360,3.5999999999999672,2.123014211654663,1.8712480068206787,-0.002121672499924898,0.3790295124053955,0.37976512177788513,-0.0003382246398454551,tracking,0.37976512177788513,-0.0003382246398454551,tracking,1.123015797966778,0,0,0
361,3.609999999999967,2.1268038749694824,1.8712395429611206,-0.0023088559973984957,0.3788858652114868,0.3782742397503919,0.0024850947594356235,tracking,0.3782742397503919,0.0024850947594356235,tracking,1.126805470733206,0,1,1
362,3.619999999999967,2.130592107772827,1.8712310791015625,-0.0021217581816017628,0.37876954674720764,0.3782742397503919,0.0024850947594356235,tracking,0.3782742397503919,0.0024850947594356235,tracking,1.1305937129917285,0,0,0
363,3.6299999999999666,2.1343793869018555,1.8712235689163208,-0.0019346950575709343,0.37867534160614014,0.3782742397503919,0.0024850947594356235,tracking,0.3782742397503919,0.0024850947594356235,tracking,1.1343809995671088,0,0,0
364,3.6399999999999664,2.1381657123565674,1.8712165355682373,-0.0017476881621405482,0.37859904766082764,0.3782742397503919,0.0024850947594356235,tracking,0.3782742397503919,0.0024850947594356235,tracking,1.138167331554268,0,0,0
365,3.649999999999966,2.141951322555542,1.8712103366851807,-0.0015607039676979184,0.37853726744651794,0.3782742397503919,0.0024850947594356235,tracking,0.3782742397503919,0.0024850947594356235,tracking,1.1419529468285308,0,0,0
366,3.659999999999966,2.1457369327545166,1.8712046146392822,-0.0013737265253439546,0.37857845425605774,0.3794031807591703,0.000859419706794754,tracking,0.3794031807591703,0.000859419706794754,tracking,1.1457385613520117,0,1,1
367,3.6699999999999657,2.1495230197906494,1.8711998462677002,-0.0011867358116433024,0.37861767411231995,0.3794031807591703,0.000859419706794754,tracking,0.3794031807591703,0.000859419706794754,tracking,1.149524651390896,0,0,0
368,3.6799999999999655,2.1533093452453613,1.8711955547332764,-0.0009997199522331357,0.37865501642227173,0.3794031807591703,0.000859419706794754,tracking,0.3794031807591703,0.000859419706794754,tracking,1.153310979277684,0,0,0
369,3.6899999999999653,2.1570961475372314,1.871192216873169,-0.0008126921020448208,0.37869060039520264,0.3794031807591703,0.000859419706794754,tracking,0.3794031807591703,0.000859419706794754,tracking,1.1570977830406248,0,0,0
370,3.699999999999965,2.1608831882476807,1.8711893558502197,-0.000625641318038106,0.37872448563575745,0.3794031807591703,0.000859419706794754,tracking,0.3794031807591703,0.000859419706794754,tracking,1.1608848248317927,0,0,0
371,3.709999999999965,2.164670467376709,1.871187448501587,-0.0004385802894830704,0.37875303626060486,0.3793250826563042,-0.0009718809749219058,tracking,0.3793250826563042,-0.0009718809749219058,tracking,1.1646721044411101,0,1,1
372,3.7199999999999647,2.1684582233428955,1.871185541152954,-0.0006256597698666155,0.3787802457809448,0.3793250826563042,-0.0009718809749219058,tracking,0.3793250826563042,-0.0009718809749219058,tracking,1.1684598608875254,0,0,0
373,3.7299999999999645,2.172246217727661,1.8711826801300049,-0.0008127479231916368,0.37880614399909973,0.3793250826563042,-0.0009718809749219058,tracking,0.3793250826563042,-0.0009718809749219058,tracking,1.1722478563527376,0,0,0
374,3.7399999999999642,2.176034450531006,1.8711793422698975,-0.0009998527821153402,0.37883082032203674,0.3793250826563042,-0.0009718809749219058,tracking,0.3793250826563042,-0.0009718809749219058,tracking,1.1760360906265976,0,0,0
375,3.749999999999964,2.1798229217529297,1.8711750507354736,-0.001186965499073267,0.37885433435440063,0.3793250826563042,-0.0009718809749219058,tracking,0.3793250826563042,-0.0009718809749219058,tracking,1.1798245642792198,0,0,0
376,3.759999999999964,2.1836116313934326,1.8711702823638916,-0.0013740996364504099,0.37889569997787476,0.37972451141040586,-0.0003967035690155933,tracking,0.37972451141040586,-0.0003967035690155933,tracking,1.1836132769203958,0,1,1
377,3.7699999999999636,2.1874008178710938,1.8711645603179932,-0.001561247045174241,0.3789350986480713,0.37972451141040586,-0.0003967035690155933,tracking,0.37972451141040586,-0.0003967035690155933,tracking,1.1874024677184818,0,0,0
378,3.7799999999999634,2.191190242767334,1.8711583614349365,-0.0017484198324382305,0.3789726495742798,0.37972451141040586,-0.0003967035690155933,tracking,0.37972451141040586,-0.0003967035690155933,tracking,1.191191897684901,0,0,0
379,3.789999999999963,2.1949801445007324,1.8711512088775635,-0.00193560472689569,0.379008412361145,0.37972451141040586,-0.0003967035690155933,tracking,0.37972451141040586,-0.0003967035690155933,tracking,1.194981806167687,0,0,0
380,3.799999999999963,2.19877028465271,1.8711435794830322,-0.0021228124387562275,0.37904247641563416,0.37972451141040586,-0.0003967035690155933,tracking,0.37972451141040586,-0.0003967035690155933,tracking,1.1987719539984836,0,0,0
381,3.8099999999999627,2.2025599479675293,1.8711351156234741,-0.0023099996615201235,0.37888333201408386,0.3782057325126879,0.002583745181729387,tracking,0.3782057325126879,0.002583745181729387,tracking,1.2025616267649115,0,1,1
382,3.8199999999999625,2.206348180770874,1.871126651763916,-0.0021229072008281946,0.37875446677207947,0.3782057325126879,0.002583745181729387,tracking,0.3782057325126879,0.002583745181729387,tracking,1.206349869023434,0,0,0
383,3.8299999999999623,2.2101352214813232,1.8711191415786743,-0.0019358532736077905,0.37865009903907776,0.3782057325126879,0.002583745181729387,tracking,0.3782057325126879,0.002583745181729387,tracking,1.210136917180704,0,0,0
384,3.839999999999962,2.213921308517456,1.8711119890213013,-0.001748861512169242,0.37856557965278625,0.3782057325126879,0.002583745181729387,tracking,0.3782057325126879,0.002583745181729387,tracking,1.2139230109730248,0,0,0
385,3.849999999999962,2.2177066802978516,1.8711057901382446,-0.001561894896440208,0.3784971535205841,0.3782057325126879,0.002583745181729387,tracking,0.3782057325126879,0.002583745181729387,tracking,1.2177083878290282,0,0,0
386,3.8599999999999617,2.221491813659668,1.8711000680923462,-0.0013749413192272186,0.37852591276168823,0.37910221382050807,0.001292812098468414,tracking,0.37910221382050807,0.001292812098468414,tracking,1.2214935255158959,0,1,1
387,3.8699999999999615,2.2252771854400635,1.8710952997207642,-0.001187978545203805,0.3785533010959625,0.37910221382050807,0.001292812098468414,tracking,0.37910221382050807,0.001292812098468414,tracking,1.2252789002996105,0,0,0
388,3.8799999999999613,2.229062795639038,1.8710910081863403,-0.0010009981924667954,0.37857940793037415,0.37910221382050807,0.001292812098468414,tracking,0.37910221382050807,0.001292812098468414,tracking,1.2290645129311206,0,0,0
389,3.889999999999961,2.232848644256592,1.871087670326233,-0.0008140093996189535,0.3786042630672455,0.37910221382050807,0.001292812098468414,tracking,0.37910221382050807,0.001292812098468414,tracking,1.2328503630201155,0,0,0
390,3.899999999999961,2.2366347312927246,1.8710848093032837,-0.0006270046578720212,0.3786279261112213,0.37910221382050807,0.001292812098468414,tracking,0.37910221382050807,0.001292812098468414,tracking,1.2366364511372392,0,0,0
391,3.9099999999999606,2.2404210567474365,1.8710829019546509,-0.00043999453191645443,0.3786369562149048,0.3788177173085222,-0.0017024870757280613,tracking,0.3788177173085222,-0.0017024870757280613,tracking,1.2404227770723613,0,1,1
392,3.9199999999999604,2.2442073822021484,1.871080994606018,-0.0006270105368457735,0.37864553928375244,0.3788177173085222,-0.0017024870757280613,tracking,0.3788177173085222,-0.0017024870757280613,tracking,1.2442091030074833,0,0,0
393,3.92999999999996,2.2479939460754395,1.8710781335830688,-0.000814029248431325,0.37865373492240906,0.3788177173085222,-0.0017024870757280613,tracking,0.3788177173085222,-0.0017024870757280613,tracking,1.247995667961629,0,0,0
394,3.93999999999996,2.2517805099487305,1.8710747957229614,-0.0010010532569140196,0.37866154313087463,0.3788177173085222,-0.0017024870757280613,tracking,0.3788177173085222,-0.0017024870757280613,tracking,1.2517822333060835,0,0,0
395,3.9499999999999598,2.2555670738220215,1.8710705041885376,-0.0011880797101184726,0.37866896390914917,0.3788177173085222,-0.0017024870757280613,tracking,0.3788177173085222,-0.0017024870757280613,tracking,1.2555687996112972,0,0,0
396,3.9599999999999596,2.2593538761138916,1.8710662126541138,-0.001001040218397975,0.3787008821964264,0.3793401908138874,0.000950125228002096,tracking,0.3793401908138874,0.000950125228002096,tracking,1.259355604334937,0,1,1
397,3.9699999999999593,2.263140916824341,1.8710628747940063,-0.0008139905403368175,0.37873128056526184,0.3793401908138874,0.000950125228002096,tracking,0.3793401908138874,0.000950125228002096,tracking,1.2631426465163642,0,0,0
398,3.979999999999959,2.2669284343719482,1.8710600137710571,-0.0006269213045015931,0.3787602484226227,0.3793401908138874,0.000950125228002096,tracking,0.3793401908138874,0.000950125228002096,tracking,1.2669301651445541,0,0,0
399,3.989999999999959,2.2707161903381348,1.8710581064224243,-0.00043984275544062257,0.3787878155708313,0.3793401908138874,0.000950125228002096,tracking,0.3793401908138874,0.000950125228002096,tracking,1.2707179215909694,0,0,0
400,3.9999999999999587,2.2745041847229004,1.8710566759109497,-0.00025274648214690387,0.37881407141685486,0.3793401908138874,0.000950125228002096,tracking,0.3793401908138874,0.000950125228002096,tracking,1.2745059162458467,0,0,0
401,4.009999999999959,2.278291940689087,1.8710561990737915,-6.565674993908033e-05,0.37874817848205566,0.37846763998598765,-0.0022065984201777764,tracking,0.37846763998598765,-0.0022065984201777764,tracking,1.2782936722420475,0,1,1
402,4.019999999999959,2.2820792198181152,1.8710557222366333,-0.00025270727928727865,0.3786948323249817,0.37846763998598765,-0.0022065984201777764,tracking,0.37846763998598765,-0.0022065984201777764,tracking,1.2820809514010938,0,0,0
403,4.0299999999999585,2.2858660221099854,1.8710542917251587,-0.00043974188156425953,0.37865161895751953,0.37846763998598765,-0.0022065984201777764,tracking,0.37846763998598765,-0.0022065984201777764,tracking,1.2858677539631607,0,0,0
404,4.039999999999958,2.2896523475646973,1.8710523843765259,-0.0006267507560551167,0.3786166310310364,0.37846763998598765,-0.0022065984201777764,tracking,0.37846763998598765,-0.0022065984201777764,tracking,1.2896540798982827,0,0,0
405,4.049999999999958,2.29343843460083,1.8710495233535767,-0.0008137492113746703,0.3785882890224457,0.37846763998598765,-0.0022065984201777764,tracking,0.37846763998598765,-0.0022065984201777764,tracking,1.2934401680154064,0,0,0
406,4.059999999999958,2.297224521636963,1.8710461854934692,-0.0010007570963352919,0.3786451816558838,0.3797848251398261,-0.00030985179865040697,tracking,0.3797848251398261,-0.00030985179865040697,tracking,1.2972262565228878,0,1,1
407,4.069999999999958,2.301011323928833,1.8710418939590454,-0.0011877832002937794,0.3786993622779846,0.3797848251398261,-0.00030985179865040697,tracking,0.3797848251398261,-0.00030985179865040697,tracking,1.3010130612465276,0,0,0
408,4.079999999999957,2.3047986030578613,1.8710371255874634,-0.0013748441124334931,0.3787509799003601,0.3797848251398261,-0.00030985179865040697,tracking,0.3797848251398261,-0.00030985179865040697,tracking,1.3048003433773625,0,0,0
409,4.089999999999957,2.308586359024048,1.871031403541565,-0.0015619216719642282,0.3788001537322998,0.3797848251398261,-0.00030985179865040697,tracking,0.3797848251398261,-0.00030985179865040697,tracking,1.3085881036656055,0,0,0
410,4.099999999999957,2.3123745918273926,1.8710252046585083,-0.0017490308964625,0.3788469731807709,0.3797848251398261,-0.00030985179865040697,tracking,0.3797848251398261,-0.00030985179865040697,tracking,1.3123763415407248,0,0,0
411,4.109999999999957,2.3161628246307373,1.8710180521011353,-0.0019361380254849792,0.37878790497779846,0.37853643162744427,0.0021075384564802797,tracking,0.37853643162744427,0.0021075384564802797,tracking,1.3161645810964306,0,1,1
412,4.119999999999957,2.3199503421783447,1.8710108995437622,-0.0017490660538896918,0.3787400722503662,0.37853643162744427,0.0021075384564802797,tracking,0.37853643162744427,0.0021075384564802797,tracking,1.3199521053976744,0,0,0
413,4.129999999999956,2.323737621307373,1.8710047006607056,-0.0015620084013789892,0.3787013292312622,0.37853643162744427,0.0021075384564802797,tracking,0.37853643162744427,0.0021075384564802797,tracking,1.3237393895997545,0,0,0
414,4.139999999999956,2.327524423599243,1.8709989786148071,-0.0013749737991020083,0.37866997718811035,0.37853643162744427,0.0021075384564802797,tracking,0.37853643162744427,0.0021075384564802797,tracking,1.3275261962147695,0,0,0
415,4.149999999999956,2.331310987472534,1.870994210243225,-0.0011879485100507736,0.37864458560943604,0.37853643162744427,0.0021075384564802797,tracking,0.37853643162744427,0.0021075384564802797,tracking,1.331312763090434,0,0,0
416,4.159999999999956,2.335097551345825,1.8709899187088013,-0.001000917749479413,0.3786866366863251,0.379528812432988,0.0006785100964972497,tracking,0.379528812432988,0.0006785100964972497,tracking,1.3350993293956477,0,1,1
417,4.1699999999999555,2.3388845920562744,1.8709865808486938,-0.0008138735429383814,0.37872669100761414,0.379528812432988,0.0006785100964972497,tracking,0.379528812432988,0.0006785100964972497,tracking,1.338886371577075,0,0,0
418,4.179999999999955,2.342672109603882,1.8709837198257446,-0.0006268035504035652,0.3787648379802704,0.379528812432988,0.0006785100964972497,tracking,0.379528812432988,0.0006785100964972497,tracking,1.3426738902052648,0,0,0
419,4.189999999999955,2.3464598655700684,1.8709818124771118,-0.0004397213051561266,0.378801167011261,0.379528812432988,0.0006785100964972497,tracking,0.379528812432988,0.0006785100964972497,tracking,1.34646164665168,0,0,0
420,4.199999999999955,2.350248098373413,1.8709803819656372,-0.0002526156895328313,0.3788357675075531,0.379528812432988,0.0006785100964972497,tracking,0.379528812432988,0.0006785100964972497,tracking,1.3502498797251195,0,0,0
421,4.209999999999955,2.3540360927581787,1.870979905128479,-6.551533442689106e-05,0.37876930832862854,0.37848628297717735,-0.00217975251286462,tracking,0.37848628297717735,-0.00217975251286462,tracking,1.3540378741398975,0,1,1
422,4.2199999999999545,2.357823610305786,1.8709794282913208,-0.0002525761374272406,0.37871548533439636,0.37848628297717735,-0.00217975251286462,tracking,0.37848628297717735,-0.00217975251286462,tracking,1.3578253917175211,0,0,0
423,4.229999999999954,2.3616106510162354,1.8709779977798462,-0.0004396208969410509,0.37867188453674316,0.37848628297717735,-0.00217975251286462,tracking,0.37848628297717735,-0.00217975251286462,tracking,1.36161243269815,0,0,0
424,4.239999999999954,2.3653972148895264,1.8709760904312134,-0.0006266396958380938,0.37863656878471375,0.37848628297717735,-0.00217975251286462,tracking,0.37848628297717735,-0.00217975251286462,tracking,1.365398997051821,0,0,0
425,4.249999999999954,2.3691835403442383,1.8709732294082642,-0.0008136479300446808,0.37860798835754395,0.37848628297717735,-0.00217975251286462,tracking,0.37848628297717735,-0.00217975251286462,tracking,1.3691853235874558,0,0,0
426,4.259999999999954,2.37296986579895,1.8709698915481567,-0.001000662799924612,0.3786565363407135,0.37962874335609526,-0.0005346095672228183,tracking,0.37962874335609526,-0.0005346095672228183,tracking,1.3729716505134237,0,1,1
427,4.269999999999953,2.3767566680908203,1.870965600013733,-0.0011876932112500072,0.3787027597427368,0.37962874335609526,-0.0005346095672228183,tracking,0.37962874335609526,-0.0005346095672228183,tracking,1.3767584552370635,0,0,0
428,4.279999999999953,2.3805439472198486,1.8709608316421509,-0.0013747533084824681,0.37874677777290344,0.37962874335609526,-0.0005346095672228183,tracking,0.37962874335609526,-0.0005346095672228183,tracking,1.3805457373678984,0,0,0
429,4.289999999999953,2.384331703186035,1.8709551095962524,-0.001561827608384192,0.37878870964050293,0.37962874335609526,-0.0005346095672228183,tracking,0.37962874335609526,-0.0005346095672228183,tracking,1.3843334976561414,0,0,0
430,4.299999999999953,2.388119697570801,1.8709489107131958,-0.0017489289166405797,0.37882864475250244,0.37962874335609526,-0.0005346095672228183,tracking,0.37962874335609526,-0.0005346095672228183,tracking,1.388121497113001,0,0,0
431,4.3099999999999525,2.3919079303741455,1.8709417581558228,-0.0019360315054655075,0.37879687547683716,0.37866154771321325,0.0019273712929729066,tracking,0.37866154771321325,0.0019273712929729066,tracking,1.3919097366687068,0,1,1
432,4.319999999999952,2.395695686340332,1.8709346055984497,-0.0017489478923380375,0.3787711262702942,0.37866154771321325,0.0019273712929729066,tracking,0.37866154771321325,0.0019273712929729066,tracking,1.3956974993881044,0,0,0
433,4.329999999999952,2.3994832038879395,1.870928406715393,-0.001561871962621808,0.3787502944469452,0.37866154771321325,0.0019273712929729066,tracking,0.37866154771321325,0.0019273712929729066,tracking,1.399485022008444,0,0,0
434,4.339999999999952,2.403270721435547,1.8709226846694946,-0.001374808489345014,0.37873342633247375,0.37866154771321325,0.0019273712929729066,tracking,0.37866154771321325,0.0019273712929729066,tracking,1.40327254387838,0,0,0
435,4.349999999999952,2.407058000564575,1.8709179162979126,-0.0011877500219270587,0.3787197470664978,0.37866154771321325,0.0019273712929729066,tracking,0.37866154771321325,0.0019273712929729066,tracking,1.4070598260092149,0,0,0
436,4.3599999999999515,2.4108452796936035,1.8709136247634888,-0.0010006853844970465,0.37875211238861084,0.3794003361547512,0.0008635159371582872,tracking,0.3794003361547512,0.0008635159371582872,tracking,1.4108471075697067,0,1,1
437,4.369999999999951,2.41463303565979,1.8709102869033813,-0.0008136103278957307,0.3787829279899597,0.3794003361547512,0.0008635159371582872,tracking,0.3794003361547512,0.0008635159371582872,tracking,1.4146348650065934,0,0,0
438,4.379999999999951,2.4184210300445557,1.8709074258804321,-0.0006265154806897044,0.3788122832775116,0.3794003361547512,0.0008635159371582872,tracking,0.3794003361547512,0.0008635159371582872,tracking,1.4184228604718057,0,0,0
439,4.389999999999951,2.4222092628479004,1.8709055185317993,-0.00043941117473877966,0.37884023785591125,0.3794003361547512,0.0008635159371582872,tracking,0.3794003361547512,0.0008635159371582872,tracking,1.4222110937553187,0,0,0
440,4.399999999999951,2.425997734069824,1.8709040880203247,-0.00025228888262063265,0.37886688113212585,0.3794003361547512,0.0008635159371582872,tracking,0.3794003361547512,0.0008635159371582872,tracking,1.4259995652473203,0,0,0
441,4.40999999999995,2.429786205291748,1.8709036111831665,-6.516721623484045e-05,0.3788364827632904,0.37870707785098123,-0.0018618078945870278,tracking,0.37870707785098123,-0.0018618078945870278,tracking,1.4297880364992528,0,1,1
442,4.41999999999995,2.4335744380950928,1.8709031343460083,-0.0002522708382457495,0.37881186604499817,0.37870707785098123,-0.0018618078945870278,tracking,0.37870707785098123,-0.0018618078945870278,tracking,1.433576269332608,0,0,0
443,4.42999999999995,2.4373624324798584,1.8709017038345337,-0.0004393670824356377,0.3787919282913208,0.37870707785098123,-0.0018618078945870278,tracking,0.37870707785098123,-0.0018618078945870278,tracking,1.4373642639874853,0,0,0
444,4.43999999999995,2.441150188446045,1.8708997964859009,-0.0006264514522626996,0.37877580523490906,0.37870707785098123,-0.0018618078945870278,tracking,0.37870707785098123,-0.0018618078945870278,tracking,1.4411520204339006,0,0,0
445,4.4499999999999496,2.4449379444122314,1.8708969354629517,-0.0008135310490615666,0.37876272201538086,0.37870707785098123,-0.0018618078945870278,tracking,0.37870707785098123,-0.0018618078945870278,tracking,1.4449397774806017,0,0,0
446,4.459999999999949,2.448725700378418,1.8708935976028442,-0.0010006217053160071,0.3788093328475952,0.379742934452441,-0.00037017438848495777,tracking,0.379742934452441,-0.00037017438848495777,tracking,1.4487275349174884,0,1,1
447,4.469999999999949,2.4525139331817627,1.8708893060684204,-0.0011877273209393024,0.3788537383079529,0.379742934452441,-0.00037017438848495777,tracking,0.379742934452441,-0.00037017438848495777,tracking,1.4525157701516844,0,0,0
448,4.479999999999949,2.4563026428222656,1.8708845376968384,-0.0013748614583164454,0.378896027803421,0.379742934452441,-0.00037017438848495777,tracking,0.379742934452441,-0.00037017438848495777,tracking,1.4563044827928604,0,0,0
449,4.489999999999949,2.4600918292999268,1.87087881565094,-0.001562009216286242,0.3789362907409668,0.379742934452441,-0.00037017438848495777,tracking,0.379742934452441,-0.00037017438848495777,tracking,1.4600936735909464,0,0,0
450,4.4999999999999485,2.463881492614746,1.8708726167678833,-0.0017491828184574842,0.37897464632987976,0.379742934452441,-0.00037017438848495777,tracking,0.379742934452441,-0.00037017438848495777,tracking,1.4638833419756259,0,0,0
451,4.509999999999948,2.467670202255249,1.8708654642105103,-0.0019363288301974535,0.37876859307289124,0.37789127034280395,0.0030365707063622774,tracking,0.37789127034280395,0.0030365707063622774,tracking,1.46767205836764,0,1,1
452,4.519999999999948,2.471457004547119,1.8708583116531372,-0.0017493056366220117,0.37860172986984253,0.37789127034280395,0.0030365707063622774,tracking,0.37789127034280395,0.0030365707063622774,tracking,1.4714588674144218,0,0,0
453,4.529999999999948,2.4752423763275146,1.8708521127700806,-0.00156233215238899,0.3784666061401367,0.37789127034280395,0.0030365707063622774,tracking,0.37789127034280395,0.0030365707063622774,tracking,1.4752442442704252,0,0,0
454,4.539999999999948,2.4790265560150146,1.8708463907241821,-0.0013754392275586724,0.3783571720123291,0.37789127034280395,0.0030365707063622774,tracking,0.37789127034280395,0.0030365707063622774,tracking,1.4790284282840662,0,0,0
455,4.549999999999947,2.4828097820281982,1.8708416223526,-0.0011885788990184665,0.3782685697078705,0.37789127034280395,0.0030365707063622774,tracking,0.37789127034280395,0.0030365707063622774,tracking,1.4828116573022723,0,0,0
456,4.559999999999947,2.4865927696228027,1.8708373308181763,-0.0010017280001193285,0.37832847237586975,0.37952831409280197,0.0006792277063651887,tracking,0.37952831409280197,0.0006792277063651887,tracking,1.4865946473310985,0,1,1
457,4.569999999999947,2.4903762340545654,1.8708339929580688,-0.0008148578926920891,0.3783855140209198,0.37952831409280197,0.0006792277063651887,tracking,0.37952831409280197,0.0006792277063651887,tracking,1.4903781132352296,0,0,0
458,4.579999999999947,2.4941604137420654,1.8708311319351196,-0.0006279510562308133,0.37843984365463257,0.37952831409280197,0.0006792277063651887,tracking,0.37952831409280197,0.0006792277063651887,tracking,1.4941622940042654,0,0,0
459,4.589999999999947,2.4979450702667236,1.8708292245864868,-0.00044102678657509387,0.37849161028862,0.37952831409280197,0.0006792277063651887,tracking,0.37952831409280197,0.0006792277063651887,tracking,1.4979469510095456,0,0,0
460,4.599999999999946,2.50173020362854,1.8708277940750122,-0.0002540692512411624,0.37854090332984924,0.37952831409280197,0.0006792277063651887,tracking,0.37952831409280197,0.0006792277063651887,tracking,1.5017320846416777,0,0,0
461,4.609999999999946,2.5055158138275146,1.870827317237854,-6.710081652272493e-05,0.3785577416419983,0.3788952452599735,-0.0015908468256381658,tracking,0.3788952452599735,-0.0015908468256381658,tracking,1.5055176948706837,0,1,1
462,4.619999999999946,2.5093014240264893,1.8708268404006958,-0.00025408013607375324,0.37857380509376526,0.3788952452599735,-0.0015908468256381658,tracking,0.3788952452599735,-0.0015908468256381658,tracking,1.5093033050996896,0,0,0
463,4.629999999999946,2.513087272644043,1.8708254098892212,-0.0004410646215546876,0.37858909368515015,0.3788952452599735,-0.0015908468256381658,tracking,0.3788952452599735,-0.0015908468256381658,tracking,1.513089153987508,0,0,0
464,4.6399999999999455,2.5168731212615967,1.8708235025405884,-0.0006280589150264859,0.37860363721847534,0.3788952452599735,-0.0015908468256381658,tracking,0.3788952452599735,-0.0015908468256381658,tracking,1.5168750030855325,0,0,0
465,4.649999999999945,2.5206592082977295,1.8708206415176392,-0.0008150578942149878,0.3786174952983856,0.3788952452599735,-0.0015908468256381658,tracking,0.3788952452599735,-0.0015908468256381658,tracking,1.5206610912026561,0,0,0
466,4.659999999999945,2.5244455337524414,1.87081778049469,-0.000628038018476218,0.3786672055721283,0.3796631504013515,0.0004850634220538155,tracking,0.3796631504013515,0.0004850634220538155,tracking,1.524447417738291,0,1,1
467,4.669999999999945,2.5282323360443115,1.8708158731460571,-0.00044100216473452747,0.37871456146240234,0.3796631504013515,0.0004850634220538155,tracking,0.3796631504013515,0.0004850634220538155,tracking,1.5282342205105108,0,0,0
468,4.679999999999945,2.53201961517334,1.8708144426345825,-0.0002539358683861792,0.3787596523761749,0.3796631504013515,0.0004850634220538155,tracking,0.3796631504013515,0.0004850634220538155,tracking,1.532021499909702,0,0,0
469,4.689999999999944,2.5358073711395264,1.8708139657974243,-6.685509288217872e-05,0.378802627325058,0.3796631504013515,0.0004850634220538155,tracking,0.3796631504013515,0.0004850634220538155,tracking,1.5358092559059027,0,0,0
470,4.699999999999944,2.539595603942871,1.8708139657974243,0.00012025330943288282,0.3788435459136963,0.3796631504013515,0.0004850634220538155,tracking,0.3796631504013515,0.0004850634220538155,tracking,1.5395974887092474,0,0,0
471,4.709999999999944,2.5433835983276367,1.8708149194717407,0.00030735335894860327,0.37875187397003174,0.3783615114442389,-0.0023594235202960196,tracking,0.3783615114442389,-0.0023594235202960196,tracking,1.5433854832140625,0,1,1
472,4.719999999999944,2.547170639038086,1.8708158731460571,0.00012030787911498919,0.378677636384964,0.3783615114442389,-0.0023594235202960196,tracking,0.3783615114442389,-0.0023594235202960196,tracking,1.5471725240445917,0,0,0
473,4.729999999999944,2.550957202911377,1.8708158731460571,-6.671546725556254e-05,0.378617525100708,0.3783615114442389,-0.0023594235202960196,tracking,0.3783615114442389,-0.0023594235202960196,tracking,1.5509590879178827,0,0,0
474,4.739999999999943,2.5547430515289307,1.870815396308899,-0.0002537029795348644,0.3785688281059265,0.3783615114442389,-0.0023594235202960196,tracking,0.3783615114442389,-0.0023594235202960196,tracking,1.5547449365654658,0,0,0
475,4.749999999999943,2.558528423309326,1.8708139657974243,-0.00044067599810659885,0.3785293996334076,0.3783615114442389,-0.0023594235202960196,tracking,0.3783615114442389,-0.0023594235202960196,tracking,1.5585303086161602,0,0,0
476,4.759999999999943,2.562314033508301,1.8708120584487915,-0.0006276514031924307,0.3785760700702667,0.3795106909572139,-0.0007046050216120252,tracking,0.3795106909572139,-0.0007046050216120252,tracking,1.5623159192956357,0,1,1
477,4.769999999999943,2.5661001205444336,1.8708091974258423,-0.0008146417676471174,0.3786205053329468,0.3795106909572139,-0.0007046050216120252,tracking,0.3795106909572139,-0.0007046050216120252,tracking,1.5661020074127594,0,0,0
478,4.7799999999999425,2.5698864459991455,1.8708058595657349,-0.0010016607120633125,0.3786628246307373,0.3795106909572139,-0.0007046050216120252,tracking,0.3795106909572139,-0.0007046050216120252,tracking,1.5698883343387273,0,0,0
479,4.789999999999942,2.5736732482910156,1.870801568031311,-0.0011886932188645005,0.37870314717292786,0.3795106909572139,-0.0007046050216120252,tracking,0.3795106909572139,-0.0007046050216120252,tracking,1.5736751390623671,0,0,0
480,4.799999999999942,2.577460527420044,1.870796799659729,-0.001375751686282456,0.3787415325641632,0.3795106909572139,-0.0007046050216120252,tracking,0.3795106909572139,-0.0007046050216120252,tracking,1.577462421193202,0,0,0
481,4.809999999999942,2.5812480449676514,1.8707910776138306,-0.0015628201654180884,0.3787637948989868,0.3792097665104334,0.0011379362249758825,tracking,0.3792097665104334,0.0011379362249758825,tracking,1.581249943063138,0,1,1
482,4.819999999999942,2.585035800933838,1.8707853555679321,-0.0013757373671978712,0.37878501415252686,0.3792097665104334,0.0011379362249758825,tracking,0.3792097665104334,0.0011379362249758825,tracking,1.585037703351381,0,0,0
483,4.8299999999999415,2.5888237953186035,1.87078058719635,-0.001188647816888988,0.3788052201271057,0.3792097665104334,0.0011379362249758825,tracking,0.3792097665104334,0.0011379362249758825,tracking,1.5888257007373863,0,0,0
484,4.839999999999941,2.5926120281219482,1.8707762956619263,-0.0010015452280640602,0.3788244426250458,0.3792097665104334,0.0011379362249758825,tracking,0.3792097665104334,0.0011379362249758825,tracking,1.5926139359715823,0,0,0
485,4.849999999999941,2.596400260925293,1.8707729578018188,-0.0008144365274347365,0.3788427710533142,0.3792097665104334,0.0011379362249758825,tracking,0.3792097665104334,0.0011379362249758825,tracking,1.5964021702454423,0,0,0
486,4.859999999999941,2.600188970565796,1.8707696199417114,-0.0010015644365921617,0.37888264656066895,0.3796810822826452,-0.0004592415129909674,tracking,0.3796810822826452,-0.0004592415129909674,tracking,1.6001908813562753,0,1,1
487,4.869999999999941,2.603977918624878,1.8707653284072876,-0.0011887052096426487,0.37892061471939087,0.3796810822826452,-0.0004592415129909674,tracking,0.3796810822826452,-0.0004592415129909674,tracking,1.6039798318457499,0,0,0
488,4.87999999999994,2.607767343521118,1.8707605600357056,-0.0013758703134953976,0.37895676493644714,0.3796810822826452,-0.0004592415129909674,tracking,0.3796810822826452,-0.0004592415129909674,tracking,1.607769259742097,0,0,0
489,4.88999999999994,2.6115570068359375,1.8707548379898071,-0.0015630470588803291,0.3789912164211273,0.3796810822826452,-0.0004592415129909674,tracking,0.3796810822826452,-0.0004592415129909674,tracking,1.6115589273767974,0,0,0
490,4.89999999999994,2.615347146987915,1.8707486391067505,-0.0017502460395917296,0.37902402877807617,0.3796810822826452,-0.0004592415129909674,tracking,0.3796810822826452,-0.0004592415129909674,tracking,1.615349072597997,0,0,0
491,4.90999999999994,2.6191368103027344,1.8707414865493774,-0.0019374280236661434,0.37888798117637634,0.3783087597553294,0.002435385952325667,tracking,0.3783087597553294,0.002435385952325667,tracking,1.6191387426626287,0,1,1
492,4.9199999999999395,2.622925043106079,1.8707343339920044,-0.001750327181071043,0.37877780199050903,0.3783087597553294,0.002435385952325667,tracking,0.3783087597553294,0.002435385952325667,tracking,1.6229269822183345,0,0,0
493,4.929999999999939,2.6267123222351074,1.8707281351089478,-0.0015632591675966978,0.37868860363960266,0.3783087597553294,0.002435385952325667,tracking,0.3783087597553294,0.002435385952325667,tracking,1.6267142664204146,0,0,0
494,4.939999999999939,2.6304988861083984,1.8707224130630493,-0.0013762443559244275,0.3786163628101349,0.3783087597553294,0.002435385952325667,tracking,0.3783087597553294,0.002435385952325667,tracking,1.6305008346171228,0,0,0
495,4.949999999999939,2.634284734725952,1.8707176446914673,-0.0011892510810866952,0.37855786085128784,0.3783087597553294,0.002435385952325667,tracking,0.3783087597553294,0.002435385952325667,tracking,1.6342866862376173,0,0,0
496,4.959999999999939,2.6380703449249268,1.8707133531570435,-0.0010022700298577547,0.3785789906978607,0.3790022878528859,0.00143670549184428,tracking,0.3790022878528859,0.00143670549184428,tracking,1.6380722988691274,0,1,1
497,4.9699999999999385,2.6418561935424805,1.870710015296936,-0.0008152822265401483,0.3785991072654724,0.3790022878528859,0.00143670549184428,tracking,0.3790022878528859,0.00143670549184428,tracking,1.6418581489581223,0,0,0
498,4.979999999999938,2.6456422805786133,1.8707071542739868,-0.000628281501121819,0.3786182701587677,0.3790022878528859,0.00143670549184428,tracking,0.3790022878528859,0.00143670549184428,tracking,1.645644237075246,0,0,0
499,4.989999999999938,2.649428606033325,1.870705246925354,-0.00044127460569143295,0.37863653898239136,0.3790022878528859,0.00143670549184428,tracking,0.3790022878528859,0.00143670549184428,tracking,1.649430563010368,0,0,0
500,4.999999999999938,2.653215169906616,1.8707038164138794,-0.0002542559814173728,0.37865394353866577,0.3790022878528859,0.00143670549184428,tracking,0.3790022878528859,0.00143670549184428,tracking,1.6532171271538727,0,0,0
501,5.009999999999938,2.6570019721984863,1.8707033395767212,-6.722968828398734e-05,0.3786831498146057,0.37926814727044966,-0.001053867930552464,tracking,0.37926814727044966,-0.001053867930552464,tracking,1.6570039294757646,0,1,1
502,5.019999999999937,2.6607890129089355,1.870702862739563,-0.0002542748406995088,0.37871095538139343,0.37926814727044966,-0.001053867930552464,tracking,0.37926814727044966,-0.001053867930552464,tracking,1.6607909702162338,0,0,0
503,5.029999999999937,2.664576292037964,1.8707014322280884,-0.00044132888433523476,0.3787374496459961,0.37926814727044966,-0.001053867930552464,tracking,0.37926814727044966,-0.001053867930552464,tracking,1.6645782496154249,0,0,0
504,5.039999999999937,2.6683638095855713,1.8706995248794556,-0.0006283999537117779,0.37876269221305847,0.37926814727044966,-0.001053867930552464,tracking,0.37926814727044966,-0.001053867930552464,tracking,1.6683657676432913,0,0,0
505,5.049999999999937,2.672151565551758,1.8706966638565063,-0.0008154791430570185,0.37878671288490295,0.37926814727044966,-0.001053867930552464,tracking,0.37926814727044966,-0.001053867930552464,tracking,1.6721535246899923,0,0,0
506,5.0599999999999365,2.6759395599365234,1.870693325996399,-0.001002578530460596,0.3788241147994995,0.37957324451157964,-0.0006145279033252871,tracking,0.37957324451157964,-0.0006145279033252871,tracking,1.6759415205453658,0,1,1
507,5.069999999999936,2.6797280311584473,1.870689034461975,-0.0011896899668499827,0.3788597285747528,0.37957324451157964,-0.0006145279033252871,tracking,0.37957324451157964,-0.0006145279033252871,tracking,1.679729994197988,0,0,0
508,5.079999999999936,2.68351674079895,1.870684266090393,-0.0013768243370577693,0.37889364361763,0.37957324451157964,-0.0006145279033252871,tracking,0.37957324451157964,-0.0006145279033252871,tracking,1.683518706839164,0,0,0
509,5.089999999999936,2.6873059272766113,1.8706785440444946,-0.0015639695338904858,0.37892594933509827,0.37957324451157964,-0.0006145279033252871,tracking,0.37957324451157964,-0.0006145279033252871,tracking,1.68730789763725,0,0,0
510,5.099999999999936,2.6910953521728516,1.870672345161438,-0.0017511355690658092,0.37895673513412476,0.37957324451157964,-0.0006145279033252871,tracking,0.37957324451157964,-0.0006145279033252871,tracking,1.6910973276036692,0,0,0
511,5.1099999999999355,2.6948845386505127,1.870665192604065,-0.0019382982281967998,0.3789054751396179,0.3786872605327588,0.001890344832827344,tracking,0.3786872605327588,0.001890344832827344,tracking,1.6948865208319919,0,1,1
512,5.119999999999935,2.6986734867095947,1.870658040046692,-0.0017511661862954497,0.37886396050453186,0.3786872605327588,0.001890344832827344,tracking,0.3786872605327588,0.001890344832827344,tracking,1.6986754756421603,0,0,0
513,5.129999999999935,2.7024619579315186,1.8706518411636353,-0.0015640464844182134,0.37883034348487854,0.3786872605327588,0.001890344832827344,tracking,0.3786872605327588,0.001890344832827344,tracking,1.7024639519355396,0,0,0
514,5.139999999999935,2.7062501907348633,1.8706461191177368,-0.0013769468059763312,0.3788031339645386,0.3786872605327588,0.001890344832827344,tracking,0.3786872605327588,0.001890344832827344,tracking,1.7062521890603968,0,0,0
515,5.149999999999935,2.710038185119629,1.8706413507461548,-0.001189855276606977,0.37878111004829407,0.3786872605327588,0.001890344832827344,tracking,0.3786872605327588,0.001890344832827344,tracking,1.710040186446402,0,0,0
516,5.159999999999934,2.7138259410858154,1.870637059211731,-0.001002768287435174,0.37878939509391785,0.37895542919159547,0.0015041819641025212,tracking,0.37895542919159547,0.0015041819641025212,tracking,1.7138279448437461,0,1,1
517,5.169999999999934,2.717613935470581,1.8706337213516235,-0.000815678620710969,0.3787972927093506,0.37895542919159547,0.0015041819641025212,tracking,0.37895542919159547,0.0015041819641025212,tracking,1.7176159406991196,0,0,0
518,5.179999999999934,2.7214019298553467,1.8706308603286743,-0.0006285838317126036,0.3788048028945923,0.37895542919159547,0.0015041819641025212,tracking,0.37895542919159547,0.0015041819641025212,tracking,1.7214039361643318,0,0,0
519,5.189999999999934,2.7251899242401123,1.8706289529800415,-0.0004414866562001407,0.37881195545196533,0.37895542919159547,0.0015041819641025212,tracking,0.37895542919159547,0.0015041819641025212,tracking,1.725191931029296,0,0,0
520,5.199999999999934,2.728978157043457,1.870627522468567,-0.0002543848822824657,0.3788187801837921,0.37895542919159547,0.0015041819641025212,tracking,0.37895542919159547,0.0015041819641025212,tracking,1.7289801641027354,0,0,0
521,5.209999999999933,2.7327663898468018,1.8706270456314087,-6.727965956088156e-05,0.3788328468799591,0.3791146765666875,-0.001274865743969982,tracking,0.3791146765666875,-0.001274865743969982,tracking,1.7327683969360905,0,1,1
522,5.219999999999933,2.7365548610687256,1.8706265687942505,-0.00025439399178139865,0.37884625792503357,0.3791146765666875,-0.001274865743969982,tracking,0.3791146765666875,-0.001274865743969982,tracking,1.736556868188023,0,0,0
523,5.229999999999933,2.7403433322906494,1.8706251382827759,-0.0004415126168169081,0.3788590133190155,0.3791146765666875,-0.001274865743969982,tracking,0.3791146765666875,-0.001274865743969982,tracking,1.7403453396800246,0,0,0
524,5.239999999999933,2.7441320419311523,1.870623230934143,-0.0006286394200287759,0.3788711726665497,0.3791146765666875,-0.001274865743969982,tracking,0.3791146765666875,-0.001274865743969982,tracking,1.7441340498006355,0,0,0
525,5.2499999999999325,2.7479207515716553,1.8706203699111938,-0.0008157701813615859,0.3788827657699585,0.3791146765666875,-0.001274865743969982,tracking,0.3791146765666875,-0.001274865743969982,tracking,1.747922760521381,0,0,0
526,5.259999999999932,2.7517099380493164,1.8706172704696655,-0.0008157701813615859,0.3789348602294922,0.3799786112913114,-3.0799740511635275e-05,tracking,0.3799786112913114,-3.0799740511635275e-05,tracking,1.7517119482666672,0,1,1
527,5.269999999999932,2.7554996013641357,1.8706141710281372,-0.0008157701813615859,0.3789844810962677,0.3799786112913114,-3.0799740511635275e-05,tracking,0.3799786112913114,-3.0799740511635275e-05,tracking,1.7555016128489522,0,0,0
528,5.279999999999932,2.7592897415161133,1.8706110715866089,-0.0008157701813615859,0.3790317475795746,0.3799786112913114,-3.0799740511635275e-05,tracking,0.3799786112913114,-3.0799740511635275e-05,tracking,1.759291754268236,0,0,0
529,5.289999999999932,2.763080358505249,1.8706079721450806,-0.0008157701813615859,0.3790767788887024,0.3799786112913114,-3.0799740511635275e-05,tracking,0.3799786112913114,-3.0799740511635275e-05,tracking,1.7630823725245186,0,0,0
530,5.299999999999931,2.766871452331543,1.8706048727035522,-0.0008157701813615859,0.3791196644306183,0.3799786112913114,-3.0799740511635275e-05,tracking,0.3799786112913114,-3.0799740511635275e-05,tracking,1.7668734676178,0,0,0
531,5.309999999999931,2.770662784576416,1.870602011680603,-0.0006285079289227724,0.37915217876434326,0.3798032602857414,0.0002833051885324086,tracking,0.3798032602857414,0.0002833051885324086,tracking,1.7706648009421684,0,1,1
532,5.319999999999931,2.774454355239868,1.8706001043319702,-0.00044123525731265545,0.3791831433773041,0.3798032602857414,0.0002833051885324086,tracking,0.3798032602857414,0.0002833051885324086,tracking,1.774456372085366,0,0,0
533,5.329999999999931,2.7782464027404785,1.8705986738204956,-0.0002539426786825061,0.3792126178741455,0.3798032602857414,0.0002833051885324086,tracking,0.3798032602857414,0.0002833051885324086,tracking,1.7782484198557995,0,0,0
534,5.339999999999931,2.782038688659668,1.8705981969833374,-6.664061947958544e-05,0.3792406916618347,0.3798032602857414,0.0002833051885324086,tracking,0.3798032602857414,0.0002833051885324086,tracking,1.7820407058049674,0,0,0
535,5.34999999999993,2.7858312129974365,1.8705981969833374,0.00012067948409821838,0.37926745414733887,0.3798032602857414,0.0002833051885324086,tracking,0.3798032602857414,0.0002833051885324086,tracking,1.785833230142736,0,0,0
536,5.35999999999993,2.7896230220794678,1.8705991506576538,0.0003079781017731875,0.379110187292099,0.37844069086041787,-0.0022454051609982545,tracking,0.37844069086041787,-0.0022454051609982545,tracking,1.7896250393446962,0,1,1
537,5.36999999999993,2.7934134006500244,1.8706001043319702,0.00012077313294867054,0.3789828419685364,0.37844069086041787,-0.0022454051609982545,tracking,0.37844069086041787,-0.0022454051609982545,tracking,1.7934154180352269,0,0,0
538,5.37999999999993,2.7972028255462646,1.8706001043319702,-6.639387720497325e-05,0.37887972593307495,0.37844069086041787,-0.0022454051609982545,tracking,0.37844069086041787,-0.0022454051609982545,tracking,1.797204842931467,0,0,0
539,5.3899999999999295,2.8009912967681885,1.870599627494812,-0.00025349942734465003,0.37879621982574463,0.37844069086041787,-0.0022454051609982545,tracking,0.37844069086041787,-0.0022454051609982545,tracking,1.8009933141833996,0,0,0
540,5.399999999999929,2.804778814315796,1.8705981969833374,-0.0004405801009852439,0.37872859835624695,0.37844069086041787,-0.0022454051609982545,tracking,0.37844069086041787,-0.0022454051609982545,tracking,1.8047808320011527,0,0,0
541,5.409999999999929,2.8085663318634033,1.8705962896347046,-0.0006276490748859942,0.37876075506210327,0.3794047597124282,-0.0008571460141034212,tracking,0.3794047597124282,-0.0008571460141034212,tracking,1.808568350029019,0,1,1
542,5.419999999999929,2.81235408782959,1.8705934286117554,-0.0008147284388542175,0.3787913918495178,0.3794047597124282,-0.0008571460141034212,tracking,0.3794047597124282,-0.0008571460141034212,tracking,1.8123561070757201,0,0,0
543,5.429999999999929,2.8161420822143555,1.870590090751648,-0.0010018274188041687,0.3788205683231354,0.3794047597124282,-0.0008571460141034212,tracking,0.3794047597124282,-0.0008571460141034212,tracking,1.8161441029310936,0,0,0
544,5.4399999999999284,2.8199303150177,1.8705857992172241,-0.0011889358283951879,0.3788483440876007,0.3794047597124282,-0.0008571460141034212,tracking,0.3794047597124282,-0.0008571460141034212,tracking,1.8199323381652897,0,0,0
545,5.449999999999928,2.823719024658203,1.870581030845642,-0.0013760620495304465,0.378874808549881,0.3794047597124282,-0.0008571460141034212,tracking,0.3794047597124282,-0.0008571460141034212,tracking,1.8237210508064656,0,0,0
546,5.459999999999928,2.8275070190429688,1.8705753087997437,-0.0015631697606295347,0.3787357807159424,0.3781438170908014,0.0017060555140419736,tracking,0.3781438170908014,0.0017060555140419736,tracking,1.8275090495130157,0,1,1
547,5.469999999999928,2.831293821334839,1.8705695867538452,-0.0013761449372395873,0.37862318754196167,0.3781438170908014,0.0017060555140419736,tracking,0.3781438170908014,0.0017060555140419736,tracking,1.8312958561280308,0,0,0
548,5.479999999999928,2.8350796699523926,1.8705648183822632,-0.001189153641462326,0.3785320222377777,0.3781438170908014,0.0017060555140419736,tracking,0.3781438170908014,0.0017060555140419736,tracking,1.8350817077485253,0,0,0
549,5.489999999999927,2.83886456489563,1.8705605268478394,-0.001002216711640358,0.378458172082901,0.3781438170908014,0.0017060555140419736,tracking,0.3781438170908014,0.0017060555140419736,tracking,1.8388666051247577,0,0,0
550,5.499999999999927,2.84264874458313,1.870557188987732,-0.0008153017261065543,0.3783983886241913,0.3781438170908014,0.0017060555140419736,tracking,0.3781438170908014,0.0017060555140419736,tracking,1.842650786284348,0,0,0
551,5.509999999999927,2.846426010131836,1.8705543279647827,-0.0006288513541221619,0.3770473599433899,0.371295174493837,0.0002051958490894212,tracking,0.371295174493837,0.0002051958490894212,tracking,1.8464280529165695,0,1,1
552,5.519999999999927,2.850191116333008,1.87055242061615,-0.0004428034881129861,0.3759532868862152,0.371295174493837,0.0002051958490894212,tracking,0.371295174493837,0.0002051958490894212,tracking,1.8501931596008592,0,0,0
553,5.5299999999999265,2.8539462089538574,1.8705509901046753,-0.00025740760611370206,0.3750673234462738,0.371295174493837,0.0002051958490894212,tracking,0.371295174493837,0.0002051958490894212,tracking,1.853948252494187,0,0,0
554,5.539999999999926,2.8576931953430176,1.870550513267517,-7.22756958566606e-05,0.3743498623371124,0.371295174493837,0.0002051958490894212,tracking,0.371295174493837,0.0002051958490894212,tracking,1.857695238913688,0,0,0
555,5.549999999999926,2.861433744430542,1.870550513267517,0.00011242865002714097,0.3737688660621643,0.371295174493837,0.0002051958490894212,tracking,0.371295174493837,0.0002051958490894212,tracking,1.8614357880012125,0,0,0
556,5.559999999999926,2.865161657333374,1.870551347732544,0.00029671788797713816,0.3718282878398895,0.3635659943042234,-0.001740891232353763,tracking,0.3635659943042234,-0.001740891232353763,tracking,1.865163700997439,0,1,1
557,5.569999999999926,2.8688721656799316,1.8705521821975708,0.00011358507617842406,0.37025681138038635,0.3635659943042234,-0.001740891232353763,tracking,0.3635659943042234,-0.001740891232353763,tracking,1.868874209437829,0,0,0
558,5.5799999999999255,2.872568368911743,1.8705521821975708,-6.907952047185972e-05,0.3689842224121094,0.3635659943042234,-0.001740891232353763,tracking,0.3635659943042234,-0.001740891232353763,tracking,1.8725704126696405,0,0,0
559,5.589999999999925,2.876253128051758,1.8705517053604126,-0.00025098572950810194,0.36795365810394287,0.3635659943042234,-0.001740891232353763,tracking,0.3635659943042234,-0.001740891232353763,tracking,1.8762551718405085,0,0,0
560,5.599999999999925,2.8799285888671875,1.8705503940582275,-0.00043258490040898323,0.3671191334724426,0.3635659943042234,-0.001740891232353763,tracking,0.3635659943042234,-0.001740891232353763,tracking,1.8799306328898562,0,0,0
561,5.609999999999925,2.8835909366607666,1.8705486059188843,-0.0006133303977549076,0.36536118388175964,0.35787643917269885,-0.001006564775812627,tracking,0.35787643917269885,-0.001006564775812627,tracking,1.8835929811199643,0,1,1
562,5.619999999999925,2.887237310409546,1.8705459833145142,-0.0007935521425679326,0.3639375865459442,0.35787643917269885,-0.001006564775812627,tracking,0.35787643917269885,-0.001006564775812627,tracking,1.8872393558118796,0,0,0
563,5.629999999999924,2.8908708095550537,1.8705428838729858,-0.0009729255107231438,0.3627847731113434,0.35787643917269885,-0.001006564775812627,tracking,0.35787643917269885,-0.001006564775812627,tracking,1.8908728562793276,0,0,0
564,5.639999999999924,2.89449405670166,1.8705389499664307,-0.0011519553372636437,0.36185121536254883,0.35787643917269885,-0.001006564775812627,tracking,0.35787643917269885,-0.001006564775812627,tracking,1.8944961055615344,0,0,0
565,5.649999999999924,2.898108720779419,1.8705345392227173,-0.0013304288731887937,0.36109521985054016,0.35787643917269885,-0.001006564775812627,tracking,0.35787643917269885,-0.001006564775812627,tracking,1.8981107723303665,0,0,0
566,5.659999999999924,2.9017093181610107,1.870529294013977,-0.0015084410551935434,0.3590488135814667,0.3503360400382125,0.00438184647382585,tracking,0.3503360400382125,0.00438184647382585,tracking,1.9017113735324633,0,1,1
567,5.6699999999999235,2.9052915573120117,1.8705240488052368,-0.0013316484401002526,0.3573916554450989,0.3503360400382125,0.00438184647382585,tracking,0.3503360400382125,0.00438184647382585,tracking,1.9052936165235486,0,0,0
568,5.679999999999923,2.9088587760925293,1.870519757270813,-0.0011553495423868299,0.35604968667030334,0.3503360400382125,0.00438184647382585,tracking,0.3503360400382125,0.00438184647382585,tracking,1.9088608378855256,0,0,0
569,5.689999999999923,2.9124138355255127,1.8705158233642578,-0.0009798504179343581,0.35496294498443604,0.3503360400382125,0.00438184647382585,tracking,0.3503360400382125,0.00438184647382585,tracking,1.9124158994950713,0,0,0
570,5.699999999999923,2.915959119796753,1.8705127239227295,-0.0008046750444918871,0.3540829122066498,0.3503360400382125,0.00438184647382585,tracking,0.3503360400382125,0.00438184647382585,tracking,1.9159611851211444,0,0,0
571,5.709999999999923,2.919490098953247,1.8705101013183594,-0.0006304375710897148,0.3521147668361664,0.34373513418797114,0.003231614529809447,tracking,0.34373513418797114,0.003231614529809447,tracking,1.9194921652515968,0,1,1
572,5.7199999999999225,2.9230031967163086,1.8705083131790161,-0.00045678645255975425,0.3505209684371948,0.34373513418797114,0.003231614529809447,tracking,0.34373513418797114,0.003231614529809447,tracking,1.9230052634697328,0,0,0
573,5.729999999999922,2.926501989364624,1.8705068826675415,-0.0002840851666405797,0.3492302894592285,0.34373513418797114,0.003231614529809447,tracking,0.34373513418797114,0.003231614529809447,tracking,1.9265040564104867,0,0,0
574,5.739999999999922,2.9299890995025635,1.8705062866210938,-0.00011176841508131474,0.34818512201309204,0.34373513418797114,0.003231614529809447,tracking,0.34373513418797114,0.003231614529809447,tracking,1.9299911665993668,0,0,0
575,5.749999999999922,2.933466672897339,1.8705060482025146,5.992547812638804e-05,0.3473387360572815,0.34373513418797114,0.003231614529809447,tracking,0.34373513418797114,0.003231614529809447,tracking,1.933468740002315,0,0,0
576,5.759999999999922,2.9369311332702637,1.8705066442489624,0.00023118744138628244,0.3455613851547241,0.33799416283574446,0.003200597307086962,tracking,0.33799416283574446,0.003200597307086962,tracking,1.9369332004265134,0,1,1
577,5.769999999999921,2.9403796195983887,1.8705075979232788,0.00040139019256457686,0.34412211179733276,0.33799416283574446,0.003200597307086962,tracking,0.33799416283574446,0.003200597307086962,tracking,1.9403816868865071,0,0,0
578,5.779999999999921,2.943814992904663,1.870509386062622,0.0005711641279049218,0.3429565727710724,0.33799416283574446,0.003200597307086962,tracking,0.33799416283574446,0.003200597307086962,tracking,1.943817060658152,0,0,0
579,5.789999999999921,2.947239875793457,1.870511531829834,0.0007402434712275863,0.3420127332210541,0.33799416283574446,0.003200597307086962,tracking,0.33799416283574446,0.003200597307086962,tracking,1.9472419442191318,0,0,0
580,5.799999999999921,2.9506561756134033,1.8705143928527832,0.0009090416133403778,0.34124839305877686,0.33799416283574446,0.003200597307086962,tracking,0.33799416283574446,0.003200597307086962,tracking,1.9506582452370775,0,0,0
581,5.809999999999921,2.954059362411499,1.8705172538757324,0.0007411095430143178,0.33938243985176086,0.33143790248689636,-0.00046884731736128796,tracking,0.33143790248689636,-0.00046884731736128796,tracking,1.9540614332377888,0,1,1
582,5.81999999999992,2.9574456214904785,1.8705193996429443,0.0005737334140576422,0.33787140250205994,0.33143790248689636,-0.00046884731736128796,tracking,0.33143790248689636,-0.00046884731736128796,tracking,1.9574476929966214,0,0,0
583,5.82999999999992,2.960818290710449,1.8705211877822876,0.0004072577867191285,0.33664774894714355,0.33143790248689636,-0.00046884731736128796,tracking,0.33143790248689636,-0.00046884731736128796,tracking,1.9608203626906144,0,0,0
584,5.83999999999992,2.964179754257202,1.870522141456604,0.0002411467139609158,0.3356568515300751,0.33143790248689636,-0.00046884731736128796,tracking,0.33143790248689636,-0.00046884731736128796,tracking,1.9641818263726498,0,0,0
585,5.84999999999992,2.9675323963165283,1.8705227375030518,7.562616519862786e-05,0.3348544239997864,0.33143790248689636,-0.00046884731736128796,tracking,0.33143790248689636,-0.00046884731736128796,tracking,1.9675344684849598,0,0,0
586,5.8599999999999195,2.970872163772583,1.8705226182937622,-8.947362948674709e-05,0.33310097455978394,0.32563551971287474,0.0018294471967854912,tracking,0.32563551971287474,0.0018294471967854912,tracking,1.9708742359431421,0,1,1
587,5.869999999999919,2.974195957183838,1.8705224990844727,7.458118489012122e-05,0.3316810429096222,0.32563551971287474,0.0018294471967854912,tracking,0.32563551971287474,0.0018294471967854912,tracking,1.9741980293565349,0,0,0
588,5.879999999999919,2.9775071144104004,1.8705230951309204,0.00023821293143555522,0.33053117990493774,0.32563551971287474,0.0018294471967854912,tracking,0.32563551971287474,0.0018294471967854912,tracking,1.977509186636745,0,0,0
589,5.889999999999919,2.9808077812194824,1.8705240488052368,0.0004011594282928854,0.3296000361442566,0.32563551971287474,0.0018294471967854912,tracking,0.32563551971287474,0.0018294471967854912,tracking,1.9808098535836014,0,0,0
590,5.899999999999919,2.984100103378296,1.8705257177352905,0.000563828507438302,0.3288459777832031,0.32563551971287474,0.0018294471967854912,tracking,0.32563551971287474,0.0018294471967854912,tracking,1.9841021761654183,0,0,0
591,5.909999999999918,2.987380266189575,1.870527744293213,0.000725697900634259,0.32717159390449524,0.320042658221184,0.0005039009471480786,tracking,0.320042658221184,0.0005039009471480786,tracking,1.987382339602724,0,1,1
592,5.919999999999918,2.990645170211792,1.8705304861068726,0.0008870684541761875,0.32581567764282227,0.320042658221184,0.0005039009471480786,tracking,0.320042658221184,0.0005039009471480786,tracking,1.990647244776206,0,0,0
593,5.929999999999918,2.9938979148864746,1.8705335855484009,0.0010476309107616544,0.32471764087677,0.320042658221184,0.0005039009471480786,tracking,0.320042658221184,0.0005039009471480786,tracking,1.99389999092757,0,0,0
594,5.939999999999918,2.997140645980835,1.870537281036377,0.0012078662402927876,0.32382845878601074,0.320042658221184,0.0005039009471480786,tracking,0.320042658221184,0.0005039009471480786,tracking,1.9971427241276596,0,0,0
595,5.949999999999918,3.000375270843506,1.8705413341522217,0.0013675716472789645,0.32310840487480164,0.320042658221184,0.0005039009471480786,tracking,0.320042658221184,0.0005039009471480786,tracking,2.0003773515296888,0,0,0
596,5.959999999999917,3.0035972595214844,1.8705461025238037,0.0015268599381670356,0.32129421830177307,0.3135700440204102,-0.00144703115293219,tracking,0.3135700440204102,-0.00144703115293219,tracking,2.0035993437361332,0,1,1
597,5.969999999999917,3.006802797317505,1.8705508708953857,0.0013686527963727713,0.31982508301734924,0.3135700440204102,-0.00144703115293219,tracking,0.3135700440204102,-0.00144703115293219,tracking,2.006804885078728,0,0,0
598,5.979999999999917,3.0099949836730957,1.8705549240112305,0.0012108833761885762,0.31863537430763245,0.3135700440204102,-0.00144703115293219,tracking,0.3135700440204102,-0.00144703115293219,tracking,2.0099970740074364,0,0,0
599,5.989999999999917,3.013176441192627,1.8705586194992065,0.0010538229253143072,0.3176719546318054,0.3135700440204102,-0.00144703115293219,tracking,0.3135700440204102,-0.00144703115293219,tracking,2.013178533673252,0,0,0
600,5.9999999999999165,3.0163493156433105,1.8705615997314453,0.0008970495546236634,0.31689175963401794,0.3135700440204102,-0.00144703115293219,tracking,0.3135700440204102,-0.00144703115293219,tracking,2.016351409523579,0,0,0
601,6.009999999999916,3.0195095539093018,1.870564579963684,0.0010529999854043126,0.3151727318763733,0.30785368466612306,0.00012977166297589889,tracking,0.30785368466612306,0.00012977166297589889,tracking,2.0195116491948095,0,1,1
602,6.019999999999916,3.0226542949676514,1.8705682754516602,0.0012084381887689233,0.31378066539764404,0.30785368466612306,0.00012977166297589889,tracking,0.30785368466612306,0.00012977166297589889,tracking,2.0226563924245027,0,0,0
603,6.029999999999916,3.0257863998413086,1.8705722093582153,0.0013630468165501952,0.3126533627510071,0.30785368466612306,0.00012977166297589889,tracking,0.30785368466612306,0.00012977166297589889,tracking,2.0257884997686415,0,0,0
604,6.039999999999916,3.0289082527160645,1.8705767393112183,0.0015173195861279964,0.3117404580116272,0.30785368466612306,0.00012977166297589889,tracking,0.30785368466612306,0.00012977166297589889,tracking,2.0289103559299813,0,0,0
605,6.0499999999999154,3.032021999359131,1.8705816268920898,0.0016710483469069004,0.311001181602478,0.30785368466612306,0.00012977166297589889,tracking,0.30785368466612306,0.00012977166297589889,tracking,2.0320241064090103,0,0,0
606,6.059999999999915,3.0351240634918213,1.8705871105194092,0.0018243909580633044,0.3093952238559723,0.3025577069666128,-0.002053840938087622,tracking,0.3025577069666128,-0.002053840938087622,tracking,2.035126175388497,0,1,1
607,6.069999999999915,3.0382115840911865,1.8705925941467285,0.0016720052808523178,0.30809473991394043,0.3025577069666128,-0.002053840938087622,tracking,0.3025577069666128,-0.002053840938087622,tracking,2.0382137008574888,0,0,0
608,6.079999999999915,3.0412871837615967,1.8705974817276,0.001520007150247693,0.30704158544540405,0.3025577069666128,-0.002053840938087622,tracking,0.3025577069666128,-0.002053840938087622,tracking,2.0412893044114395,0,0,0
609,6.089999999999915,3.0443532466888428,1.870602011680603,0.0013686366146430373,0.30618876218795776,0.3025577069666128,-0.002053840938087622,tracking,0.3025577069666128,-0.002053840938087622,tracking,2.044355370685072,0,0,0
610,6.099999999999914,3.0474116802215576,1.8706059455871582,0.0012175202136859298,0.3054981231689453,0.3025577069666128,-0.002053840938087622,tracking,0.3025577069666128,-0.002053840938087622,tracking,2.047413806747777,0,0,0
611,6.109999999999914,3.0504584312438965,1.8706097602844238,0.0013678596587851644,0.30382925271987915,0.2967238683828354,0.00024443758358380554,tracking,0.2967238683828354,0.00024443758358380554,tracking,2.050460560158219,0,1,1
612,6.119999999999914,3.053489923477173,1.8706141710281372,0.001517701894044876,0.30247780680656433,0.2967238683828354,0.00024443758358380554,tracking,0.2967238683828354,0.00024443758358380554,tracking,2.0534920556002536,0,0,0
613,6.129999999999914,3.056509256362915,1.8706189393997192,0.001666738768108189,0.3013834059238434,0.2967238683828354,0.00024443758358380554,tracking,0.2967238683828354,0.00024443758358380554,tracking,2.05651139225129,0,0,0
614,6.1399999999999135,3.059518575668335,1.870624303817749,0.0018154495628550649,0.3004971742630005,0.2967238683828354,0.00024443758358380554,tracking,0.2967238683828354,0.00024443758358380554,tracking,2.059520716338017,0,0,0
615,6.149999999999913,3.0625200271606445,1.870629906654358,0.001963632181286812,0.2997795045375824,0.2967238683828354,0.00024443758358380554,tracking,0.2967238683828354,0.00024443758358380554,tracking,2.062522173059755,0,0,0
616,6.159999999999913,3.0655100345611572,1.8706361055374146,0.0021114374976605177,0.29820525646209717,0.2915027002510704,-0.001397678425863344,tracking,0.2915027002510704,-0.001397678425863344,tracking,2.0655121868860227,0,1,1
617,6.169999999999913,3.068485736846924,1.8706421852111816,0.0019645702559500933,0.2969304323196411,0.2915027002510704,-0.001397678425863344,tracking,0.2915027002510704,-0.001397678425863344,tracking,2.06848789538249,0,0,0
618,6.179999999999913,3.0714497566223145,1.870647668838501,0.0018180828774347901,0.29589807987213135,0.2915027002510704,-0.001397678425863344,tracking,0.2915027002510704,-0.001397678425863344,tracking,2.071451920230408,0,0,0
619,6.1899999999999125,3.07440447807312,1.8706529140472412,0.0016722107538953424,0.2950620949268341,0.2915027002510704,-0.001397678425863344,tracking,0.2915027002510704,-0.001397678425863344,tracking,2.074406646336846,0,0,0
620,6.199999999999912,3.0773518085479736,1.8706575632095337,0.0015265876427292824,0.2943851053714752,0.2915027002510704,-0.001397678425863344,tracking,0.2915027002510704,-0.001397678425863344,tracking,2.0773539804785255,0,0,0
621,6.209999999999912,3.080287456512451,1.8706618547439575,0.0013817251892760396,0.2927520275115967,0.2857990452335183,-0.00021427913527963943,tracking,0.2857990452335183,-0.00021427913527963943,tracking,2.080289631579833,0,1,1
622,6.219999999999912,3.0832083225250244,1.8706655502319336,0.0012373493518680334,0.2914295792579651,0.2857990452335183,-0.00021427913527963943,tracking,0.2857990452335183,-0.00021427913527963943,tracking,2.083210499930176,0,0,0
623,6.229999999999912,3.0861172676086426,1.8706690073013306,0.0010937615297734737,0.29035866260528564,0.2857990452335183,-0.00021427913527963943,tracking,0.2857990452335183,-0.00021427913527963943,tracking,2.086119447068031,0,0,0
624,6.239999999999911,3.0890164375305176,1.8706718683242798,0.0009504928020760417,0.2894914150238037,0.2857990452335183,-0.00021427913527963943,tracking,0.2857990452335183,-0.00021427913527963943,tracking,2.0890186184015946,0,0,0
625,6.249999999999911,3.0919077396392822,1.87067449092865,0.0008077409001998603,0.28878912329673767,0.2857990452335183,-0.00021427913527963943,tracking,0.2857990452335183,-0.00021427913527963943,tracking,2.0919099216997976,0,0,0
626,6.259999999999911,3.0947883129119873,1.8706765174865723,0.0006653477321378887,0.28731250762939453,0.2810256859954459,0.0003939064517047416,tracking,0.2810256859954459,0.0003939064517047416,tracking,2.0947904956853707,0,1,1
627,6.269999999999911,3.0976555347442627,1.8706785440444946,0.0008068609167821705,0.28611674904823303,0.2810256859954459,0.0003939064517047416,tracking,0.2810256859954459,0.0003939064517047416,tracking,2.0976577182338336,0,0,0
628,6.2799999999999105,3.1005117893218994,1.8706811666488647,0.0009480178123340011,0.2851484417915344,0.2810256859954459,0.0003939064517047416,tracking,0.2810256859954459,0.0003939064517047416,tracking,2.1005139740155037,0,0,0
629,6.28999999999991,3.1033594608306885,1.870684027671814,0.0010885976953431964,0.2843642830848694,0.2810256859954459,0.0003939064517047416,tracking,0.2810256859954459,0.0003939064517047416,tracking,2.103361646961511,0,0,0
630,6.29999999999991,3.1061999797821045,1.8706873655319214,0.001228943932801485,0.28372928500175476,0.2810256859954459,0.0003939064517047416,tracking,0.2810256859954459,0.0003939064517047416,tracking,2.1062021678740663,0,0,0
631,6.30999999999991,3.1090290546417236,1.870690941810608,0.0013685367302969098,0.282076358795166,0.2750388485500552,0.00022872289408761275,tracking,0.2750388485500552,0.00022872289408761275,tracking,2.1090312449941,0,1,1
632,6.31999999999991,3.1118431091308594,1.8706949949264526,0.0015076370909810066,0.28073781728744507,0.2750388485500552,0.00022872289408761275,tracking,0.2750388485500552,0.00022872289408761275,tracking,2.1118453024021093,0,0,0
633,6.3299999999999095,3.114645004272461,1.870699405670166,0.0016459397738799453,0.2796538770198822,0.2750388485500552,0.00022872289408761275,tracking,0.2750388485500552,0.00022872289408761275,tracking,2.1146472010154054,0,0,0
634,6.339999999999909,3.1174371242523193,1.8707042932510376,0.001783919520676136,0.2787761092185974,0.2750388485500552,0.00022872289408761275,tracking,0.2750388485500552,0.00022872289408761275,tracking,2.1174393252730934,0,0,0
635,6.349999999999909,3.1202213764190674,1.8707094192504883,0.0019213760970160365,0.2780652940273285,0.2750388485500552,0.00022872289408761275,tracking,0.2750388485500552,0.00022872289408761275,tracking,2.120223582158496,0,0,0
636,6.359999999999909,3.1229937076568604,1.8707150220870972,0.002058438491076231,0.27638137340545654,0.2692118145681429,-0.000807732706183107,tracking,0.2692118145681429,-0.000807732706183107,tracking,2.122995919057904,0,1,1
637,6.369999999999909,3.125750780105591,1.870720624923706,0.0019223795970901847,0.27501773834228516,0.2692118145681429,-0.000807732706183107,tracking,0.2692118145681429,-0.000807732706183107,tracking,2.125752997199583,0,0,0
638,6.379999999999908,3.128495454788208,1.8707256317138672,0.0017867269925773144,0.2739134430885315,0.2692118145681429,-0.000807732706183107,tracking,0.2692118145681429,-0.000807732706183107,tracking,2.1284976764488484,0,0,0
639,6.389999999999908,3.131230115890503,1.8707304000854492,0.0016517324838787317,0.2730191946029663,0.2692118145681429,-0.000807732706183107,tracking,0.2692118145681429,-0.000807732706183107,tracking,2.131232341708395,0,0,0
640,6.399999999999908,3.1339566707611084,1.870734691619873,0.001517004333436489,0.2722950279712677,0.2692118145681429,-0.000807732706183107,tracking,0.2692118145681429,-0.000807732706183107,tracking,2.1339588999563865,0,0,0
641,6.409999999999908,3.1366729736328125,1.8707387447357178,0.0013829519739374518,0.27096715569496155,0.2653135232041622,-0.0007410348918346927,tracking,0.2653135232041622,-0.0007410348918346927,tracking,2.136675205852006,0,1,1
642,6.419999999999908,3.1393773555755615,1.8707422018051147,0.0012492951937019825,0.2698918282985687,0.2653135232041622,-0.0007410348918346927,tracking,0.2653135232041622,-0.0007410348918346927,tracking,2.1393795900043773,0,0,0
643,6.429999999999907,3.1420719623565674,1.8707454204559326,0.0011162792798131704,0.26902103424072266,0.2653135232041622,-0.0007410348918346927,tracking,0.2653135232041622,-0.0007410348918346927,tracking,2.1420741987076877,0,0,0
644,6.439999999999907,3.144758701324463,1.8707481622695923,0.0009835227392613888,0.2683158814907074,0.2653135232041622,-0.0007410348918346927,tracking,0.2653135232041622,-0.0007410348918346927,tracking,2.1447609390745916,0,0,0
645,6.449999999999907,3.1474390029907227,1.8707506656646729,0.0008511864580214024,0.26774483919143677,0.2653135232041622,-0.0007410348918346927,tracking,0.2653135232041622,-0.0007410348918346927,tracking,2.1474412419099336,0,0,0
646,6.459999999999907,3.15010929107666,1.8707526922225952,0.0007191775366663933,0.2663273811340332,0.2602923857547448,0.0008300779662753222,tracking,0.2602923857547448,0.0008300779662753222,tracking,2.1501115307648773,0,1,1
647,6.4699999999999065,3.1527669429779053,1.8707547187805176,0.0008503416902385652,0.26517951488494873,0.2602923857547448,0.0008300779662753222,tracking,0.2602923857547448,0.0008300779662753222,tracking,2.1527691834387848,0,0,0
648,6.479999999999906,3.15541410446167,1.8707572221755981,0.0009811638155952096,0.2642499804496765,0.2602923857547448,0.0008300779662753222,tracking,0.2602923857547448,0.0008300779662753222,tracking,2.1554163461062674,0,0,0
649,6.489999999999906,3.158052921295166,1.8707599639892578,0.0011114319786429405,0.2634972333908081,0.2602923857547448,0.0008300779662753222,tracking,0.2602923857547448,0.0008300779662753222,tracking,2.1580551643641783,0,0,0
650,6.499999999999906,3.160684823989868,1.8707630634307861,0.0012414759257808328,0.2628876566886902,0.2602923857547448,0.0008300779662753222,tracking,0.2602923857547448,0.0008300779662753222,tracking,2.1606870688838975,0,0,0
651,6.509999999999906,3.1633059978485107,1.8707661628723145,0.0011121367570012808,0.2613568902015686,0.25483940896196705,-0.0009523537646798927,tracking,0.25483940896196705,-0.0009523537646798927,tracking,2.163308244575027,0,1,1
652,6.519999999999905,3.1659133434295654,1.8707687854766846,0.0009832537034526467,0.2601172626018524,0.25483940896196705,-0.0009523537646798927,tracking,0.25483940896196705,-0.0009523537646798927,tracking,2.165915591475058,0,0,0
653,6.529999999999905,3.1685094833374023,1.8707711696624756,0.0008551093633286655,0.2591134309768677,0.25483940896196705,-0.0009523537646798927,tracking,0.25483940896196705,-0.0009523537646798927,tracking,2.1685117324776626,0,0,0
654,6.539999999999905,3.1710965633392334,1.870773196220398,0.0007272640941664577,0.2583005130290985,0.25483940896196705,-0.0009523537646798927,tracking,0.25483940896196705,-0.0009523537646798927,tracking,2.1710988132732334,0,0,0
655,6.549999999999905,3.1736762523651123,1.8707749843597412,0.0005999032873660326,0.2576422095298767,0.25483940896196705,-0.0009523537646798927,tracking,0.25483940896196705,-0.0009523537646798927,tracking,2.1736785029188463,0,0,0
656,6.559999999999905,3.17624568939209,1.8707762956619263,0.0004728830244857818,0.25623175501823425,0.25022657525144215,0.0011234171775414041,tracking,0.25022657525144215,0.0011234171775414041,tracking,2.1762479402804327,0,1,1
657,6.569999999999904,3.178802251815796,1.8707776069641113,0.0005990627105347812,0.25508958101272583,0.25022657525144215,0.0011234171775414041,tracking,0.25022657525144215,0.0011234171775414041,tracking,2.178804503040433,0,0,0
658,6.579999999999904,3.1813485622406006,1.8707793951034546,0.0007249020854942501,0.2541646361351013,0.25022657525144215,0.0011234171775414041,tracking,0.25022657525144215,0.0011234171775414041,tracking,2.1813508140930953,0,0,0
659,6.589999999999904,3.1838865280151367,1.8707813024520874,0.0008501902339048684,0.25341561436653137,0.25022657525144215,0.0011234171775414041,tracking,0.25022657525144215,0.0011234171775414041,tracking,2.183888780584343,0,0,0
660,6.599999999999904,3.186417579650879,1.8707836866378784,0.0009752552141435444,0.2528090476989746,0.25022657525144215,0.0011234171775414041,tracking,0.25022657525144215,0.0011234171775414041,tracking,2.186419833343006,0,0,0
661,6.6099999999999035,3.188939094543457,1.8707863092422485,0.0010996918426826596,0.25150731205940247,0.2459650045114427,0.0005002057367946107,tracking,0.2459650045114427,0.0005002057367946107,tracking,2.188941349599457,0,1,1
662,6.619999999999903,3.191448926925659,1.8707892894744873,0.0012237406335771084,0.2504531741142273,0.2459650045114427,0.0005002057367946107,tracking,0.2459650045114427,0.0005002057367946107,tracking,2.1914511837510564,0,0,0
663,6.629999999999903,3.1939492225646973,1.8707925081253052,0.001347161247394979,0.24959953129291534,0.2459650045114427,0.0005002057367946107,tracking,0.2459650045114427,0.0005002057367946107,tracking,2.193951481461791,0,0,0
664,6.639999999999903,3.196441650390625,1.8707960844039917,0.0014703274937346578,0.24890825152397156,0.2459650045114427,0.0005002057367946107,tracking,0.2459650045114427,0.0005002057367946107,tracking,2.1964439118534425,0,0,0
665,6.649999999999903,3.198927879333496,1.8707998991012573,0.001593081746250391,0.2483484447002411,0.2459650045114427,0.0005002057367946107,tracking,0.2459650045114427,0.0005002057367946107,tracking,2.1989301437228153,0,0,0
666,6.659999999999902,3.201404571533203,1.8708040714263916,0.0017155176028609276,0.246973916888237,0.24112169575643322,-0.0008402901060755195,tracking,0.24112169575643322,-0.0008402901060755195,tracking,2.201406839436945,0,1,1
667,6.669999999999902,3.2038686275482178,1.8708082437515259,0.0015939008444547653,0.24586082994937897,0.24112169575643322,-0.0008402901060755195,tracking,0.24112169575643322,-0.0008402901060755195,tracking,2.2038708989844045,0,0,0
668,6.679999999999902,3.20632266998291,1.870811939239502,0.001472615753300488,0.24495944380760193,0.24112169575643322,-0.0008402901060755195,tracking,0.24112169575643322,-0.0008402901060755195,tracking,2.206324944201572,0,0,0
669,6.689999999999902,3.208768606185913,1.870815396308899,0.0013518678024411201,0.2442295104265213,0.24112169575643322,-0.0008402901060755195,tracking,0.24112169575643322,-0.0008402901060755195,tracking,2.2087708828476726,0,0,0
670,6.699999999999902,3.211207866668701,1.8708184957504272,0.001231337315402925,0.24363841116428375,0.24112169575643322,-0.0008402901060755195,tracking,0.24112169575643322,-0.0008402901060755195,tracking,2.2112101452996096,0,0,0
671,6.709999999999901,3.2136378288269043,1.8708213567733765,0.0011114265071228147,0.24234768748283386,0.23685225473017485,-0.00010402343658191121,tracking,0.23685225473017485,-0.00010402343658191121,tracking,2.2136401091420876,0,1,1
672,6.719999999999901,3.2160561084747314,1.870823860168457,0.0009919002186506987,0.2413024604320526,0.23685225473017485,-0.00010402343658191121,tracking,0.23685225473017485,-0.00010402343658191121,tracking,2.2160583900856676,0,0,0
673,6.729999999999901,3.2184648513793945,1.8708261251449585,0.0008729968685656786,0.24045602977275848,0.23685225473017485,-0.00010402343658191121,tracking,0.23685225473017485,-0.00010402343658191121,tracking,2.218467134055226,0,0,0
674,6.739999999999901,3.2208659648895264,1.8708280324935913,0.0007543457322753966,0.23977059125900269,0.23685225473017485,-0.00010402343658191121,tracking,0.23685225473017485,-0.00010402343658191121,tracking,2.2208682483229185,0,0,0
675,6.7499999999999005,3.2232608795166016,1.870829701423645,0.0006361030391417444,0.23921552300453186,0.23685225473017485,-0.00010402343658191121,tracking,0.23685225473017485,-0.00010402343658191121,tracking,2.2232631635315023,0,0,0
676,6.7599999999999,3.225646734237671,1.87083101272583,0.0005181622109375894,0.23793697357177734,0.23249341764805645,-0.00018578591900429708,tracking,0.23249341764805645,-0.00018578591900429708,tracking,2.2256490186129274,0,1,1
677,6.7699999999999,3.2280209064483643,1.8708322048187256,0.0004009833501186222,0.23690161108970642,0.23249341764805645,-0.00018578591900429708,tracking,0.23249341764805645,-0.00018578591900429708,tracking,2.228023191122901,0,0,0
678,6.7799999999999,3.2303857803344727,1.870832920074463,0.0002841129316948354,0.2360631674528122,0.23249341764805645,-0.00018578591900429708,tracking,0.23249341764805645,-0.00018578591900429708,tracking,2.230388065117174,0,0,0
679,6.7899999999999,3.23274302482605,1.8708335161209106,0.00016774219693616033,0.23538419604301453,0.23249341764805645,-0.00018578591900429708,tracking,0.23249341764805645,-0.00018578591900429708,tracking,2.2327453096841086,0,0,0
680,6.7999999999998995,3.2350940704345703,1.8708337545394897,5.1573748351074755e-05,0.23483437299728394,0.23249341764805645,-0.00018578591900429708,tracking,0.23249341764805645,-0.00018578591900429708,tracking,2.235096355304718,0,0,0
681,6.809999999999899,3.237436294555664,1.8708339929580688,0.00016715451783966273,0.23359955847263336,0.22834216821751147,0.0035952891676938265,tracking,0.22834216821751147,0.0035952891676938265,tracking,2.237438579437946,0,1,1
682,6.819999999999899,3.23976731300354,1.8708345890045166,0.0002823673712555319,0.23259960114955902,0.22834216821751147,0.0035952891676938265,tracking,0.22834216821751147,0.0035952891676938265,tracking,2.2397695979620273,0,0,0
683,6.829999999999899,3.24208927154541,1.870835304260254,0.00039698430919088423,0.23178984224796295,0.22834216821751147,0.0035952891676938265,tracking,0.22834216821751147,0.0035952891676938265,tracking,2.242091556614061,0,0,0
684,6.839999999999899,3.244403839111328,1.8708363771438599,0.0005113600054755807,0.2311341017484665,0.22834216821751147,0.0035952891676938265,tracking,0.22834216821751147,0.0035952891676938265,tracking,2.2444061244286386,0,0,0
685,6.849999999999898,3.2467124462127686,1.870837688446045,0.0006253449246287346,0.23060308396816254,0.22834216821751147,0.0035952891676938265,tracking,0.22834216821751147,0.0035952891676938265,tracking,2.2467147319024927,0,0,0
686,6.859999999999898,3.2490122318267822,1.8708393573760986,0.0007390345563180745,0.22934046387672424,0.2239647171380562,0.0012305474884063703,tracking,0.2239647171380562,0.0012305474884063703,tracking,2.2490145181220687,0,1,1
687,6.869999999999898,3.251300573348999,1.870841145515442,0.000851971737574786,0.228317990899086,0.2239647171380562,0.0012305474884063703,tracking,0.2239647171380562,0.0012305474884063703,tracking,2.251302860342923,0,0,0
688,6.879999999999898,3.253579616546631,1.8708432912826538,0.0009646042599342763,0.22748999297618866,0.2239647171380562,0.0012305474884063703,tracking,0.2239647171380562,0.0012305474884063703,tracking,2.253581904550697,0,0,0
689,6.8899999999998975,3.2558512687683105,1.8708455562591553,0.0010767433559522033,0.2268194854259491,0.2239647171380562,0.0012305474884063703,tracking,0.2239647171380562,0.0012305474884063703,tracking,2.2558535579015366,0,0,0
690,6.899999999999897,3.2581167221069336,1.8708481788635254,0.001188682741485536,0.22627650201320648,0.2239647171380562,0.0012305474884063703,tracking,0.2239647171380562,0.0012305474884063703,tracking,2.2581190127581894,0,0,0
691,6.909999999999897,3.260373115539551,1.870850920677185,0.0013000288745388389,0.22501786053180695,0.21965904373192952,0.0014946686129471871,tracking,0.21965904373192952,0.0014946686129471871,tracking,2.260375407856637,0,1,1
692,6.919999999999897,3.26261830329895,1.8708540201187134,0.0014109999174252152,0.22399862110614777,0.21965904373192952,0.0014946686129471871,tracking,0.21965904373192952,0.0014946686129471871,tracking,2.2626205977553973,0,0,0
693,6.929999999999897,3.2648541927337646,1.8708572387695312,0.0015213636215776205,0.22317323088645935,0.21965904373192952,0.0014946686129471871,tracking,0.21965904373192952,0.0014946686129471871,tracking,2.2648564895068977,0,0,0
694,6.9399999999998965,3.267082691192627,1.8708608150482178,0.0016314813401550055,0.22250483930110931,0.21965904373192952,0.0014946686129471871,tracking,0.21965904373192952,0.0014946686129471871,tracking,2.2670849908353516,0,0,0
695,6.949999999999896,3.2693049907684326,1.8708645105361938,0.0017412008019164205,0.221963569521904,0.21965904373192952,0.0014946686129471871,tracking,0.21965904373192952,0.0014946686129471871,tracking,2.26930729348379,0,0,0
696,6.959999999999896,3.271517753601074,1.8708685636520386,0.0018506076885387301,0.22060610353946686,0.21482653278575717,-0.0024886281825643565,tracking,0.21482653278575717,-0.0024886281825643565,tracking,2.271520060028473,0,1,1
697,6.969999999999896,3.2737183570861816,1.8708724975585938,0.0017420097719877958,0.21950682997703552,0.21482653278575717,-0.0024886281825643565,tracking,0.21482653278575717,-0.0024886281825643565,tracking,2.2737206670298,0,0,0
698,6.979999999999896,3.275908946990967,1.8708761930465698,0.0016337393317371607,0.21861663460731506,0.21482653278575717,-0.0024886281825643565,tracking,0.21482653278575717,-0.0024886281825643565,tracking,2.2759112600516955,0,0,0
699,6.989999999999895,3.2780914306640625,1.8708796501159668,0.0015259993961080909,0.2178957611322403,0.21482653278575717,-0.0024886281825643565,tracking,0.21482653278575717,-0.0024886281825643565,tracking,2.2780937464628006,0,0,0
700,6.999999999999895,3.2802674770355225,1.8708828687667847,0.0014184742467477918,0.21731199324131012,0.21482653278575717,-0.0024886281825643565,tracking,0.21482653278575717,-0.0024886281825643565,tracking,2.2802697952146573,0,0,0
701,7.009999999999895,3.282435655593872,1.870885968208313,0.0015254750614985824,0.21630342304706573,0.21200929464457435,0.0024960478742654052,tracking,0.21200929464457435,0.0024960478742654052,tracking,2.282437975988353,0,1,1
702,7.019999999999895,3.2845945358276367,1.87088942527771,0.0016321752918884158,0.21548667550086975,0.21200929464457435,0.0024960478742654052,tracking,0.21200929464457435,0.0024960478742654052,tracking,2.2845968589900623,0,0,0
703,7.0299999999998946,3.286746025085449,1.8708930015563965,0.0017383887898176908,0.21482527256011963,0.21200929464457435,0.0024960478742654052,tracking,0.21200929464457435,0.0024960478742654052,tracking,2.286748351220179,0,0,0
704,7.039999999999894,3.288891553878784,1.8708969354629517,0.0018444053130224347,0.21428968012332916,0.21200929464457435,0.0024960478742654052,tracking,0.21200929464457435,0.0024960478742654052,tracking,2.2888938836199926,0,0,0
705,7.049999999999894,3.291032314300537,1.8709009885787964,0.0019501026254147291,0.21385595202445984,0.21200929464457435,0.0024960478742654052,tracking,0.21200929464457435,0.0024960478742654052,tracking,2.2910346478786376,0,0,0
706,7.059999999999894,3.2931644916534424,1.8709052801132202,0.002055515768006444,0.21256409585475922,0.20706383077117627,2.196248414279827e-05,tracking,0.20706383077117627,2.196248414279827e-05,tracking,2.293166829550426,0,1,1
707,7.069999999999894,3.2952849864959717,1.8709096908569336,0.002055515768006444,0.21151794493198395,0.20706383077117627,2.196248414279827e-05,tracking,0.20706383077117627,2.196248414279827e-05,tracking,2.2952873289802427,0,0,0
708,7.0799999999998935,3.297395944595337,1.8709139823913574,0.002055515768006444,0.21067076921463013,0.20706383077117627,2.196248414279827e-05,tracking,0.20706383077117627,2.196248414279827e-05,tracking,2.297398291441904,0,0,0
709,7.089999999999893,3.299499273300171,1.8709182739257812,0.002055515768006444,0.20998473465442657,0.20706383077117627,2.196248414279827e-05,tracking,0.20706383077117627,2.196248414279827e-05,tracking,2.299501624524858,0,0,0
710,7.099999999999893,3.3015964031219482,1.870922565460205,0.002055515768006444,0.20942917466163635,0.20706383077117627,2.196248414279827e-05,tracking,0.20706383077117627,2.196248414279827e-05,tracking,2.301598758737696,0,0,0
711,7.109999999999893,3.303684949874878,1.8709267377853394,0.0019524514209479094,0.20829002559185028,0.20343998065559965,-0.0014210905581652014,tracking,0.20343998065559965,-0.0014210905581652014,tracking,2.3036873096581836,0,1,1
712,7.119999999999893,3.3057632446289062,1.8709306716918945,0.0018497264245525002,0.20736755430698395,0.20343998065559965,-0.0014210905581652014,tracking,0.20343998065559965,-0.0014210905581652014,tracking,2.305765608135362,0,0,0
713,7.129999999999892,3.307833194732666,1.8709344863891602,0.001747551141306758,0.20662052929401398,0.20343998065559965,-0.0014210905581652014,tracking,0.20343998065559965,-0.0014210905581652014,tracking,2.307835561754159,0,0,0
714,7.139999999999892,3.309896469116211,1.8709379434585571,0.0016455984441563487,0.20601558685302734,0.20343998065559965,-0.0014210905581652014,tracking,0.20343998065559965,-0.0014210905581652014,tracking,2.3098988390339064,0,0,0
715,7.149999999999892,3.3119542598724365,1.8709412813186646,0.0015440062852576375,0.2055257111787796,0.20343998065559965,-0.0014210905581652014,tracking,0.20343998065559965,-0.0014210905581652014,tracking,2.311956632497235,0,0,0
716,7.159999999999892,3.314004421234131,1.8709442615509033,0.0014426585985347629,0.2045307606458664,0.20029464121317653,0.0009569393950483781,tracking,0.20029464121317653,0.0009569393950483781,tracking,2.3140067960250463,0,1,1
717,7.169999999999892,3.3160457611083984,1.870947241783142,0.001543413382023573,0.20372505486011505,0.20029464121317653,0.0009569393950483781,tracking,0.20029464121317653,0.0009569393950483781,tracking,2.316048138074792,0,0,0
718,7.179999999999891,3.318079710006714,1.87095046043396,0.0016439281171187758,0.20307259261608124,0.20029464121317653,0.0009569393950483781,tracking,0.20029464121317653,0.0009569393950483781,tracking,2.3180820895198053,0,0,0
719,7.189999999999891,3.3201076984405518,1.870953917503357,0.0017440540250390768,0.2025442272424698,0.20029464121317653,0.0009569393950483781,tracking,0.20029464121317653,0.0009569393950483781,tracking,2.320110080900238,0,0,0
720,7.199999999999891,3.3221309185028076,1.870957612991333,0.0018440225394442677,0.20211635529994965,0.20029464121317653,0.0009569393950483781,tracking,0.20029464121317653,0.0009569393950483781,tracking,2.3221333043374655,0,0,0
721,7.209999999999891,3.3241467475891113,1.870961308479309,0.0017445447156205773,0.20105424523353577,0.196532217169636,-0.0045797348258364194,tracking,0.196532217169636,-0.0045797348258364194,tracking,2.3241491368111147,0,1,1
722,7.2199999999998905,3.326153039932251,1.8709646463394165,0.0016453833086416125,0.20019415020942688,0.196532217169636,-0.0045797348258364194,tracking,0.196532217169636,-0.0045797348258364194,tracking,2.3261554319308444,0,0,0
723,7.22999999999989,3.3281514644622803,1.8709678649902344,0.0015467344783246517,0.19949765503406525,0.196532217169636,-0.0045797348258364194,tracking,0.196532217169636,-0.0045797348258364194,tracking,2.328153859052842,0,0,0
724,7.23999999999989,3.330143690109253,1.8709708452224731,0.0014482931001111865,0.19893363118171692,0.196532217169636,-0.0045797348258364194,tracking,0.196532217169636,-0.0045797348258364194,tracking,2.3301460869289246,0,0,0
725,7.24999999999989,3.3321306705474854,1.8709737062454224,0.0013501879293471575,0.1984768807888031,0.196532217169636,-0.0045797348258364194,tracking,0.196532217169636,-0.0045797348258364194,tracking,2.3321330694269276,0,0,0
726,7.25999999999989,3.3341102600097656,1.870976209640503,0.0012523317709565163,0.19742074608802795,0.19292413212880438,-0.0009546030230845144,tracking,0.19292413212880438,-0.0009546030230845144,tracking,2.334112660472108,0,1,1
727,7.269999999999889,3.3360800743103027,1.870978593826294,0.0011551050702109933,0.19656549394130707,0.19292413212880438,-0.0009546030230845144,tracking,0.19292413212880438,-0.0009546030230845144,tracking,2.336082476215507,0,0,0
728,7.279999999999889,3.3380422592163086,1.8709807395935059,0.0010581330861896276,0.19587290287017822,0.19292413212880438,-0.0009546030230845144,tracking,0.19292413212880438,-0.0009546030230845144,tracking,2.338044662294775,0,0,0
729,7.289999999999889,3.339998245239258,1.8709827661514282,0.0009615739108994603,0.19531205296516418,0.19292413212880438,-0.0009546030230845144,tracking,0.19292413212880438,-0.0009546030230845144,tracking,2.340000649367562,0,0,0
730,7.299999999999889,3.341948986053467,1.8709845542907715,0.0008651817915961146,0.1948578655719757,0.19292413212880438,-0.0009546030230845144,tracking,0.19292413212880438,-0.0009546030230845144,tracking,2.341951391001316,0,0,0
731,7.309999999999889,3.3438920974731445,1.8709863424301147,0.0009610684355720878,0.1937771439552307,0.1891758437951195,0.0020139496696304606,tracking,0.1891758437951195,0.0020139496696304606,tracking,2.343894503243757,0,1,1
732,7.319999999999888,3.345825433731079,1.870988368988037,0.0010566330747678876,0.19290198385715485,0.1891758437951195,0.0020139496696304606,tracking,0.1891758437951195,0.0020139496696304606,tracking,2.3458278405638286,0,0,0
733,7.329999999999888,3.3477509021759033,1.870990514755249,0.0011516761733219028,0.19219326972961426,0.1891758437951195,0.0020139496696304606,tracking,0.1891758437951195,0.0020139496696304606,tracking,2.347753310204288,0,0,0
734,7.339999999999888,3.349669933319092,1.87099289894104,0.0012465080944821239,0.19161935150623322,0.1891758437951195,0.0020139496696304606,tracking,0.1891758437951195,0.0020139496696304606,tracking,2.3496723428285207,0,0,0
735,7.349999999999888,3.35158371925354,1.8709954023361206,0.0013409979874268174,0.1911545991897583,0.1891758437951195,0.0020139496696304606,tracking,0.1891758437951195,0.0020139496696304606,tracking,2.351586130400295,0,0,0
736,7.3599999999998875,3.353489875793457,1.8709980249404907,0.0014352303696796298,0.19005507230758667,0.18537371373948622,0.004271013478579785,tracking,0.18537371373948622,0.004271013478579785,tracking,2.353492288744379,0,1,1
737,7.369999999999887,3.3553860187530518,1.8710007667541504,0.0015288075665012002,0.1891646832227707,0.18537371373948622,0.004271013478579785,tracking,0.18537371373948622,0.004271013478579785,tracking,2.3553884336862976,0,0,0
738,7.379999999999887,3.357274055480957,1.8710037469863892,0.001622119452804327,0.1884436458349228,0.18537371373948622,0.004271013478579785,tracking,0.18537371373948622,0.004271013478579785,tracking,2.357276472766323,0,0,0
739,7.389999999999887,3.3591556549072266,1.8710068464279175,0.0017150016501545906,0.18785974383354187,0.18537371373948622,0.004271013478579785,tracking,0.18537371373948622,0.004271013478579785,tracking,2.3591580747453493,0,0,0
740,7.399999999999887,3.3610317707061768,1.871010184288025,0.0018077099230140448,0.1873869001865387,0.18537371373948622,0.004271013478579785,tracking,0.18537371373948622,0.004271013478579785,tracking,2.361034193513546,0,0,0
741,7.4099999999998865,3.362900495529175,1.8710135221481323,0.0017154982779175043,0.18635158240795135,0.1819436023169926,-0.004638505372030632,tracking,0.1819436023169926,-0.004638505372030632,tracking,2.3629029213175343,0,1,1
742,7.419999999999886,3.364759922027588,1.8710166215896606,0.0016235951334238052,0.1855131834745407,0.1819436023169926,-0.004638505372030632,tracking,0.1819436023169926,-0.004638505372030632,tracking,2.3647623503991446,0,0,0
743,7.429999999999886,3.3666117191314697,1.8710196018218994,0.0015321916434913874,0.18483424186706543,0.1819436023169926,-0.004638505372030632,tracking,0.1819436023169926,-0.004638505372030632,tracking,2.3666141499011775,0,0,0
744,7.439999999999886,3.368457317352295,1.871022343635559,0.0014409903669729829,0.18428443372249603,0.1819436023169926,-0.004638505372030632,tracking,0.1819436023169926,-0.004638505372030632,tracking,2.3684597501586153,0,0,0
745,7.449999999999886,3.370297908782959,1.8710249662399292,0.0013501167995855212,0.18383920192718506,0.1819436023169926,-0.004638505372030632,tracking,0.1819436023169926,-0.004638505372030632,tracking,2.370300343457714,0,0,0
746,7.459999999999885,3.372119188308716,1.8710273504257202,0.0012598768807947636,0.18043546378612518,0.0,0.0,front_clearance_stop,0.16594360231699262,0.0,front_clearance_stop,2.3721216245440058,0,1,1
747,7.469999999999885,3.373894453048706,1.8710296154022217,0.0012598768807947636,0.17463591694831848,0.0,0.0,front_clearance_stop,0.1499436023169926,0.0,front_clearance_stop,2.3738968907288838,0,0,0
748,7.479999999999885,3.3756020069122314,1.8710317611694336,0.0012598768807947636,0.16689623892307281,0.0,0.0,front_clearance_stop,0.1339436023169926,0.0,front_clearance_stop,2.375604445940629,0,0,0
749,7.489999999999885,3.3772244453430176,1.871033787727356,0.0012598768807947636,0.15758544206619263,0.0,0.0,front_clearance_stop,0.1179436023169926,0.0,front_clearance_stop,2.3772268856370826,0,0,0
750,7.4999999999998845,3.3787474632263184,1.8710356950759888,0.0012598768807947636,0.14700236916542053,0.0,0.0,front_clearance_stop,0.1019436023169926,0.0,front_clearance_stop,2.378749904714715,0,0,0
751,7.509999999999884,3.380159378051758,1.871037483215332,0.0012598768807947636,0.13538898527622223,0.0,0.0,front_clearance_stop,0.08594360231699259,0.0,front_clearance_stop,2.3801618206724613,0,1,1
752,7.519999999999884,3.38145112991333,1.8710391521453857,0.0012598768807947636,0.1229412704706192,0.0,0.0,front_clearance_stop,0.06994360231699259,0.0,front_clearance_stop,2.3814535736121534,0,0,0
753,7.529999999999884,3.382614850997925,1.8710405826568604,0.0012598768807947636,0.10981791466474533,0.0,0.0,front_clearance_stop,0.05394360231699259,0.0,front_clearance_stop,2.3826172955759803,0,0,0
754,7.539999999999884,3.3836445808410645,1.8710418939590454,0.0012598768807947636,0.09614741802215576,0.0,0.0,front_clearance_stop,0.03794360231699259,0.0,front_clearance_stop,2.383647026254054,0,0,0
755,7.5499999999998835,3.384535551071167,1.8710429668426514,0.0012598768807947636,0.08203385025262833,0.0,0.0,front_clearance_stop,0.02194360231699259,0.0,front_clearance_stop,2.384537997130126,0,0,0
756,7.559999999999883,3.3852834701538086,1.8710439205169678,0.0012598768807947636,0.06756148487329483,0.0,0.0,front_clearance_stop,0.005943602316992591,0.0,front_clearance_stop,2.3852859168207843,0,1,1
757,7.569999999999883,3.385894775390625,1.871044635772705,0.0012598768807947636,0.05471128970384598,0.0,0.0,front_clearance_stop,0.0,0.0,front_clearance_stop,2.385897222476042,0,0,0
758,7.579999999999883,3.386389970779419,1.8710452318191528,0.0012598768807947636,0.04430520161986351,0.0,0.0,front_clearance_stop,0.0,0.0,front_clearance_stop,2.3863924182235543,0,0,0
759,7.589999999999883,3.3867909908294678,1.871045708656311,0.0012598768807947636,0.03587835282087326,0.0,0.0,front_clearance_stop,0.0,0.0,front_clearance_stop,2.3867934385570972,0,0,0
760,7.599999999999882,3.387115716934204,1.8710460662841797,0.0012598768807947636,0.029054289683699608,0.0,0.0,front_clearance_stop,0.0,0.0,front_clearance_stop,2.3871181648587654,0,0,0
761,7.609999999999882,3.387378692626953,1.8710464239120483,0.0012598768807947636,0.023528164252638817,0.0,0.0,front_clearance_stop,0.0,0.0,front_clearance_stop,2.3873811407946883,0,1,1
762,7.619999999999882,3.387591600418091,1.8710466623306274,0.0012598768807947636,0.019053107127547264,0.0,0.0,front_clearance_stop,0.0,0.0,front_clearance_stop,2.3875940487193192,0,0,0
